"1","Harris/Walz","Harris/Walz","Harris/Walz","Harris/Walz","Harris/Walz","Harris/Walz","Harris/Walz","Harris/Walz","Harris/Walz","Harris/Walz","Harris/Walz","Harris/Walz","Harris/Walz","Harris/Walz","Harris/Walz","Harris/Walz","Harris/Walz","Harris/Walz","Harris/Walz","Harris/Walz","Harris/Walz","Harris/Walz","Harris/Walz","Harris/Walz","Harris/Walz","Harris/Walz","Harris/Walz","Harris/Walz","Harris/Walz","Harris/Walz","Harris/Walz","Harris/Walz","Harris/Walz","Harris/Walz","Harris/Walz","Harris/Walz","Harris/Walz","Harris/Walz","Harris/Walz","Harris/Walz","Harris/Walz","Harris/Walz","Harris/Walz","Harris/Walz","Harris/Walz","Harris/Walz","Harris/Walz","Harris/Walz","Harris/Walz","Harris/Walz","Harris/Walz","Harris/Walz","Harris/Walz","Harris/Walz","Harris/Walz","Harris/Walz","Harris/Walz","Harris/Walz","Kennedy/Shanahan","Kennedy/Shanahan","Kennedy/Shanahan","Kennedy/Shanahan","Kennedy/Shanahan","Kennedy/Shanahan","Kennedy/Shanahan","Kennedy/Shanahan","Kennedy/Shanahan","Kennedy/Shanahan","Kennedy/Shanahan","Kennedy/Shanahan","Kennedy/Shanahan","Kennedy/Shanahan","Kennedy/Shanahan","Kennedy/Shanahan","Kennedy/Shanahan","Kennedy/Shanahan","Kennedy/Shanahan","Kennedy/Shanahan","Kennedy/Shanahan","Kennedy/Shanahan","Kennedy/Shanahan","Kennedy/Shanahan","Kennedy/Shanahan","Kennedy/Shanahan","Kennedy/Shanahan","Kennedy/Shanahan","Kennedy/Shanahan","Kennedy/Shanahan","Kennedy/Shanahan","Kennedy/Shanahan","Kennedy/Shanahan","Kennedy/Shanahan","Kennedy/Shanahan","Kennedy/Shanahan","Kennedy/Shanahan","Kennedy/Shanahan","Kennedy/Shanahan","Kennedy/Shanahan","Kennedy/Shanahan","Kennedy/Shanahan","Kennedy/Shanahan","Kennedy/Shanahan","Kennedy/Shanahan","Kennedy/Shanahan","Kennedy/Shanahan","Kennedy/Shanahan","Kennedy/Shanahan","Kennedy/Shanahan","Kennedy/Shanahan","Kennedy/Shanahan","Kennedy/Shanahan","Oliver/Maat","Oliver/Maat","Oliver/Maat","Oliver/Maat","Oliver/Maat","Oliver/Maat","Oliver/Maat","Oliver/Maat","Oliver/Maat","Oliver/Maat","Oliver/Maat","Oliver/Maat","Oliver/Maat","Oliver/Maat","Oliver/Maat","Oliver/Maat","Oliver/Maat","Oliver/Maat","Oliver/Maat","Oliver/Maat","Oliver/Maat","Oliver/Maat","Oliver/Maat","Oliver/Maat","Oliver/Maat","Oliver/Maat","Oliver/Maat","Oliver/Maat","Oliver/Maat","Oliver/Maat","Oliver/Maat","Oliver/Maat","Oliver/Maat","Oliver/Maat","Oliver/Maat","Oliver/Maat","Oliver/Maat","Oliver/Maat","Oliver/Maat","Oliver/Maat","Oliver/Maat","Oliver/Maat","Oliver/Maat","Oliver/Maat","Oliver/Maat","Oliver/Maat","Oliver/Maat","Oliver/Maat","Oliver/Maat","Oliver/Maat","Stein/Ware","Stein/Ware","Stein/Ware","Stein/Ware","Stein/Ware","Stein/Ware","Stein/Ware","Stein/Ware","Stein/Ware","Stein/Ware","Stein/Ware","Stein/Ware","Stein/Ware","Stein/Ware","Stein/Ware","Stein/Ware","Stein/Ware","Stein/Ware","Stein/Ware","Stein/Ware","Stein/Ware","Stein/Ware","Stein/Ware","Stein/Ware","Stein/Ware","Stein/Ware","Stein/Ware","Stein/Ware","Stein/Ware","Stein/Ware","Stein/Ware","Stein/Ware","Stein/Ware","Stein/Ware","Stein/Ware","Stein/Ware","Stein/Ware","Stein/Ware","Stein/Ware","Stein/Ware","Stein/Ware","Stein/Ware","Stein/Ware","Stein/Ware","Stein/Ware","Stein/Ware","Stein/Ware","Stein/Ware","Trump/Vance","Trump/Vance","Trump/Vance","Trump/Vance","Trump/Vance","Trump/Vance","Trump/Vance","Trump/Vance","Trump/Vance","Trump/Vance","Trump/Vance","Trump/Vance","Trump/Vance","Trump/Vance","Trump/Vance","Trump/Vance","Trump/Vance","Trump/Vance","Trump/Vance","Trump/Vance","Trump/Vance","Trump/Vance","Trump/Vance","Trump/Vance","Trump/Vance","Trump/Vance","Trump/Vance","Trump/Vance","Trump/Vance","Trump/Vance","Trump/Vance","Trump/Vance","Trump/Vance","Trump/Vance","Trump/Vance","Trump/Vance","Trump/Vance","Trump/Vance","Trump/Vance","Trump/Vance","Trump/Vance","Trump/Vance","Trump/Vance","Trump/Vance","Trump/Vance","Trump/Vance","Trump/Vance","Trump/Vance","Trump/Vance","Trump/Vance","Trump/Vance","Trump/Vance","Trump/Vance","Trump/Vance","Trump/Vance","Trump/Vance","Trump/Vance","Trump/Vance","Blank","Exhausted","Overvote"
"2","","Kennedy/Shanahan","Kennedy/Shanahan","Kennedy/Shanahan","Kennedy/Shanahan","Kennedy/Shanahan","Kennedy/Shanahan","Kennedy/Shanahan","Kennedy/Shanahan","Kennedy/Shanahan","Kennedy/Shanahan","Kennedy/Shanahan","Kennedy/Shanahan","Kennedy/Shanahan","Kennedy/Shanahan","Oliver/Maat","Oliver/Maat","Oliver/Maat","Oliver/Maat","Oliver/Maat","Oliver/Maat","Oliver/Maat","Oliver/Maat","Oliver/Maat","Oliver/Maat","Oliver/Maat","Oliver/Maat","Oliver/Maat","Oliver/Maat","Overvote","Stein/Ware","Stein/Ware","Stein/Ware","Stein/Ware","Stein/Ware","Stein/Ware","Stein/Ware","Stein/Ware","Stein/Ware","Stein/Ware","Stein/Ware","Stein/Ware","Stein/Ware","Stein/Ware","Trump/Vance","Trump/Vance","Trump/Vance","Trump/Vance","Trump/Vance","Trump/Vance","Trump/Vance","Trump/Vance","Trump/Vance","Trump/Vance","Trump/Vance","Trump/Vance","Trump/Vance","Trump/Vance","","Harris/Walz","Harris/Walz","Harris/Walz","Harris/Walz","Harris/Walz","Harris/Walz","Harris/Walz","Harris/Walz","Harris/Walz","Harris/Walz","Harris/Walz","Harris/Walz","Harris/Walz","Harris/Walz","Oliver/Maat","Oliver/Maat","Oliver/Maat","Oliver/Maat","Oliver/Maat","Oliver/Maat","Oliver/Maat","Oliver/Maat","Oliver/Maat","Oliver/Maat","Oliver/Maat","Oliver/Maat","Overvote","Stein/Ware","Stein/Ware","Stein/Ware","Stein/Ware","Stein/Ware","Stein/Ware","Stein/Ware","Stein/Ware","Stein/Ware","Stein/Ware","Stein/Ware","Stein/Ware","Trump/Vance","Trump/Vance","Trump/Vance","Trump/Vance","Trump/Vance","Trump/Vance","Trump/Vance","Trump/Vance","Trump/Vance","Trump/Vance","Trump/Vance","Trump/Vance","Trump/Vance","","Harris/Walz","Harris/Walz","Harris/Walz","Harris/Walz","Harris/Walz","Harris/Walz","Harris/Walz","Harris/Walz","Harris/Walz","Harris/Walz","Harris/Walz","Harris/Walz","Kennedy/Shanahan","Kennedy/Shanahan","Kennedy/Shanahan","Kennedy/Shanahan","Kennedy/Shanahan","Kennedy/Shanahan","Kennedy/Shanahan","Kennedy/Shanahan","Kennedy/Shanahan","Kennedy/Shanahan","Kennedy/Shanahan","Kennedy/Shanahan","Kennedy/Shanahan","Overvote","Stein/Ware","Stein/Ware","Stein/Ware","Stein/Ware","Stein/Ware","Stein/Ware","Stein/Ware","Stein/Ware","Stein/Ware","Stein/Ware","Stein/Ware","Stein/Ware","Stein/Ware","Trump/Vance","Trump/Vance","Trump/Vance","Trump/Vance","Trump/Vance","Trump/Vance","Trump/Vance","Trump/Vance","Trump/Vance","Trump/Vance","","Harris/Walz","Harris/Walz","Harris/Walz","Harris/Walz","Harris/Walz","Harris/Walz","Harris/Walz","Harris/Walz","Harris/Walz","Harris/Walz","Harris/Walz","Harris/Walz","Kennedy/Shanahan","Kennedy/Shanahan","Kennedy/Shanahan","Kennedy/Shanahan","Kennedy/Shanahan","Kennedy/Shanahan","Kennedy/Shanahan","Kennedy/Shanahan","Kennedy/Shanahan","Kennedy/Shanahan","Kennedy/Shanahan","Oliver/Maat","Oliver/Maat","Oliver/Maat","Oliver/Maat","Oliver/Maat","Oliver/Maat","Oliver/Maat","Oliver/Maat","Oliver/Maat","Oliver/Maat","Oliver/Maat","Oliver/Maat","Overvote","Trump/Vance","Trump/Vance","Trump/Vance","Trump/Vance","Trump/Vance","Trump/Vance","Trump/Vance","Trump/Vance","Trump/Vance","Trump/Vance","Trump/Vance","","Harris/Walz","Harris/Walz","Harris/Walz","Harris/Walz","Harris/Walz","Harris/Walz","Harris/Walz","Harris/Walz","Harris/Walz","Harris/Walz","Harris/Walz","Harris/Walz","Harris/Walz","Harris/Walz","Kennedy/Shanahan","Kennedy/Shanahan","Kennedy/Shanahan","Kennedy/Shanahan","Kennedy/Shanahan","Kennedy/Shanahan","Kennedy/Shanahan","Kennedy/Shanahan","Kennedy/Shanahan","Kennedy/Shanahan","Kennedy/Shanahan","Kennedy/Shanahan","Kennedy/Shanahan","Kennedy/Shanahan","Oliver/Maat","Oliver/Maat","Oliver/Maat","Oliver/Maat","Oliver/Maat","Oliver/Maat","Oliver/Maat","Oliver/Maat","Oliver/Maat","Oliver/Maat","Oliver/Maat","Oliver/Maat","Oliver/Maat","Oliver/Maat","Overvote","Stein/Ware","Stein/Ware","Stein/Ware","Stein/Ware","Stein/Ware","Stein/Ware","Stein/Ware","Stein/Ware","Stein/Ware","Stein/Ware","Stein/Ware","Stein/Ware","Stein/Ware","Stein/Ware","","",""
"3","","","Oliver/Maat","Oliver/Maat","Oliver/Maat","Oliver/Maat","Overvote","Stein/Ware","Stein/Ware","Stein/Ware","Stein/Ware","Trump/Vance","Trump/Vance","Trump/Vance","Trump/Vance","","Kennedy/Shanahan","Kennedy/Shanahan","Kennedy/Shanahan","Kennedy/Shanahan","Overvote","Stein/Ware","Stein/Ware","Stein/Ware","Stein/Ware","Trump/Vance","Trump/Vance","Trump/Vance","Trump/Vance","","","Kennedy/Shanahan","Kennedy/Shanahan","Kennedy/Shanahan","Kennedy/Shanahan","Oliver/Maat","Oliver/Maat","Oliver/Maat","Oliver/Maat","Overvote","Trump/Vance","Trump/Vance","Trump/Vance","Trump/Vance","","Kennedy/Shanahan","Kennedy/Shanahan","Kennedy/Shanahan","Kennedy/Shanahan","Oliver/Maat","Oliver/Maat","Oliver/Maat","Oliver/Maat","Overvote","Stein/Ware","Stein/Ware","Stein/Ware","Stein/Ware","","","Oliver/Maat","Oliver/Maat","Oliver/Maat","Oliver/Maat","Overvote","Stein/Ware","Stein/Ware","Stein/Ware","Stein/Ware","Trump/Vance","Trump/Vance","Trump/Vance","Trump/Vance","","Harris/Walz","Harris/Walz","Harris/Walz","Overvote","Stein/Ware","Stein/Ware","Stein/Ware","Stein/Ware","Trump/Vance","Trump/Vance","Trump/Vance","","","Harris/Walz","Harris/Walz","Harris/Walz","Oliver/Maat","Oliver/Maat","Oliver/Maat","Overvote","Trump/Vance","Trump/Vance","Trump/Vance","Trump/Vance","","Harris/Walz","Harris/Walz","Harris/Walz","Oliver/Maat","Oliver/Maat","Oliver/Maat","Oliver/Maat","Overvote","Stein/Ware","Stein/Ware","Stein/Ware","Stein/Ware","","","Kennedy/Shanahan","Kennedy/Shanahan","Kennedy/Shanahan","Kennedy/Shanahan","Overvote","Stein/Ware","Stein/Ware","Stein/Ware","Trump/Vance","Trump/Vance","Trump/Vance","","Harris/Walz","Harris/Walz","Harris/Walz","Harris/Walz","Overvote","Stein/Ware","Stein/Ware","Stein/Ware","Stein/Ware","Trump/Vance","Trump/Vance","Trump/Vance","","","Harris/Walz","Harris/Walz","Harris/Walz","Harris/Walz","Kennedy/Shanahan","Kennedy/Shanahan","Kennedy/Shanahan","Overvote","Trump/Vance","Trump/Vance","Trump/Vance","Trump/Vance","","Harris/Walz","Harris/Walz","Harris/Walz","Kennedy/Shanahan","Kennedy/Shanahan","Kennedy/Shanahan","Stein/Ware","Stein/Ware","Stein/Ware","","","Kennedy/Shanahan","Kennedy/Shanahan","Kennedy/Shanahan","Kennedy/Shanahan","Oliver/Maat","Oliver/Maat","Oliver/Maat","Overvote","Trump/Vance","Trump/Vance","Trump/Vance","","Harris/Walz","Harris/Walz","Harris/Walz","Oliver/Maat","Oliver/Maat","Oliver/Maat","Oliver/Maat","Trump/Vance","Trump/Vance","Trump/Vance","","Harris/Walz","Harris/Walz","Harris/Walz","Harris/Walz","Kennedy/Shanahan","Kennedy/Shanahan","Kennedy/Shanahan","Overvote","Trump/Vance","Trump/Vance","Trump/Vance","","","Harris/Walz","Harris/Walz","Harris/Walz","Kennedy/Shanahan","Kennedy/Shanahan","Kennedy/Shanahan","Oliver/Maat","Oliver/Maat","Oliver/Maat","Overvote","","","Kennedy/Shanahan","Kennedy/Shanahan","Kennedy/Shanahan","Kennedy/Shanahan","Oliver/Maat","Oliver/Maat","Oliver/Maat","Oliver/Maat","Overvote","Stein/Ware","Stein/Ware","Stein/Ware","Stein/Ware","","Harris/Walz","Harris/Walz","Harris/Walz","Harris/Walz","Oliver/Maat","Oliver/Maat","Oliver/Maat","Oliver/Maat","Overvote","Stein/Ware","Stein/Ware","Stein/Ware","Stein/Ware","","Harris/Walz","Harris/Walz","Harris/Walz","Harris/Walz","Kennedy/Shanahan","Kennedy/Shanahan","Kennedy/Shanahan","Kennedy/Shanahan","Overvote","Stein/Ware","Stein/Ware","Stein/Ware","Stein/Ware","","","Harris/Walz","Harris/Walz","Harris/Walz","Harris/Walz","Kennedy/Shanahan","Kennedy/Shanahan","Kennedy/Shanahan","Kennedy/Shanahan","Oliver/Maat","Oliver/Maat","Oliver/Maat","Oliver/Maat","Overvote","","",""
"4","","","","Overvote","Stein/Ware","Trump/Vance","","","Oliver/Maat","Overvote","Trump/Vance","","Oliver/Maat","Overvote","Stein/Ware","","","Overvote","Stein/Ware","Trump/Vance","","","Kennedy/Shanahan","Overvote","Trump/Vance","","Kennedy/Shanahan","Overvote","Stein/Ware","","","","Oliver/Maat","Overvote","Trump/Vance","","Kennedy/Shanahan","Overvote","Trump/Vance","","","Kennedy/Shanahan","Oliver/Maat","Overvote","","","Oliver/Maat","Overvote","Stein/Ware","","Kennedy/Shanahan","Overvote","Stein/Ware","","","Kennedy/Shanahan","Oliver/Maat","Overvote","","","","Overvote","Stein/Ware","Trump/Vance","","","Oliver/Maat","Overvote","Trump/Vance","","Oliver/Maat","Overvote","Stein/Ware","","","Stein/Ware","Trump/Vance","","","Harris/Walz","Overvote","Trump/Vance","","Harris/Walz","Stein/Ware","","","","Oliver/Maat","Trump/Vance","","Harris/Walz","Trump/Vance","","","Harris/Walz","Oliver/Maat","Overvote","","","Oliver/Maat","Stein/Ware","","Harris/Walz","Overvote","Stein/Ware","","","Harris/Walz","Oliver/Maat","Overvote","","","","Overvote","Stein/Ware","Trump/Vance","","","Kennedy/Shanahan","Trump/Vance","","Kennedy/Shanahan","Stein/Ware","","","Overvote","Stein/Ware","Trump/Vance","","","Harris/Walz","Overvote","Trump/Vance","","Harris/Walz","Stein/Ware","","","","Kennedy/Shanahan","Overvote","Trump/Vance","","Harris/Walz","Trump/Vance","","","Harris/Walz","Kennedy/Shanahan","Overvote","","","Kennedy/Shanahan","Stein/Ware","","Harris/Walz","Stein/Ware","","Harris/Walz","Kennedy/Shanahan","","","","Oliver/Maat","Overvote","Trump/Vance","","Kennedy/Shanahan","Trump/Vance","","","Kennedy/Shanahan","Oliver/Maat","","","Oliver/Maat","Trump/Vance","","Harris/Walz","Overvote","Trump/Vance","","Harris/Walz","Oliver/Maat","","","Kennedy/Shanahan","Overvote","Trump/Vance","","Harris/Walz","Trump/Vance","","","Harris/Walz","Kennedy/Shanahan","","","","Kennedy/Shanahan","Oliver/Maat","","Harris/Walz","Oliver/Maat","","Harris/Walz","Kennedy/Shanahan","","","","","Oliver/Maat","Overvote","Stein/Ware","","Kennedy/Shanahan","Overvote","Stein/Ware","","","Kennedy/Shanahan","Oliver/Maat","Overvote","","","Oliver/Maat","Overvote","Stein/Ware","","Harris/Walz","Overvote","Stein/Ware","","","Harris/Walz","Oliver/Maat","Overvote","","","Kennedy/Shanahan","Overvote","Stein/Ware","","Harris/Walz","Overvote","Stein/Ware","","","Harris/Walz","Kennedy/Shanahan","Overvote","","","","Kennedy/Shanahan","Oliver/Maat","Overvote","","Harris/Walz","Oliver/Maat","Overvote","","Harris/Walz","Kennedy/Shanahan","Overvote","","","",""
"01-600 Ketchikan No. 1","167","8","2","0","17","0","0","0","4","0","0","0","0","0","1","6","1","0","7","1","0","5","8","0","0","1","1","0","0","0","12","2","5","0","0","3","10","0","0","0","1","0","0","0","2","3","3","0","0","0","0","0","0","0","0","0","0","0","3","1","0","0","2","0","0","0","0","0","0","2","1","0","0","0","0","0","1","0","0","0","0","0","0","0","0","0","0","0","0","0","0","0","0","0","0","0","0","0","2","0","0","0","0","0","0","1","0","0","0","0","0","1","1","0","0","0","0","0","0","0","0","0","0","0","0","0","0","0","0","0","0","0","0","0","0","0","0","0","0","0","0","0","0","0","1","0","0","0","0","0","0","0","0","0","0","0","0","0","0","0","0","0","2","1","0","0","0","0","0","0","0","0","0","0","0","0","0","0","0","0","0","0","0","0","1","0","0","0","0","0","0","0","0","0","0","0","0","0","0","0","0","0","0","0","0","0","0","0","0","193","3","1","1","0","0","0","0","0","1","0","0","0","2","0","22","1","1","0","0","3","1","0","14","0","1","0","4","0","4","0","0","0","0","1","0","0","3","0","0","0","1","0","0","0","1","0","0","0","0","0","0","0","1","0","5","0","0","7","0","0"
"01-610 Ketchikan No. 2","250","6","4","0","13","0","0","1","2","0","1","0","0","0","1","3","1","0","5","0","0","2","5","0","2","1","0","0","0","2","14","0","3","0","0","5","8","0","1","0","0","1","0","0","7","2","1","0","0","0","0","0","1","0","0","0","2","0","10","1","0","0","1","0","0","0","0","0","0","1","0","0","0","0","0","0","0","0","0","1","0","0","0","0","0","1","0","0","0","0","0","1","0","0","0","0","1","0","2","0","0","0","0","0","0","0","0","0","0","1","0","5","2","0","0","0","0","0","0","1","0","0","0","0","0","0","0","0","0","0","0","0","0","0","2","0","0","0","0","0","0","0","0","0","0","0","0","0","0","0","0","5","1","0","0","0","0","0","0","0","1","2","4","0","1","0","0","0","0","0","0","0","0","0","1","0","0","0","0","0","0","0","0","0","0","0","0","0","0","0","0","0","0","0","0","0","0","0","0","0","0","0","0","0","0","0","0","0","0","362","3","0","9","0","2","1","0","0","0","0","0","0","0","0","25","0","1","0","0","1","2","0","15","0","1","0","4","0","6","0","2","0","0","1","0","0","4","0","0","0","0","0","0","1","0","0","0","0","1","0","1","0","0","0","5","0","0","7","1","2"
"01-620 Ketchikan No. 3","128","7","2","0","4","0","0","0","1","0","0","0","0","0","0","5","0","0","2","0","0","2","3","0","1","0","0","0","0","0","9","1","2","0","0","1","6","0","1","0","0","0","0","0","8","0","0","0","0","0","0","0","0","0","0","0","0","0","5","1","0","0","0","0","0","0","0","0","0","1","0","0","0","1","0","0","0","0","0","0","0","0","0","0","0","0","0","0","0","0","0","0","1","0","0","0","0","0","2","0","0","0","2","0","0","1","0","0","0","0","0","0","1","0","0","0","0","0","0","0","0","0","0","0","0","0","0","0","0","0","0","0","0","0","0","0","0","0","1","0","0","0","0","0","0","0","0","0","0","0","0","0","0","0","0","0","0","0","0","0","0","4","2","0","0","0","0","0","0","0","0","0","0","0","0","0","0","0","0","0","0","0","0","0","0","0","0","0","0","0","0","0","0","0","0","0","0","0","0","0","0","0","0","0","0","0","0","0","0","298","1","2","0","0","0","0","0","0","1","0","0","0","0","0","33","0","1","0","0","3","0","0","2","0","0","0","1","0","3","0","0","0","0","0","0","0","1","0","0","0","0","0","1","0","0","0","0","0","0","0","0","0","0","1","1","0","0","6","0","1"
"01-640 North Tongass No. 1","78","3","4","1","6","0","0","0","1","0","1","0","0","0","1","1","1","0","2","0","0","0","3","0","0","0","0","0","0","0","6","1","2","0","0","0","2","0","0","0","0","0","0","0","0","1","0","0","0","0","0","0","0","0","0","0","0","0","3","0","0","0","0","0","0","0","0","0","0","0","1","0","0","0","0","0","0","0","0","0","0","1","0","0","0","0","0","0","0","0","0","0","0","0","0","0","0","0","0","0","0","0","0","0","0","0","0","0","0","0","0","0","0","0","0","0","0","0","0","1","0","0","0","0","0","0","0","0","0","0","0","0","0","0","0","0","0","0","0","0","0","0","0","0","0","0","0","0","0","0","0","0","0","0","0","0","0","0","0","0","1","0","0","0","0","0","0","0","0","0","0","0","0","0","0","0","0","0","0","0","0","0","0","0","0","0","0","0","0","1","0","0","0","0","0","0","0","0","0","0","0","0","0","0","0","0","0","0","0","241","1","1","1","0","0","0","0","0","0","0","0","0","0","0","19","1","0","0","0","1","1","0","6","1","3","0","2","0","3","1","0","0","0","0","0","0","1","0","0","0","1","0","0","1","1","1","0","0","0","0","0","0","0","0","2","0","0","1","1","0"
"01-650 North Tongass No. 2","126","11","0","0","9","0","0","0","0","0","0","0","0","0","1","6","1","0","2","0","0","3","6","0","1","0","1","0","0","0","19","1","3","0","0","1","2","0","1","0","0","0","0","0","3","0","1","0","0","0","0","0","0","0","0","0","0","0","4","1","0","0","0","0","0","0","0","0","0","1","0","0","1","0","0","0","0","0","0","1","0","0","1","0","0","0","1","0","0","0","0","1","0","0","0","0","0","0","2","0","1","0","0","0","0","1","0","0","0","0","0","2","1","0","0","0","0","0","0","0","0","0","0","0","0","1","0","0","0","0","0","0","0","0","1","0","0","0","0","0","0","0","0","0","0","1","0","0","0","0","0","1","0","0","0","0","0","0","0","0","0","0","2","0","0","0","0","0","0","0","0","1","0","0","0","0","0","1","0","0","0","1","1","0","0","0","0","1","0","0","0","0","1","0","1","0","0","0","0","0","0","0","0","0","0","0","0","0","0","416","3","0","0","0","1","0","0","0","1","0","0","1","0","0","36","1","0","0","0","3","1","0","9","0","5","0","10","0","5","1","0","0","0","1","0","0","1","0","1","0","2","0","0","1","0","0","0","0","1","0","1","0","0","0","5","0","0","1","1","3"
"01-660 Saxman","43","4","1","0","6","0","0","0","2","0","1","0","0","0","0","2","0","0","4","1","0","1","1","0","0","0","0","0","0","1","2","0","0","0","0","0","4","0","0","0","0","0","0","0","0","0","1","0","0","0","0","0","0","0","0","0","0","0","0","0","0","0","0","1","0","0","1","0","0","0","0","0","0","0","0","0","0","0","0","0","0","0","0","0","0","0","0","0","0","0","0","0","0","0","0","0","0","0","0","0","0","0","0","0","0","0","0","0","0","0","0","0","0","0","0","0","0","0","0","0","0","0","0","0","0","0","0","0","0","0","0","0","0","0","0","0","0","0","0","0","0","0","0","0","0","0","0","0","0","0","0","0","0","0","0","0","0","0","0","0","0","0","0","0","1","0","0","0","0","0","0","0","0","0","0","0","0","0","0","1","0","0","0","0","0","0","0","0","0","0","0","0","0","0","0","0","0","0","0","0","0","0","0","0","0","0","0","0","0","25","2","1","0","0","0","0","0","0","0","0","0","0","0","0","3","0","0","0","0","0","0","0","3","0","0","0","1","0","0","0","0","0","0","0","0","0","0","0","0","0","0","0","0","0","0","0","0","0","0","0","0","0","0","0","0","0","0","0","0","1"
"01-670 South Tongass","148","7","7","0","8","0","0","2","2","0","0","2","1","0","0","4","0","0","3","1","0","2","3","0","0","0","0","0","0","0","10","1","3","0","0","2","5","0","0","0","0","0","0","0","2","0","0","0","0","0","0","0","0","0","0","0","0","0","4","1","0","0","1","0","0","0","0","0","0","1","0","0","0","2","0","0","0","0","1","0","0","1","1","0","0","0","0","0","0","0","0","0","0","0","0","0","0","0","0","0","2","0","1","0","0","1","0","0","0","1","0","2","1","1","0","0","0","0","0","0","0","0","0","0","0","0","0","1","0","0","0","0","0","0","1","0","0","0","0","0","0","0","0","0","0","0","0","0","0","0","0","1","1","0","0","2","0","0","0","0","0","1","0","0","0","0","0","0","1","0","0","0","0","0","0","0","0","0","0","0","0","0","0","0","0","0","0","0","0","0","0","0","0","0","0","0","0","0","0","0","0","0","0","0","0","0","0","1","0","299","3","0","1","0","0","0","1","0","0","0","0","0","0","0","33","1","2","0","0","2","0","0","7","0","1","0","3","0","3","1","1","0","1","1","0","0","4","0","1","0","3","0","0","4","0","0","0","0","0","0","1","0","0","0","5","0","0","8","0","0"
"01-675 Coffman Cove","15","0","0","0","1","0","0","0","0","0","0","0","0","0","0","0","0","0","0","0","0","1","0","0","0","0","0","0","0","1","1","1","0","0","0","0","0","0","0","0","0","0","0","0","1","0","0","0","0","0","0","0","0","0","0","0","0","0","1","0","0","0","0","0","0","0","0","0","0","0","0","0","0","1","0","0","0","0","0","0","0","0","0","0","0","0","0","0","0","0","0","0","0","0","0","0","0","0","2","0","0","0","0","0","0","0","0","0","0","0","0","0","1","0","0","0","0","0","0","0","0","0","0","0","0","0","0","0","0","0","0","0","0","0","0","0","0","0","0","0","0","0","0","0","0","0","0","0","0","0","0","0","0","0","0","0","0","0","0","0","0","0","0","0","0","0","0","0","0","0","0","0","0","0","0","0","0","0","0","0","0","0","0","0","0","0","0","0","0","0","0","0","0","0","0","0","0","0","0","0","0","0","0","0","0","0","0","0","0","68","0","0","0","0","0","0","0","0","0","0","0","0","0","0","8","0","0","0","0","1","0","0","1","0","1","1","0","0","0","0","0","0","0","0","0","0","0","0","0","0","0","0","0","0","0","0","0","0","0","0","0","0","0","0","0","0","0","2","1","1"
"01-680 Metlakatla","160","17","10","1","22","0","0","1","4","0","0","2","1","0","0","1","2","0","5","0","1","2","5","0","1","0","0","0","0","0","9","1","3","0","0","2","5","0","0","1","0","0","0","0","5","0","1","0","1","0","0","0","0","0","0","0","1","0","10","7","0","0","1","0","0","0","0","0","0","0","0","0","0","0","0","0","0","0","0","1","1","0","0","0","0","0","0","0","0","0","0","0","1","0","0","0","0","0","3","0","1","0","0","0","0","0","0","0","1","0","0","1","0","0","0","0","0","0","0","0","0","0","0","0","0","0","0","0","0","0","0","0","0","0","0","0","0","0","0","0","0","0","0","0","0","0","0","0","0","0","0","0","0","0","0","0","0","1","0","0","0","2","0","0","0","0","0","0","0","0","0","0","0","0","0","0","0","0","0","0","0","0","0","0","0","0","0","0","0","0","0","0","0","0","0","0","0","0","1","0","0","0","0","0","0","0","0","0","0","110","0","1","1","0","1","0","0","0","0","0","0","0","1","0","15","1","2","0","1","2","0","0","5","0","0","0","2","0","2","0","0","0","0","0","1","0","1","0","0","0","0","0","0","0","0","0","0","0","0","0","0","0","0","0","3","1","0","7","1","4"
"01-690 Wrangell","126","11","1","0","6","0","0","0","1","0","1","2","0","0","0","3","1","0","0","0","0","3","9","0","0","0","0","0","0","0","11","0","3","0","0","5","10","0","1","0","0","2","0","0","3","0","0","0","0","0","0","0","0","0","0","0","1","0","6","0","0","0","0","0","0","0","1","0","0","0","0","0","0","0","0","0","1","0","0","0","0","0","0","0","0","0","0","0","0","0","0","1","1","0","0","0","0","0","1","0","0","0","0","0","0","1","0","0","0","0","0","0","0","1","0","0","0","0","0","0","0","0","0","0","0","0","0","0","0","0","0","0","0","0","0","0","0","0","1","0","0","0","0","0","0","1","0","0","0","0","0","0","1","0","0","0","0","1","0","0","0","0","0","0","0","0","0","0","0","0","0","0","0","0","0","0","0","0","0","0","0","0","0","0","0","0","0","0","0","0","0","0","0","0","0","0","1","0","0","0","0","0","0","0","0","0","0","0","0","353","1","1","0","0","0","0","0","0","0","0","0","1","0","0","37","2","1","0","0","6","0","0","13","0","6","2","7","0","4","1","0","0","0","3","0","0","2","0","0","0","3","0","0","1","0","0","0","0","0","0","2","0","0","0","6","0","0","4","2","1"
"02-700 Angoon","54","4","0","0","7","0","0","2","1","0","0","0","0","0","0","1","1","0","0","0","0","0","1","0","1","0","0","0","0","0","0","0","0","0","0","0","2","0","0","0","0","0","1","0","1","0","0","0","0","0","0","0","0","0","0","0","0","0","5","1","0","0","0","0","0","0","0","0","0","0","0","0","0","0","0","0","0","0","0","1","0","0","0","0","0","0","0","0","0","0","0","1","0","0","0","0","0","0","0","0","0","0","0","0","0","0","0","0","0","0","0","2","0","0","0","0","0","0","0","0","0","0","0","0","0","0","0","0","0","0","0","0","0","0","0","0","0","0","0","0","0","0","0","0","0","0","0","0","1","0","0","0","0","0","0","0","0","0","0","0","0","0","1","0","0","0","0","0","0","0","0","0","0","0","0","0","0","0","0","0","0","0","0","0","0","0","0","0","0","0","0","0","0","0","0","0","0","0","0","0","0","0","0","0","0","0","0","0","0","22","0","0","0","0","0","0","0","0","0","0","0","0","0","0","2","0","0","0","0","0","0","0","0","0","0","0","0","0","0","0","0","0","0","1","0","0","0","0","0","0","0","0","0","0","0","0","0","0","0","0","0","0","0","0","0","0","0","0","0","0"
"02-705 Craig","85","4","1","0","6","0","0","1","1","0","0","0","0","0","0","4","0","0","1","0","0","0","3","0","0","0","0","0","0","1","2","0","1","0","0","3","6","0","0","0","0","0","0","0","0","0","1","0","0","0","0","0","0","0","0","0","1","0","7","0","0","0","1","0","0","0","0","0","0","0","0","0","0","0","0","0","0","0","0","0","0","0","1","0","0","0","0","0","0","0","0","0","0","0","0","0","0","0","3","0","0","0","0","0","0","0","0","0","0","1","0","0","1","0","0","1","0","0","0","0","0","0","0","0","0","0","0","0","0","0","0","0","0","0","0","0","0","0","0","0","0","0","0","0","0","0","0","0","0","0","0","0","0","0","0","0","0","0","0","0","0","0","1","0","0","0","0","0","0","0","0","0","0","0","0","0","0","0","0","0","0","0","0","0","0","0","0","0","0","0","0","0","0","0","0","0","0","0","0","0","0","0","0","0","0","0","0","0","0","189","4","0","2","0","0","0","0","0","0","0","0","0","0","0","22","2","1","0","0","2","0","0","8","0","1","0","4","0","1","0","0","0","0","1","0","0","0","0","0","0","2","0","0","4","0","0","0","0","0","0","1","0","0","1","3","0","0","3","4","4"
"02-720 Hoonah","78","5","0","0","1","0","0","1","2","0","0","0","0","0","0","1","0","0","2","0","0","1","2","0","0","0","0","0","1","0","3","0","2","0","1","1","3","1","0","0","0","0","0","0","0","0","1","0","0","0","0","0","1","0","0","0","1","0","7","2","0","0","0","0","0","0","0","0","0","0","0","0","0","0","0","1","0","0","0","0","0","1","0","0","1","0","1","0","0","0","0","0","0","0","0","0","0","0","2","0","0","0","0","0","0","1","0","1","0","0","0","1","0","0","0","0","0","0","0","0","0","0","0","0","0","0","0","0","0","0","0","1","0","0","0","0","0","0","0","0","0","0","0","0","0","0","0","0","0","0","0","0","0","0","0","0","0","0","0","0","0","0","2","0","0","0","0","0","0","0","0","0","0","0","0","0","0","0","0","0","0","0","0","0","0","0","0","0","0","0","0","0","0","0","0","0","0","0","0","0","0","0","0","0","0","0","0","0","0","92","5","0","1","0","0","0","0","0","0","0","0","0","0","0","11","1","0","0","1","1","4","0","6","0","0","0","4","0","2","0","0","0","0","0","0","0","0","0","0","0","1","0","0","0","0","0","0","0","0","0","0","0","0","0","0","0","0","3","0","3"
"02-725 Hydaburg","55","3","0","0","2","0","0","0","0","0","0","0","0","0","1","1","0","0","1","0","0","0","3","0","2","0","0","0","0","0","1","0","0","0","0","1","1","0","0","0","0","0","0","0","0","0","0","0","0","0","0","0","0","0","0","0","0","0","3","0","0","0","1","0","0","0","0","0","0","0","0","0","0","0","0","0","0","0","0","1","0","0","0","0","0","0","0","0","0","0","0","0","0","0","0","0","0","0","1","0","0","0","0","0","0","0","0","0","0","0","0","1","0","0","0","0","0","0","0","0","0","0","0","0","0","0","0","0","0","0","0","0","0","0","0","0","0","0","0","0","0","0","0","0","0","0","0","0","0","0","0","0","0","0","0","0","0","0","0","0","0","1","1","0","0","0","0","0","0","0","0","0","0","0","0","0","0","0","0","0","0","0","0","0","0","0","0","0","0","0","0","0","0","0","0","0","0","0","1","0","0","0","0","0","0","0","0","0","0","10","2","0","0","0","0","0","0","0","0","0","0","0","1","0","2","0","1","0","0","0","0","0","0","0","0","0","0","0","0","0","0","0","0","0","0","0","0","0","0","0","0","0","0","0","0","0","0","0","0","0","0","0","0","0","0","0","0","0","1","0"
"02-730 Kake","74","0","0","1","4","0","0","0","2","0","0","0","0","0","0","2","0","0","2","0","0","0","5","0","0","0","0","0","0","1","2","0","0","0","0","2","3","0","0","0","0","0","1","0","2","2","1","0","0","0","0","0","0","0","0","0","1","0","2","0","0","0","0","0","0","0","0","0","0","0","0","0","0","0","0","0","0","0","0","0","0","0","0","0","0","0","0","0","0","0","1","2","0","0","0","0","0","0","1","0","0","0","0","0","0","0","0","0","0","0","0","0","0","0","0","0","0","0","0","0","0","0","0","0","0","0","0","0","0","0","0","0","0","0","0","0","0","0","0","0","0","0","0","0","0","0","0","0","0","0","0","0","0","0","0","0","0","0","0","0","0","1","0","0","0","0","0","0","0","0","0","0","0","0","0","0","0","0","0","0","0","0","0","0","0","0","0","0","0","0","0","0","0","0","0","0","0","0","0","0","0","0","0","0","0","0","0","0","0","39","1","1","1","0","0","0","0","0","1","0","0","1","0","0","8","1","1","0","0","0","1","0","5","0","1","0","2","0","0","0","0","0","0","0","0","0","0","0","1","0","0","0","0","0","0","0","0","0","0","0","0","0","0","0","0","0","0","1","2","2"
"02-735 Kasaan","5","0","0","0","1","0","0","0","0","0","0","0","0","0","0","0","0","0","0","0","0","0","0","0","0","0","0","0","0","0","0","0","1","0","0","0","0","0","0","0","0","0","0","0","0","0","0","0","0","0","0","0","0","0","0","0","0","0","2","0","0","0","0","0","0","0","0","0","0","0","0","0","0","0","0","0","0","0","0","0","0","0","0","0","0","0","0","0","0","0","0","0","0","0","0","0","0","0","0","0","0","0","0","0","0","0","0","0","0","0","0","1","0","0","0","0","0","0","0","0","0","0","0","0","0","0","0","0","0","0","0","1","0","0","0","0","0","0","0","0","0","0","0","0","0","0","0","0","0","0","0","0","0","0","0","0","0","0","0","0","0","0","1","0","0","0","0","0","0","0","0","0","0","0","0","0","0","0","0","0","0","0","0","0","0","0","0","0","0","0","0","0","0","0","0","0","0","0","0","0","0","0","0","0","0","0","0","0","0","12","0","0","0","0","0","0","0","0","0","0","0","0","0","0","0","0","0","0","0","0","0","0","0","0","0","0","1","0","0","0","0","0","0","0","0","0","0","0","0","0","0","0","0","0","0","0","0","0","0","0","0","0","0","0","0","0","0","0","0","0"
"02-740 Klawock","99","2","0","0","0","0","0","1","3","0","0","0","0","0","1","4","1","0","2","1","0","0","3","0","1","0","0","0","0","0","2","0","0","0","0","2","6","0","0","0","0","0","0","0","1","1","0","0","0","0","0","0","0","0","0","0","3","1","1","0","0","0","1","0","0","0","0","0","0","0","0","0","0","0","0","0","0","0","0","1","0","1","0","0","0","0","1","0","0","0","0","0","0","0","0","0","0","0","0","1","0","0","0","0","0","1","0","0","0","0","0","1","0","0","0","0","0","0","0","0","0","0","0","0","0","0","0","0","0","0","0","0","0","0","0","0","0","0","0","0","1","0","0","0","0","0","0","0","0","0","0","0","0","0","0","0","0","0","0","0","0","0","0","0","0","0","0","0","0","0","0","0","0","0","0","0","0","1","0","0","0","0","0","0","0","0","0","0","0","0","0","0","0","0","0","0","0","0","0","0","0","0","0","0","0","0","0","1","0","149","1","0","1","0","0","0","0","0","0","0","0","0","0","0","21","1","1","0","0","6","0","0","10","0","1","0","2","0","1","0","0","0","0","1","0","0","0","0","0","0","0","1","0","0","0","0","0","0","0","0","0","0","0","0","2","0","0","0","0","2"
"02-750 Pelican-Elfin Cove","10","0","0","0","0","0","0","0","0","0","0","0","1","0","0","1","0","0","0","0","0","1","1","0","0","0","0","0","0","0","0","0","0","0","0","0","1","0","0","0","0","0","0","0","0","0","0","0","0","0","0","0","0","0","0","0","0","0","0","0","0","0","0","0","0","0","0","0","0","0","0","0","0","0","0","0","0","0","0","0","0","0","0","0","0","0","0","0","0","0","0","0","0","0","0","0","0","0","2","0","0","0","0","0","0","0","0","0","0","0","0","0","0","0","0","0","0","0","0","0","0","0","0","0","0","0","0","0","0","0","0","0","0","0","0","0","0","0","0","0","0","0","0","0","0","0","0","0","0","0","0","0","0","0","0","0","0","0","0","0","0","0","0","0","0","0","0","0","0","0","0","0","0","0","0","0","0","0","0","0","0","0","0","0","0","0","0","0","0","0","0","0","0","0","0","0","0","0","0","0","0","0","0","0","0","0","0","0","0","18","1","0","0","0","0","0","0","0","0","0","0","0","0","0","0","1","0","0","0","0","0","0","2","0","0","0","0","0","0","0","0","0","0","0","0","0","0","0","0","0","0","0","0","0","0","0","0","0","1","0","0","0","0","0","0","0","0","0","0","0"
"02-755 Petersburg-Kupreanof","192","13","1","0","4","0","0","1","0","0","0","0","0","0","1","12","0","0","4","0","0","2","6","0","1","0","0","0","0","0","19","1","3","0","0","3","12","0","0","0","0","0","0","0","1","0","0","0","0","1","0","0","2","0","0","1","0","0","5","2","0","0","1","0","0","0","0","0","0","0","0","0","0","0","0","0","0","0","0","0","0","1","1","1","1","0","1","0","0","0","0","0","0","0","0","0","1","0","5","0","0","0","1","0","0","2","0","0","0","0","0","6","1","0","0","0","0","0","0","0","0","0","0","0","0","0","0","0","0","0","1","0","0","0","0","0","0","0","1","1","0","0","0","0","1","1","0","0","0","0","0","0","0","0","0","1","0","0","0","0","0","4","3","0","1","0","0","1","0","0","0","0","0","0","0","1","0","0","0","0","0","0","0","0","0","0","0","0","0","0","0","0","0","0","0","0","0","0","0","0","0","0","0","1","0","0","0","0","0","348","6","3","2","0","0","0","0","0","1","0","0","1","1","0","68","4","0","0","1","8","1","0","27","0","4","0","5","0","4","0","0","0","0","3","0","0","3","0","0","0","4","0","0","3","0","0","0","0","0","0","0","0","0","0","3","0","0","10","6","1"
"02-760 Port Alexander","2","0","0","0","1","0","0","0","0","0","0","0","0","0","0","0","0","0","0","0","0","0","1","0","0","0","0","0","0","0","1","0","0","0","0","0","0","0","0","0","0","0","0","0","0","0","0","0","0","0","0","0","0","0","0","0","0","0","0","0","0","0","0","0","0","0","0","0","0","0","0","0","0","0","0","0","0","0","0","0","0","0","0","0","0","0","0","0","0","0","0","0","0","0","0","0","0","0","0","0","0","0","0","0","0","0","0","0","0","0","0","0","0","0","0","0","0","0","0","0","0","0","0","0","0","0","0","0","0","0","0","0","0","0","0","0","0","0","0","0","0","0","0","0","0","0","0","0","0","0","0","0","0","0","0","0","0","0","0","0","0","0","0","0","0","0","0","0","0","0","0","0","0","0","0","0","0","0","0","0","0","0","0","0","0","0","0","0","0","0","0","0","0","0","0","0","0","0","0","0","0","0","0","0","0","0","0","0","0","4","0","0","0","0","0","0","0","0","0","0","0","0","0","0","1","0","0","0","0","0","0","0","0","0","0","0","0","0","0","0","0","0","0","0","0","0","0","0","0","0","0","0","1","0","0","0","0","0","0","0","0","0","0","0","0","0","0","0","0","0"
"02-765 Sitka No. 1","283","17","2","1","12","1","1","0","4","0","0","3","3","0","1","14","4","0","4","0","0","5","15","0","2","0","0","0","0","0","19","4","6","0","0","6","16","1","0","0","2","0","1","0","4","2","0","0","1","0","1","0","0","0","0","0","4","0","6","2","0","0","3","0","0","0","0","0","0","1","0","0","0","0","0","0","0","0","0","0","0","1","0","0","0","0","0","0","1","1","0","0","0","0","0","0","0","0","2","1","0","0","1","0","0","0","0","0","1","3","0","5","0","0","0","0","0","0","0","0","0","0","0","0","3","0","0","0","0","0","0","0","0","0","0","0","0","0","0","0","0","0","0","0","1","0","0","0","0","0","0","0","0","0","0","0","0","1","0","0","0","0","5","1","0","0","0","0","0","0","0","0","0","0","0","0","0","0","0","3","0","0","0","0","0","0","0","0","0","0","0","0","0","0","0","0","0","0","1","0","0","1","1","0","0","0","0","0","0","345","2","1","2","0","1","0","1","0","0","0","1","1","0","0","50","1","1","0","0","10","3","0","22","0","3","0","12","0","4","1","0","1","0","1","0","0","2","0","0","0","2","0","0","1","0","0","0","0","0","0","0","0","0","1","0","0","0","8","2","3"
"02-770 Sitka No. 2","271","24","2","0","10","0","0","5","9","0","1","4","1","0","0","8","1","0","11","0","0","3","12","0","1","1","1","0","1","0","36","5","9","0","0","3","25","0","0","0","0","0","0","0","7","2","0","0","0","0","0","0","0","0","0","0","3","0","5","4","0","0","0","0","0","0","0","0","0","1","0","0","2","2","0","0","0","0","0","1","0","2","0","0","0","0","0","0","0","0","0","0","2","0","0","1","0","0","4","3","0","0","1","0","0","0","0","1","0","2","0","2","1","0","0","0","0","0","0","1","0","0","0","0","0","0","0","0","0","0","0","0","0","0","0","0","0","0","0","0","0","0","0","0","0","0","0","0","0","0","0","5","0","0","0","0","0","0","0","0","0","3","4","0","0","0","0","0","0","0","0","0","0","0","1","0","0","0","1","0","0","0","0","0","0","0","1","0","0","0","0","0","0","0","0","1","0","0","1","0","0","0","0","1","0","0","0","0","0","262","7","1","1","0","0","0","1","0","0","0","0","1","1","0","59","0","0","0","2","2","1","0","21","1","3","1","8","0","2","2","0","0","0","1","1","0","1","1","0","1","3","0","0","1","0","1","0","0","0","0","0","0","0","0","2","0","1","4","2","1"
"02-775 Tenakee Springs","17","0","0","0","0","0","0","0","0","0","0","0","0","0","0","0","0","0","1","0","0","0","0","0","0","0","0","0","0","0","4","0","1","0","0","2","1","0","0","0","0","0","0","0","0","0","0","0","0","0","0","0","0","0","0","0","0","0","1","1","0","0","0","0","0","0","0","0","0","0","0","0","0","0","0","0","0","0","0","0","0","0","0","0","0","0","0","0","0","0","0","0","0","0","0","0","0","0","0","0","0","0","0","0","0","0","0","0","0","0","0","0","0","0","0","0","0","0","0","0","0","0","0","0","0","0","0","0","0","0","0","0","0","0","0","0","0","0","0","0","0","0","0","0","0","0","0","0","0","0","0","0","0","0","0","0","0","0","0","0","0","0","1","0","0","0","0","0","0","0","0","0","0","0","0","0","0","0","0","0","0","0","0","0","0","0","0","0","0","0","0","0","0","0","0","0","0","0","0","0","0","0","0","0","0","0","0","0","0","9","0","0","0","0","0","0","0","0","0","0","0","0","0","0","3","0","0","0","0","0","0","0","0","0","0","0","0","0","0","0","0","0","0","0","0","0","0","0","0","0","0","0","0","0","0","0","0","0","0","0","0","0","0","0","0","0","0","1","0","0"
"02-780 Thorne Bay","15","2","0","0","0","0","0","1","0","0","0","0","0","0","0","1","0","0","0","0","0","0","0","0","0","0","0","0","0","0","3","0","0","0","0","3","2","0","1","0","0","0","0","0","0","0","0","0","0","0","0","0","0","0","0","0","0","0","0","0","0","0","0","0","0","0","0","0","0","1","0","0","1","0","0","0","0","0","1","0","0","0","0","0","0","0","0","0","0","0","0","0","0","0","0","0","0","0","0","0","0","0","0","0","0","0","0","0","0","0","0","1","0","0","0","0","0","0","0","0","0","0","0","0","0","0","0","0","1","0","0","0","0","0","1","0","0","0","0","0","0","0","0","0","0","0","0","0","0","0","0","0","0","0","0","0","0","0","0","0","0","0","1","0","0","0","0","0","0","0","0","0","0","0","0","0","0","0","0","0","0","0","0","0","0","0","0","0","0","0","0","0","0","0","0","0","0","0","0","0","0","0","0","0","0","0","0","0","0","136","0","0","0","0","1","0","0","0","0","0","0","0","0","0","9","0","0","0","0","1","0","0","3","0","0","0","2","0","1","0","0","0","0","0","0","0","1","0","0","0","0","0","0","1","0","0","0","0","0","0","0","0","0","0","0","0","0","0","0","0"
"02-785 Yakutat","88","7","1","0","3","0","0","0","0","0","0","1","0","0","0","4","0","0","1","0","0","2","2","0","0","0","0","0","0","0","2","0","0","0","0","1","2","0","0","0","0","0","0","0","2","1","0","0","0","0","0","0","0","0","0","0","1","0","1","0","0","0","0","0","0","0","0","0","0","1","0","0","0","0","0","0","0","0","1","0","0","0","0","0","0","0","0","0","0","0","0","0","0","0","0","0","0","0","1","0","1","0","0","0","0","0","0","0","0","0","0","1","0","0","0","2","0","0","0","0","0","0","0","0","0","0","0","0","0","0","0","0","0","0","0","0","0","0","0","0","0","0","0","0","0","0","0","0","0","0","0","1","0","1","1","0","0","0","0","0","0","0","1","0","0","0","0","0","0","0","0","0","0","0","0","0","0","0","0","0","0","0","0","0","0","0","0","0","0","0","0","0","0","0","0","0","0","0","0","0","0","0","0","0","0","0","0","0","0","72","0","0","0","0","0","0","0","0","0","0","0","0","0","0","9","0","0","0","0","0","1","0","3","0","0","0","0","0","0","0","0","0","0","1","0","0","2","0","0","1","0","0","0","1","0","0","0","0","0","0","1","0","0","0","1","0","0","0","1","3"
"03-300 Auke Bay","179","8","1","0","2","0","0","3","2","0","1","2","0","0","1","9","0","0","3","0","0","5","8","0","1","0","0","0","1","0","17","2","2","0","0","2","3","0","2","0","0","0","0","0","2","2","0","0","0","0","0","0","0","0","1","0","0","0","5","1","0","0","0","0","0","0","0","0","0","1","0","0","0","0","0","0","0","0","0","1","0","0","0","0","0","0","0","0","0","0","0","0","0","0","1","0","0","0","2","3","0","0","0","0","0","0","0","0","0","0","0","1","1","0","0","0","0","0","0","1","1","0","0","0","0","0","0","0","0","0","0","0","0","0","1","0","0","0","0","0","0","0","0","0","0","1","0","0","0","0","0","1","1","0","0","0","0","0","0","0","0","0","6","0","0","0","0","0","0","0","0","0","0","0","0","0","0","0","0","0","0","0","0","0","0","0","0","0","0","0","1","0","0","0","0","0","0","0","0","0","0","0","1","0","0","0","0","0","0","138","2","3","0","0","0","0","0","0","0","0","0","0","0","0","27","0","0","0","0","2","0","0","0","0","2","0","2","0","4","0","0","0","0","2","0","0","2","0","1","1","1","0","0","2","0","0","0","0","0","0","2","0","0","0","1","0","0","3","0","0"
"03-305 Lynn Canal","161","2","0","0","2","0","0","1","1","0","0","1","0","0","0","4","0","0","2","1","0","3","9","0","0","0","0","0","0","0","22","2","1","0","0","3","4","0","1","0","1","0","0","0","4","0","0","0","0","0","0","0","0","0","0","0","0","0","1","0","0","0","1","0","0","0","0","0","0","0","0","0","0","0","0","0","0","0","0","0","0","0","1","0","0","0","0","0","0","0","0","0","0","0","0","0","0","0","2","0","0","0","1","0","0","0","0","0","0","1","0","1","0","0","0","0","0","0","0","0","0","0","0","0","2","0","0","0","0","0","0","0","0","0","0","0","0","0","0","0","0","0","0","0","0","0","0","0","0","0","0","0","0","0","0","1","0","0","0","0","0","2","3","0","0","0","0","0","0","0","0","0","0","0","0","0","0","0","0","0","0","0","0","0","0","0","0","0","0","0","0","0","0","0","0","0","0","0","0","0","0","0","0","0","0","0","0","0","0","143","1","1","0","0","2","0","0","0","0","0","0","0","0","0","16","0","1","0","1","3","0","0","0","0","0","0","3","0","4","0","0","0","0","1","0","0","1","0","0","1","3","1","0","0","0","0","0","0","0","0","0","0","1","0","1","0","0","6","0","0"
"03-310 Melvin Park","149","11","0","0","8","0","0","1","7","0","1","0","1","0","2","11","3","0","3","1","0","4","15","0","0","0","0","0","0","0","18","1","2","0","0","2","13","0","0","0","0","1","0","0","4","1","0","0","0","0","0","0","0","0","0","0","0","0","5","0","0","0","1","0","0","1","0","0","0","1","0","0","0","0","0","0","0","0","0","3","0","0","0","0","0","0","0","0","0","0","0","0","0","0","0","0","0","0","6","0","0","0","0","0","0","0","0","0","0","0","0","2","1","0","0","0","0","0","0","0","0","0","0","0","0","0","0","0","0","0","0","0","0","0","0","0","0","0","3","0","0","0","0","1","0","0","0","0","0","0","0","2","0","0","0","0","0","1","0","0","0","2","3","0","0","0","2","0","0","0","0","0","0","0","0","0","0","0","0","0","0","0","0","0","0","0","0","0","0","1","0","0","0","0","0","0","0","0","0","0","0","0","0","0","0","0","0","0","0","177","5","2","0","0","3","3","0","0","1","0","0","0","1","0","31","0","0","0","0","7","0","0","7","0","3","2","9","0","6","0","0","0","0","3","0","0","2","0","0","0","2","1","0","3","0","0","0","0","0","1","0","0","1","1","3","0","0","7","1","0"
"03-315 Mendenhall Glacier","233","14","6","0","11","0","0","2","11","0","1","3","1","0","3","14","1","0","3","2","0","6","23","1","2","1","0","0","0","0","23","1","4","0","0","7","12","0","2","0","1","0","0","0","5","0","4","0","0","1","1","0","0","0","1","0","0","0","5","0","2","0","1","0","0","0","0","0","0","1","2","0","1","0","0","0","0","0","0","1","0","0","0","0","0","0","0","0","0","0","0","1","0","0","0","0","0","0","3","0","1","0","0","1","0","0","0","0","0","0","0","5","2","0","0","0","0","0","0","1","0","1","0","0","1","0","0","0","0","0","0","0","0","1","0","1","0","0","0","0","0","0","0","1","0","0","0","0","0","0","0","0","0","0","0","1","0","0","0","0","0","2","1","0","1","0","0","0","0","0","0","0","0","0","0","0","0","0","0","1","0","0","0","0","0","0","0","0","0","0","0","0","0","0","0","0","0","0","0","0","0","0","0","0","0","0","0","0","0","359","3","3","0","0","3","0","1","0","0","0","0","1","1","0","32","1","0","0","0","6","1","0","13","0","5","2","10","0","8","0","0","0","0","2","0","0","4","0","1","1","12","0","0","1","1","0","0","0","0","0","0","0","3","0","3","0","0","5","4","0"
"03-320 Thunder Mountain","220","19","3","0","6","1","0","3","14","0","1","2","2","0","0","9","2","0","5","0","0","7","18","0","0","0","0","0","0","0","14","3","4","0","0","6","11","0","0","0","0","0","0","0","6","0","1","0","1","0","0","0","1","0","1","1","2","0","4","0","0","0","0","0","0","0","0","0","0","0","0","0","0","1","0","0","0","0","0","2","0","1","1","0","0","0","0","0","0","0","1","0","0","0","0","0","0","0","1","1","0","0","0","1","0","0","0","0","0","1","0","1","1","0","0","0","0","0","0","0","0","0","0","0","0","0","0","0","0","0","0","0","0","0","0","0","0","0","0","0","0","0","0","0","2","0","0","0","1","0","0","2","1","0","0","0","0","0","0","0","1","0","2","0","1","0","0","0","1","0","0","0","0","0","0","0","0","0","0","0","0","1","0","0","0","0","0","0","0","0","0","0","0","0","0","0","0","0","1","0","0","0","0","1","0","0","0","0","0","290","4","2","1","0","2","0","0","0","2","0","1","1","1","0","36","2","0","0","2","9","0","0","8","0","3","0","6","0","15","2","1","0","0","0","1","0","3","0","2","1","8","0","0","1","0","0","0","0","0","0","2","0","0","0","0","0","0","3","0","0"
"03-325 Gustavus","70","3","0","0","2","0","0","0","0","0","0","0","0","0","0","2","1","0","1","0","0","1","2","0","0","0","0","0","0","0","13","1","1","0","0","2","4","0","0","0","0","0","0","0","0","0","0","0","1","0","0","0","0","0","0","0","0","0","0","0","0","0","0","0","0","0","0","0","0","0","0","0","0","0","0","0","0","0","0","0","0","0","0","0","0","0","0","0","0","0","0","0","0","0","0","0","0","0","1","0","0","0","0","0","0","0","0","0","0","0","0","0","2","0","0","0","0","0","0","0","1","0","0","0","0","0","0","0","0","0","0","0","0","0","0","0","0","0","0","0","0","0","0","0","0","0","0","0","0","0","0","0","0","0","0","0","1","0","0","0","0","0","2","1","0","0","0","0","0","0","0","0","0","0","0","0","0","0","0","0","0","0","0","0","0","0","0","0","0","0","0","1","0","0","0","0","0","0","0","0","0","0","0","0","0","0","0","0","0","52","0","0","0","0","0","0","0","0","0","0","0","1","0","0","6","0","0","0","0","1","2","0","4","0","0","0","0","0","2","0","0","0","0","0","0","0","0","0","2","1","0","0","0","2","0","0","0","0","0","0","1","0","0","0","1","0","0","0","1","0"
"03-330 Haines No. 1","172","7","4","0","8","0","0","2","6","0","0","2","1","0","0","18","1","0","4","0","0","2","13","0","1","0","0","0","0","0","15","3","5","0","0","5","8","0","1","0","0","0","0","0","3","2","0","0","0","0","0","0","1","1","0","0","0","0","1","1","0","0","0","0","0","0","0","0","0","1","0","0","0","1","0","0","0","0","1","0","0","0","0","1","0","0","0","0","0","1","0","0","0","0","0","0","0","0","3","1","0","0","0","0","0","2","0","0","0","1","0","6","1","1","0","0","0","0","0","1","0","0","0","0","1","0","0","0","0","0","1","0","0","0","1","0","0","0","0","0","0","0","0","1","0","0","0","0","0","0","0","1","0","0","0","0","0","0","1","0","0","1","6","0","1","0","0","0","0","0","0","0","0","0","0","1","0","0","0","0","0","0","0","0","0","0","0","0","0","0","0","0","0","0","0","0","0","0","0","0","0","0","1","0","0","0","0","0","0","234","0","1","0","0","0","0","0","0","0","0","0","1","0","0","38","0","0","0","0","6","0","0","10","0","1","0","4","0","7","0","0","0","1","3","0","0","0","0","1","0","5","0","0","1","0","1","0","0","1","0","1","0","0","0","1","0","0","4","1","3"
"03-335 Haines No. 2","33","0","0","0","0","0","0","1","0","0","0","0","0","0","0","2","0","0","1","0","0","0","1","0","0","0","0","0","0","0","4","0","1","0","0","2","0","0","0","0","0","0","0","0","1","0","0","0","0","0","0","0","0","0","0","0","0","0","0","0","0","0","0","0","0","0","0","0","0","1","0","0","0","0","0","0","0","0","0","0","0","0","0","0","0","0","0","0","0","0","0","0","0","0","0","0","0","0","0","1","0","0","0","0","0","0","0","0","0","0","0","0","0","0","0","0","0","0","0","0","0","0","0","0","0","0","0","0","0","0","0","0","0","0","0","0","0","0","0","0","0","0","0","0","0","0","0","0","0","0","0","1","0","0","0","0","0","0","0","0","0","0","3","0","0","0","0","0","0","0","0","0","0","0","0","1","0","0","0","0","0","0","0","0","0","0","0","0","0","0","0","0","0","0","0","0","0","0","0","0","0","0","0","0","0","0","0","0","0","49","0","0","0","0","0","0","0","0","0","0","0","0","0","0","2","0","0","0","0","0","0","0","1","0","0","0","0","0","2","0","0","0","0","0","0","0","0","0","0","0","1","0","0","1","0","0","0","0","0","0","0","0","0","0","0","0","0","0","0","0"
"03-340 Klukwan","14","2","0","0","1","0","0","1","0","0","0","0","0","0","0","1","0","0","1","0","0","0","3","0","0","0","0","0","0","0","0","0","1","0","1","0","1","0","0","0","0","0","0","0","0","0","0","0","0","0","0","0","0","0","0","0","0","0","0","0","0","0","0","0","0","0","0","0","0","0","0","0","0","0","0","0","0","0","0","0","0","0","0","0","0","0","0","0","0","0","0","0","0","0","0","0","0","0","0","0","0","0","0","0","0","0","0","0","0","0","0","0","0","0","0","0","0","0","0","0","0","0","0","0","1","0","0","0","0","0","0","0","0","0","0","0","0","0","0","0","0","0","0","0","0","0","0","0","0","0","0","0","0","0","0","0","0","0","0","0","0","3","0","0","0","0","0","0","0","0","0","0","0","0","0","0","0","0","0","0","0","0","0","0","0","0","0","0","0","0","0","1","0","0","0","0","0","0","0","0","0","0","0","0","0","0","0","0","0","8","0","0","0","0","0","0","0","0","0","0","0","0","0","0","1","0","0","0","0","0","0","0","0","0","0","0","0","0","0","0","0","0","0","0","0","0","0","0","0","1","0","0","0","0","0","0","0","0","0","0","0","0","0","0","0","0","0","0","0","0"
"03-345 Skagway","164","8","2","0","9","0","0","1","2","0","0","1","0","0","0","14","2","0","3","1","0","1","12","0","0","0","0","0","0","0","15","2","3","0","0","5","11","0","1","0","0","0","0","0","1","0","1","0","1","0","1","0","0","0","0","0","1","0","1","1","0","0","0","0","0","0","1","0","0","0","0","0","0","0","0","0","0","0","0","1","0","0","0","0","0","0","0","0","0","0","0","1","0","0","1","1","0","0","2","0","0","0","0","0","0","0","0","0","0","0","0","3","2","0","0","0","0","0","0","0","0","0","0","0","0","0","0","1","0","0","0","0","0","0","0","0","0","0","0","0","0","0","0","0","1","0","0","0","1","1","0","0","0","0","0","0","0","0","0","0","0","0","1","1","0","0","0","0","0","0","0","0","0","0","0","0","0","0","0","0","0","0","0","0","0","0","0","0","0","0","0","0","1","0","0","0","0","0","0","0","0","0","0","0","1","0","0","0","0","76","7","1","1","0","0","0","0","0","0","0","0","0","1","0","13","3","0","0","0","2","0","0","8","0","0","0","3","0","2","1","0","0","0","2","0","0","0","0","0","2","0","0","0","1","0","1","0","0","0","0","0","0","0","1","0","0","0","1","2","0"
"04-100 Douglas","252","8","1","0","7","0","0","2","3","0","0","0","0","0","0","12","1","0","5","1","0","5","8","0","0","0","0","0","0","1","31","1","8","0","1","5","16","0","0","1","0","1","1","0","6","1","2","0","2","0","0","0","0","0","0","0","0","0","0","3","0","0","0","0","0","0","0","0","0","0","2","0","0","0","0","0","0","0","0","0","0","0","0","0","0","0","0","0","0","0","0","0","1","0","0","0","0","0","1","1","0","0","1","0","0","0","0","0","0","0","0","0","0","0","0","0","0","0","0","0","0","0","0","0","1","0","0","0","0","0","0","0","0","0","0","0","0","0","0","0","0","0","0","1","0","0","0","0","0","0","0","1","0","0","0","0","0","0","0","0","0","2","3","0","1","0","1","0","0","1","0","0","0","0","1","0","0","0","0","0","0","0","0","0","0","0","0","0","0","0","0","1","0","0","0","0","0","0","0","0","1","0","0","0","0","0","0","0","0","84","3","1","2","0","0","0","0","0","0","0","0","2","0","0","8","2","0","0","0","3","0","0","1","0","2","0","4","0","3","0","0","0","0","0","0","0","2","0","0","0","2","0","0","1","0","0","0","0","0","0","0","0","0","0","0","0","1","2","1","0"
"04-105 Juneau Airport Area","73","7","0","0","6","1","0","1","2","0","0","0","0","0","0","1","1","0","1","0","0","1","1","0","0","0","0","0","0","0","9","0","7","0","0","2","1","0","0","0","0","0","0","0","5","0","0","0","0","2","0","0","0","0","0","1","0","0","1","0","0","0","0","0","0","0","0","0","0","0","0","0","0","0","0","0","0","0","0","0","0","0","0","0","0","0","0","0","0","1","0","0","1","0","0","0","0","0","2","1","0","0","1","0","0","0","0","0","0","0","0","2","1","0","0","0","0","0","0","0","0","0","0","0","0","0","0","0","0","0","0","0","0","0","0","0","0","0","0","0","0","0","0","0","0","0","0","0","0","0","0","0","0","0","0","0","0","0","0","0","0","0","0","0","1","0","0","0","0","0","0","0","0","0","0","0","0","0","0","0","0","0","0","0","0","0","0","0","0","0","0","0","0","0","0","0","0","0","0","0","0","0","0","0","0","0","0","0","0","105","0","2","0","0","0","0","0","0","0","0","0","0","0","0","19","0","0","0","0","9","0","0","3","0","2","0","6","0","5","0","0","0","0","2","1","0","3","0","0","0","2","0","0","0","0","1","1","0","0","0","1","0","0","0","1","0","0","2","1","0"
"04-110 Juneau No. 1","193","4","1","0","7","0","0","1","6","0","1","0","0","0","1","6","1","0","3","0","0","6","9","0","0","0","0","0","0","0","18","2","10","0","0","2","9","0","0","0","0","0","0","0","2","0","0","0","0","0","0","0","1","0","0","0","0","0","3","1","0","0","0","0","0","0","0","0","0","0","0","0","0","0","0","0","0","0","0","0","0","0","0","0","0","0","0","0","0","0","0","0","0","0","0","0","0","0","0","0","0","0","0","0","0","1","0","1","0","0","0","2","0","0","0","0","0","0","0","1","0","0","0","0","0","0","0","0","1","0","0","0","0","0","1","0","0","0","1","0","0","0","0","0","0","0","0","0","0","0","0","0","0","0","0","1","0","0","0","0","0","2","1","1","0","0","0","0","0","0","0","1","0","0","1","0","0","0","0","0","0","0","0","0","0","0","0","0","0","0","0","0","1","0","0","0","0","0","0","0","0","0","0","0","0","0","0","0","0","78","4","1","0","0","0","0","0","0","0","0","0","1","1","0","16","0","1","0","0","5","0","0","7","0","0","1","3","0","0","0","0","0","0","1","0","0","2","0","0","0","1","0","0","0","1","0","0","0","0","1","0","0","0","0","0","0","0","4","1","1"
"04-115 Juneau No. 2","241","4","4","0","5","0","0","3","3","0","0","1","1","0","0","10","3","0","2","1","0","2","7","0","1","0","0","0","0","0","48","4","4","0","0","6","4","0","1","0","0","0","0","0","4","0","1","0","1","0","0","0","0","0","0","1","0","0","4","0","0","0","0","0","0","0","0","0","0","2","0","0","0","0","0","0","0","0","0","0","0","0","0","0","0","0","0","0","0","0","0","0","0","0","0","0","0","0","2","0","0","0","0","0","0","0","0","1","0","0","0","1","0","0","0","0","0","0","1","0","0","0","0","0","0","0","0","0","0","0","0","1","0","0","0","0","0","0","0","0","0","0","0","0","0","0","0","0","0","0","0","1","0","0","0","0","0","0","0","0","0","1","3","0","1","0","0","0","0","0","0","0","1","0","1","0","0","0","0","0","0","0","0","0","0","0","0","1","0","0","0","1","0","0","1","0","0","0","0","0","0","0","0","0","0","0","0","0","0","56","1","2","0","0","0","0","0","0","0","0","0","0","0","0","4","1","0","0","0","1","1","0","1","0","0","0","0","0","3","0","0","0","0","1","0","0","0","0","0","0","1","0","0","0","0","0","0","0","0","0","0","0","0","0","0","0","0","1","3","0"
"04-120 Juneau No. 3","110","5","0","0","1","0","0","1","0","0","1","1","0","0","2","6","0","0","2","0","0","1","3","0","1","0","0","0","0","0","17","0","3","0","0","5","1","0","0","0","0","1","0","0","1","0","0","0","0","0","0","0","0","0","0","1","1","0","3","0","0","0","0","0","0","0","0","0","0","1","0","0","0","0","0","0","0","0","1","0","0","0","0","0","0","0","0","0","0","0","0","1","0","0","0","0","0","0","2","0","0","0","0","0","0","0","0","0","0","0","0","1","0","0","0","0","0","0","0","0","0","0","0","0","0","0","0","0","0","0","0","0","0","0","0","0","0","0","0","0","0","0","0","0","0","0","0","0","0","0","0","1","1","0","0","0","0","0","0","0","0","0","2","0","0","0","0","0","0","0","0","0","0","0","0","0","0","0","0","0","0","0","0","0","0","0","0","0","0","0","0","1","0","0","0","0","0","0","0","0","0","0","0","0","0","0","0","0","0","57","4","0","0","0","1","0","0","0","0","0","0","0","0","0","5","0","0","0","0","0","0","0","3","0","2","0","1","0","1","0","0","0","0","0","0","0","0","0","0","0","1","0","0","1","0","0","0","0","0","0","0","0","0","0","0","0","0","2","1","1"
"04-125 Lemon Creek","178","7","3","0","9","3","0","0","7","0","2","1","1","0","0","6","0","0","4","0","0","2","4","0","2","0","0","1","1","0","16","0","10","0","1","4","4","0","0","0","0","0","1","0","11","1","2","0","5","0","2","0","0","0","0","1","1","0","1","2","0","0","0","0","0","0","0","0","1","0","0","0","0","0","0","1","0","0","0","0","0","0","0","0","0","0","0","0","0","0","0","1","0","0","0","1","0","0","1","0","0","0","1","2","0","1","0","0","0","1","0","0","0","0","0","1","0","0","0","0","0","0","0","0","0","0","0","0","0","0","0","0","0","1","1","0","0","0","0","1","0","0","0","0","0","0","0","0","1","0","0","1","0","0","0","0","0","1","0","0","0","0","3","0","0","0","0","0","0","0","0","0","0","0","0","0","0","0","0","1","0","0","0","0","0","0","0","0","0","0","0","0","1","0","0","0","0","0","0","0","2","0","0","0","0","0","0","0","0","163","4","5","3","0","2","0","0","0","0","0","0","2","0","0","21","1","1","0","3","4","1","0","5","0","3","2","11","2","3","0","0","0","0","0","1","0","2","0","0","0","0","0","0","1","0","0","0","0","0","1","6","0","0","0","2","0","0","3","2","0"
"04-130 Glacier Valley Area","90","8","0","0","6","1","1","5","5","0","0","3","0","0","0","9","0","0","6","0","0","1","7","0","0","0","0","0","0","1","10","0","10","0","0","3","4","0","0","0","0","0","0","0","6","1","2","0","0","0","0","0","0","0","0","0","0","0","1","0","0","0","1","0","0","0","0","0","0","0","0","0","1","0","0","0","0","0","0","0","0","0","0","0","0","0","0","0","0","0","0","1","0","0","0","0","0","0","0","0","0","0","0","0","0","0","0","0","0","0","0","1","1","0","0","0","0","0","0","0","0","0","0","0","0","0","0","0","0","0","0","0","0","0","0","0","0","0","0","0","0","0","0","0","0","0","0","0","0","0","0","0","0","0","0","0","0","0","0","0","0","2","3","0","1","0","0","0","0","1","0","2","0","0","0","0","0","0","0","0","0","0","0","0","0","0","0","1","0","0","0","0","0","0","0","0","0","0","0","1","0","0","0","0","0","0","0","0","0","117","6","1","1","0","1","0","0","0","0","0","0","0","0","0","29","0","2","0","1","1","0","0","8","0","1","0","5","0","0","0","0","0","0","2","0","0","3","0","0","0","3","0","1","1","0","0","0","0","0","1","2","0","0","0","1","0","0","2","0","3"
"04-135 North Douglas","198","10","1","0","6","0","0","2","1","0","0","0","0","0","1","9","1","0","4","0","0","3","7","0","1","0","0","0","1","0","26","2","4","0","0","9","10","0","0","0","0","0","0","0","1","1","0","0","0","0","0","0","0","0","0","0","0","0","1","0","0","0","0","0","0","0","0","0","0","1","0","0","0","0","0","0","0","0","0","0","0","0","0","0","0","0","1","0","0","0","0","0","1","0","1","0","0","0","1","1","0","0","0","0","0","0","0","0","0","0","0","0","2","0","0","0","0","0","0","0","0","0","0","0","0","0","0","0","0","0","0","0","0","0","0","0","0","0","0","0","0","0","0","0","0","1","0","0","0","0","0","1","1","0","0","0","0","0","0","0","0","1","3","0","0","0","0","0","1","0","0","0","0","0","0","0","0","0","0","0","0","0","0","0","0","0","0","0","0","0","0","0","0","0","0","0","0","0","0","0","0","0","0","0","0","0","0","0","0","87","4","1","0","0","0","0","0","0","0","0","1","0","0","0","12","0","2","0","1","2","0","0","3","0","1","0","2","0","3","0","0","0","0","3","0","0","0","0","0","0","1","0","0","0","0","1","0","0","0","0","1","0","0","0","0","0","0","3","2","0"
"05-800 Chiniak","16","0","0","0","0","0","0","0","0","0","0","0","0","0","0","1","0","0","0","0","0","0","1","0","0","0","0","0","0","0","0","0","0","0","0","1","1","0","0","0","0","0","0","0","0","0","0","0","0","0","1","0","0","0","0","0","0","0","0","0","0","0","0","0","0","0","0","0","0","0","0","0","0","0","0","0","0","0","0","0","0","0","0","0","0","0","0","0","0","0","0","0","0","0","0","0","0","0","1","0","0","0","0","0","0","0","0","0","0","0","0","0","0","0","0","0","0","0","0","0","0","0","0","0","0","0","0","0","0","0","0","0","0","0","0","0","0","0","1","0","0","0","0","0","0","0","0","0","0","0","0","0","0","0","0","0","0","0","0","0","0","2","0","0","0","0","0","0","0","0","0","0","0","0","0","0","0","0","0","0","0","0","0","0","0","0","0","0","0","0","0","0","0","0","0","0","0","0","0","0","0","0","0","0","0","0","0","0","0","26","0","0","0","0","0","0","0","0","0","0","0","0","0","0","0","0","0","0","0","0","1","0","0","0","0","0","0","0","0","0","0","0","0","0","0","0","1","0","0","0","0","0","0","0","0","0","0","0","1","0","0","0","0","0","0","0","0","0","0","0"
"05-810 Flats","115","8","0","0","3","0","0","0","1","0","0","0","0","0","0","6","2","0","3","0","0","3","1","0","1","0","0","0","0","0","14","1","1","0","0","3","6","0","0","0","1","0","0","0","0","0","0","0","0","0","0","0","0","0","0","0","0","0","2","0","0","0","0","0","0","0","0","0","0","1","0","0","0","0","0","0","0","0","0","0","0","0","0","0","0","0","0","0","0","0","0","0","0","0","0","0","0","0","0","1","0","0","0","0","0","0","0","0","0","0","0","2","0","0","0","0","0","0","0","0","0","0","0","1","0","0","0","0","0","0","0","0","0","0","0","0","0","0","0","0","0","0","0","0","0","0","0","0","0","0","0","3","0","0","1","0","0","0","0","0","0","0","1","0","0","0","0","1","0","0","0","0","0","0","0","0","0","0","0","0","0","0","0","0","0","0","0","0","0","0","0","0","0","0","0","0","0","0","0","0","0","0","0","0","0","0","0","0","0","267","3","0","0","0","0","0","0","0","0","0","2","1","0","0","47","1","0","0","0","6","1","0","10","0","4","0","4","0","12","0","0","0","0","1","1","0","2","0","0","0","2","0","0","2","0","1","1","0","2","0","3","0","0","0","2","0","0","3","0","2"
"05-815 Kodiak Island South","6","0","0","0","0","0","1","0","0","0","0","0","0","0","0","0","0","0","0","0","0","0","0","0","0","0","0","0","0","0","0","0","0","0","0","0","0","0","0","0","0","0","0","0","0","0","0","0","0","0","0","0","0","0","0","0","0","0","0","0","0","0","0","0","0","0","0","0","0","0","0","0","0","0","0","0","0","0","0","0","0","0","0","0","0","0","0","0","0","0","0","0","0","0","0","0","0","0","0","0","0","0","0","0","0","0","0","0","0","0","0","0","0","0","0","0","0","0","0","0","0","0","0","0","0","0","0","0","0","0","0","0","0","0","0","0","0","0","0","0","0","0","0","0","0","0","0","0","0","0","0","0","0","0","0","0","0","0","0","0","0","0","0","0","0","0","0","0","0","0","0","0","0","0","0","0","0","0","0","0","0","0","0","0","0","0","0","0","0","0","0","0","0","0","0","0","0","0","0","0","0","0","0","0","0","0","0","0","0","8","0","0","0","0","0","0","0","0","0","0","0","0","0","0","0","0","0","0","0","0","0","0","0","0","0","0","0","0","0","0","0","0","0","0","0","0","0","0","0","0","0","0","0","0","0","0","0","0","0","0","0","0","0","0","0","0","0","1","0","1"
"05-820 Kodiak No. 1","185","4","1","0","3","1","0","3","6","0","1","2","1","0","0","2","0","0","1","0","0","1","5","0","0","0","0","0","1","0","12","2","1","0","0","3","3","0","0","0","0","0","0","0","5","3","1","0","1","0","1","0","1","0","1","3","0","0","3","0","0","0","0","0","0","0","0","0","1","1","0","0","0","0","0","0","0","0","0","1","0","0","0","0","0","0","1","0","0","0","0","0","1","0","0","0","0","0","0","0","0","0","0","0","0","0","0","0","0","0","0","1","0","0","0","0","0","0","0","1","0","1","0","0","1","0","0","0","0","0","0","0","0","0","0","0","0","0","0","0","0","0","0","0","0","0","0","0","0","0","0","0","0","0","0","0","0","0","0","0","0","2","0","0","0","0","0","2","0","0","0","0","0","0","0","0","0","0","0","0","0","0","0","0","0","0","1","0","0","0","0","0","0","0","0","0","0","0","0","0","0","0","0","0","1","0","0","0","0","272","11","2","1","0","5","0","1","0","0","0","0","0","1","0","27","1","0","0","4","4","0","0","12","0","1","2","13","0","1","1","0","0","1","0","0","0","1","0","0","1","1","0","1","0","0","0","1","0","1","1","6","0","0","0","1","1","0","1","0","1"
"05-825 Kodiak No. 2","204","5","4","0","4","1","0","0","2","0","0","3","2","0","1","8","1","0","2","0","0","1","4","0","2","1","0","0","0","0","7","1","9","0","1","2","7","0","0","0","0","0","0","0","5","3","1","0","1","0","0","0","1","0","0","1","1","0","7","0","0","0","0","0","0","0","0","0","0","0","0","0","0","0","1","0","0","0","0","0","0","0","0","0","0","0","0","0","0","0","1","1","0","0","0","0","0","0","1","1","0","0","0","0","0","0","0","0","0","0","0","2","1","0","0","0","0","0","0","0","0","0","0","0","0","0","0","1","0","0","0","0","0","0","0","0","0","0","0","0","0","0","0","0","0","0","0","0","0","0","0","0","0","0","0","0","0","0","0","0","0","0","3","0","1","0","0","0","2","0","0","1","0","0","0","0","0","0","0","0","0","0","0","0","0","0","0","0","0","0","0","0","0","0","0","0","0","0","1","0","1","0","0","0","0","0","0","1","0","287","8","2","3","0","3","0","0","0","0","0","0","1","1","0","27","6","0","0","1","2","0","0","5","0","1","1","3","0","1","1","0","0","0","2","0","0","2","0","1","1","3","0","0","3","1","4","0","0","0","0","5","0","3","0","0","0","0","1","4","2"
"05-830 Mission Road","307","10","3","0","10","0","0","5","12","0","1","3","0","0","0","17","1","0","6","2","0","6","16","0","0","1","0","0","3","0","24","4","13","0","0","11","16","0","1","0","0","0","0","0","10","2","1","0","0","0","0","0","1","0","0","3","1","0","7","1","0","0","0","0","0","0","0","0","0","0","0","0","2","2","0","1","0","0","0","0","0","0","0","0","0","0","0","0","0","0","1","0","0","0","0","0","0","0","7","1","0","0","0","0","0","2","0","0","0","1","0","4","1","0","0","0","0","0","0","1","0","0","0","0","2","0","0","0","0","0","0","0","0","0","0","0","0","0","0","0","0","0","0","1","1","1","0","0","0","1","0","2","2","1","0","0","0","0","0","0","1","3","3","0","0","0","0","0","2","0","0","0","0","0","0","0","0","0","0","0","0","0","0","0","0","0","0","0","0","0","0","0","0","0","0","1","0","0","0","0","0","0","0","0","1","0","0","0","0","628","7","1","1","0","2","0","0","0","0","0","0","2","0","0","78","1","2","0","4","6","3","0","22","0","4","6","28","0","7","0","0","0","1","3","0","0","9","0","2","0","5","0","0","4","0","3","0","0","1","0","19","0","1","0","6","0","0","6","3","0"
"05-835 Old Harbor","10","0","0","0","0","0","0","0","0","0","0","0","0","0","0","0","0","0","0","0","0","0","0","0","0","0","0","0","0","0","0","0","3","0","0","0","0","0","0","0","0","0","0","0","1","0","0","0","0","0","0","0","0","0","0","0","1","0","2","0","0","0","0","0","0","0","0","0","0","0","0","0","0","0","0","0","0","0","0","0","0","0","0","0","0","0","0","0","0","0","0","0","0","0","0","0","0","0","0","0","0","0","0","0","0","0","0","0","0","0","0","0","0","0","0","0","0","0","0","0","0","0","0","0","0","0","0","0","0","0","0","0","0","0","0","0","0","0","0","0","0","0","0","0","0","0","0","0","0","0","0","0","0","0","0","0","0","0","0","0","0","0","0","0","0","0","0","0","0","0","0","0","0","0","0","0","0","0","0","0","0","0","0","0","0","0","0","0","0","0","0","0","0","0","0","0","0","0","0","0","0","0","0","0","0","0","0","0","0","10","1","0","0","0","0","0","0","0","0","0","0","0","0","0","0","0","0","0","0","0","0","0","0","0","0","0","0","0","0","0","0","0","0","0","0","0","0","0","0","0","0","0","0","1","0","0","0","0","0","0","1","0","0","0","0","0","0","0","0","0"
"05-840 Ouzinkie","28","0","1","0","2","1","0","0","0","1","0","0","0","0","0","0","0","0","0","0","0","0","0","0","0","0","0","0","0","0","1","0","0","0","0","0","1","0","0","0","0","0","0","0","0","0","0","0","0","0","0","0","0","0","0","0","0","0","1","0","0","0","0","0","0","0","0","0","0","0","0","0","0","1","0","0","0","0","0","0","0","0","0","0","0","0","0","0","0","0","0","0","0","0","0","0","0","0","0","0","0","0","0","0","0","0","0","0","0","0","0","0","1","0","0","0","0","0","0","0","0","0","0","0","0","1","0","0","0","0","0","0","0","0","0","0","0","0","0","0","0","0","0","0","0","0","0","0","0","0","0","0","0","0","0","0","0","0","0","0","0","0","0","0","1","0","0","0","0","0","0","0","0","0","0","0","0","0","0","0","0","0","0","0","0","0","0","0","0","0","0","0","0","0","0","0","0","0","0","0","0","0","0","0","0","0","0","0","0","9","0","0","0","0","1","0","0","0","0","0","0","0","0","0","0","0","0","0","0","0","0","0","1","1","0","0","2","0","0","0","0","0","0","0","0","0","0","0","0","0","0","0","0","0","0","0","0","0","0","0","2","0","0","0","0","0","0","0","0","1"
"05-845 Port Lions","10","0","0","0","0","0","0","0","0","0","0","0","0","0","1","0","0","0","1","0","0","0","0","0","0","0","0","0","0","0","0","0","0","0","0","0","0","0","0","0","0","0","0","0","0","0","0","0","0","0","0","0","0","0","0","0","0","0","1","0","0","0","0","0","0","0","0","0","0","0","0","0","0","0","0","0","0","0","0","0","0","0","0","0","0","0","0","0","0","0","0","0","0","0","0","0","0","0","0","0","0","0","0","0","0","0","0","0","0","0","0","0","0","0","0","0","0","0","0","0","0","0","0","0","0","0","0","0","0","0","0","0","0","0","0","0","0","0","0","0","0","0","0","0","0","0","0","0","0","0","0","0","0","0","0","0","0","0","0","0","0","0","0","0","0","0","0","0","0","0","0","0","0","0","0","0","0","0","0","0","0","0","0","0","0","0","1","0","0","0","0","0","0","0","0","0","0","0","0","0","0","0","0","0","0","0","0","0","0","45","0","0","0","0","0","0","0","0","0","0","0","0","0","0","3","0","0","0","0","0","0","0","2","0","0","0","0","0","0","0","0","0","0","0","0","0","0","0","0","0","0","0","0","1","0","0","0","0","0","0","0","0","0","0","0","0","0","2","0","0"
"05-860 Cordova","130","8","4","0","5","0","0","1","3","0","1","0","2","0","0","3","0","0","3","0","0","0","3","0","1","1","0","0","1","0","20","1","8","0","1","4","8","0","0","0","0","0","0","0","2","0","0","0","0","1","0","0","0","0","0","0","0","0","3","2","0","0","1","0","0","0","0","0","1","1","0","0","0","0","0","0","0","0","0","0","0","0","0","0","0","0","0","0","0","0","1","0","0","0","0","0","0","0","2","0","0","1","0","0","0","0","0","0","0","0","0","1","0","0","0","1","0","0","0","0","0","0","0","0","0","0","0","0","0","0","0","0","0","0","0","0","0","0","0","0","0","0","0","0","0","0","0","0","0","0","0","0","0","0","0","0","0","0","0","0","0","0","2","0","0","0","0","0","0","0","0","0","0","0","0","0","1","0","0","0","0","1","1","0","1","2","0","0","0","0","1","0","0","0","0","0","0","0","1","0","0","0","0","0","0","0","0","0","0","183","1","1","0","0","1","0","0","0","0","0","0","0","0","0","17","2","3","0","0","1","1","0","4","0","2","1","8","0","5","0","0","0","0","2","1","0","2","0","0","1","1","0","1","0","1","0","0","0","0","0","2","0","1","0","1","0","0","6","0","3"
"05-865 Seward-Lowell Point","135","12","1","0","2","0","0","2","3","0","1","0","0","0","0","8","0","0","1","0","0","0","4","0","0","0","0","0","0","0","24","2","6","0","0","3","8","0","2","0","1","0","0","0","2","1","0","0","0","0","0","0","0","0","0","2","0","0","2","1","0","0","0","0","0","0","0","0","0","1","0","0","0","0","0","0","0","0","0","1","0","0","0","0","0","0","0","0","0","0","2","0","0","0","0","0","0","0","2","2","1","0","1","0","0","0","0","0","0","0","0","1","0","0","0","0","0","0","1","0","0","0","0","0","0","0","0","0","0","0","0","0","0","0","0","0","0","0","0","0","0","0","0","1","0","0","0","0","0","0","0","0","0","0","0","1","0","0","0","0","0","2","2","0","0","0","0","0","1","0","0","1","0","0","1","0","0","0","1","0","0","0","0","0","0","1","0","0","0","0","0","0","0","0","0","0","0","0","0","0","0","0","0","0","0","0","0","0","0","163","1","0","0","0","0","0","0","0","0","0","0","0","1","0","25","0","0","0","2","5","0","0","8","0","0","1","4","0","5","0","0","0","0","0","0","0","0","0","0","0","1","0","0","1","0","3","0","0","3","1","3","0","0","1","1","0","0","6","0","0"
"05-870 Tatitlek","5","1","0","0","1","1","0","0","0","0","0","0","0","0","0","0","0","0","1","1","0","0","1","0","0","0","0","0","0","0","0","0","2","0","0","0","0","0","0","0","0","0","0","0","0","0","0","0","0","0","0","0","0","0","0","1","0","0","0","0","0","0","0","0","0","0","0","0","0","0","0","0","0","0","0","0","0","0","0","0","0","0","0","0","0","0","0","0","0","0","0","0","1","0","0","0","0","0","0","0","0","0","0","0","0","0","0","0","0","0","0","0","0","0","0","0","0","0","0","0","0","0","0","0","0","0","0","0","0","0","0","0","0","0","0","0","0","0","0","0","0","0","0","0","0","0","0","0","0","0","0","0","0","0","0","0","0","0","0","0","0","0","0","0","0","0","0","0","0","0","0","0","0","0","0","0","0","0","0","0","0","0","0","0","0","0","0","0","0","0","0","0","0","0","0","0","0","0","0","0","0","0","0","0","0","0","0","0","0","1","0","0","0","0","0","0","0","0","0","0","0","0","0","0","0","0","0","0","0","0","0","0","0","0","0","0","0","0","0","0","0","0","0","0","0","0","0","0","0","0","1","0","1","0","0","0","0","0","0","0","0","0","0","0","1","0","0","0","0","0"
"06-200 Anchor Point","137","6","5","0","6","1","0","1","2","0","1","1","0","0","0","4","1","0","3","0","0","1","9","0","0","1","0","0","0","1","11","1","2","0","0","3","16","0","0","0","0","0","0","0","2","1","0","0","0","0","0","0","0","0","0","0","0","0","6","1","0","0","0","0","0","0","0","0","0","1","0","0","0","1","0","0","0","0","0","0","0","0","0","0","0","0","0","0","0","0","0","0","0","0","0","0","0","0","3","0","0","1","0","0","0","2","0","0","1","1","0","4","3","0","0","0","1","0","0","0","0","0","0","0","0","0","0","0","0","0","0","0","0","0","0","0","0","0","0","0","0","0","0","0","3","1","0","0","0","0","0","4","0","0","0","0","0","0","0","0","0","3","2","0","0","0","0","0","0","0","0","0","0","0","2","1","0","0","0","0","0","0","0","0","0","1","0","0","0","0","0","1","0","0","0","0","0","0","0","0","1","0","0","0","0","0","0","0","0","593","2","0","1","0","0","0","1","0","1","0","0","0","0","0","59","0","0","0","0","7","1","1","18","0","3","1","10","0","13","0","0","0","0","1","1","0","2","0","1","1","1","0","1","2","0","0","0","0","1","0","3","1","0","0","1","0","1","2","0","1"
"06-210 Diamond Ridge","93","6","1","0","4","0","0","1","1","0","0","0","0","0","0","5","1","0","2","0","0","5","2","0","1","0","0","0","0","0","23","0","2","0","0","6","5","0","0","0","1","0","0","0","1","0","0","0","0","0","1","0","0","0","0","0","0","0","1","0","0","0","0","0","0","0","0","0","0","0","0","0","0","0","0","0","0","0","0","0","0","0","0","0","0","0","0","0","0","0","0","0","0","0","0","0","0","0","3","0","0","1","0","0","0","0","0","0","0","0","0","3","0","0","0","0","0","0","0","0","0","0","0","0","0","0","0","0","0","0","0","0","0","0","0","0","0","0","0","0","0","0","0","0","0","0","0","0","0","0","0","1","0","0","0","0","0","0","0","0","0","0","3","1","0","0","0","2","0","0","0","0","0","0","0","0","0","1","0","0","0","0","0","1","0","0","1","0","0","0","0","0","0","0","0","0","0","0","0","0","0","0","0","0","0","0","0","0","0","132","0","1","0","0","0","0","0","0","0","0","1","0","0","0","19","1","1","0","0","2","0","0","3","0","0","0","0","0","1","0","0","0","0","1","0","0","0","0","0","0","2","0","0","0","0","0","0","0","0","0","1","0","0","0","2","0","0","2","0","1"
"06-220 Fox River","33","2","0","0","2","0","0","0","0","0","0","0","0","0","0","4","0","0","0","0","0","0","0","0","0","0","0","0","0","0","10","0","0","0","0","0","4","0","0","0","0","0","0","0","0","1","0","0","0","0","0","0","0","0","0","0","0","0","2","0","0","0","0","0","0","0","1","0","0","0","1","0","0","2","0","0","0","0","0","0","0","0","0","0","0","0","0","0","0","0","0","0","0","0","0","0","0","0","2","0","0","0","0","0","0","0","0","0","0","0","0","1","0","0","0","0","0","0","0","0","0","0","0","0","0","0","0","0","0","0","0","0","0","0","0","0","0","0","0","0","0","0","0","0","0","0","0","0","0","0","0","1","0","0","0","0","0","0","0","0","0","1","0","0","0","0","0","1","0","0","0","0","0","0","0","0","1","0","0","0","0","0","1","0","0","0","1","0","0","0","0","0","0","0","0","0","0","0","0","0","0","0","0","0","0","0","0","0","0","167","0","0","0","0","0","0","0","0","0","0","0","0","0","0","10","1","0","0","0","0","0","0","1","0","1","0","1","1","2","0","0","0","0","0","0","0","0","0","0","0","1","0","0","0","0","0","0","0","0","0","0","0","0","0","0","0","0","1","0","1"
"06-230 Homer No. 1","147","8","1","0","2","0","0","4","1","0","1","2","0","0","0","15","1","0","4","0","0","3","2","0","0","0","0","0","0","0","27","1","2","0","0","2","8","0","0","0","1","0","0","0","4","1","0","0","1","0","0","0","1","0","1","0","0","0","6","1","0","0","0","0","0","0","0","0","0","0","0","0","0","0","0","0","2","0","1","0","0","0","0","0","0","0","0","0","0","0","0","0","0","0","0","0","0","0","7","1","1","0","1","0","0","1","0","0","0","1","0","3","0","0","0","0","0","0","0","0","0","0","0","0","0","0","0","0","0","0","0","0","0","0","0","0","0","0","0","0","0","0","0","0","0","0","0","0","0","0","0","0","0","0","0","1","0","1","0","0","0","3","5","1","0","0","0","0","0","0","0","0","0","0","1","0","0","0","0","0","0","0","0","0","0","0","0","0","0","0","0","0","0","0","0","0","0","0","0","0","0","0","0","0","0","0","0","0","0","210","1","0","2","0","0","0","0","0","0","0","0","0","0","0","20","1","1","0","0","4","0","0","12","0","1","0","4","0","4","0","0","0","0","1","1","0","1","0","1","0","0","0","0","2","0","0","0","0","0","0","3","0","1","0","2","0","0","2","3","1"
"06-240 Homer No. 2","150","8","1","0","3","0","0","1","0","0","0","2","0","0","1","5","4","0","2","0","0","5","3","0","0","0","0","0","0","0","20","0","1","0","0","2","6","0","1","0","0","0","0","0","1","0","1","0","0","0","0","0","0","0","0","0","0","0","4","3","0","0","0","0","0","1","0","0","0","1","1","0","0","1","0","0","0","0","0","0","0","1","1","0","0","0","1","0","0","0","0","0","0","0","0","0","0","0","5","0","0","0","2","0","0","0","0","0","0","0","0","2","2","1","0","0","0","0","0","0","0","0","0","0","0","0","0","0","0","0","0","1","0","0","0","0","0","0","0","0","0","0","0","0","0","0","0","0","0","0","0","3","0","0","0","1","0","0","0","0","0","1","2","0","0","0","0","0","0","0","0","0","0","0","0","1","0","0","0","0","0","1","0","0","0","0","1","0","0","0","1","0","0","0","0","0","0","0","0","0","0","0","0","0","0","0","0","0","0","236","3","2","1","0","1","0","0","0","0","0","0","0","0","0","24","0","1","0","0","5","0","0","3","0","0","0","1","0","5","0","0","0","0","0","0","0","0","0","1","0","2","0","1","0","0","0","0","0","1","0","0","0","0","0","1","0","0","1","4","0"
"06-250 Kachemak-Fritz Creek","206","11","5","0","3","0","0","3","5","0","0","1","0","0","0","11","0","0","1","0","0","3","5","0","1","0","0","0","0","1","39","6","5","0","0","7","12","0","0","0","2","0","0","0","1","0","1","0","0","0","0","0","0","0","0","0","1","0","4","3","0","0","0","0","0","0","0","0","1","0","0","0","0","2","0","0","0","0","1","0","0","0","0","0","0","0","0","0","1","1","1","0","0","0","0","0","0","0","6","1","0","0","0","0","0","0","0","0","0","0","0","2","2","0","0","0","0","0","1","0","0","1","0","0","0","0","0","0","1","0","0","0","0","0","0","0","0","0","1","0","1","0","0","0","0","0","0","0","0","0","0","1","0","0","0","0","0","0","0","0","0","4","3","0","0","0","0","2","0","0","0","0","0","0","0","0","0","0","0","0","0","0","0","0","0","0","0","0","0","0","0","0","0","0","0","0","0","0","0","0","0","0","0","0","0","0","0","0","0","226","2","1","2","0","0","1","0","0","0","0","0","1","0","0","25","1","2","0","0","4","1","0","15","0","3","0","0","0","8","0","0","0","0","2","0","0","0","0","0","0","4","0","0","3","0","0","0","0","2","0","3","0","0","0","0","0","0","4","0","0"
"06-260 Kasilof","177","6","0","0","3","0","0","1","2","0","0","1","0","0","0","6","0","0","1","0","0","2","7","0","1","0","0","0","1","0","12","0","2","0","0","3","10","0","2","0","0","0","0","0","2","0","0","0","0","0","0","0","1","0","0","0","0","0","3","1","0","0","0","0","0","0","0","0","0","0","0","0","0","0","0","0","0","0","0","1","0","0","1","0","0","0","1","0","0","0","0","0","0","0","0","0","0","0","6","0","1","0","0","0","0","0","0","1","0","0","0","6","2","0","0","0","0","0","0","0","0","0","0","0","0","0","0","0","0","0","0","0","0","0","0","1","0","0","0","0","0","0","0","0","0","0","0","0","0","0","0","1","0","0","1","0","0","0","0","0","0","3","1","0","0","0","0","0","0","0","0","0","0","0","0","1","0","0","1","0","0","0","0","0","0","0","1","0","0","0","0","0","0","0","0","0","0","0","0","0","0","0","0","0","0","0","0","0","0","652","3","1","3","0","1","0","1","0","1","0","0","0","0","0","71","0","2","0","0","6","2","0","25","0","2","1","10","1","11","0","0","0","0","3","0","0","1","0","1","0","3","0","0","0","0","0","0","0","0","0","2","0","2","0","2","0","0","4","4","1"
"06-270 Ninilchik","113","3","0","0","5","1","0","2","0","0","0","0","0","0","0","6","1","0","0","0","0","2","6","0","0","0","1","0","0","0","7","1","2","0","0","2","4","0","0","0","0","0","0","0","0","0","2","0","0","0","0","0","0","0","0","0","0","0","1","0","0","0","0","0","0","0","1","0","0","0","0","0","0","0","0","0","0","0","1","0","0","0","1","0","0","0","0","0","0","0","0","0","0","0","1","0","0","0","0","0","0","0","0","0","0","0","0","0","0","0","0","2","0","0","0","0","0","0","0","1","0","0","0","0","0","0","0","0","0","0","0","0","0","0","1","0","0","0","0","0","0","0","0","0","0","0","0","0","0","0","0","1","0","0","0","0","0","0","0","0","0","1","0","0","0","0","0","0","0","0","0","0","0","0","0","0","0","0","0","0","0","0","0","0","0","0","0","0","0","0","0","0","0","0","2","0","1","0","0","0","0","0","0","0","0","0","0","0","0","375","1","1","0","0","1","0","0","0","0","0","0","0","0","0","28","1","1","0","1","7","1","0","12","0","1","2","7","0","10","0","0","0","0","0","2","0","2","0","1","0","3","0","1","0","0","0","0","0","0","0","0","0","0","0","2","0","0","1","1","0"
"06-280 Seldovia-Kachemak Bay","51","1","1","0","0","0","0","0","0","0","0","0","0","0","0","1","1","0","1","0","0","1","2","0","0","0","0","0","0","1","7","1","1","0","0","0","2","0","0","0","0","0","0","0","0","0","0","0","0","0","0","0","0","0","0","1","0","0","1","0","0","0","0","0","0","0","0","0","0","0","0","0","0","0","0","0","0","0","0","0","0","0","0","0","0","0","0","0","0","0","0","0","0","0","0","0","0","0","0","0","0","0","0","0","0","0","0","0","0","0","0","1","0","0","0","0","0","0","0","0","0","0","0","0","0","0","0","0","0","0","0","0","0","0","0","0","0","0","0","0","0","0","0","0","0","0","0","0","0","0","0","0","1","0","0","0","0","0","0","0","0","2","1","0","0","0","0","0","0","0","0","0","0","0","0","0","0","0","0","0","0","0","0","0","0","0","0","0","0","0","0","0","0","0","0","0","0","0","0","0","0","0","0","0","0","0","0","0","0","65","0","0","1","0","0","0","0","0","0","0","0","0","0","0","5","0","0","0","0","0","0","0","0","0","0","0","3","0","2","0","0","0","0","1","0","0","1","0","0","0","0","0","0","0","0","0","0","0","0","0","0","0","0","0","2","0","0","3","0","0"
"07-005 Central","93","4","1","0","5","1","0","1","0","0","0","1","0","0","0","9","1","0","4","0","0","3","7","0","1","0","0","0","0","0","9","0","3","0","2","2","2","0","0","0","0","0","0","0","3","0","1","0","0","0","0","0","0","0","0","0","0","0","3","2","0","0","0","0","0","0","1","0","0","0","0","0","0","0","0","1","0","0","0","1","0","0","0","0","0","0","0","0","0","0","0","0","0","0","0","0","0","0","2","0","0","0","1","0","0","1","0","0","1","1","0","3","2","0","0","0","0","0","0","0","0","0","0","0","0","0","0","0","0","0","0","0","0","0","1","0","0","0","0","0","0","0","0","0","0","0","0","0","0","0","0","1","0","0","0","0","0","0","0","0","0","1","2","0","0","0","0","0","1","0","0","0","0","0","0","0","0","0","0","0","0","0","0","0","0","0","0","0","0","0","1","1","0","0","0","0","0","0","0","0","0","0","0","0","0","0","0","0","0","421","2","2","1","0","0","0","0","0","1","0","0","0","1","0","53","3","3","0","0","11","0","0","20","0","0","1","11","0","7","0","0","0","0","2","1","0","10","0","0","1","4","0","0","0","0","0","0","0","0","0","2","0","0","0","3","0","0","3","2","2"
"07-010 K Beach","89","10","4","0","9","0","0","1","2","0","0","2","0","0","0","5","1","0","1","0","0","2","7","0","1","0","0","0","0","0","5","1","5","0","0","1","15","0","1","0","0","0","0","0","3","0","1","0","2","0","0","0","0","0","0","0","0","0","7","0","0","0","0","0","0","0","1","0","0","0","0","0","0","0","1","0","0","0","0","0","0","0","1","0","1","0","0","0","0","0","0","1","1","0","0","0","0","0","3","3","0","0","1","0","0","1","0","0","0","0","0","2","1","0","0","0","0","0","0","1","0","1","0","0","2","1","0","0","0","0","0","0","0","0","0","0","0","0","0","0","0","0","1","1","0","0","0","0","0","0","0","1","0","0","0","0","0","0","0","0","0","3","2","0","0","0","0","0","0","0","0","0","0","0","0","0","0","0","0","0","0","0","0","0","0","0","0","0","0","0","0","0","0","0","0","0","0","0","0","0","0","0","0","0","1","0","0","0","0","511","2","0","2","0","0","0","1","0","1","0","1","1","0","0","65","3","3","0","0","13","2","0","24","0","2","0","14","1","7","0","0","0","0","4","2","0","6","0","0","0","7","0","1","0","0","1","0","0","0","0","3","0","0","0","4","0","0","9","1","4"
"07-015 Kenai No. 1","129","12","1","0","8","0","0","0","7","0","0","0","1","0","0","8","1","0","2","1","0","2","7","0","1","1","0","0","0","0","12","0","0","0","1","2","10","0","0","0","0","0","0","0","5","0","2","0","0","0","0","0","1","0","0","0","0","0","5","2","0","0","0","0","0","0","0","0","0","1","0","0","0","0","0","1","0","0","0","0","0","0","0","0","0","0","0","0","0","0","0","0","0","0","0","0","0","0","1","1","0","0","1","0","0","1","0","0","0","0","0","2","0","0","0","0","0","0","0","0","0","0","0","0","2","0","0","0","2","0","0","0","0","1","1","0","0","0","0","1","0","0","0","0","0","1","0","0","0","0","0","1","1","0","0","0","0","0","0","0","0","1","0","0","0","0","0","0","1","0","0","0","0","0","0","0","0","0","0","0","0","0","0","0","0","0","0","0","0","0","1","1","0","0","1","0","0","0","0","0","1","0","0","0","0","0","0","0","0","371","4","2","4","0","0","1","1","0","0","0","0","0","0","0","34","3","0","0","0","8","0","0","27","1","4","0","9","0","11","0","0","0","0","2","0","0","6","1","1","0","3","0","2","1","0","0","0","0","1","1","1","0","0","0","5","0","1","1","1","2"
"07-020 Kenai No. 2","66","5","0","0","5","2","0","0","0","0","1","1","0","0","0","1","0","0","1","0","0","1","6","0","0","0","0","0","0","0","6","1","1","0","0","2","4","0","0","0","0","0","0","0","0","1","1","0","0","0","0","0","0","0","0","0","0","0","2","1","1","0","0","0","0","0","0","0","0","0","1","0","0","0","0","0","0","0","0","0","0","0","0","1","0","0","0","0","0","0","0","0","0","0","0","0","0","0","0","0","0","0","1","0","0","0","0","0","0","0","0","1","0","0","0","0","0","0","0","0","0","0","0","0","0","0","0","0","0","0","0","0","0","0","0","0","0","0","0","0","0","0","0","0","0","0","0","0","1","0","0","0","0","0","0","0","0","0","0","0","0","2","1","0","0","0","0","0","0","0","0","0","0","0","0","0","0","0","0","0","0","0","0","0","1","0","0","0","0","0","0","0","0","0","0","0","0","0","0","0","0","0","0","0","0","0","0","0","0","237","0","1","1","0","0","1","0","0","0","0","0","0","0","0","25","2","0","0","1","5","0","0","20","0","0","0","4","0","7","0","0","0","0","1","0","0","4","0","1","0","2","0","0","0","1","0","0","0","0","1","3","0","0","0","4","0","0","4","3","2"
"07-025 Kenai No. 3","60","2","0","0","3","0","0","1","1","0","0","2","0","0","0","3","1","0","3","0","0","1","2","0","0","0","0","0","0","0","4","1","1","0","1","1","2","0","0","0","0","0","0","0","1","0","0","0","0","0","0","0","0","0","0","0","0","0","1","0","0","0","0","0","0","0","0","0","0","0","0","0","0","0","0","0","0","0","0","2","0","0","0","0","0","0","0","0","0","0","0","0","0","0","0","0","0","0","1","0","0","0","0","0","0","1","0","0","0","0","0","1","0","0","0","0","0","0","0","0","0","0","0","0","0","0","0","0","0","0","0","0","0","0","0","0","0","0","0","0","0","0","0","0","0","0","0","0","0","0","0","2","0","0","0","0","0","0","0","0","0","0","0","0","0","0","0","0","0","0","0","0","0","0","0","0","0","0","0","0","0","0","0","0","0","0","0","0","0","0","0","0","0","0","0","0","0","0","0","0","0","0","0","0","0","0","0","0","0","182","1","2","0","0","0","0","0","0","0","0","0","0","0","0","19","0","0","0","0","3","0","0","12","0","1","0","4","1","6","0","0","0","0","0","0","0","0","0","0","1","4","0","0","0","0","0","0","0","0","0","2","0","0","0","1","0","0","3","0","2"
"07-030 Soldotna","153","10","2","0","6","0","0","1","1","0","0","0","0","0","1","5","0","0","4","0","0","0","2","0","1","1","0","0","0","0","12","0","2","0","0","7","8","0","1","0","0","0","0","0","2","0","1","0","0","0","0","0","0","0","0","0","0","0","13","0","0","0","0","0","0","0","0","0","0","1","0","0","0","0","0","0","0","0","0","1","0","0","0","0","0","0","0","0","0","0","0","0","1","0","0","0","0","0","1","0","0","0","1","0","0","1","0","0","0","1","0","4","1","0","0","0","0","0","0","0","0","0","0","0","0","0","0","0","0","0","1","0","0","0","0","0","0","0","0","0","0","0","2","0","2","1","0","0","0","0","0","0","0","0","0","0","0","0","0","0","0","1","2","0","0","0","0","0","0","0","0","0","0","0","0","0","0","0","0","0","0","0","0","0","0","0","0","0","0","0","0","1","0","0","0","0","0","0","0","0","0","0","1","0","0","0","0","0","0","432","5","1","4","0","1","0","0","0","0","0","0","1","0","0","53","2","1","0","0","8","1","0","30","0","4","1","10","0","3","0","0","1","1","2","0","0","2","0","0","0","3","0","2","2","0","1","0","0","1","0","2","0","0","0","6","0","0","6","3","1"
"08-035 Bear Creek","147","14","1","0","7","0","0","0","2","0","0","1","0","0","0","6","1","0","2","0","0","0","11","0","0","0","0","0","0","0","24","0","3","0","0","2","8","0","0","0","0","0","0","0","0","1","0","0","0","0","0","0","0","0","0","1","0","0","4","2","0","0","1","0","0","2","0","0","0","0","0","0","0","0","0","1","0","0","0","1","0","0","0","0","0","0","0","0","0","0","0","0","0","0","0","0","0","0","1","0","0","0","0","0","0","1","0","0","0","0","0","0","0","0","0","0","0","0","0","0","0","0","0","0","1","0","0","0","0","0","0","1","0","0","0","0","0","0","0","0","0","0","0","0","0","0","0","0","0","0","0","0","0","0","0","0","0","0","0","0","0","1","1","0","0","0","0","0","0","0","0","0","0","0","3","0","0","0","0","1","0","0","0","0","0","0","0","0","0","0","0","1","0","0","0","0","0","0","0","0","1","0","0","0","0","0","0","0","0","258","0","1","0","0","0","0","1","0","0","0","0","0","0","0","27","1","1","0","0","6","2","0","9","0","3","1","7","0","5","0","1","0","0","1","0","0","1","0","0","0","2","0","0","2","0","0","0","0","0","1","1","0","0","0","10","0","0","2","0","0"
"08-040 Cooper Landing","47","0","0","0","2","0","0","0","0","0","0","2","0","0","0","0","0","0","1","0","0","0","2","0","0","0","0","0","0","0","7","1","0","0","0","2","1","0","0","0","0","0","0","0","0","0","0","0","0","0","0","0","0","0","0","0","0","0","2","1","0","0","0","0","0","0","0","0","0","0","0","0","0","0","0","0","0","0","0","0","0","0","0","0","0","0","0","0","0","0","0","0","0","0","0","0","0","0","1","0","0","0","0","0","0","0","0","0","0","0","0","1","0","0","0","0","0","0","0","0","0","0","0","0","0","0","0","0","0","0","0","1","0","0","0","0","0","0","0","1","0","0","0","0","0","0","0","0","0","0","0","0","0","0","0","0","0","0","0","0","0","0","0","0","0","0","0","0","0","0","0","0","0","0","0","0","0","0","0","0","0","0","0","0","0","0","0","0","0","0","0","0","0","0","0","0","0","0","0","0","0","0","0","1","0","0","0","0","0","56","1","0","0","0","0","0","0","0","0","0","0","0","0","0","9","0","0","0","0","2","0","0","1","0","0","0","1","0","1","1","0","0","0","0","0","0","0","0","0","0","0","0","0","0","0","0","0","0","1","0","0","0","0","0","0","0","0","1","0","0"
"08-045 Funny River No. 1","46","4","0","0","1","0","0","0","2","0","0","0","0","0","0","2","1","0","2","0","0","1","2","0","0","0","0","0","0","0","2","0","1","0","0","0","2","0","0","0","0","0","0","0","2","0","1","0","0","0","0","0","0","0","0","1","1","0","1","0","0","0","0","0","0","0","0","0","0","0","0","0","0","0","0","0","0","0","0","0","0","0","0","0","0","0","0","0","0","0","0","0","0","0","0","0","0","0","1","0","0","0","0","0","0","0","0","0","0","0","0","2","0","0","0","0","0","0","0","0","0","0","0","0","0","0","0","0","0","0","0","0","0","0","0","0","0","0","0","0","0","0","0","0","0","0","0","0","0","0","0","0","0","0","0","0","0","0","0","0","0","0","0","0","0","0","0","0","0","0","0","0","0","0","0","0","1","0","0","0","0","0","0","0","0","0","0","0","0","0","0","0","0","0","0","0","0","0","0","0","0","0","0","0","0","0","0","0","0","216","1","0","0","0","0","0","0","0","0","0","0","0","0","0","22","1","1","0","0","1","0","0","6","0","0","1","4","0","4","0","0","0","0","0","0","0","1","0","0","0","0","0","1","1","0","0","0","0","0","0","0","0","0","0","0","0","0","3","1","0"
"08-050 Funny River No. 2","31","0","0","0","1","0","0","0","0","0","0","0","0","0","0","0","1","0","1","0","0","0","2","0","0","0","0","0","0","1","4","0","0","0","0","0","2","0","1","0","0","0","0","0","2","0","0","0","0","0","0","0","0","0","0","0","0","0","2","0","0","0","0","0","0","0","0","0","0","0","0","0","0","0","1","0","0","0","0","0","0","0","1","0","0","0","0","0","0","0","0","0","0","0","0","0","0","0","1","0","0","0","0","0","0","0","0","0","0","0","0","2","0","0","0","0","0","0","0","0","0","0","0","0","0","0","0","0","1","0","0","0","1","0","1","0","0","0","0","0","0","0","0","0","0","0","0","0","0","0","0","0","0","0","0","1","0","0","0","0","0","0","0","0","0","0","0","0","0","0","0","0","0","0","0","0","0","0","0","0","0","0","0","0","0","0","0","0","0","0","0","0","0","0","0","0","0","0","0","0","0","0","0","0","0","0","0","0","0","169","2","0","0","0","0","0","0","0","0","0","0","0","0","0","20","1","0","0","0","1","0","0","3","0","1","0","5","0","5","0","0","0","0","0","1","0","0","0","0","0","1","0","0","2","0","0","0","0","0","0","0","0","0","1","2","0","0","1","2","0"
"08-055 Hope","27","0","0","0","1","0","0","0","0","0","0","0","0","0","0","2","0","0","0","0","0","2","1","0","2","0","0","0","0","0","3","0","0","0","0","1","3","0","0","0","0","0","0","0","0","0","0","0","0","0","0","0","0","0","0","0","0","0","1","0","0","0","0","0","0","0","0","0","0","0","0","0","0","0","0","0","0","0","0","0","0","0","0","0","0","0","0","0","0","0","0","0","0","0","0","0","0","0","0","0","0","0","0","0","0","0","0","0","0","0","0","0","0","0","0","0","0","0","0","0","0","0","0","0","0","0","0","0","0","0","0","0","0","0","0","0","0","0","0","0","0","0","0","0","0","0","0","0","0","0","0","0","0","0","0","0","0","0","0","0","0","1","3","0","0","0","0","0","0","0","0","0","0","0","0","0","0","0","0","0","0","0","0","0","0","0","0","0","0","0","0","0","0","0","0","0","0","0","0","0","0","0","0","0","0","0","0","0","0","20","0","0","0","0","0","0","0","0","0","0","0","0","0","0","0","0","0","0","0","0","0","0","1","0","0","0","1","0","0","0","0","0","0","0","0","0","0","0","0","0","0","0","0","0","0","0","0","0","0","0","0","0","0","0","0","0","0","0","0","0"
"08-060 Mackey Lake","70","3","3","0","5","0","0","1","3","0","0","1","0","0","0","5","0","0","2","0","0","1","2","0","1","0","0","0","0","0","3","0","2","0","0","1","4","0","1","0","0","0","0","0","3","1","1","0","0","0","0","0","0","0","0","0","0","0","2","1","0","0","0","0","0","0","0","0","0","1","0","0","0","0","0","0","0","0","0","0","0","1","0","0","0","0","0","0","0","0","0","0","0","0","0","0","0","0","1","1","0","0","0","0","0","0","0","2","0","0","0","1","1","0","0","0","0","0","0","0","0","0","0","1","0","0","0","0","0","0","0","0","0","0","1","0","0","0","0","0","0","0","0","0","0","0","0","0","0","0","0","0","0","0","0","0","0","0","0","0","0","2","1","0","0","0","0","0","0","0","0","0","0","0","0","1","0","0","0","0","0","0","0","0","0","0","0","0","0","0","0","0","0","0","0","0","0","0","0","0","0","0","0","0","0","0","0","0","0","317","1","0","0","0","0","0","0","0","0","0","0","0","1","0","28","2","0","0","2","7","1","0","7","0","3","0","7","0","7","0","0","0","0","1","0","0","3","0","0","0","2","0","0","2","0","0","0","0","0","0","1","0","0","0","11","0","0","6","0","0"
"08-065 Moose Pass","56","4","0","0","2","0","0","0","0","0","0","0","0","0","0","1","0","0","0","0","0","0","0","0","0","0","0","0","0","0","3","0","0","0","0","0","2","0","0","0","0","0","0","0","1","1","0","0","0","0","0","0","0","0","0","0","0","0","0","0","0","0","0","0","0","0","0","0","0","0","0","0","0","0","0","0","0","0","0","0","0","0","0","0","0","0","0","0","0","0","0","0","0","0","0","0","0","0","3","0","0","0","0","0","0","0","0","0","0","1","0","1","0","0","0","0","0","0","0","0","0","0","0","0","0","0","0","0","0","0","0","0","0","0","0","0","0","0","0","0","0","0","0","0","0","0","0","0","0","0","0","0","0","0","0","0","0","0","0","0","0","0","1","1","0","0","0","0","0","0","0","0","0","0","0","0","0","0","0","0","0","0","0","0","0","1","0","0","0","0","0","0","0","0","0","0","0","0","0","0","0","0","0","0","0","0","0","0","0","68","0","0","0","0","0","0","0","0","0","0","0","0","0","0","4","0","0","0","0","1","0","0","3","0","1","0","2","0","1","0","0","0","0","0","0","0","0","0","0","0","0","0","0","0","0","0","0","0","0","0","0","0","0","0","0","0","0","3","0","0"
"08-070 Nikiski","68","2","1","0","3","0","0","0","2","0","0","0","0","0","1","5","0","0","2","0","0","3","5","0","0","0","0","0","0","0","12","0","0","0","1","1","5","0","1","0","1","0","0","0","1","0","0","0","0","1","0","0","0","0","0","0","0","0","2","0","0","1","0","0","0","0","0","0","0","0","0","0","0","1","0","0","0","0","0","0","0","1","0","0","0","0","0","0","0","0","0","0","0","0","0","0","0","0","6","0","0","0","0","0","0","0","0","0","0","0","0","2","0","0","0","0","0","0","1","0","0","0","0","0","0","0","0","0","0","0","0","0","0","0","1","0","0","0","0","0","0","0","0","0","0","0","0","0","0","0","0","2","0","0","0","0","0","0","0","0","0","0","2","0","0","0","0","0","0","0","0","0","0","0","0","0","0","0","1","0","0","0","0","0","0","0","0","0","0","0","0","1","0","0","0","0","0","0","0","0","0","0","0","0","0","0","0","0","0","527","2","0","0","0","1","0","1","0","0","0","0","0","0","0","45","2","1","0","0","6","0","0","17","0","2","0","10","0","14","1","0","0","0","1","1","0","3","0","0","0","2","0","0","2","0","0","0","0","0","0","4","0","1","0","21","0","0","2","1","0"
"08-075 Salamatof","58","6","0","0","9","0","0","2","4","0","0","1","0","0","0","4","1","0","3","0","0","2","4","0","1","0","0","0","0","0","6","1","0","0","0","3","5","0","0","0","0","0","0","0","1","0","0","0","0","0","1","0","0","0","0","0","0","0","2","0","0","0","1","0","0","0","0","0","0","1","0","0","0","0","0","0","0","0","0","0","0","1","0","0","1","0","0","0","0","0","0","0","0","0","0","0","0","0","4","0","0","0","0","0","0","0","0","0","0","0","0","1","0","0","0","0","0","0","0","0","0","0","0","0","0","0","0","0","1","0","0","0","0","0","0","0","0","0","0","1","0","0","0","0","0","0","0","0","0","0","0","1","0","0","0","0","0","0","0","0","0","0","1","0","0","0","0","0","0","0","0","0","0","0","0","0","0","0","0","0","0","0","0","0","0","0","0","0","0","0","0","0","0","0","0","0","0","0","0","0","0","0","0","0","0","0","0","0","0","502","1","0","5","0","0","0","0","0","0","0","0","0","0","0","45","1","0","0","1","4","0","0","16","0","1","0","15","0","11","0","1","0","0","2","0","0","5","0","2","0","4","0","2","2","0","0","0","0","0","1","3","0","0","0","12","0","0","4","1","0"
"08-080 Sterling No. 1","79","4","0","0","5","0","0","0","0","0","0","0","0","0","0","6","0","0","2","0","0","2","4","0","0","1","0","0","0","0","7","2","0","0","0","1","5","0","0","0","0","0","0","0","1","0","0","0","0","1","0","0","0","0","0","0","0","0","4","1","0","0","0","0","0","0","1","0","0","0","0","0","0","0","0","0","0","0","0","0","0","2","0","0","0","0","0","0","0","0","0","0","0","0","0","0","0","0","3","0","1","0","1","0","0","0","0","0","0","0","0","2","2","0","0","0","0","0","0","0","0","1","0","0","0","0","0","0","0","0","0","0","0","0","0","0","0","0","0","0","0","0","0","0","0","0","0","0","0","0","0","1","0","0","0","0","0","0","0","0","0","0","1","0","1","0","0","0","0","0","0","0","0","0","0","0","0","0","0","0","0","0","0","0","0","0","0","0","0","0","0","0","0","0","0","0","0","0","0","0","0","0","0","0","0","0","0","0","0","434","2","1","1","0","0","0","0","0","0","0","0","0","0","0","45","1","0","0","0","8","0","0","12","0","2","0","8","0","11","0","0","0","0","3","0","0","2","0","0","3","10","0","0","4","0","0","0","0","1","0","1","0","0","0","10","0","2","1","3","1"
"08-085 Sterling No. 2","90","4","0","0","8","0","0","1","1","0","0","0","0","0","0","3","1","0","1","0","0","2","1","0","0","0","0","0","0","0","7","0","2","0","0","0","2","0","0","0","0","0","0","0","2","1","1","0","2","0","0","0","0","0","0","0","0","0","4","0","0","0","0","0","0","0","0","0","0","1","0","0","0","0","0","0","0","0","0","0","0","0","0","0","0","0","1","0","0","0","0","0","0","0","0","0","0","0","2","2","0","0","0","0","0","0","0","0","0","0","0","1","1","0","0","0","0","0","0","0","0","0","0","0","0","0","0","0","0","0","0","0","0","0","0","0","0","0","0","0","0","0","0","0","0","0","0","0","0","0","0","1","0","0","0","0","0","0","0","0","0","1","0","0","0","0","0","0","0","0","0","0","0","0","0","0","0","0","0","0","0","0","0","0","0","0","0","0","0","0","0","0","0","0","0","0","0","0","0","0","0","0","0","0","0","0","0","0","0","576","2","0","2","0","0","0","0","0","0","0","0","0","0","0","31","1","0","0","0","5","1","0","12","0","3","1","5","0","7","0","0","0","0","1","0","0","3","0","3","0","4","0","0","2","0","0","0","0","0","1","1","0","0","0","9","0","0","3","1","1"
"09-105 Girdwood","344","24","8","0","28","0","0","7","4","0","3","4","0","0","3","21","0","0","4","0","0","6","14","0","1","0","0","0","0","0","54","6","6","0","1","16","20","0","1","0","0","0","0","0","3","1","0","0","1","0","1","0","0","0","1","1","1","0","8","2","1","0","1","0","0","0","0","0","0","2","0","0","0","0","0","0","0","0","0","0","0","0","2","0","0","0","0","0","0","1","0","0","1","0","1","0","0","0","5","1","0","0","0","0","0","2","0","0","0","1","0","4","0","0","0","0","0","0","0","0","1","1","0","0","0","0","0","0","0","0","1","0","0","0","0","0","0","0","0","0","0","0","0","0","0","0","0","0","0","0","0","2","0","0","0","0","0","1","0","0","0","3","4","0","0","0","0","0","1","0","0","0","0","0","1","0","0","1","0","0","0","0","0","0","0","0","0","0","0","1","0","0","0","0","0","0","0","0","0","0","0","0","0","0","0","0","0","0","0","127","2","3","0","0","1","0","0","0","0","0","0","0","0","0","21","2","0","0","0","4","1","0","7","0","3","0","1","0","2","0","0","0","0","1","0","0","0","0","0","0","3","0","1","2","0","0","0","0","2","0","0","0","1","0","2","0","0","10","1","0"
"09-110 Indian","54","0","0","0","0","0","0","0","0","0","0","0","0","0","0","2","0","0","0","0","0","1","1","0","0","0","0","0","0","0","4","0","0","0","0","3","2","0","0","0","0","0","0","0","0","0","0","0","0","0","0","0","0","0","0","0","0","0","0","0","0","0","0","0","0","0","0","0","0","0","0","0","0","0","0","0","0","0","0","0","0","0","0","0","0","0","0","0","0","0","0","0","0","0","0","0","0","0","0","0","0","0","0","0","0","0","0","0","0","0","0","0","0","0","0","0","0","0","0","0","0","0","0","0","0","0","0","0","0","0","0","0","0","0","0","0","0","0","1","0","0","0","0","0","0","0","0","0","0","0","0","0","0","0","0","0","0","0","0","0","0","1","2","1","1","0","0","0","0","0","0","0","0","0","0","0","0","0","0","0","0","0","0","0","0","0","0","0","0","0","0","0","0","0","0","0","0","0","0","0","0","0","0","0","0","0","0","0","0","50","0","0","0","0","0","0","0","0","0","0","0","0","0","0","4","0","0","0","0","0","0","0","1","0","0","0","0","0","0","0","0","0","0","0","0","0","0","0","0","0","0","0","0","0","0","0","0","0","0","0","0","0","0","0","2","0","0","1","0","0"
"09-115 South Anchorage No. 1","301","12","3","0","25","2","1","2","4","0","0","5","2","0","1","12","1","0","9","0","0","6","17","1","2","0","0","0","0","0","20","0","5","0","0","4","16","0","1","0","0","0","0","0","9","1","0","0","1","1","2","0","0","0","0","0","0","0","3","2","1","0","1","0","0","0","0","0","0","0","0","0","0","0","0","0","0","0","1","0","0","1","0","1","2","0","1","1","0","0","0","0","0","0","0","1","0","0","3","1","0","0","0","1","0","2","0","0","0","3","0","4","0","0","0","0","1","0","0","0","0","0","0","0","0","0","0","0","0","0","0","1","0","0","0","0","0","0","0","0","0","0","0","0","0","0","0","0","0","0","0","3","0","0","0","1","0","1","0","0","0","1","0","0","0","0","0","0","0","0","0","0","0","0","0","0","0","0","0","0","0","0","0","0","0","0","0","0","0","0","0","0","0","0","0","0","0","0","0","0","0","0","0","0","0","0","0","0","0","458","6","4","7","0","1","0","2","0","2","0","0","0","0","0","57","4","0","0","0","9","3","0","17","0","1","3","11","0","9","0","1","0","0","4","0","0","5","0","0","0","1","0","1","2","0","0","0","0","0","0","2","0","0","0","9","0","0","16","2","0"
"09-120 South Anchorage No. 2","266","13","4","0","25","0","0","2","4","0","2","5","0","0","0","13","4","0","8","0","0","4","16","0","2","3","0","0","0","0","24","0","6","0","0","2","13","0","1","0","1","0","0","0","8","0","1","0","1","0","0","0","0","0","0","0","1","0","6","1","0","0","1","0","0","0","0","0","0","1","0","0","0","1","0","0","0","0","0","1","0","1","2","0","0","0","0","0","0","0","0","0","0","0","0","0","1","0","11","1","0","0","1","0","0","0","0","0","0","0","0","5","1","0","0","0","0","0","1","0","0","0","0","0","0","0","0","0","0","0","0","0","0","0","2","1","0","0","1","0","0","0","0","0","0","0","0","0","0","0","0","1","0","0","0","0","0","0","0","0","0","0","2","0","0","0","0","0","0","0","0","0","0","0","0","0","0","0","0","0","0","0","0","0","0","0","0","0","0","0","0","0","1","0","0","0","0","0","0","0","0","0","0","0","0","0","0","0","0","582","5","2","2","0","0","0","0","0","0","0","0","0","0","0","53","5","2","0","3","7","2","0","18","0","3","0","7","0","7","3","0","0","0","6","0","0","6","0","0","1","1","0","0","6","0","1","0","0","0","0","3","0","2","0","7","0","0","7","3","0"
"09-125 South Anchorage No. 3","287","15","3","0","10","0","0","1","1","1","1","2","1","0","0","19","2","0","4","1","1","7","11","0","0","0","0","0","0","0","17","1","5","0","1","8","11","0","1","0","0","0","0","0","4","1","3","0","0","0","0","0","0","0","0","0","2","0","5","1","0","0","0","0","0","1","0","0","0","0","0","0","0","0","0","0","0","0","0","0","0","0","0","0","0","0","0","0","0","0","0","0","0","0","0","0","0","0","6","1","1","0","0","0","0","1","0","1","0","0","0","4","2","0","0","0","0","0","0","0","0","0","0","0","1","0","0","0","1","0","0","0","0","1","1","0","0","0","1","0","0","0","0","1","0","0","0","0","0","0","0","0","2","0","0","0","0","0","0","0","0","1","0","0","0","0","0","0","0","0","0","0","0","0","0","0","0","0","1","0","0","0","0","0","0","0","0","0","0","0","0","3","0","0","0","0","0","0","0","1","0","0","0","0","0","0","0","0","0","444","4","1","1","0","0","1","1","0","0","0","0","0","0","0","52","2","2","0","0","6","1","0","11","0","3","0","11","1","8","0","1","0","1","2","1","1","2","0","0","0","2","0","0","2","1","0","1","0","0","0","1","0","0","0","3","0","0","7","2","1"
"09-130 South Anchorage No. 4","313","9","4","0","19","0","0","1","3","1","0","4","1","0","0","9","3","0","8","0","0","2","18","0","3","1","0","0","0","1","19","0","1","0","0","1","11","0","1","0","1","0","0","0","8","1","1","0","4","0","1","0","0","0","0","0","0","0","4","1","0","0","0","0","0","0","0","0","0","0","0","0","2","1","1","1","0","0","0","1","0","2","0","0","0","0","1","0","0","0","0","0","0","0","0","1","0","0","3","2","0","0","1","0","0","1","0","0","0","0","0","2","2","0","0","0","0","0","0","0","0","0","0","0","1","0","0","0","0","0","0","1","0","1","1","0","0","0","0","0","0","0","0","0","0","0","0","0","0","0","0","2","0","0","0","1","0","0","0","0","0","3","1","0","0","0","0","0","0","0","0","0","0","0","0","0","0","0","0","0","0","0","0","1","0","0","0","1","0","0","0","0","0","0","0","0","0","0","1","0","0","0","0","0","0","0","0","0","0","503","9","0","1","0","0","0","0","0","0","0","0","0","1","0","45","4","2","0","1","5","1","0","21","0","3","1","9","0","5","1","1","0","0","4","0","0","3","0","1","0","0","0","0","1","0","0","0","0","1","0","0","0","0","1","3","0","0","11","1","1"
"09-135 South Anchorage No. 5","141","10","1","0","6","0","0","1","2","0","1","2","1","0","0","6","1","0","2","0","0","4","5","0","1","0","0","0","0","1","17","0","3","0","0","3","8","1","0","1","0","0","0","0","4","0","0","0","0","1","0","0","0","0","0","0","0","0","2","1","0","0","0","0","0","0","0","0","0","0","0","0","0","0","0","0","0","0","0","0","0","0","0","0","0","0","0","0","0","0","0","0","0","0","0","0","0","0","2","1","0","0","0","0","0","1","0","0","0","0","0","4","0","0","0","0","0","0","0","0","0","1","0","0","0","1","0","0","0","0","0","0","0","0","1","0","0","0","0","0","0","0","0","0","0","0","0","0","0","0","0","0","0","1","0","1","0","0","0","0","0","0","1","0","0","0","0","0","0","0","0","0","0","0","0","0","0","0","0","0","0","0","0","0","0","0","0","0","0","0","0","0","0","0","0","0","0","0","0","0","0","0","0","0","0","0","0","0","0","194","1","1","1","0","1","0","1","0","0","0","0","0","0","0","24","2","0","0","0","4","0","0","6","0","1","0","1","0","7","0","0","0","0","2","1","0","4","0","0","0","1","0","0","0","0","0","0","0","0","2","0","0","1","0","2","0","0","2","1","0"
"09-140 Stuckagain Heights","57","1","0","0","4","0","0","0","0","0","0","0","1","0","0","2","0","0","2","0","0","2","2","0","0","0","0","0","0","1","5","0","1","0","0","1","2","0","0","0","0","0","0","0","4","0","0","0","0","0","0","0","0","0","0","0","0","0","1","0","0","0","0","0","0","0","0","0","0","0","0","0","0","0","0","0","0","0","0","0","0","0","0","0","0","0","0","0","0","0","0","0","0","0","0","0","0","0","1","0","0","0","0","0","0","0","0","0","0","0","0","0","0","0","0","0","0","0","0","0","0","0","0","0","0","0","0","0","0","0","0","0","0","0","0","0","0","0","1","0","0","0","0","0","0","0","0","0","0","0","0","0","0","0","0","0","0","0","0","0","0","1","1","0","0","0","0","0","0","0","0","0","0","0","0","0","0","0","0","0","0","0","0","0","0","0","0","0","0","0","0","0","0","0","0","0","0","0","0","0","0","0","0","0","0","0","0","0","0","52","0","0","0","0","0","0","1","0","0","0","0","0","0","0","5","1","0","0","0","1","0","0","1","0","2","0","0","0","1","0","0","0","0","0","0","0","0","0","1","0","0","0","0","1","0","0","0","0","0","0","0","0","0","0","1","0","0","2","0","0"
"09-145 Whittier","18","3","1","0","2","0","0","0","0","0","0","0","0","0","0","0","0","0","1","0","0","1","1","0","0","0","0","0","0","0","0","0","2","0","0","0","0","0","0","0","0","0","0","0","0","0","1","0","0","0","0","0","0","0","0","0","0","0","0","0","0","0","0","0","0","0","0","0","0","0","0","0","0","0","0","0","0","0","0","0","0","0","0","0","0","0","0","0","0","0","0","0","0","0","0","0","0","0","1","0","0","1","0","0","0","0","0","0","0","0","0","0","0","0","0","0","0","0","0","0","0","0","0","0","0","0","0","0","0","0","0","0","0","0","0","0","0","0","0","0","0","0","0","0","0","0","0","0","0","0","0","1","0","0","0","0","0","0","0","0","0","0","0","0","0","0","0","0","0","0","0","0","0","0","0","0","0","0","0","0","0","0","0","0","0","0","0","0","0","0","0","0","0","0","0","0","0","0","0","0","0","0","0","0","0","0","0","0","0","37","1","0","0","0","1","0","0","0","0","0","0","0","0","0","4","0","0","0","1","0","0","0","1","0","0","0","0","0","0","0","1","0","0","0","0","0","0","0","0","0","1","0","0","0","0","1","0","0","0","0","0","0","0","0","0","0","0","1","0","1"
"10-150 Dimond","201","13","1","1","20","1","0","5","6","0","1","3","2","0","1","8","1","0","7","0","0","4","14","0","1","0","0","0","1","3","12","1","2","0","2","1","12","1","2","0","1","0","1","0","11","5","6","0","1","0","0","0","1","0","1","1","1","0","5","3","0","0","0","0","0","0","1","0","0","0","0","0","0","0","0","0","0","0","1","1","0","0","1","0","0","1","0","0","0","0","1","0","0","0","0","0","0","0","6","0","0","0","0","0","0","1","0","0","0","1","0","1","0","0","0","0","0","0","0","0","0","1","0","0","1","0","0","0","0","1","0","0","0","0","0","0","0","0","0","0","0","0","0","0","0","0","0","0","0","0","0","1","0","0","0","0","0","0","0","0","0","4","2","0","1","0","0","1","2","0","0","0","0","0","0","0","0","0","0","0","0","0","0","0","0","0","0","0","0","0","0","0","0","0","0","0","0","0","3","0","0","0","0","0","0","0","0","2","0","279","7","3","0","0","1","0","2","0","0","0","1","1","3","0","47","3","2","0","2","10","0","0","26","0","1","1","3","0","7","0","0","0","0","2","0","0","4","0","0","1","0","1","2","1","2","0","0","0","0","0","1","0","0","0","2","0","1","3","3","4"
"10-155 Oceanview No. 1","286","13","2","0","25","0","1","0","3","0","0","3","0","0","1","10","2","0","7","0","0","4","11","0","1","0","1","0","0","1","16","2","5","0","1","6","19","0","0","1","1","0","1","0","10","6","0","0","3","0","0","0","1","0","0","4","2","0","3","3","0","0","0","0","0","0","0","0","0","0","0","0","0","1","0","0","0","0","0","0","0","1","0","0","0","0","0","0","0","0","0","0","0","0","0","0","0","0","3","0","0","0","1","0","0","2","0","0","0","1","0","0","1","1","0","0","0","0","0","0","0","0","0","0","0","0","0","0","0","0","1","0","0","0","1","0","0","0","0","0","1","0","0","0","0","0","0","0","0","0","0","2","0","0","0","0","0","0","0","0","1","3","2","0","1","0","0","1","0","0","0","0","0","0","0","0","0","0","0","0","0","0","0","0","0","0","0","0","0","0","0","0","0","0","0","0","0","0","0","0","0","0","0","0","1","0","0","0","0","408","13","5","7","0","0","1","1","0","0","0","0","0","2","0","44","4","2","0","2","11","0","0","20","0","2","2","7","0","6","0","0","0","0","3","0","0","6","0","1","0","1","1","1","3","0","0","0","0","0","0","2","0","0","0","3","0","0","7","0","0"
"10-160 Oceanview No. 2","193","7","1","0","6","0","0","4","3","0","0","0","1","0","0","9","1","0","3","0","0","4","8","0","2","1","0","0","0","0","10","0","4","0","0","3","16","0","0","0","0","0","0","0","9","2","1","0","0","0","0","0","0","0","0","0","2","0","4","2","1","0","1","0","0","0","0","0","0","0","1","0","0","0","0","0","0","0","0","0","0","0","1","0","0","0","0","0","0","0","0","0","0","0","0","0","0","0","3","0","0","1","0","0","0","0","0","0","0","0","0","3","0","0","0","0","0","0","0","0","1","0","0","0","1","1","0","0","0","0","0","1","0","0","0","0","0","0","0","0","0","0","0","0","0","0","0","0","0","0","0","2","0","0","0","0","0","0","0","0","0","1","0","0","0","0","0","0","0","0","0","0","1","1","0","0","0","0","0","0","0","0","0","0","0","1","0","1","0","0","0","0","0","0","0","0","0","0","0","0","0","0","0","0","0","0","0","0","0","307","5","1","1","0","0","0","0","0","0","0","0","0","1","0","34","1","1","0","0","8","0","0","10","0","1","1","3","0","7","0","1","0","0","3","0","0","0","1","0","0","0","0","1","1","0","0","1","0","0","0","0","0","0","0","0","0","0","10","0","1"
"10-165 Oceanview No. 3","228","14","3","0","14","0","0","2","12","0","1","2","1","0","2","12","4","0","9","0","0","2","18","0","2","1","0","0","0","2","21","1","6","0","0","3","23","1","3","0","2","0","0","0","4","2","0","0","1","0","0","0","0","0","1","1","1","0","4","0","0","0","1","0","0","0","0","0","0","1","0","0","0","1","0","0","0","0","0","1","0","0","0","0","1","0","0","0","0","0","0","0","0","0","1","0","0","0","6","0","0","0","1","3","0","0","0","0","0","0","0","1","0","0","0","0","0","0","0","0","0","0","0","0","1","0","0","0","1","0","2","1","0","0","0","0","0","0","1","0","1","0","0","0","0","0","0","0","0","0","0","1","0","0","0","0","0","1","0","0","0","2","2","0","1","0","0","0","0","0","0","1","0","0","1","0","0","0","0","0","0","0","0","0","0","0","0","1","0","0","0","0","1","0","0","0","0","0","0","0","0","0","0","0","0","0","0","0","0","371","5","2","0","0","1","1","1","0","0","0","0","0","1","0","48","6","3","0","1","6","0","0","30","0","2","0","8","0","11","0","0","0","0","1","0","0","1","0","0","0","1","0","0","3","0","0","0","0","0","0","0","0","1","0","4","0","1","5","6","3"
"10-170 Oceanview No. 4","224","14","0","0","8","1","0","1","4","0","0","1","0","0","0","7","2","0","7","0","1","1","11","0","2","1","0","0","0","0","25","2","6","0","0","6","12","0","2","0","0","0","0","0","5","0","2","0","1","1","0","0","0","0","0","0","2","0","5","1","0","0","0","0","0","0","0","0","0","1","0","0","0","0","0","0","0","0","0","1","0","1","1","0","0","0","2","1","0","0","0","0","1","0","0","0","0","0","1","0","0","1","1","0","0","0","0","0","0","0","0","4","0","2","0","0","0","0","0","0","0","0","0","0","0","0","0","0","1","0","0","0","0","0","0","0","0","0","0","0","0","0","0","0","1","0","0","0","0","1","0","0","1","1","0","0","0","0","0","0","0","2","0","0","0","0","0","0","0","0","0","0","0","0","0","0","0","0","1","0","0","0","1","0","0","0","0","0","0","0","0","0","0","0","0","0","0","0","0","0","0","0","0","0","0","0","0","0","0","331","5","1","7","0","1","0","1","0","1","0","0","1","0","0","37","5","1","0","0","7","4","0","13","0","3","0","5","0","9","0","0","0","0","2","0","0","4","0","0","0","2","0","0","0","0","0","0","0","1","1","0","0","0","0","4","0","0","5","1","1"
"10-175 Oceanview No. 5","176","11","0","0","4","1","0","2","0","0","1","0","0","0","0","9","1","0","4","0","0","2","7","0","0","1","2","0","0","0","14","1","5","0","0","3","14","0","1","0","0","0","0","0","4","4","0","0","0","1","0","0","0","0","1","0","2","0","3","1","0","0","0","0","0","0","0","0","0","0","0","0","1","0","0","0","0","0","0","0","0","0","0","0","0","0","0","0","0","0","0","0","0","0","0","0","0","0","3","0","0","0","1","0","0","2","0","0","0","0","0","2","0","0","0","0","0","0","0","0","0","0","0","1","0","0","0","0","0","0","0","0","0","1","0","0","0","0","0","0","0","0","0","0","0","0","0","0","0","0","0","2","0","0","0","0","0","0","0","0","0","2","2","0","1","0","0","1","0","1","0","1","0","0","1","0","0","0","0","0","0","0","0","0","0","0","0","0","0","0","0","0","0","0","0","0","0","0","0","0","0","0","0","0","0","0","0","0","0","277","11","0","1","0","1","0","1","0","0","0","0","0","0","0","30","0","0","0","2","6","1","1","18","0","1","1","3","0","1","1","0","0","0","3","1","0","5","0","0","0","1","0","0","3","0","0","0","0","0","0","1","0","0","0","5","0","0","2","0","1"
"11-205 Hillside No. 1","165","3","1","0","5","0","0","0","12","0","0","2","1","0","0","7","0","0","3","0","0","3","15","1","1","1","0","0","1","2","13","1","4","0","0","1","13","0","0","0","0","0","0","0","10","0","2","0","1","1","0","0","1","0","0","0","0","0","3","0","1","0","1","0","0","0","1","0","0","1","0","0","0","0","0","0","0","0","0","0","0","0","0","0","0","0","0","0","0","0","0","0","0","0","0","0","0","0","5","0","0","1","0","0","0","0","0","0","0","0","0","0","1","0","0","0","0","0","0","0","0","0","0","0","0","0","0","0","0","0","0","0","0","0","0","0","0","0","0","0","0","0","0","0","0","0","1","0","0","0","0","1","0","0","0","0","0","1","0","0","0","1","3","0","0","0","0","0","0","0","0","0","0","0","0","1","1","0","0","0","0","0","0","0","0","0","0","0","0","0","0","1","0","1","0","0","0","0","0","0","0","0","0","0","0","0","0","0","0","222","8","3","1","0","0","0","1","0","2","0","0","0","0","0","31","2","2","0","2","7","0","0","11","0","0","0","13","0","4","0","0","0","0","2","0","0","3","0","2","1","7","0","1","1","0","1","0","0","0","0","1","0","0","0","2","0","0","2","0","4"
"11-210 Hillside No. 2","304","19","0","0","15","3","0","4","13","0","0","3","3","0","5","17","0","0","8","0","0","3","20","0","0","0","0","0","0","0","31","4","4","0","0","3","20","0","3","0","0","0","0","0","15","3","0","0","0","2","1","0","0","0","0","0","1","0","5","0","0","0","0","0","0","0","1","0","0","1","0","0","1","0","1","0","0","0","0","0","0","2","1","0","0","0","0","0","0","0","0","1","1","0","0","0","0","0","2","0","0","1","0","0","0","1","0","1","0","0","0","0","1","0","0","1","0","0","0","0","0","0","0","0","1","0","0","0","0","0","0","0","0","0","0","0","0","0","1","0","0","0","0","0","1","0","0","0","1","0","0","4","1","0","0","2","1","1","0","0","0","1","4","0","1","0","0","0","1","0","0","0","0","1","0","0","0","1","0","0","0","0","0","0","0","2","0","1","0","0","0","0","1","0","0","0","0","1","0","0","1","0","0","0","0","0","0","0","0","470","13","2","2","0","3","1","0","0","1","0","0","1","0","0","66","3","2","0","1","7","2","0","11","1","1","1","14","0","10","0","1","0","0","3","2","0","6","1","1","0","4","0","1","3","0","0","0","0","0","0","4","0","0","1","3","0","0","7","2","7"
"11-215 Hillside No. 3","151","11","0","0","3","0","0","0","6","0","0","1","0","0","2","9","2","0","3","0","0","1","11","0","1","0","0","0","0","0","11","0","5","0","1","2","8","0","0","0","0","0","0","0","5","3","1","0","2","0","0","0","0","0","0","0","0","0","4","1","0","0","0","0","0","0","0","0","0","2","0","0","0","0","0","0","0","0","0","0","0","1","0","0","1","0","0","0","0","0","0","0","0","0","0","0","0","0","2","1","0","1","0","0","0","0","0","0","0","0","0","5","0","0","0","1","0","0","0","0","0","0","1","0","0","0","0","0","0","0","0","0","0","0","0","0","0","0","0","0","0","0","0","0","0","0","0","0","0","0","0","0","0","0","0","0","0","0","0","0","0","0","0","0","0","0","0","0","0","0","0","0","0","0","1","0","0","0","0","0","0","0","0","0","0","1","0","0","0","0","0","0","0","0","0","0","0","0","0","0","0","0","0","0","0","0","0","0","0","293","5","0","1","0","2","0","1","0","0","0","0","0","0","0","34","0","0","0","1","3","2","0","9","0","1","0","2","1","3","0","1","0","0","2","0","0","2","0","0","0","5","0","0","1","0","0","0","0","1","0","0","0","1","0","0","0","0","3","5","0"
"11-220 Hillside No. 4","158","9","1","0","2","1","0","1","5","0","1","0","0","0","0","9","1","0","1","0","0","3","11","0","2","0","0","0","0","1","10","0","2","0","0","2","4","0","1","0","0","0","2","0","4","1","2","0","2","1","0","0","1","0","0","0","0","0","1","0","0","0","0","0","0","0","0","0","0","0","0","0","1","0","0","0","0","0","0","0","0","0","0","0","0","0","0","0","0","0","0","0","0","0","0","0","0","0","1","0","0","0","0","0","0","0","0","0","0","0","0","1","0","0","0","0","1","0","1","0","0","0","0","0","1","0","0","0","0","0","0","0","0","0","0","0","0","0","0","0","0","0","0","1","1","0","0","0","0","0","0","0","0","0","0","0","0","0","0","0","0","0","1","1","0","0","0","0","1","0","0","0","0","0","0","0","0","0","0","0","0","0","0","0","0","0","0","1","0","0","0","0","0","0","0","0","0","0","0","1","0","0","0","0","0","0","0","0","0","338","8","0","0","0","2","1","0","0","0","0","0","0","0","0","34","2","1","0","0","0","1","0","9","0","1","0","9","0","5","0","0","0","0","2","0","0","2","1","0","0","5","0","0","2","0","0","0","0","0","0","1","0","0","1","4","0","0","3","1","0"
"11-225 Hillside No. 5","241","9","2","0","1","0","0","1","2","0","1","1","0","0","0","9","3","0","1","0","0","2","9","0","1","0","1","0","0","1","10","1","2","0","0","2","3","0","0","0","1","0","0","0","2","0","0","0","1","1","0","0","0","0","0","0","0","0","7","0","0","0","0","0","0","0","0","0","0","1","0","0","0","1","0","0","0","0","0","0","0","0","0","0","0","0","0","0","0","0","0","0","1","0","0","0","0","0","7","2","0","0","0","0","0","0","0","0","0","1","0","4","1","1","0","0","0","0","0","1","0","1","0","0","0","0","0","0","1","0","0","0","0","0","0","0","0","0","0","0","0","0","1","0","0","0","0","0","0","0","0","2","0","0","0","0","1","0","0","0","0","0","1","0","0","0","0","0","0","0","0","0","0","0","0","0","0","0","0","0","0","0","0","0","0","1","0","0","0","0","0","1","0","0","0","0","0","0","0","0","0","0","0","0","0","0","0","0","0","358","3","0","0","0","0","0","0","0","0","0","0","0","0","0","25","1","2","0","0","4","0","0","1","0","0","1","1","0","3","0","0","0","0","0","0","0","1","0","0","0","1","0","0","2","0","0","0","0","0","0","0","0","0","0","2","0","0","2","0","0"
"11-230 Hillside No. 6","212","9","2","0","4","0","0","3","6","0","0","0","1","0","0","18","1","0","4","1","0","4","20","0","0","1","0","0","0","0","26","1","2","0","1","6","14","0","2","0","0","0","0","0","4","1","0","0","0","0","0","0","0","0","1","0","0","0","5","3","0","0","1","0","0","0","0","0","0","0","0","0","0","1","0","0","0","0","0","1","0","1","0","0","0","0","0","1","0","0","0","0","0","0","0","0","0","0","5","0","0","0","1","0","0","1","0","1","0","0","0","0","3","0","0","0","0","0","1","0","0","0","0","0","0","0","0","0","0","0","0","0","0","0","0","0","0","0","1","0","0","0","1","0","1","0","0","0","0","0","0","1","0","1","0","1","0","1","0","0","0","0","1","0","0","0","0","1","0","0","0","0","0","0","0","0","0","0","0","0","0","0","0","0","0","0","0","1","0","0","0","0","0","0","0","0","0","0","0","0","0","0","0","0","0","0","0","0","0","301","2","0","0","0","0","0","0","0","0","0","0","0","0","0","38","2","1","0","2","4","0","0","7","0","0","0","3","0","7","0","0","0","0","3","0","0","3","0","1","1","7","0","0","1","0","0","0","0","1","0","3","0","2","0","1","0","0","8","4","0"
"11-235 Hillside No. 7","210","4","2","0","4","1","0","1","6","0","0","0","0","0","0","14","0","0","4","2","0","5","9","0","0","1","0","0","0","0","14","0","1","0","1","7","6","0","1","0","1","0","0","0","9","0","0","0","0","0","0","0","0","0","1","0","0","0","4","0","0","0","0","0","0","1","0","0","0","0","0","0","0","0","1","0","0","0","0","0","0","0","0","0","0","0","0","0","0","0","0","0","0","0","0","0","0","0","1","0","0","0","0","0","0","0","0","0","0","0","0","1","0","0","0","0","0","0","0","0","0","0","0","0","0","0","0","0","0","0","0","0","0","0","0","1","0","0","0","0","0","0","0","0","0","0","0","2","0","0","0","1","0","0","0","1","1","0","0","0","0","1","2","0","0","0","0","0","0","0","0","0","0","0","0","0","0","0","0","0","0","0","0","0","0","0","0","1","0","0","0","0","0","0","0","0","0","0","0","0","0","0","0","0","0","0","0","0","0","237","3","0","0","0","2","0","0","0","0","0","0","0","0","0","26","2","0","0","1","4","1","0","7","0","2","0","5","0","7","1","0","0","0","7","1","0","3","0","0","2","3","0","0","2","0","0","0","0","0","1","2","0","1","0","0","0","0","6","0","0"
"12-250 Southeast Anchorage No. 1","216","10","3","0","18","0","0","2","6","0","2","1","0","0","0","11","0","0","9","1","0","6","13","1","0","0","0","0","1","0","9","2","9","0","1","2","10","0","0","0","1","0","0","0","6","3","2","0","0","0","1","0","1","0","0","2","0","0","5","0","0","0","3","0","0","0","0","0","0","1","0","0","0","0","0","0","0","0","0","1","0","1","0","0","0","0","0","0","0","0","0","0","0","0","0","0","0","0","3","0","1","0","0","0","0","0","0","0","0","0","0","1","0","0","0","0","0","0","0","0","1","0","0","0","0","0","0","0","0","0","0","0","0","0","0","0","0","0","1","0","0","0","0","0","0","0","0","0","0","1","0","2","0","0","0","0","0","0","0","0","0","2","3","1","0","0","0","0","0","0","0","0","0","0","1","0","0","0","0","0","0","0","0","0","0","1","1","0","0","1","0","0","0","0","0","0","0","0","1","0","1","0","0","0","1","0","0","0","0","342","5","1","3","0","5","0","1","0","0","0","0","2","1","0","50","3","2","0","1","6","0","0","17","0","3","1","16","0","4","0","0","0","0","1","1","0","5","0","0","1","3","0","0","1","0","2","0","0","1","0","11","0","0","2","0","0","0","2","2","2"
"12-255 Southeast Anchorage No. 2","107","7","2","0","4","0","0","1","5","0","1","0","1","0","0","4","0","0","6","0","0","1","7","0","0","0","0","0","0","0","11","2","6","0","0","2","11","0","0","0","0","0","0","0","5","0","1","0","1","0","0","0","0","0","0","2","0","0","2","0","0","0","0","0","0","0","0","0","0","0","0","0","0","0","0","0","0","0","0","0","0","1","0","0","0","0","0","0","0","0","0","0","0","0","0","0","0","0","2","0","0","0","0","1","0","0","0","0","0","1","0","2","0","0","0","0","0","0","0","0","0","1","0","0","2","0","0","0","0","0","0","1","0","0","0","0","0","0","0","0","0","0","0","0","0","0","0","0","0","0","0","1","0","0","0","0","0","0","0","0","1","1","2","1","1","0","0","0","0","0","0","0","0","0","0","0","0","0","0","0","0","1","0","0","0","0","0","0","0","0","0","0","0","0","0","0","0","0","0","0","0","0","0","0","0","0","0","0","0","207","7","1","2","0","0","0","0","0","0","0","0","1","0","0","22","0","2","0","1","6","0","0","9","0","0","2","7","0","1","0","0","0","0","0","1","0","0","0","2","0","1","0","0","1","0","0","0","0","0","0","6","0","0","0","0","0","0","1","0","0"
"12-260 Southeast Anchorage No. 3","212","7","2","0","12","1","0","1","6","0","2","2","3","0","2","11","2","0","6","0","0","2","6","0","0","1","0","0","0","0","19","1","7","0","1","2","16","0","0","0","1","2","0","0","7","1","1","0","0","1","3","0","0","0","1","3","0","0","3","1","0","0","0","0","0","0","0","0","0","1","1","0","0","0","0","0","0","0","0","0","0","1","0","0","0","0","0","0","0","0","0","1","0","0","0","0","0","0","1","1","0","1","0","0","0","0","0","0","0","0","0","3","1","0","0","0","0","0","0","1","0","1","0","0","0","0","0","0","0","0","0","0","0","0","1","0","1","0","1","0","0","0","0","0","0","0","0","0","0","0","0","3","1","0","0","0","0","0","0","0","0","3","1","0","0","0","0","0","0","0","0","0","0","0","0","0","0","0","0","0","0","0","0","0","0","1","0","0","0","0","0","1","0","0","0","0","0","0","0","0","0","0","0","0","0","0","0","0","0","311","7","1","3","0","1","1","0","0","0","0","0","1","0","0","19","1","3","0","1","9","1","0","12","0","2","0","13","0","7","1","1","0","0","2","0","0","5","1","0","1","4","0","0","2","0","2","0","0","0","2","6","0","0","0","1","0","0","1","3","0"
"12-265 Southeast Anchorage No. 4","222","18","0","0","7","0","0","2","2","0","0","0","0","0","1","8","2","0","5","0","0","5","8","0","2","1","0","0","1","0","20","0","5","0","0","9","10","0","0","0","0","1","0","0","7","4","2","0","2","0","1","0","0","0","0","2","0","0","5","0","0","0","0","0","0","0","0","0","0","0","0","0","0","0","0","1","0","0","0","0","0","0","0","0","1","0","0","0","0","0","0","1","0","0","0","0","0","0","3","0","0","0","1","0","0","0","0","0","0","1","0","1","0","0","0","0","0","0","0","0","0","0","0","0","0","0","0","0","0","0","0","0","0","0","0","0","0","0","0","0","0","0","0","0","2","1","0","0","0","0","0","0","0","0","0","0","0","0","1","0","0","0","3","0","0","0","0","0","0","0","0","1","0","0","0","1","0","0","0","1","0","0","0","0","0","0","1","0","0","0","0","1","0","0","0","0","0","0","1","0","0","0","0","0","0","0","0","0","0","325","8","5","3","0","1","0","1","0","0","0","1","0","0","0","36","4","0","0","0","3","0","0","8","0","0","2","10","0","7","1","0","0","0","1","0","0","2","0","0","0","3","0","0","0","0","0","0","1","0","0","3","0","0","0","2","0","0","6","2","0"
"12-270 Southeast Anchorage No. 5","246","9","3","0","8","0","0","1","7","0","1","1","0","0","0","10","3","0","12","1","0","3","16","0","0","0","0","0","0","0","25","5","7","0","1","8","16","0","0","1","0","1","0","0","1","2","1","0","3","0","0","0","2","0","0","5","0","0","5","0","0","0","0","0","0","0","0","0","0","1","0","0","0","0","1","2","0","0","0","2","0","0","0","0","0","0","0","0","0","0","0","0","1","0","0","0","0","0","4","0","1","0","1","0","0","0","0","0","0","0","0","3","2","1","0","0","0","0","0","0","0","0","0","0","1","0","0","0","0","0","0","0","0","1","0","0","0","0","1","0","0","0","0","0","0","0","0","0","0","0","0","1","0","0","0","0","0","0","0","0","0","2","0","1","0","0","0","0","1","0","0","0","0","0","0","1","0","0","0","0","0","0","0","0","0","0","1","0","0","0","0","1","0","0","0","0","0","0","1","0","0","0","0","0","0","0","0","0","0","356","8","3","5","0","2","0","3","0","1","0","0","2","3","0","43","5","0","0","1","6","4","0","16","0","0","2","16","0","5","1","0","0","0","1","3","0","10","0","0","0","3","0","0","4","0","1","0","0","0","0","9","1","0","1","1","0","2","8","1","6"
"12-275 Southeast Anchorage No. 6","275","18","3","0","10","0","0","0","3","0","0","2","1","0","1","13","3","0","4","0","0","3","8","0","1","1","1","0","0","0","19","1","4","0","2","4","11","0","1","0","1","1","0","0","8","3","0","0","0","1","1","0","1","0","1","1","0","0","2","0","0","0","0","0","0","1","2","0","0","0","0","0","1","0","0","0","0","0","0","0","0","0","0","0","0","0","1","0","0","0","0","0","1","0","0","0","0","0","3","1","0","0","1","0","0","1","0","0","0","0","0","3","1","0","0","0","0","0","0","0","0","0","0","0","0","0","0","0","0","0","0","0","0","0","0","0","0","0","0","0","0","0","0","0","0","0","0","0","0","0","0","1","0","0","1","0","0","0","0","0","0","1","0","0","0","0","0","0","1","0","0","0","0","0","0","0","0","0","0","0","0","0","0","0","1","0","0","0","0","0","0","0","0","0","0","0","0","0","0","0","0","0","0","0","0","0","0","0","0","281","3","0","1","0","0","1","1","0","0","0","0","0","0","0","30","0","0","0","0","9","0","0","14","0","1","0","4","0","4","0","0","0","0","1","0","0","5","0","0","0","4","0","1","1","0","0","0","0","0","0","2","0","0","0","2","0","0","3","1","3"
"13-305 South Midtown No. 1","39","6","0","0","1","0","0","0","1","0","0","1","0","0","0","2","0","0","6","0","0","0","6","0","0","0","0","0","0","0","7","1","1","0","0","1","4","0","0","0","0","0","0","0","4","0","0","0","1","0","1","0","0","0","0","1","0","0","1","0","1","0","0","0","0","0","0","0","0","1","0","0","0","0","0","0","0","0","0","0","0","0","0","0","0","0","0","0","0","0","0","0","0","0","0","0","0","0","0","0","0","0","0","0","0","0","0","0","0","0","0","0","0","0","0","0","0","0","0","0","0","0","0","0","0","0","0","0","0","0","0","0","0","1","0","0","0","0","0","0","0","0","0","0","0","0","0","0","0","0","0","0","0","0","0","0","0","0","0","0","0","1","0","0","1","0","0","0","0","0","0","0","0","0","0","0","0","0","0","0","0","0","0","0","0","0","0","0","0","0","0","0","0","0","0","0","0","0","0","0","0","0","0","0","0","0","0","0","0","89","3","0","0","0","1","0","0","0","0","0","0","0","0","0","14","1","1","0","1","4","0","0","8","0","1","0","3","0","1","0","0","0","0","0","0","0","0","0","0","0","1","0","0","2","0","0","0","0","1","0","1","0","1","0","0","0","0","1","0","0"
"13-310 South Midtown No. 2","295","12","2","1","14","1","0","1","2","0","1","0","2","0","0","14","0","1","9","1","0","5","12","1","1","0","0","0","0","0","21","2","19","0","0","6","18","0","0","0","0","1","0","0","13","2","2","0","0","0","2","0","0","0","0","1","1","0","7","2","0","0","0","0","0","0","0","0","0","0","0","0","2","1","0","0","0","0","0","1","0","1","0","0","0","0","1","0","0","0","0","0","0","0","0","0","0","0","6","0","0","0","1","0","0","2","0","0","0","0","0","2","1","0","0","0","0","0","0","0","0","1","0","0","0","0","0","0","0","0","0","0","0","0","0","0","0","0","0","2","0","0","0","0","1","0","0","0","0","0","0","1","1","0","0","0","0","0","0","0","1","0","2","0","0","0","0","0","0","0","0","0","0","0","0","0","0","0","0","1","0","2","0","0","0","0","0","0","0","0","0","1","0","0","0","1","0","0","0","0","0","0","0","0","0","0","0","0","0","428","18","2","3","0","3","0","1","0","3","0","0","2","0","0","47","1","3","0","5","6","2","0","16","0","2","0","13","1","2","0","0","0","1","1","1","0","2","0","0","0","6","0","0","0","0","1","0","0","0","1","5","0","0","0","1","0","0","3","1","3"
"13-315 South Midtown No. 3","253","13","0","0","12","0","0","3","8","0","1","2","3","0","0","8","0","0","13","1","0","4","14","0","1","1","0","0","1","0","17","2","15","0","0","7","18","0","2","0","0","0","0","0","7","2","1","1","1","0","0","0","1","0","0","3","2","0","4","0","2","0","1","0","0","0","0","0","0","1","0","0","0","0","0","1","0","0","0","0","0","2","0","1","0","0","0","0","0","0","1","0","0","0","0","0","0","0","3","1","1","0","0","1","0","2","0","0","0","0","0","1","2","0","0","1","0","0","0","1","0","1","0","0","0","0","0","0","0","0","0","0","0","0","0","0","0","0","0","0","0","0","0","0","0","0","0","0","0","0","0","2","0","0","0","0","0","0","0","1","0","1","3","0","0","0","1","0","0","0","0","0","0","0","0","0","0","0","0","0","0","0","0","0","0","0","0","0","0","0","0","0","0","0","0","0","0","0","0","0","1","0","0","0","0","0","0","0","0","370","8","5","1","0","2","0","0","0","1","0","0","3","0","0","34","7","0","0","1","9","0","0","17","0","2","0","20","0","7","0","1","0","0","2","1","0","3","0","1","0","6","0","2","3","1","1","1","0","1","0","8","0","0","0","2","0","0","2","2","3"
"13-320 South Midtown No. 4","234","16","2","0","14","2","0","3","6","0","1","1","1","0","2","12","0","0","7","0","0","3","17","0","1","2","0","0","1","1","23","3","10","0","0","9","12","0","1","0","2","1","0","0","4","2","0","0","2","0","3","0","0","0","2","4","0","0","2","2","1","0","0","0","0","0","0","0","0","2","0","0","0","0","0","0","0","0","0","0","0","0","0","0","0","0","0","0","0","0","0","0","1","0","1","0","0","0","0","0","0","0","0","0","0","1","0","0","0","0","0","1","2","0","0","0","0","0","0","0","0","0","0","0","0","1","0","0","0","0","0","0","0","1","0","0","0","0","0","1","0","0","0","0","1","1","0","0","0","0","0","1","0","0","0","0","1","1","0","0","0","5","5","0","0","0","1","1","1","1","0","2","0","0","0","0","1","0","0","0","0","1","0","0","0","0","0","1","0","0","0","0","0","0","0","0","0","0","0","0","0","0","0","0","0","0","0","0","0","350","8","3","2","0","1","1","0","0","0","0","0","3","0","0","53","3","1","0","3","7","2","0","15","0","2","2","10","0","5","0","0","0","0","0","2","0","7","0","1","1","2","0","0","0","0","2","0","0","0","0","10","0","0","1","4","0","0","3","3","3"
"13-325 South Midtown No. 5","306","8","2","0","13","0","1","4","12","0","0","5","1","0","1","16","0","0","8","0","0","6","23","0","2","1","0","0","0","1","41","3","16","0","2","9","18","0","0","1","0","0","0","0","2","2","2","0","3","1","0","0","1","0","1","2","0","0","1","1","0","0","1","0","0","0","1","0","0","1","0","0","0","0","0","0","0","0","0","0","0","0","0","0","0","0","1","0","0","1","0","0","0","0","0","0","0","0","1","0","0","0","0","0","0","0","0","1","0","1","0","0","2","0","0","0","0","0","0","1","1","0","0","0","1","1","0","0","1","0","0","0","0","1","0","0","0","0","1","0","0","0","1","0","0","1","0","0","0","0","0","1","0","0","1","0","0","0","0","0","0","2","9","1","0","0","0","0","1","0","0","0","0","0","0","0","0","0","0","0","0","0","0","0","0","0","0","0","0","0","0","0","0","0","0","0","0","0","1","0","0","0","0","0","0","0","0","0","0","269","7","3","2","0","3","0","1","0","2","0","1","4","1","0","47","3","1","0","0","6","2","0","10","0","3","0","24","0","8","1","0","0","0","0","0","0","8","0","0","1","5","0","1","1","1","1","0","0","0","0","9","0","1","0","0","0","0","5","3","4"
"14-350 North Midtown No. 1","97","5","2","0","2","0","0","0","1","0","0","0","2","0","0","5","1","0","4","0","0","1","4","0","1","0","1","0","0","0","19","1","2","0","1","4","10","0","0","1","0","0","0","0","1","1","2","0","0","0","0","0","0","0","0","1","0","0","3","0","0","0","0","0","0","0","0","0","0","0","0","0","0","0","0","0","0","0","0","1","0","0","0","0","0","0","0","0","0","0","0","0","0","0","0","0","0","0","0","0","0","0","0","0","0","0","0","0","0","1","0","0","0","0","0","0","0","0","0","0","0","0","0","2","1","0","0","0","0","0","0","0","0","0","0","0","0","0","0","0","0","0","0","0","0","0","0","0","0","0","0","0","0","0","0","0","0","0","0","0","0","1","1","0","0","0","0","0","1","0","0","0","0","0","0","0","0","0","0","0","0","0","0","0","0","0","0","1","0","0","0","0","0","0","0","0","0","0","0","0","0","0","0","0","0","0","0","0","0","66","1","0","0","0","0","0","1","0","0","0","0","0","0","0","12","1","1","0","1","3","0","0","4","0","1","0","4","0","5","0","0","0","0","3","0","0","1","0","0","0","0","0","2","1","0","0","0","0","0","0","1","0","0","0","0","0","0","0","0","1"
"14-355 North Midtown No. 2","117","5","1","0","6","0","0","2","4","0","1","0","2","0","1","6","1","0","5","0","0","3","6","0","0","1","0","0","0","0","17","2","2","0","0","2","9","0","0","0","1","0","0","0","2","1","0","0","0","0","0","0","0","0","0","0","0","0","4","2","0","0","1","0","0","0","0","0","0","1","0","0","0","0","0","0","0","0","0","0","0","0","0","0","0","0","0","0","0","0","0","0","0","0","0","0","0","0","1","0","0","0","1","0","0","1","0","0","0","0","0","0","1","0","0","0","0","0","0","0","0","0","0","0","0","0","0","0","0","0","0","0","0","0","0","0","0","0","0","0","0","0","0","0","1","0","0","1","0","0","0","1","1","0","0","0","0","0","0","0","1","1","7","0","0","0","0","0","0","0","0","0","0","0","0","0","0","0","0","0","0","0","0","0","0","2","0","0","0","0","0","0","0","0","0","0","0","0","0","0","0","0","0","0","1","0","0","0","0","117","1","1","1","0","1","1","1","0","0","0","0","0","0","0","13","0","0","0","0","0","1","0","14","0","2","1","3","0","2","0","0","0","0","2","0","0","1","0","0","0","0","0","0","0","0","0","0","0","0","0","0","0","0","0","0","0","0","2","0","0"
"14-360 North Midtown No. 3","86","5","1","0","6","0","0","0","2","0","1","2","1","0","0","4","0","0","1","0","0","4","6","0","1","0","0","0","0","0","8","1","3","0","0","1","2","0","0","0","1","0","0","0","5","1","0","0","1","0","0","0","0","0","0","0","0","0","2","0","0","0","0","0","0","0","0","0","0","1","0","0","0","0","0","1","0","0","0","0","0","0","0","0","0","0","0","0","0","0","0","0","0","0","0","0","0","0","1","0","1","0","0","0","0","0","0","0","0","1","0","1","0","0","0","0","0","0","0","0","0","1","0","0","1","0","0","0","0","0","0","0","0","1","0","0","0","0","0","0","1","0","0","0","1","1","0","0","0","0","0","1","0","0","0","0","0","0","0","0","0","1","1","0","0","0","0","0","0","0","0","0","0","0","0","0","0","1","0","0","0","0","0","0","0","0","0","0","0","0","0","0","0","0","0","0","0","0","0","0","0","0","0","0","0","0","0","0","0","117","6","1","2","0","0","0","0","0","0","0","0","0","0","0","8","1","2","0","0","1","1","0","9","0","0","0","1","0","2","0","0","0","0","0","0","0","3","0","0","0","2","0","0","1","0","0","0","0","0","0","1","0","0","0","1","0","0","1","0","0"
"14-365 North Midtown No. 4","130","5","1","0","11","0","0","2","6","0","0","1","2","0","0","6","0","0","6","0","0","4","7","0","0","0","0","0","0","0","14","0","2","0","0","2","19","0","0","0","0","0","0","0","6","2","3","0","1","1","0","0","0","0","0","0","0","0","3","2","0","0","0","0","0","0","0","0","0","0","1","0","0","0","0","0","0","0","1","0","0","0","0","0","0","0","0","0","0","0","0","0","0","0","0","0","0","0","1","0","1","0","1","0","0","0","0","0","0","0","0","0","0","0","0","0","0","0","0","0","0","0","0","0","0","0","0","0","0","0","0","0","0","0","0","0","0","0","0","0","0","0","0","0","0","0","0","0","0","0","0","1","0","0","0","0","0","1","0","0","0","2","1","0","0","0","0","0","0","0","0","0","0","0","0","1","0","1","0","0","0","0","0","0","0","0","0","0","0","0","0","0","0","0","0","0","0","0","0","0","0","0","0","0","0","0","0","0","0","138","3","1","3","0","1","0","1","0","0","0","0","0","0","0","17","1","1","0","1","3","0","0","10","0","1","0","3","0","2","0","0","0","0","1","0","0","3","1","0","0","1","0","1","1","0","1","0","0","0","1","1","0","1","0","2","0","0","2","1","1"
"14-370 North Midtown No. 5","236","16","4","0","10","0","1","1","7","0","1","4","2","0","0","10","1","0","7","0","0","3","17","0","1","0","0","0","0","0","20","5","4","0","1","1","17","0","0","0","0","0","0","0","5","5","5","0","1","0","0","0","0","0","1","0","0","0","1","2","0","0","1","0","0","0","1","0","0","0","0","0","0","2","0","0","0","0","0","1","0","0","0","0","0","0","1","0","0","0","0","0","0","0","0","0","0","0","1","0","0","0","0","0","0","1","0","0","0","0","0","2","1","0","0","0","0","0","0","0","0","1","0","0","0","1","0","0","0","0","1","0","0","0","0","0","0","0","1","0","1","0","0","0","1","0","0","0","0","0","0","1","0","0","0","0","0","0","0","0","0","1","3","0","0","0","0","0","0","0","0","0","0","0","1","0","0","0","1","0","0","0","0","0","0","0","0","0","0","0","0","0","0","0","0","0","0","0","0","0","0","0","0","0","0","0","0","0","0","219","4","0","4","0","0","0","1","0","0","0","0","0","0","0","31","3","2","0","1","6","2","0","17","1","2","0","8","0","1","0","1","0","0","4","1","0","4","0","0","1","0","0","0","2","0","0","0","0","0","0","3","0","0","0","2","0","0","4","4","6"
"14-375 North Midtown No. 6","153","8","4","0","6","0","1","3","7","0","0","1","0","0","0","6","1","0","4","0","0","2","6","0","4","0","0","0","0","1","11","0","3","0","0","4","7","0","2","0","1","0","0","0","2","1","3","0","0","0","0","0","0","1","0","0","0","0","1","2","0","0","0","0","0","0","0","0","0","0","0","0","0","1","0","0","0","0","0","1","0","0","0","0","0","0","0","0","0","0","0","0","0","0","0","0","0","0","3","1","0","0","0","0","0","0","0","0","0","0","0","0","0","0","0","0","0","0","0","0","0","0","0","0","0","0","0","0","0","0","0","0","0","0","0","0","0","0","0","0","0","0","0","0","0","0","0","0","0","0","0","1","0","0","0","1","0","0","0","0","0","0","2","0","0","0","1","0","0","0","0","0","0","0","0","0","0","0","0","0","0","0","0","0","0","0","0","0","0","0","0","0","1","0","0","0","0","0","0","0","0","0","1","0","0","0","0","0","0","170","3","0","3","0","1","0","0","0","0","0","0","0","0","0","19","0","2","0","2","1","1","0","8","0","1","1","5","0","5","0","0","0","0","1","0","0","4","0","0","1","1","0","1","0","0","0","0","0","0","0","2","0","0","0","1","0","0","1","6","0"
"14-380 North Midtown No. 7","360","13","2","0","16","0","0","3","4","0","0","1","0","0","1","15","1","0","1","0","0","6","14","0","1","1","1","0","0","0","46","1","4","0","2","7","19","0","1","0","1","1","0","0","5","1","2","0","0","1","0","0","1","0","0","0","0","0","2","1","0","0","0","0","0","0","0","0","0","0","0","0","0","0","0","0","0","0","0","0","0","0","0","1","0","0","0","1","0","0","0","0","0","0","0","0","1","0","4","0","0","0","0","0","0","1","0","0","0","0","0","4","1","0","0","0","0","0","0","0","0","0","0","0","0","0","0","0","0","0","0","0","0","1","0","1","0","0","1","0","0","0","0","0","0","0","0","0","1","0","0","1","0","0","0","0","0","0","0","0","0","3","2","0","0","0","0","0","0","0","0","0","0","0","0","0","0","0","0","0","0","0","0","0","0","0","0","0","0","0","0","1","0","0","0","0","0","0","0","0","0","0","0","0","0","0","0","0","0","232","7","0","1","0","0","0","0","0","0","0","0","0","0","0","21","1","1","0","0","3","3","0","8","0","1","0","3","0","5","1","1","0","0","2","0","0","4","0","0","0","1","0","0","1","0","0","0","0","1","0","0","0","0","0","1","0","0","9","1","1"
"15-405 Southwest Anchorage No. 1","191","7","0","0","11","1","0","1","0","0","0","1","1","0","1","9","1","0","2","0","0","2","7","0","1","2","1","0","0","0","10","0","2","0","1","2","7","0","0","0","0","0","0","0","16","2","2","0","1","0","0","0","0","0","0","0","0","0","7","1","0","0","1","0","0","0","0","0","0","0","1","0","0","1","0","0","0","0","0","0","0","0","0","0","0","0","0","0","0","0","0","0","0","0","0","0","0","0","2","1","1","0","0","0","0","1","0","0","0","0","0","4","0","0","0","0","0","0","0","0","0","1","0","0","0","0","0","0","0","0","0","0","0","0","0","0","0","0","0","0","0","0","0","0","0","0","0","1","0","0","0","0","0","0","0","1","0","0","0","0","0","1","0","0","0","0","0","0","0","0","0","0","0","0","0","0","0","0","0","0","0","1","0","0","0","0","0","0","0","0","0","0","0","0","0","0","0","0","0","0","0","0","0","0","0","0","0","0","0","273","3","3","5","0","1","1","1","0","0","0","0","1","0","0","22","0","1","0","0","3","2","0","12","0","3","0","3","0","4","0","0","0","0","0","1","0","3","0","0","1","2","0","0","1","0","0","0","0","1","1","0","0","0","0","3","0","0","5","4","0"
"15-410 Southwest Anchorage No. 2","194","9","3","0","13","1","0","2","3","0","0","1","0","0","0","6","1","0","3","1","0","6","15","0","1","1","1","0","1","0","18","1","5","0","0","6","27","0","0","0","0","0","0","0","5","2","1","0","2","1","0","0","0","0","0","1","0","0","3","0","0","0","0","0","0","0","2","0","0","0","0","0","0","0","0","0","0","0","0","0","0","0","0","0","0","0","0","0","0","1","0","0","0","0","0","0","1","0","5","3","2","0","0","0","0","0","0","0","0","0","0","3","3","0","0","1","0","0","0","1","0","0","0","0","1","0","0","0","0","0","0","0","0","0","0","0","0","0","0","0","0","0","0","0","0","0","0","0","0","0","0","0","0","0","0","0","0","0","0","0","0","2","1","0","0","0","0","0","0","0","0","0","0","0","1","0","0","0","0","0","0","0","0","0","0","0","0","0","0","0","0","1","0","0","0","0","0","0","0","0","0","0","0","0","0","0","0","0","0","308","6","1","6","0","0","1","3","0","0","0","0","1","0","0","31","5","2","0","0","4","3","1","15","0","5","0","8","0","4","0","0","0","0","0","0","0","2","0","1","0","1","0","1","2","0","0","0","0","0","0","0","0","0","0","4","0","0","10","4","3"
"15-415 Southwest Anchorage No. 3","247","10","7","0","10","0","0","4","7","0","2","2","3","0","1","10","2","0","5","0","0","5","6","0","2","1","0","0","1","0","29","2","8","0","0","4","15","0","0","0","2","1","0","0","9","2","4","0","0","0","1","0","0","0","0","2","0","0","6","1","0","0","1","0","0","0","0","0","0","0","1","0","0","1","0","0","0","0","0","0","0","1","0","1","0","0","0","1","0","0","0","0","0","0","0","0","0","0","0","2","0","0","1","1","0","1","0","0","0","0","0","1","1","0","0","0","0","0","0","2","0","0","0","0","1","0","0","0","1","0","0","1","0","0","0","0","1","0","0","0","0","0","0","0","0","0","0","0","0","0","0","1","0","2","0","0","0","0","0","0","0","1","4","0","0","0","0","0","0","0","0","0","0","0","0","0","0","0","0","0","0","0","0","1","0","0","0","0","0","0","0","0","0","0","0","0","0","0","0","0","0","0","0","0","0","0","0","0","0","356","4","1","8","0","5","1","0","0","0","0","0","0","1","0","49","3","5","0","0","7","3","0","18","0","1","1","8","0","6","0","0","0","0","0","0","0","4","1","1","0","4","0","0","1","1","0","0","0","2","0","2","0","0","0","5","0","0","5","0","1"
"15-420 Southwest Anchorage No. 4","217","6","5","0","26","1","0","2","3","0","0","3","2","0","2","12","1","0","9","1","0","0","6","0","1","1","0","0","1","0","17","2","6","0","0","3","15","0","1","0","0","0","1","0","11","2","2","0","0","1","0","0","1","0","0","0","0","0","5","3","0","0","0","0","0","0","0","0","0","1","0","0","1","0","0","0","0","0","0","1","0","2","0","0","0","0","0","0","0","0","1","0","1","0","0","0","0","0","1","0","1","1","0","0","0","0","0","1","0","0","0","0","2","0","0","0","0","0","0","0","0","0","0","0","0","0","0","0","1","0","0","1","0","0","1","0","0","0","0","0","0","0","0","0","0","0","0","0","0","0","0","4","0","1","0","0","0","0","0","0","0","3","2","0","0","0","0","0","0","0","0","0","0","0","0","0","0","0","0","0","0","0","0","0","0","0","0","0","0","0","0","0","0","0","0","0","0","0","0","0","0","0","0","0","0","0","0","0","0","285","12","1","6","0","0","0","2","0","0","0","0","0","0","0","40","3","3","0","0","5","1","0","31","0","2","0","11","0","3","0","0","0","1","2","0","0","4","0","0","1","4","0","2","1","0","0","0","0","0","0","1","0","0","0","2","0","0","3","3","6"
"15-425 Southwest Anchorage No. 5","234","11","2","0","7","0","0","1","5","0","1","4","0","0","0","13","0","0","5","0","0","3","20","0","1","1","0","0","0","1","18","2","3","0","2","4","13","0","0","0","1","0","0","0","5","1","2","0","0","0","1","0","0","0","0","0","0","0","2","0","0","0","0","0","0","0","0","0","0","0","0","0","0","0","0","0","0","0","1","0","0","0","0","0","0","1","0","0","0","0","0","0","0","0","0","0","0","0","1","1","1","0","0","0","0","0","0","0","0","0","0","3","0","0","0","0","0","0","1","0","0","0","0","0","1","0","0","0","0","0","0","0","0","0","0","0","0","0","0","0","0","0","0","0","0","1","0","0","0","0","0","1","0","0","0","0","0","1","0","0","0","2","1","0","0","0","0","0","0","0","0","0","0","1","0","1","0","0","0","0","0","0","0","0","0","1","0","0","0","0","0","2","0","0","0","0","0","0","0","0","0","0","0","0","0","0","0","0","0","291","5","1","1","1","0","1","1","0","0","0","0","1","1","0","35","0","3","0","1","4","1","0","17","0","1","0","7","1","2","1","0","0","0","3","0","0","2","0","0","0","3","0","0","5","0","0","0","0","0","0","0","0","1","1","5","0","0","9","2","3"
"15-430 Southwest Anchorage No. 6","304","11","1","0","18","0","0","4","2","0","2","3","1","0","0","13","2","0","7","0","0","4","13","0","1","0","0","0","0","0","30","1","6","1","2","0","19","0","1","1","0","0","0","0","19","1","3","0","0","0","0","0","0","0","0","0","0","0","3","1","0","0","0","0","0","0","1","0","0","0","0","0","0","0","1","0","0","0","0","0","0","0","1","0","0","0","0","0","0","0","0","1","1","0","0","0","0","0","9","1","1","0","1","0","0","1","0","0","0","1","0","4","2","0","0","0","0","0","0","0","0","0","0","0","0","0","0","0","0","0","0","0","0","0","1","0","0","0","0","1","0","0","0","0","0","0","0","0","0","0","0","3","1","0","0","0","0","0","0","0","0","4","3","0","0","0","0","0","1","0","0","0","0","0","0","0","0","0","0","0","0","0","0","0","0","1","0","0","0","0","0","0","0","0","0","0","0","0","0","0","0","0","0","0","0","0","0","1","0","479","13","3","3","0","2","0","1","0","0","0","0","1","0","0","69","1","1","0","0","7","1","0","26","0","2","0","11","0","11","1","0","0","1","5","0","0","4","0","0","0","4","0","3","0","0","0","0","0","0","0","1","0","0","1","3","0","0","8","1","4"
"16-450 West Anchorage No. 1","317","10","0","0","9","0","1","1","1","1","1","2","0","0","0","7","0","1","7","0","0","7","12","0","2","0","0","0","0","0","32","2","7","0","0","6","12","0","1","0","0","0","0","0","5","1","2","0","0","1","0","0","0","0","0","0","0","0","2","0","0","0","0","0","0","0","0","0","0","0","0","0","0","1","0","0","0","0","0","0","0","0","0","0","0","0","0","0","0","0","0","0","0","0","0","0","0","0","1","1","0","0","0","0","0","0","0","0","0","0","0","0","1","0","0","0","0","0","0","0","0","0","1","0","0","0","0","0","0","0","0","0","0","0","0","0","0","0","0","0","0","0","0","0","0","0","0","0","0","0","0","0","0","0","0","0","1","0","0","0","0","2","4","0","0","0","0","0","1","0","0","0","0","0","0","0","0","0","0","0","0","0","0","1","0","1","1","0","0","0","0","0","0","0","0","0","0","0","0","0","0","0","0","0","0","0","0","0","0","141","6","0","0","0","0","0","1","0","0","0","0","0","0","0","14","2","0","0","0","0","0","0","3","0","1","0","6","0","5","0","0","0","0","1","0","0","0","0","0","0","1","0","0","0","0","0","0","0","0","0","0","0","1","0","4","0","0","7","1","0"
"16-455 West Anchorage No. 2","288","11","0","0","14","0","0","1","6","0","0","5","0","0","0","8","2","0","3","0","0","4","12","0","1","1","0","0","0","1","29","0","6","0","0","9","16","0","1","0","0","0","0","0","6","1","2","0","2","0","1","0","1","0","0","0","1","0","4","1","0","0","0","0","0","0","1","0","0","1","0","0","0","0","0","0","0","0","0","0","0","0","0","1","0","0","0","0","0","0","0","0","0","0","0","0","1","0","1","1","1","0","0","0","0","0","0","0","0","0","0","1","0","0","0","0","0","0","0","1","0","0","0","0","1","0","0","0","0","0","1","1","0","0","0","0","0","0","0","0","0","0","0","1","2","0","0","0","0","0","0","2","0","1","0","2","1","0","0","0","0","0","2","0","0","0","0","0","0","0","0","0","0","0","0","0","0","0","0","1","0","1","0","0","0","0","0","0","0","0","0","0","0","0","0","0","0","0","0","0","0","0","0","0","0","0","0","0","0","218","6","1","6","0","0","0","2","0","4","0","0","1","0","0","32","2","3","0","1","1","0","0","10","0","1","2","16","0","3","0","1","0","1","1","0","0","1","0","0","0","2","0","1","2","0","0","0","0","0","0","4","0","0","0","9","0","0","3","1","2"
"16-460 West Anchorage No. 3","351","16","2","0","15","2","0","1","9","0","0","4","2","0","0","20","2","0","12","0","0","5","17","0","2","1","0","0","0","2","34","1","5","0","1","9","23","0","2","0","1","0","0","0","5","1","2","0","1","0","0","0","0","0","1","0","2","0","0","0","0","0","0","0","0","0","0","0","0","3","2","0","1","2","0","0","0","0","0","2","0","0","0","0","0","0","0","0","0","0","0","0","0","0","0","0","0","0","4","1","0","0","0","0","0","0","0","0","1","0","0","5","3","0","0","0","0","0","0","1","0","0","0","0","0","0","0","0","0","0","0","1","0","0","1","0","0","0","0","0","0","0","0","0","0","0","0","0","0","0","0","0","0","1","0","0","1","0","0","0","1","2","5","0","0","0","0","0","0","0","0","0","0","0","0","1","0","0","0","2","0","1","0","0","0","1","0","0","0","0","0","0","0","0","0","0","0","0","0","0","0","0","0","0","0","0","0","0","0","319","9","5","10","0","3","0","0","0","0","0","0","1","0","0","32","4","1","1","0","3","0","0","10","0","4","0","7","0","7","0","2","0","0","1","0","0","7","0","1","0","5","0","2","0","0","0","0","0","1","0","4","0","1","0","10","0","0","9","1","1"
"16-465 West Anchorage No. 4","160","7","0","0","8","0","0","0","2","0","0","2","1","0","0","5","1","0","0","0","1","0","7","0","3","0","0","0","0","0","21","1","7","0","0","1","13","0","0","0","0","0","0","0","2","0","1","0","0","0","0","0","1","0","1","0","0","0","3","0","0","0","0","0","0","0","0","0","0","0","0","0","0","0","0","0","0","0","0","0","0","0","0","0","0","0","0","0","0","0","0","0","0","0","0","0","0","0","1","0","0","0","0","0","0","0","0","1","0","1","0","1","1","0","0","0","0","0","0","0","0","0","0","0","0","0","0","0","0","0","1","0","0","0","0","0","0","0","0","0","0","0","0","0","0","0","0","0","0","0","0","2","1","0","0","0","0","0","0","0","0","1","2","0","0","0","0","1","0","0","0","0","0","0","0","0","0","0","0","1","0","0","0","0","0","0","0","0","0","0","0","1","0","0","0","0","0","0","0","0","0","0","0","0","0","0","0","0","0","179","3","0","2","0","0","0","0","0","0","0","0","0","0","0","12","2","3","0","2","4","1","0","10","0","1","0","13","0","8","1","0","0","0","2","0","0","5","0","1","1","2","0","0","1","0","0","0","0","0","0","0","0","0","0","13","1","0","5","1","0"
"16-470 West Anchorage No. 5","249","17","1","0","20","1","0","1","5","0","3","0","1","0","1","13","1","0","4","2","0","5","9","0","0","1","0","0","0","0","26","2","5","0","1","4","10","0","3","0","0","0","0","0","5","2","3","0","1","0","0","0","1","1","0","0","0","0","3","0","0","0","1","0","0","0","0","0","0","0","0","0","0","1","0","0","0","0","0","0","0","0","0","0","0","0","1","0","0","0","0","0","0","0","0","0","0","0","6","2","0","0","0","0","0","2","0","0","0","2","0","3","0","1","0","0","0","0","0","0","0","0","0","0","2","0","0","0","0","0","0","0","0","0","0","0","0","0","1","0","0","0","0","0","0","0","0","0","0","0","0","2","0","0","0","1","0","0","0","1","0","1","2","0","1","0","0","0","1","0","0","0","0","0","0","0","0","0","0","0","0","1","0","0","0","2","0","0","0","0","0","0","0","0","0","0","0","0","0","0","0","0","0","0","0","0","0","0","0","346","6","4","2","0","0","0","0","0","0","0","0","0","0","0","38","1","0","0","0","2","0","0","15","0","3","1","6","1","13","1","0","0","0","2","0","0","3","0","1","0","6","0","0","0","0","0","0","0","0","0","3","0","1","0","12","0","0","6","2","0"
"16-475 West Anchorage No. 6","220","10","4","0","15","0","0","1","5","0","1","1","1","0","0","12","0","0","9","0","0","3","10","0","0","0","0","0","0","0","21","3","5","0","0","3","9","0","0","0","0","0","0","0","8","2","2","0","0","0","0","0","1","0","0","0","1","0","3","1","0","0","2","0","0","0","0","0","0","0","0","0","0","1","0","0","0","0","0","1","0","0","0","1","1","0","0","0","0","0","0","0","0","0","0","0","0","0","4","2","0","0","0","0","0","1","0","1","0","0","0","2","1","0","0","0","0","0","0","0","0","1","0","0","0","0","0","0","0","0","0","0","0","0","0","0","0","0","1","1","0","0","0","0","0","0","0","0","0","0","0","0","0","0","0","0","0","0","0","0","0","1","5","0","1","0","0","0","0","0","0","0","0","0","0","0","0","0","0","0","0","0","0","1","0","0","0","0","0","0","0","0","0","0","0","0","0","0","0","0","0","0","0","0","0","0","0","0","0","291","4","2","1","0","1","0","0","0","0","0","0","1","0","0","35","0","0","0","0","4","2","0","14","0","1","0","4","0","6","0","0","0","0","4","1","0","2","0","2","1","0","0","0","0","0","0","0","0","0","0","4","0","1","0","3","0","0","5","0","2"
"16-480 West Anchorage No. 7","160","8","2","0","11","0","0","2","5","0","0","3","0","0","0","10","5","0","7","1","0","2","8","0","1","1","0","0","0","0","15","3","3","0","0","4","6","0","2","0","0","0","0","0","5","0","1","0","0","0","1","0","1","0","0","0","1","0","2","0","0","0","0","0","0","0","0","0","0","1","0","0","0","0","0","0","0","0","0","0","0","0","0","0","0","0","2","0","0","0","0","0","1","0","2","2","0","0","2","0","0","0","0","1","0","1","0","0","0","0","0","2","2","0","0","0","0","0","0","1","0","0","0","0","1","1","0","0","0","0","0","0","0","0","0","0","0","0","1","0","0","0","0","0","0","0","0","0","0","1","0","2","1","1","0","1","1","0","0","0","0","2","2","0","0","0","0","0","0","0","0","0","0","0","0","0","0","0","0","0","0","0","0","0","0","0","0","0","0","0","1","0","0","0","0","0","0","0","0","0","0","0","0","0","0","0","0","0","0","206","4","4","1","0","2","0","0","0","1","0","0","1","0","0","22","3","1","0","1","5","3","0","17","1","0","0","11","0","5","0","0","0","0","0","1","0","2","0","2","0","3","0","0","1","0","0","0","0","1","0","2","0","1","0","10","0","0","3","2","2"
"17-505 Downtown Anchorage No. 1","125","8","0","0","8","0","0","3","1","0","0","1","1","0","0","12","2","0","2","0","0","0","1","0","0","0","0","0","0","0","15","2","1","0","0","3","4","0","1","0","0","0","0","0","2","1","0","0","0","0","0","0","0","0","0","0","0","0","3","0","0","0","0","0","0","0","0","0","0","1","0","0","0","0","0","0","0","0","0","0","0","0","0","0","0","0","0","0","0","0","0","0","0","0","0","0","0","0","1","0","0","0","1","0","0","0","0","0","0","0","0","2","3","0","0","0","0","0","0","0","0","1","0","0","0","0","0","0","0","0","0","0","0","0","0","0","0","0","0","1","0","0","0","0","0","0","0","0","0","0","0","0","0","0","0","0","0","0","0","0","0","0","2","0","0","0","0","0","1","0","0","0","0","0","1","1","0","0","0","0","0","0","0","0","0","0","0","0","0","0","0","0","0","0","0","0","0","0","1","0","0","0","0","0","0","0","0","0","0","104","1","1","1","0","0","1","0","0","0","0","0","0","0","0","12","0","0","0","0","1","3","0","1","0","0","0","1","0","2","0","0","0","0","0","0","0","0","0","0","0","0","0","0","1","0","0","0","0","0","0","0","0","0","1","1","0","0","3","1","0"
"17-510 Downtown Anchorage No. 2","222","11","3","0","7","0","0","1","1","0","0","0","0","0","0","11","0","0","4","0","0","5","13","0","1","0","0","0","0","0","28","3","4","0","0","2","14","0","0","0","1","0","0","0","1","0","2","0","0","0","0","0","0","0","1","1","0","0","2","2","0","0","0","0","0","0","0","0","0","0","0","0","0","0","0","0","0","0","0","0","0","0","0","0","0","0","0","0","0","0","0","1","1","0","0","0","0","0","3","0","0","0","0","1","0","1","0","0","0","0","0","1","0","0","0","0","0","0","0","0","0","0","0","0","0","0","0","0","0","0","0","0","0","0","0","0","0","0","0","0","0","0","0","0","0","0","0","0","0","0","0","0","0","0","0","1","0","0","0","0","0","0","4","1","0","0","0","0","0","0","0","0","0","0","1","0","0","0","0","0","0","0","0","0","0","0","0","0","0","0","0","0","0","0","0","0","0","0","0","0","0","0","0","0","0","0","0","0","0","94","3","1","1","0","0","0","0","0","0","0","0","0","0","0","15","1","1","0","0","3","0","0","8","0","1","0","1","0","0","0","0","0","0","0","0","0","1","0","0","0","0","0","0","1","0","0","0","0","1","0","0","0","0","0","1","0","0","4","2","0"
"17-515 Downtown Anchorage No. 3","146","6","3","0","2","0","0","3","2","0","0","0","1","0","0","6","1","0","0","1","0","0","7","0","2","0","0","0","0","0","16","2","2","0","0","0","6","0","0","0","1","0","0","0","4","2","0","0","0","1","0","0","0","0","0","0","0","0","1","0","0","0","0","0","0","0","0","0","0","0","0","0","0","0","0","0","0","0","1","0","0","0","0","0","0","0","0","0","0","0","0","0","0","0","0","0","1","0","0","1","1","0","0","0","0","0","0","0","0","0","0","2","1","0","0","0","0","0","0","0","0","0","0","0","0","0","0","0","0","0","0","0","0","0","0","0","0","0","0","0","0","0","0","0","0","0","0","0","0","0","0","0","0","1","0","2","0","0","0","0","0","0","1","0","0","0","0","0","0","0","0","0","0","0","0","1","0","0","0","0","0","0","0","1","0","0","0","0","0","0","0","0","0","0","0","0","0","0","0","0","0","0","0","0","0","0","0","1","0","91","3","0","1","0","0","0","0","0","0","0","0","0","0","0","9","0","0","0","0","0","0","1","3","0","0","0","1","0","2","0","0","0","0","0","0","0","0","0","0","0","1","0","0","1","0","0","0","0","0","0","0","0","0","0","0","0","0","4","0","1"
"17-520 Downtown Anchorage No. 4","227","8","2","0","19","0","1","4","4","0","0","0","0","0","0","17","1","0","7","1","0","4","9","0","1","0","1","0","0","0","34","2","7","0","0","4","13","0","1","0","0","0","0","0","2","1","4","0","0","0","0","0","1","0","1","0","0","0","1","0","0","0","2","0","0","0","1","0","0","1","0","0","0","0","0","0","0","0","0","0","0","0","0","0","0","0","0","0","0","0","0","0","0","0","0","0","0","0","0","0","0","0","0","0","0","1","0","0","0","1","0","1","0","1","0","0","0","0","0","1","0","0","0","0","0","0","0","0","0","0","0","0","0","0","0","0","0","0","0","0","0","0","0","0","1","0","0","0","0","0","0","1","0","0","0","0","0","0","0","0","0","1","7","0","0","0","0","0","0","0","0","0","0","0","0","1","0","0","0","0","0","0","0","0","0","0","0","0","0","0","1","0","1","0","0","0","0","0","0","0","0","0","0","0","0","0","0","1","0","152","3","3","5","0","2","1","0","0","0","0","0","0","1","0","17","2","2","0","1","6","0","0","10","0","0","0","4","0","5","0","0","0","0","2","0","0","3","0","1","0","0","0","1","0","0","0","0","0","0","0","4","0","0","0","6","0","0","4","0","1"
"17-525 Downtown Anchorage No. 5","143","9","4","0","12","0","1","4","2","0","0","1","1","0","1","8","2","0","7","1","0","1","7","0","1","0","1","0","0","1","13","1","6","0","0","7","12","0","2","0","0","0","0","0","4","0","0","0","1","0","0","0","0","0","0","0","0","0","2","3","0","0","0","0","0","0","0","0","0","0","0","0","0","0","0","0","0","0","0","1","0","1","0","0","0","0","0","0","0","0","0","1","0","0","0","0","0","0","1","0","2","0","0","0","0","0","0","0","0","0","0","0","1","0","0","1","0","0","0","0","0","0","1","0","0","0","0","0","0","0","0","0","0","0","1","0","0","0","0","0","0","0","0","0","0","0","0","0","0","0","0","1","0","0","0","0","0","0","0","0","0","2","3","0","0","0","0","0","0","0","0","0","0","0","0","1","0","0","0","0","0","0","0","0","1","1","0","0","0","0","0","1","0","0","0","0","0","0","0","0","0","0","0","1","0","0","0","0","0","108","2","2","0","0","1","0","0","0","0","0","0","0","0","0","8","0","3","0","0","2","0","0","9","0","1","0","4","0","3","0","0","0","0","3","0","0","0","0","0","0","0","0","1","0","0","0","0","0","0","0","2","0","0","1","2","0","0","1","0","1"
"17-530 Downtown Anchorage No. 6","96","11","1","0","17","1","0","3","4","0","0","1","0","0","0","7","1","0","7","0","1","1","4","0","0","0","0","0","0","2","6","2","2","0","0","1","9","0","0","0","0","0","0","0","0","0","1","0","1","0","0","0","0","0","0","0","0","0","1","0","0","0","1","0","0","0","0","0","0","0","0","0","0","0","0","0","0","0","0","0","0","1","0","0","0","0","0","0","0","0","0","0","0","0","0","0","1","0","1","1","1","0","0","0","0","0","0","0","0","0","0","0","0","0","0","0","0","0","0","0","0","0","0","0","0","0","0","0","0","0","0","0","0","0","0","0","1","0","0","0","0","0","0","0","0","0","0","0","0","0","0","0","0","0","0","0","0","0","0","0","0","1","2","0","0","0","0","0","0","0","0","1","0","0","0","0","0","0","0","0","0","0","0","0","0","0","0","2","0","0","0","0","1","0","0","0","0","0","0","0","0","0","0","0","0","0","0","0","0","76","2","1","1","0","0","1","0","0","0","0","0","0","0","0","11","1","1","0","0","2","4","0","3","0","2","0","4","0","1","0","0","0","1","0","0","0","2","0","0","0","2","0","0","0","0","0","0","0","0","0","0","0","0","0","0","0","0","1","1","5"
"17-535 Downtown Anchorage No. 7","142","9","1","0","11","0","0","2","8","0","0","4","3","0","0","6","0","0","5","0","0","3","6","0","0","0","0","0","2","1","24","1","3","0","1","2","10","0","1","0","1","0","0","0","1","0","2","0","0","1","0","0","0","1","0","0","0","0","3","1","0","0","0","0","0","0","0","0","0","2","0","0","0","0","0","0","0","0","0","1","0","0","0","1","0","0","0","0","0","0","0","0","1","0","0","0","0","0","0","1","0","0","1","0","0","0","0","0","1","0","0","0","1","0","0","0","0","0","0","0","0","0","0","0","1","0","0","0","0","0","0","0","0","0","0","0","0","0","0","0","0","0","0","0","0","0","0","0","0","0","0","0","0","0","0","0","0","0","0","0","0","1","3","1","0","0","0","0","1","0","0","0","0","0","0","0","0","0","0","0","0","0","0","0","0","0","1","0","0","0","0","0","0","0","0","0","0","0","0","0","0","0","0","0","0","0","0","0","0","111","3","1","2","0","1","0","2","0","1","0","0","1","1","0","21","1","0","0","0","3","0","0","10","0","0","1","1","0","3","0","1","0","0","0","1","0","0","0","0","1","3","0","0","2","0","0","0","0","0","0","0","0","0","0","2","0","0","1","0","1"
"18-550 Government Hill","150","9","2","0","4","0","0","0","0","0","0","2","0","0","0","8","1","0","5","0","0","2","8","0","0","0","0","0","2","0","14","1","3","0","0","0","10","0","0","0","0","0","0","0","3","3","0","0","1","0","0","0","0","0","0","0","0","0","0","1","0","0","0","0","0","0","0","0","0","2","0","0","0","0","0","0","0","0","0","0","0","0","0","0","0","0","0","0","0","0","0","0","0","0","0","0","0","0","1","3","0","0","1","1","0","1","0","0","0","0","0","2","0","0","0","0","0","0","0","0","0","0","0","0","0","0","0","0","0","0","0","0","0","0","0","0","0","0","1","1","0","0","0","0","0","0","0","0","0","0","0","0","0","0","0","0","0","0","0","0","0","3","1","0","0","0","0","0","0","0","0","0","0","0","0","0","0","0","0","0","0","0","0","0","0","0","0","0","0","0","0","0","0","0","0","0","0","0","0","0","0","0","0","0","0","0","0","0","0","118","7","1","1","0","1","0","0","0","0","0","0","0","0","0","22","0","0","0","0","2","0","0","12","0","1","0","1","0","0","1","0","0","0","0","0","0","1","0","0","0","1","0","0","1","0","0","0","0","0","0","0","0","0","0","1","0","0","2","0","0"
"18-555 JBER No.1","136","8","2","0","5","0","0","1","1","0","1","2","1","0","0","6","2","0","5","0","0","3","9","0","1","0","0","0","0","1","5","0","1","0","0","1","10","0","0","0","0","1","0","0","6","2","1","0","1","0","1","0","1","0","0","0","0","0","5","1","0","0","1","0","0","0","0","0","0","0","0","0","0","0","0","1","0","0","2","0","0","0","0","0","1","0","0","0","0","1","0","0","0","0","0","0","0","0","7","1","1","0","0","0","0","2","0","0","0","1","0","1","0","0","0","0","0","0","0","0","0","1","1","0","0","0","0","0","0","0","0","0","0","1","1","0","0","0","0","0","0","0","0","0","0","1","0","0","0","1","0","3","0","0","0","0","0","2","0","0","0","1","0","0","0","0","0","0","0","0","0","0","0","0","0","0","0","1","0","0","0","0","0","0","0","0","0","0","0","0","0","0","0","0","0","0","0","0","1","0","0","0","0","0","0","0","0","0","0","411","6","2","0","0","0","0","0","0","0","0","0","0","1","0","62","4","1","0","1","12","0","0","26","0","3","0","13","0","9","0","0","0","0","5","0","0","11","0","1","0","2","0","0","2","0","0","0","0","0","0","0","0","1","0","2","0","0","3","1","0"
"18-556 JBER No.2","46","3","0","0","2","0","0","0","1","0","0","0","1","0","1","3","1","0","5","0","0","0","0","0","0","0","0","0","0","0","5","0","3","0","0","0","3","0","0","0","0","0","0","0","1","1","0","0","1","0","0","0","0","0","1","0","1","0","0","0","0","0","0","0","0","0","0","0","0","0","0","0","0","0","0","0","0","0","0","0","0","0","1","0","1","0","0","0","0","0","0","0","0","0","0","0","0","0","3","0","1","0","0","0","0","0","0","0","0","1","0","0","0","0","0","0","0","0","0","0","0","0","0","0","0","0","0","0","0","0","0","1","0","0","0","0","0","0","0","0","0","0","0","0","0","0","0","0","0","0","0","1","0","0","0","1","0","0","0","0","0","1","0","0","0","0","0","0","0","0","0","0","0","0","0","0","0","0","0","0","0","0","0","0","0","0","0","0","0","0","0","0","0","0","0","0","0","0","0","0","0","0","0","0","0","0","0","0","0","87","0","1","1","0","0","0","0","0","0","0","0","0","0","0","17","1","0","0","0","10","2","0","11","0","0","1","2","0","2","1","0","0","0","1","0","0","4","0","1","1","1","0","0","0","0","0","0","0","0","0","1","0","0","0","3","0","0","0","0","0"
"18-560 North Muldoon","103","8","0","0","4","0","0","1","3","0","0","0","0","0","1","5","0","0","1","0","0","0","4","0","0","0","0","0","0","1","6","1","4","0","0","1","8","0","0","0","0","0","0","0","4","2","1","0","0","0","0","0","0","0","0","0","1","0","3","1","0","0","1","0","0","0","0","0","0","2","0","0","0","0","0","0","1","0","0","0","0","0","0","0","0","0","0","0","0","0","1","0","0","0","0","0","0","0","1","0","0","0","0","0","0","0","0","0","0","1","0","0","0","0","0","0","0","0","0","0","0","0","0","0","0","0","0","0","0","0","0","1","0","0","0","1","0","0","0","0","0","0","0","0","0","0","0","1","0","0","0","1","1","0","0","0","0","1","0","0","0","3","0","0","0","0","0","0","1","0","0","0","0","0","0","0","0","0","0","0","0","0","0","0","0","0","0","0","0","0","0","1","0","0","0","0","0","0","0","0","0","0","0","0","0","0","0","0","0","129","0","0","0","0","1","0","0","0","0","0","0","1","1","0","13","0","0","0","0","1","1","0","9","0","2","0","3","0","1","0","0","0","0","0","0","0","0","0","0","0","0","0","0","0","0","0","0","0","0","1","0","0","0","0","1","0","0","3","2","1"
"18-565 Ship Creek","30","2","0","0","0","0","0","0","1","0","0","0","0","0","0","2","0","0","2","0","0","0","2","0","0","0","0","0","0","0","2","0","2","0","0","0","4","0","0","0","0","0","0","0","0","0","0","0","0","0","0","0","0","0","0","0","0","0","0","0","0","0","0","0","0","0","0","0","0","0","0","0","0","0","0","0","0","0","0","0","0","0","0","0","0","0","0","0","0","0","0","0","0","0","0","0","0","0","0","0","0","0","0","0","0","0","0","0","0","0","0","0","0","0","0","0","0","0","0","0","0","0","0","0","1","0","0","0","0","0","0","0","0","0","0","0","0","0","0","0","0","0","0","0","0","0","0","0","0","0","0","0","0","0","0","0","0","0","0","0","0","0","1","0","0","0","0","0","0","0","0","0","0","0","0","0","0","0","0","0","0","0","0","0","0","0","0","0","0","0","0","2","0","0","0","0","0","0","0","0","0","0","0","0","0","0","0","0","0","24","1","0","0","0","0","0","1","0","0","0","0","0","0","0","3","0","0","0","0","2","0","0","1","0","0","0","0","0","2","0","0","0","0","0","0","0","0","0","0","0","1","0","0","0","0","0","0","0","0","0","0","0","0","0","0","0","0","0","0","0"
"19-605 Airport Heights No. 1","288","14","1","0","8","1","0","1","8","0","1","2","1","0","0","8","1","0","4","0","0","3","12","0","1","0","0","0","1","0","40","4","11","0","1","7","11","0","1","0","0","0","0","0","8","1","0","0","1","1","0","0","0","0","0","0","0","0","1","0","0","0","2","0","0","0","0","0","0","1","0","0","0","0","0","1","1","0","0","0","0","0","0","0","0","0","1","0","0","0","0","0","1","0","0","0","0","0","0","1","0","0","0","0","0","0","0","0","0","0","0","0","1","0","0","1","0","0","1","0","0","0","0","0","0","0","0","0","0","0","0","0","0","0","0","0","0","0","0","0","1","0","1","0","0","0","0","0","1","0","0","1","0","0","0","0","0","0","0","0","0","0","3","0","0","0","0","0","1","0","0","1","0","0","0","0","0","0","0","0","0","0","0","0","0","0","1","1","0","0","0","1","0","0","0","0","0","0","1","0","0","0","0","0","1","0","0","0","0","167","8","2","4","0","0","0","0","0","1","0","0","0","0","0","28","3","1","0","1","4","0","0","8","0","1","0","8","0","7","1","0","0","0","2","0","0","0","0","1","0","0","0","0","0","0","0","0","0","0","1","1","0","0","0","1","0","0","2","3","2"
"19-610 Airport Heights No. 2","213","10","0","0","3","1","0","1","8","0","0","2","0","0","0","9","0","0","3","0","0","3","11","0","0","1","0","0","0","1","26","0","1","0","0","2","7","0","1","0","0","0","0","0","5","0","0","0","1","1","0","0","0","0","0","0","1","0","5","0","0","0","1","0","0","0","0","0","0","0","0","0","1","1","0","1","0","0","0","0","0","0","0","0","0","0","0","1","0","0","0","0","0","0","0","0","0","0","0","0","0","0","0","0","0","0","0","0","0","0","0","3","3","0","0","0","0","0","0","0","0","0","0","0","1","0","0","0","0","0","0","1","0","0","0","0","0","0","0","0","0","0","0","0","2","0","0","0","1","0","0","1","1","0","0","2","0","0","0","0","0","2","5","0","0","0","0","0","0","0","0","0","0","0","0","0","0","0","0","0","0","0","0","0","0","0","0","1","0","0","0","0","0","0","0","0","0","0","0","0","0","0","1","0","0","0","0","0","0","308","6","3","0","0","2","0","0","0","1","0","0","0","1","0","27","1","0","0","1","1","1","0","4","0","2","1","4","0","2","0","0","0","0","3","0","0","0","0","0","0","2","0","0","1","0","0","0","0","0","0","0","0","0","1","0","0","0","2","3","1"
"19-615 Mountainview No. 1","130","11","2","0","8","0","0","1","6","0","0","2","0","0","1","6","1","0","5","0","0","3","3","0","1","0","0","0","1","0","10","0","3","0","0","4","7","0","2","1","0","0","1","0","1","1","0","0","1","0","1","0","2","0","0","1","0","0","1","0","0","0","0","0","0","0","1","0","0","0","1","0","0","0","0","0","0","0","0","1","0","0","0","0","0","0","0","0","0","0","0","0","0","0","0","0","0","0","0","0","0","2","0","0","0","0","0","0","0","0","0","0","0","0","0","0","0","0","1","0","0","0","1","0","0","1","0","0","0","0","0","0","0","1","0","0","0","0","0","1","0","0","0","0","1","0","0","0","1","0","0","1","0","0","0","0","0","0","0","0","0","1","0","0","0","0","0","0","0","0","0","0","1","0","0","0","0","0","0","0","0","0","0","0","0","0","0","0","0","0","0","1","0","0","0","0","0","0","0","0","0","0","0","0","0","0","0","0","0","101","3","1","1","0","2","0","0","0","1","0","0","0","0","0","12","0","1","0","0","3","1","0","8","1","5","0","10","0","3","2","1","0","0","1","0","0","3","0","1","1","1","0","1","0","0","0","0","0","0","0","0","1","0","0","1","0","0","0","2","1"
"19-620 Mountainview No. 2","117","9","2","0","4","0","0","1","5","0","1","2","0","0","3","3","0","0","2","1","0","1","5","0","1","0","0","0","1","0","5","1","4","0","0","1","3","0","0","0","1","0","0","0","1","1","0","0","0","0","0","0","2","0","0","1","0","0","1","0","0","0","0","0","0","0","1","0","0","0","0","0","1","0","0","0","0","0","1","0","0","0","0","0","0","0","0","0","0","0","0","0","0","0","0","0","0","0","0","0","0","1","0","0","0","0","0","0","0","1","0","0","0","0","0","0","0","0","0","1","0","0","0","0","0","0","0","0","0","0","0","0","0","0","0","0","0","0","0","0","0","0","0","0","0","0","0","0","0","0","0","2","0","0","0","0","0","0","0","0","0","1","1","0","0","0","0","0","1","0","0","0","0","0","0","0","0","0","0","0","0","0","0","0","1","0","0","0","0","0","0","0","0","0","0","0","0","0","0","0","0","0","0","0","0","0","0","0","0","118","6","1","4","0","1","0","1","0","1","0","1","1","0","0","16","1","0","0","2","4","1","0","5","0","0","1","2","0","0","0","2","0","1","2","1","0","2","0","2","0","6","0","0","0","1","0","0","0","0","0","1","0","0","0","2","0","0","1","0","2"
"19-625 South Mountainview","157","5","0","0","4","0","0","1","2","1","0","0","0","0","1","7","1","0","2","0","0","2","1","0","0","0","0","0","0","0","14","0","1","0","1","3","4","0","1","0","1","0","0","0","2","0","2","0","0","0","0","0","0","0","0","1","1","0","0","1","0","0","0","0","0","0","0","0","0","0","0","0","0","0","0","0","0","0","0","0","0","0","0","0","0","0","1","0","0","0","0","0","0","0","0","0","0","0","0","0","0","0","0","0","0","0","0","0","0","1","0","0","0","0","0","0","0","0","0","0","0","0","0","0","0","0","0","0","0","0","0","1","0","0","0","0","0","0","0","0","0","0","0","0","0","0","0","0","1","0","0","1","0","0","0","0","0","1","0","0","0","1","0","0","0","0","0","0","1","0","0","0","0","0","2","0","1","0","0","0","0","0","0","0","0","0","1","1","0","0","0","0","0","0","0","0","1","0","0","0","0","0","0","0","0","0","0","0","0","168","5","0","3","0","1","0","1","0","0","0","0","0","1","0","20","3","1","0","1","4","0","0","2","0","1","0","7","0","3","0","0","0","0","0","1","0","6","0","0","1","0","0","0","0","0","0","0","0","0","1","0","0","0","0","0","0","0","1","0","1"
"20-650 University No. 1","77","7","0","0","6","0","0","0","2","0","1","0","2","0","0","2","1","0","3","1","0","0","8","0","1","1","0","0","0","0","18","1","5","0","0","1","6","0","1","0","0","0","1","0","0","0","0","0","0","0","1","0","0","0","0","0","0","0","0","0","0","0","0","0","0","0","0","0","0","0","0","0","0","0","0","0","0","0","0","1","0","1","1","0","0","0","0","0","0","0","0","0","0","0","0","0","0","0","2","0","0","0","0","0","0","0","0","0","0","0","0","0","0","0","0","0","0","0","0","0","0","0","0","0","0","0","0","0","0","0","0","0","0","0","0","0","0","0","0","0","1","0","0","0","0","0","0","0","0","0","0","0","0","0","0","0","0","0","0","0","0","1","0","0","0","0","0","0","1","0","0","0","1","0","0","0","0","0","0","0","0","0","0","0","0","0","0","0","0","0","0","0","0","0","0","0","0","0","0","0","0","0","0","0","0","0","0","0","0","76","1","1","1","1","2","0","0","0","0","1","0","1","0","0","5","1","0","0","1","2","1","0","7","0","2","0","1","0","0","0","0","0","1","2","0","0","2","0","0","0","2","0","1","0","0","0","0","0","0","0","1","0","0","1","0","0","0","0","0","1"
"20-655 University No. 2","291","18","2","0","15","3","0","3","4","1","1","4","0","0","1","16","0","0","9","0","0","1","6","0","1","0","0","0","1","0","18","2","11","0","0","5","17","0","0","0","2","0","0","0","9","0","4","0","1","0","0","0","0","0","0","1","1","0","4","0","1","0","0","0","0","0","1","0","0","0","1","0","1","1","0","0","0","0","0","0","0","0","0","0","0","0","0","0","0","0","0","1","1","0","0","0","0","0","2","0","0","1","1","0","0","1","0","0","0","0","0","6","2","0","0","0","0","0","0","0","0","0","0","0","0","0","0","0","0","0","0","0","0","0","0","0","0","0","0","0","0","0","1","0","0","0","0","0","0","0","0","1","0","0","0","0","0","1","0","0","0","3","6","0","0","0","0","0","0","0","0","0","0","0","0","0","0","0","0","0","0","1","0","0","0","0","0","0","0","0","0","0","0","0","0","0","0","0","1","0","0","0","0","0","0","0","0","0","0","294","12","4","5","0","1","1","1","0","1","0","0","6","0","0","50","3","1","0","1","2","1","0","7","0","2","2","10","0","2","0","0","0","0","1","1","0","2","0","0","0","4","0","0","1","0","1","0","0","0","0","10","0","0","0","0","0","1","4","1","2"
"20-660 University No. 3","286","16","2","0","10","0","1","3","7","0","0","2","1","0","0","11","2","0","10","0","0","7","15","0","0","1","0","0","2","1","42","1","16","0","0","4","25","0","0","0","2","0","0","0","6","2","2","0","2","0","0","0","0","0","1","1","1","0","4","0","0","0","0","0","1","0","0","0","0","0","0","0","0","0","0","0","0","0","0","1","0","0","0","0","0","0","1","0","1","0","0","0","0","0","0","0","0","0","4","0","0","1","0","0","0","0","0","0","1","1","0","7","0","0","0","1","0","0","0","0","0","0","0","0","0","0","0","1","0","0","0","0","0","0","0","0","0","0","0","0","0","0","0","0","0","0","0","0","0","0","0","1","0","1","0","0","0","0","0","0","0","3","1","0","1","0","0","0","0","0","0","0","0","0","0","0","0","0","0","0","0","1","0","0","0","0","0","0","0","0","1","0","0","0","0","0","0","0","0","0","0","0","0","0","0","0","0","0","0","268","13","1","5","0","1","0","0","0","0","0","0","2","1","0","35","1","1","0","0","9","1","0","21","0","1","1","7","0","6","0","0","0","0","3","1","0","2","0","1","0","2","0","2","0","0","2","0","0","1","0","2","0","1","1","0","0","0","3","2","7"
"20-665 University No. 4","144","4","1","0","6","0","0","2","3","0","0","1","1","0","0","6","0","0","2","0","0","1","6","0","0","1","0","0","0","0","19","3","3","0","0","7","5","0","0","1","0","0","0","0","1","0","1","0","0","0","1","0","0","0","0","1","1","0","4","0","0","0","2","0","0","0","0","0","0","0","0","0","0","0","0","0","0","0","0","1","0","0","0","0","0","0","0","0","0","0","0","0","0","0","0","0","0","0","1","0","0","0","0","0","0","0","0","0","0","0","0","2","0","1","0","0","0","0","0","0","0","0","0","0","0","0","0","0","0","0","0","1","0","0","0","0","0","0","0","1","0","0","0","0","0","0","0","0","0","0","0","1","0","0","0","0","0","0","0","0","0","2","1","0","0","0","0","0","2","0","0","0","1","0","1","0","0","1","0","1","0","0","0","0","0","0","0","0","0","0","0","0","0","0","0","0","0","0","0","0","0","0","0","0","0","0","0","0","0","122","6","1","1","0","1","0","0","0","0","1","0","1","0","0","13","1","0","0","1","4","1","0","4","1","2","1","4","0","5","0","0","0","0","0","2","0","3","0","0","0","2","0","0","0","0","0","0","0","0","0","3","0","0","0","1","0","0","2","0","0"
"20-670 University No. 5","402","17","5","0","12","1","0","1","8","0","0","3","2","0","2","22","0","0","17","0","0","6","17","2","2","0","1","0","2","2","31","2","19","0","0","8","23","0","1","1","1","2","2","0","9","2","2","1","3","2","0","0","2","0","2","2","0","0","1","4","0","0","2","1","0","1","4","0","0","0","1","0","1","0","0","1","0","0","0","1","0","0","0","1","0","1","1","0","0","1","0","0","0","0","0","0","0","0","5","0","0","0","0","0","0","0","0","0","0","0","0","5","1","0","0","0","0","0","1","0","0","0","0","2","1","0","0","0","0","0","0","0","0","0","1","0","0","0","0","0","0","0","1","0","1","0","0","0","0","0","0","2","0","1","0","1","0","0","0","0","0","4","4","0","0","0","0","1","0","0","0","0","0","0","0","0","1","0","0","0","0","0","0","0","0","2","1","0","0","0","0","1","1","0","0","0","0","0","0","0","1","1","0","0","2","0","0","0","0","422","13","4","4","0","3","1","1","0","1","0","0","2","0","0","43","3","2","0","2","6","3","0","29","0","2","1","12","0","11","1","1","0","0","2","1","0","4","1","2","0","1","0","3","1","0","2","0","0","1","1","3","0","0","0","1","1","0","11","4","5"
"21-705 East Anchorage No. 1","221","15","0","0","8","0","0","2","2","0","0","2","1","0","1","6","0","0","5","0","0","7","2","0","1","1","0","0","0","1","34","1","8","0","0","6","6","0","1","0","0","1","0","0","6","2","0","0","1","0","0","0","0","0","0","0","0","0","2","0","0","0","0","0","0","0","0","0","0","1","0","0","0","0","1","1","0","0","0","0","0","0","0","0","0","0","0","0","0","0","0","0","1","0","0","0","0","0","3","2","0","1","2","0","0","0","0","0","0","0","0","3","0","0","0","0","0","0","0","0","0","2","0","0","0","0","0","0","0","0","0","1","0","0","1","0","0","0","1","0","0","0","0","0","0","0","0","0","0","0","0","1","0","0","0","0","0","0","1","0","0","2","10","0","0","0","0","0","0","0","0","0","0","0","0","0","0","0","0","0","0","0","0","0","0","0","0","0","0","0","0","0","0","0","0","0","0","0","0","0","0","0","0","0","0","0","1","0","0","243","7","4","1","0","1","0","0","0","0","0","0","1","0","0","24","1","0","0","0","5","0","0","5","0","0","1","2","0","5","0","0","0","0","0","0","0","0","0","0","0","0","0","0","1","0","1","0","0","1","0","3","0","0","0","1","0","0","4","3","2"
"21-710 East Anchorage No. 2","215","18","3","0","13","0","0","4","5","0","0","3","0","0","1","4","1","0","8","1","0","5","5","1","2","0","0","0","1","1","19","3","8","0","1","4","11","0","1","0","0","0","0","0","5","1","0","0","0","0","1","0","0","1","0","1","2","0","8","1","0","0","0","0","0","0","0","0","0","0","0","0","0","0","0","0","0","0","0","0","0","1","0","0","0","0","0","0","0","0","0","1","1","0","0","0","0","0","2","0","0","0","1","0","0","3","0","0","0","1","0","3","0","0","0","0","0","0","0","1","0","0","0","0","0","1","0","0","0","0","0","0","0","0","1","0","0","0","0","0","0","0","0","1","0","0","0","0","0","0","0","0","0","0","0","0","0","0","0","0","0","1","2","0","0","0","0","0","0","0","0","0","0","0","0","0","0","0","0","0","0","0","0","0","0","0","0","0","0","0","0","0","0","0","0","0","0","0","0","1","0","0","0","0","0","0","0","0","0","313","4","0","1","0","2","1","0","0","2","0","0","3","1","0","27","3","0","0","2","7","0","0","12","0","0","1","13","0","2","0","0","0","0","2","1","0","4","0","0","0","3","0","1","0","0","3","0","0","0","0","8","0","0","0","3","0","0","2","4","0"
"21-715 East Anchorage No. 3","289","10","2","0","19","2","0","1","10","0","4","3","0","0","2","11","0","0","15","1","0","7","21","0","4","1","2","0","0","0","18","0","13","0","0","9","21","0","0","1","0","1","0","0","5","0","1","0","2","0","0","0","0","0","0","2","1","0","2","3","1","0","0","0","0","0","1","0","0","0","0","0","0","0","0","0","0","0","0","0","0","0","0","0","0","0","0","0","0","0","0","0","1","0","0","0","0","0","0","0","0","0","0","0","0","1","0","0","0","2","0","0","2","0","0","1","0","0","1","1","0","0","0","0","0","0","0","1","0","0","0","1","0","0","1","0","0","0","0","0","0","0","0","0","0","2","0","0","0","0","0","3","0","0","0","0","0","1","0","0","0","1","1","0","0","0","0","0","0","0","0","0","0","0","0","0","0","1","0","1","0","0","0","0","0","1","0","0","0","0","0","1","0","0","0","0","0","0","0","0","0","0","0","0","0","0","0","0","0","431","8","4","2","0","2","0","1","0","1","0","0","2","0","0","46","3","0","0","1","8","1","0","19","0","5","3","15","0","5","0","0","0","1","3","1","0","1","0","1","1","2","0","0","2","0","2","0","0","0","0","13","0","0","0","4","0","0","7","5","8"
"21-720 East Anchorage No. 4","280","13","1","0","6","0","0","5","5","0","0","3","1","0","2","12","2","0","7","1","0","3","8","0","1","0","1","0","0","0","20","0","5","0","0","11","7","0","1","0","0","1","1","0","7","1","0","0","2","2","0","0","1","0","0","4","0","0","2","2","0","0","1","0","0","0","0","0","0","1","1","0","0","0","0","0","0","0","0","0","0","0","0","0","0","0","0","0","0","0","0","1","0","0","0","0","0","0","1","1","0","0","0","0","0","0","0","0","0","1","0","2","3","0","0","0","0","0","0","0","0","1","0","0","0","1","0","0","0","0","0","0","0","0","0","0","0","0","0","1","0","0","0","0","0","0","0","0","0","0","0","0","0","0","0","0","0","0","0","0","0","4","2","0","1","0","0","0","1","0","0","0","0","0","0","0","0","0","0","0","0","0","0","0","0","1","0","0","0","0","0","0","1","0","0","0","0","0","0","0","0","0","0","0","0","0","0","0","0","278","6","0","1","0","3","0","1","0","0","0","0","0","0","0","46","1","1","0","1","7","1","0","17","1","0","1","11","0","11","2","0","0","0","0","0","1","5","0","1","0","1","0","2","3","0","3","0","0","0","0","3","0","1","0","1","0","0","2","1","2"
"21-725 East Anchorage No. 5","388","8","3","0","18","0","0","3","9","1","1","3","0","0","1","13","2","0","11","2","1","8","13","0","3","0","1","0","1","1","36","1","13","0","1","12","25","0","1","1","1","2","0","0","8","0","1","0","0","2","0","0","1","0","0","4","1","0","7","1","0","0","1","0","0","0","1","0","0","0","0","0","0","0","0","0","0","0","0","0","0","0","1","1","0","0","1","0","0","0","0","0","0","0","0","0","0","0","1","1","0","0","0","0","0","0","0","0","0","0","0","3","2","0","0","0","0","0","0","0","0","0","0","0","2","0","0","0","1","0","0","0","0","0","0","0","1","0","0","0","0","0","0","0","0","0","1","0","0","0","0","2","0","0","0","0","0","0","0","0","0","4","0","0","0","0","1","0","1","0","0","0","1","0","2","0","0","0","0","0","0","0","0","0","0","1","0","0","0","0","1","0","0","0","0","0","0","0","0","0","0","0","0","0","0","0","0","0","0","404","5","1","3","0","3","2","0","0","1","1","0","0","1","0","49","4","1","0","3","5","0","1","23","0","3","1","16","0","7","0","0","0","1","2","1","0","7","0","0","1","6","0","3","3","0","3","1","0","1","0","9","0","1","0","0","0","0","4","1","0"
"22-750 Northeast Anchorage No. 1","216","11","3","0","23","0","1","1","8","0","1","2","2","0","0","15","1","0","5","2","0","1","13","0","1","0","0","0","2","0","22","2","9","0","0","6","18","0","1","0","0","1","0","0","4","2","8","0","2","0","0","0","0","0","0","1","0","0","3","2","0","0","0","0","0","0","0","0","0","1","0","0","1","2","2","0","1","0","0","0","0","0","0","0","1","0","0","0","0","0","0","1","0","0","0","0","0","0","3","0","2","0","0","0","0","0","0","0","0","0","0","1","1","0","0","0","0","0","0","0","0","0","0","0","0","0","0","0","0","0","1","0","0","0","0","0","0","0","1","0","1","0","0","0","2","0","0","0","0","0","0","0","0","0","0","0","0","0","0","0","0","1","5","0","0","0","0","1","0","0","0","0","0","0","0","0","0","0","0","0","0","0","0","0","0","1","0","0","0","0","0","0","0","0","0","0","0","0","0","0","0","0","0","0","0","0","0","0","0","264","9","0","8","0","1","1","3","0","1","1","0","0","0","0","36","1","5","0","0","6","2","1","22","0","1","1","11","0","5","1","0","0","1","2","1","0","3","0","0","0","1","0","1","1","0","0","0","0","0","0","8","0","0","0","5","0","0","3","2","0"
"22-755 Northeast Anchorage No. 2","177","11","1","0","27","0","0","1","8","0","0","1","1","0","0","14","0","0","11","1","0","2","9","0","2","0","0","0","2","2","16","1","7","0","0","6","13","0","1","0","1","0","0","0","9","1","8","0","3","1","0","0","0","0","0","2","1","0","1","2","0","0","0","0","0","0","0","0","0","0","0","0","0","0","0","0","1","0","0","0","0","1","0","0","1","0","0","0","0","0","0","0","0","0","0","0","0","0","1","0","1","0","1","0","0","1","0","0","0","0","0","2","1","0","0","0","1","0","0","0","0","0","0","0","0","0","0","0","0","0","0","0","0","0","0","0","0","0","0","0","0","0","0","0","0","1","0","0","0","0","0","2","1","0","0","0","0","0","0","0","0","1","0","0","1","0","0","1","1","0","0","0","0","0","0","0","0","0","0","0","0","0","0","0","0","0","0","0","0","0","0","0","0","0","0","0","0","0","0","0","0","0","0","0","0","0","0","0","0","263","5","2","6","0","0","2","1","0","0","0","0","0","2","0","32","6","5","0","0","8","2","0","27","0","3","2","10","0","7","0","0","0","0","2","1","0","4","0","0","1","2","0","2","0","0","1","0","0","0","0","0","0","1","0","2","0","0","0","0","5"
"22-760 Northeast Anchorage No. 3","281","12","5","0","11","0","0","2","5","0","0","3","1","0","0","11","0","0","3","0","0","1","13","0","1","1","1","0","1","1","18","1","4","0","1","5","22","0","0","1","0","1","0","0","10","6","4","0","0","0","1","0","1","0","0","1","0","0","2","0","0","0","0","0","0","0","0","0","0","1","0","0","1","0","0","0","1","0","1","0","0","1","1","0","0","0","0","0","0","0","0","0","0","0","0","0","0","0","2","0","0","0","1","0","0","0","0","1","0","0","0","3","0","0","1","0","0","0","0","0","0","0","0","0","0","0","0","0","0","0","0","1","0","1","0","0","1","0","0","0","0","0","0","0","1","0","0","0","0","0","0","4","1","1","0","1","0","1","0","0","0","2","6","0","1","0","0","0","1","0","0","0","0","0","0","1","0","1","0","0","0","0","0","0","0","1","1","0","0","0","0","0","0","0","0","0","0","0","0","0","0","0","0","0","0","0","0","0","0","281","13","2","7","1","0","0","0","0","0","0","0","0","2","0","27","3","1","0","0","5","2","0","19","0","0","3","8","0","7","0","1","0","2","1","1","0","4","0","0","2","5","0","2","2","0","2","0","0","0","0","2","0","1","0","3","0","1","5","3","4"
"22-765 Northeast Anchorage No. 4","141","9","1","0","13","2","1","1","6","0","0","0","2","0","0","4","0","0","2","1","0","1","10","0","1","0","1","0","0","1","13","1","3","0","0","3","11","0","2","0","0","0","0","0","6","2","4","0","2","0","1","0","1","0","1","0","0","0","1","1","0","0","0","0","0","0","0","0","0","0","1","0","0","0","0","0","0","0","0","1","0","0","0","0","0","0","0","0","0","0","0","0","0","0","0","1","0","0","0","0","0","0","0","0","0","0","0","0","0","1","0","0","0","0","0","0","0","0","0","0","0","0","0","0","0","0","0","0","0","0","0","0","0","0","0","0","0","0","1","0","0","0","0","0","0","0","0","0","0","0","0","0","0","0","0","0","0","0","0","0","0","1","1","0","0","0","0","0","0","0","0","0","0","0","1","0","0","0","0","0","0","0","0","0","0","0","0","0","0","0","0","1","1","0","0","0","0","0","0","0","0","1","0","0","0","0","0","0","0","195","9","0","4","0","1","0","0","0","0","0","0","0","0","0","27","1","1","0","2","3","2","1","20","1","1","2","6","0","1","0","1","0","0","1","0","0","6","1","1","0","3","0","2","0","0","0","0","0","1","2","2","0","1","1","1","0","0","4","1","9"
"23-805 Chugach Park No. 1","235","10","2","0","20","0","0","2","7","0","2","1","1","0","0","16","2","0","9","1","0","5","11","0","0","1","1","0","0","0","19","2","2","0","1","4","9","0","0","0","0","0","0","0","5","3","5","0","1","1","0","0","0","0","0","0","0","0","12","4","0","0","2","0","0","1","0","0","0","1","1","0","0","0","0","0","0","0","0","0","0","0","2","0","0","0","0","0","0","0","0","1","1","0","0","0","0","0","4","2","0","0","0","1","0","1","0","0","0","0","0","8","4","0","0","1","0","0","0","1","0","0","1","0","3","1","0","0","0","0","0","0","0","0","0","0","0","0","0","1","0","0","0","0","0","0","0","0","0","0","0","0","0","0","1","1","0","0","0","0","1","3","3","1","0","0","0","0","0","0","0","0","0","0","0","1","0","0","0","0","0","0","0","0","0","0","0","0","0","0","0","0","1","0","0","0","0","0","0","1","0","0","0","0","0","0","0","0","0","441","5","0","1","0","1","0","0","0","1","0","0","1","0","0","66","5","3","0","0","12","0","0","27","0","1","1","11","0","6","0","0","0","0","2","0","0","9","0","0","0","7","0","0","2","0","1","0","0","1","1","2","0","0","0","5","0","0","5","5","0"
"23-810 Eagle River No. 1","135","9","3","0","13","1","0","1","3","0","0","2","0","0","0","6","1","0","0","0","0","1","10","0","0","0","0","0","0","0","8","0","3","0","0","0","9","0","1","0","1","0","0","0","8","0","1","0","0","0","1","0","1","0","0","0","1","0","4","0","0","0","0","0","0","0","0","0","1","0","0","0","0","0","0","0","1","0","0","1","0","0","0","0","0","0","0","0","0","0","0","2","1","0","0","0","0","0","2","1","0","0","0","0","0","0","0","1","0","0","0","5","1","0","0","0","0","0","0","1","0","0","0","0","0","0","0","0","0","0","0","2","0","0","0","0","0","0","0","0","0","0","0","0","0","0","0","0","0","0","0","2","0","0","0","2","0","0","0","0","0","0","0","0","0","0","0","1","1","0","0","0","0","0","1","0","0","0","0","0","0","0","0","0","0","0","0","1","0","0","0","1","0","0","0","0","0","0","1","0","0","0","0","1","0","0","0","0","0","262","3","1","2","0","0","0","0","0","1","0","2","0","0","0","42","1","2","0","0","7","0","0","16","0","2","0","10","0","5","1","0","0","0","2","0","0","2","1","0","1","4","0","0","0","0","0","0","0","0","0","0","0","1","0","2","0","0","5","3","1"
"23-815 Eagle River No. 2","151","12","3","0","9","0","0","1","1","0","0","5","0","0","1","12","1","0","6","0","0","3","13","0","0","0","0","0","0","0","7","3","2","0","1","1","15","0","0","0","1","0","0","0","4","0","2","0","2","1","0","0","1","0","1","1","0","0","6","0","0","0","0","0","0","0","0","0","0","1","1","0","0","0","0","0","0","0","1","0","0","0","1","0","0","0","0","0","0","0","0","0","0","0","0","0","0","0","4","3","1","0","0","1","0","0","0","0","0","0","0","2","1","0","0","0","0","0","0","1","0","0","0","0","0","0","0","0","0","0","0","1","0","0","1","0","0","0","0","0","0","0","0","1","1","0","0","0","0","0","0","1","1","0","0","0","0","0","0","0","0","2","2","0","0","0","0","0","0","0","0","0","0","0","0","0","0","0","0","0","0","0","0","0","0","0","0","0","0","0","0","0","0","0","0","0","0","0","0","0","0","0","0","0","0","0","0","0","0","252","10","3","3","1","0","0","0","0","1","0","0","0","0","0","32","5","2","0","3","7","0","0","19","0","1","0","6","0","13","0","0","0","1","2","0","0","6","0","0","1","1","0","1","1","0","0","1","0","0","0","3","0","0","0","4","0","0","7","1","1"
"23-820 Hiland","123","11","2","0","8","1","0","2","1","0","0","1","1","0","0","10","1","0","1","1","0","2","6","0","1","0","1","0","0","0","11","2","1","0","0","3","7","0","0","0","1","1","0","0","2","0","2","0","0","0","0","0","0","0","0","0","0","0","4","0","0","0","1","0","0","0","0","0","0","0","0","0","0","0","0","0","0","0","0","1","0","1","0","0","1","0","0","0","0","0","0","0","0","0","0","0","0","0","4","2","0","0","0","0","0","0","0","1","0","1","0","3","2","0","0","1","0","0","1","0","0","0","0","0","1","0","0","1","0","0","0","0","0","0","0","0","0","0","2","0","0","0","0","0","0","1","0","0","0","0","0","2","0","0","0","0","0","0","0","0","0","2","0","0","0","0","0","0","0","0","0","0","0","0","0","0","0","0","0","0","0","0","0","0","0","0","0","0","0","0","0","0","0","0","0","0","0","0","0","0","0","0","0","0","0","0","0","0","0","299","5","2","5","0","0","0","0","0","1","1","0","0","0","0","28","0","0","0","2","4","1","0","17","0","2","0","8","0","6","0","0","0","2","3","2","0","2","0","2","0","2","0","0","1","0","0","0","0","0","0","1","0","0","0","1","0","0","2","4","0"
"23-825 Meadow Creek No. 1","157","11","3","0","13","1","0","7","2","0","0","1","0","0","1","8","1","0","5","0","0","3","10","0","3","1","0","0","0","0","10","2","3","0","0","5","14","0","1","0","1","0","0","0","9","2","2","0","0","1","0","0","0","0","0","0","0","0","4","0","0","0","0","1","0","0","0","0","0","0","0","0","0","0","0","0","0","0","0","0","0","0","0","0","0","0","0","0","0","0","0","0","1","0","0","1","0","1","4","0","0","0","1","1","0","1","0","0","0","0","0","0","1","0","0","0","0","0","0","0","0","0","0","0","1","0","0","0","0","0","0","0","0","0","0","0","0","0","0","0","0","0","0","0","0","1","0","0","0","0","0","1","0","0","0","1","0","0","0","0","0","2","1","0","1","0","0","0","1","0","0","0","0","0","0","0","0","0","0","0","0","0","0","0","0","0","0","0","0","0","0","0","0","0","0","1","1","0","0","0","0","0","0","0","0","0","0","0","0","287","5","2","6","0","1","0","1","0","1","0","0","0","0","0","43","5","1","0","0","7","1","0","12","0","0","0","7","0","9","1","1","0","0","0","0","0","10","0","1","0","4","0","1","2","0","0","0","0","0","0","1","0","0","0","4","0","0","3","2","1"
"23-830 Meadow Creek No. 2","80","1","1","0","4","0","0","1","0","0","0","2","0","0","0","4","1","0","2","0","0","2","3","0","1","0","0","0","0","0","8","2","1","0","0","2","11","0","0","0","0","0","0","0","0","0","0","0","0","0","0","0","0","0","0","0","0","0","3","1","0","0","0","0","0","0","0","0","0","0","1","0","0","1","0","1","0","0","0","0","0","0","0","0","0","1","0","0","0","0","0","0","0","0","0","0","0","0","2","1","0","0","0","0","0","0","0","0","0","0","0","1","0","0","0","0","0","0","0","0","0","0","0","0","2","0","0","0","1","0","0","0","0","0","1","0","0","0","1","1","0","0","0","0","0","0","0","0","0","0","0","0","1","0","0","0","0","1","0","0","0","1","1","0","0","0","0","0","0","0","0","0","0","0","0","0","0","0","0","0","0","0","0","0","0","0","0","0","0","0","0","1","0","0","0","0","0","0","0","0","0","0","0","0","0","0","0","0","0","212","3","1","2","0","2","0","0","0","0","0","0","0","0","0","19","1","2","0","0","1","1","0","6","0","0","1","6","0","6","0","0","0","0","1","0","0","2","0","0","0","2","0","1","0","0","0","1","0","0","0","1","0","0","0","1","0","0","1","0","1"
"24-850 Chugach Park No. 2","123","7","1","0","3","0","0","0","4","0","0","3","0","0","0","10","1","0","2","0","1","0","7","0","0","1","0","0","0","0","8","2","2","0","0","2","8","0","0","0","0","0","0","0","3","0","2","0","0","0","0","0","1","0","0","1","0","0","1","1","0","0","2","0","0","0","0","0","0","0","0","0","0","0","0","0","0","0","0","0","0","1","0","0","0","0","1","0","0","0","0","0","0","0","0","0","0","0","3","1","0","0","0","0","0","0","0","0","0","0","0","7","1","0","0","0","0","0","0","0","0","1","0","0","2","0","0","0","0","0","0","0","0","0","0","1","0","0","0","1","0","0","0","0","0","0","0","0","0","0","0","1","0","0","0","0","0","0","0","0","1","0","2","0","0","0","0","0","2","0","0","1","0","0","0","0","0","0","0","0","0","1","0","0","0","0","0","0","0","0","0","0","0","0","0","0","0","0","0","0","0","0","0","0","0","0","0","0","0","354","8","1","1","0","0","0","0","0","0","0","0","0","1","0","22","0","3","0","1","5","1","0","15","0","4","0","2","0","9","0","0","0","0","3","1","0","3","0","0","0","3","0","1","1","0","0","0","0","0","0","4","0","0","1","2","0","0","8","1","1"
"24-855 Chugiak","61","3","0","0","2","0","0","0","3","0","0","1","0","0","1","4","0","0","5","0","0","0","2","0","0","2","0","0","0","0","9","3","1","0","0","2","3","0","0","0","0","0","0","0","0","0","0","0","0","0","0","0","0","0","0","0","0","0","0","1","0","0","0","0","0","0","1","0","0","0","0","0","0","0","0","0","0","0","0","0","0","0","0","0","0","0","0","1","0","0","0","0","0","0","0","0","0","0","3","0","0","0","0","0","0","1","0","0","0","0","0","1","0","0","0","0","0","0","0","0","0","1","0","0","0","0","0","0","0","0","0","0","0","0","0","0","0","0","0","0","0","0","0","0","0","0","0","0","0","0","0","2","1","0","0","0","0","0","0","0","0","1","1","0","0","0","0","0","0","0","0","0","0","0","0","0","0","0","0","0","0","0","0","0","0","1","0","0","0","0","0","0","1","0","0","0","0","0","0","0","0","0","0","0","0","0","0","0","0","191","1","1","0","0","0","0","1","0","0","0","0","1","2","0","18","0","0","0","0","5","3","0","2","0","2","1","6","0","5","0","0","0","0","0","0","0","1","0","0","0","0","0","0","1","0","0","0","0","0","0","1","0","0","0","7","0","0","1","0","0"
"24-860 Eagle River No. 3","110","7","0","0","11","0","0","0","2","0","0","3","1","0","0","10","0","0","5","1","0","1","7","0","1","1","0","0","0","0","11","0","7","0","1","0","6","0","0","0","0","0","0","0","5","0","1","0","1","0","2","0","0","0","0","0","0","0","3","1","0","0","0","0","0","0","0","0","0","1","1","0","0","0","0","0","0","0","0","0","0","1","0","0","0","0","0","0","0","1","0","1","1","0","0","1","0","0","4","1","1","0","1","0","0","0","0","0","0","0","0","2","2","0","0","0","0","0","0","0","0","1","0","0","0","0","0","0","0","0","0","0","0","1","0","0","0","0","1","0","0","0","1","0","0","0","0","0","0","0","0","3","0","0","0","0","0","1","0","0","0","0","0","0","0","0","0","0","1","0","0","0","0","0","0","0","0","0","0","0","0","0","0","0","0","0","0","0","0","0","0","1","0","0","0","0","0","0","0","0","0","0","0","0","0","0","0","0","0","276","3","2","2","0","0","2","0","0","0","0","0","0","0","0","42","2","0","0","1","6","1","0","9","0","2","0","5","0","7","3","0","0","0","0","1","0","3","0","0","0","3","0","0","3","0","0","0","0","0","0","1","0","0","0","9","0","0","3","2","0"
"24-865 Eklutna","133","5","2","0","6","0","0","0","1","0","1","0","1","0","0","7","1","0","6","0","0","6","4","0","1","0","0","0","1","0","10","1","2","0","0","1","5","0","1","0","0","0","0","0","2","0","0","0","0","0","0","0","0","0","0","0","1","0","5","3","0","0","1","0","0","0","0","0","0","0","0","0","0","0","0","0","0","0","1","0","0","0","0","0","0","0","1","0","0","0","0","0","0","0","0","0","0","0","1","1","0","0","0","0","0","0","0","0","0","0","0","2","2","0","0","0","0","0","1","0","0","1","0","0","0","0","0","0","0","0","0","0","0","1","0","0","0","0","1","0","0","0","0","0","0","0","0","0","0","0","0","2","0","0","0","1","1","1","0","0","0","1","2","0","0","0","0","0","0","0","0","0","0","0","1","0","0","0","0","0","0","1","0","0","0","0","0","1","0","0","0","0","0","0","0","0","0","0","0","0","0","0","0","0","0","0","0","0","0","304","0","0","2","0","0","0","0","0","0","0","0","0","0","0","37","2","1","0","0","1","0","1","14","0","3","1","8","0","4","0","0","0","1","3","0","0","4","0","0","3","6","0","1","2","1","0","0","0","0","0","2","0","0","1","6","0","0","1","2","1"
"24-870 Fire Lake","141","8","4","0","7","0","0","1","2","0","1","1","0","0","0","10","1","0","7","0","0","4","5","0","1","0","0","0","0","1","7","0","3","0","0","3","11","0","0","0","3","0","0","0","4","1","1","0","0","1","0","0","0","0","0","0","0","0","3","1","0","0","0","0","0","0","0","0","0","0","0","0","0","0","0","0","0","0","0","0","0","0","0","0","0","0","1","0","0","0","0","0","0","0","0","0","0","0","6","0","1","0","0","0","0","1","0","0","0","0","0","0","0","0","0","0","0","0","0","0","0","0","0","0","1","0","0","0","0","0","0","0","0","0","0","0","1","0","1","0","0","0","0","0","1","1","0","0","0","0","0","0","0","0","0","0","0","0","0","0","1","0","0","0","0","0","0","0","0","0","0","0","0","0","0","0","0","0","0","0","0","0","0","0","0","0","0","0","0","0","0","1","0","0","0","0","0","0","0","0","0","0","0","0","1","0","0","0","0","346","4","2","2","0","1","1","0","0","1","0","0","0","1","0","33","1","1","0","1","7","1","0","20","0","2","1","14","0","8","0","0","0","0","0","0","0","5","0","1","1","2","0","1","1","0","0","0","0","0","0","4","0","1","0","7","0","0","3","1","2"
"24-875 Peters Creek No. 1","143","10","2","0","11","1","0","3","4","0","0","2","0","0","1","7","0","0","2","0","0","3","7","0","1","0","1","0","1","0","16","1","3","0","0","1","12","0","1","0","0","0","0","0","5","1","2","1","1","0","0","0","0","0","0","0","0","0","7","2","0","0","1","0","0","0","0","0","0","0","0","0","0","0","0","0","1","0","1","1","0","0","1","0","1","0","0","0","0","1","1","0","1","0","0","0","0","0","4","1","0","1","0","0","0","1","0","0","1","0","0","2","1","0","0","0","0","0","0","0","0","0","0","0","0","0","0","0","0","0","0","0","0","0","1","0","0","0","0","0","0","0","1","1","0","0","0","0","0","0","0","1","0","0","0","1","0","0","1","0","1","1","0","0","0","0","0","0","0","0","0","0","0","0","0","0","0","0","0","0","0","0","0","0","0","0","0","0","0","0","1","0","1","0","0","0","0","0","0","0","0","0","0","0","0","0","0","0","0","546","8","1","2","0","1","1","0","0","0","0","0","0","0","0","49","1","2","0","0","7","1","0","15","0","1","0","9","0","13","1","0","0","0","2","0","0","3","1","0","0","5","0","1","1","0","1","0","0","1","0","5","0","0","1","14","0","0","8","0","0"
"24-880 Peters Creek No. 2","91","7","1","0","8","0","0","1","1","0","0","0","0","0","0","10","0","0","2","0","0","2","8","0","0","0","0","0","0","0","5","1","0","0","0","1","3","0","0","0","0","1","0","0","5","0","0","0","0","0","0","0","0","0","0","0","0","0","2","0","0","0","0","0","0","0","0","0","0","1","0","0","0","0","0","1","0","0","0","0","0","0","0","0","0","0","0","1","1","0","0","0","0","0","0","0","0","0","2","0","0","1","1","0","0","0","0","0","0","0","0","2","0","0","0","0","0","0","0","1","0","0","0","0","0","0","0","0","1","0","0","0","0","0","0","0","0","0","0","0","0","0","0","0","0","0","0","0","0","0","0","2","1","0","0","0","0","0","0","0","0","1","1","1","0","0","0","0","0","0","0","0","0","0","0","0","0","0","0","0","0","0","0","0","0","0","0","0","0","0","0","0","1","0","0","0","0","0","0","0","0","0","0","0","0","0","0","0","0","273","0","2","1","0","0","0","1","0","0","0","0","0","0","0","26","1","0","0","0","3","1","0","12","0","3","0","6","0","5","0","0","0","0","4","1","0","1","0","0","1","4","0","0","3","0","0","0","0","0","0","1","0","0","0","8","0","0","1","0","0"
"25-305 Butte","160","13","4","0","11","1","0","1","2","0","1","0","1","0","0","10","1","0","7","0","1","2","9","0","1","1","0","0","0","0","18","1","6","0","0","5","10","0","0","0","0","0","0","0","3","2","5","0","0","1","0","0","0","0","1","1","0","0","5","4","3","0","0","0","0","0","1","0","0","1","0","0","0","1","0","1","0","0","0","0","0","1","0","0","0","0","0","0","0","0","1","1","0","0","0","0","0","0","3","0","1","1","0","1","0","2","0","0","0","1","0","3","0","0","0","1","0","0","0","0","0","0","0","0","0","0","0","0","0","0","0","0","0","1","2","0","1","0","1","0","0","0","0","0","0","1","0","0","0","0","0","0","1","0","0","0","0","0","0","0","0","3","1","0","0","0","0","0","1","0","0","0","0","0","0","0","0","0","0","0","0","0","0","0","0","0","0","0","0","0","0","0","0","0","0","0","0","0","1","0","0","0","0","0","0","0","0","0","0","655","2","1","1","0","0","0","0","0","0","0","0","0","0","0","83","2","3","0","0","15","1","0","31","0","5","1","14","0","12","0","0","0","0","4","1","0","8","0","3","0","5","1","0","0","0","0","0","0","0","0","6","0","0","0","14","0","0","12","3","1"
"25-310 Greater Palmer","84","7","6","0","8","1","0","0","3","0","0","1","0","0","0","2","2","0","5","1","0","2","5","0","1","0","0","0","0","0","8","1","2","0","0","3","7","0","0","0","0","0","0","0","2","1","2","0","0","0","0","0","0","0","0","0","0","0","2","1","0","0","1","0","0","1","0","0","0","0","0","0","0","1","0","0","0","0","0","0","0","1","0","0","0","0","0","1","0","0","0","0","0","0","0","0","0","0","2","1","0","1","1","0","0","0","0","0","0","1","0","2","0","0","0","1","0","0","0","0","0","0","0","0","0","0","0","0","0","0","0","0","0","1","0","0","0","0","0","0","0","0","0","0","1","0","0","0","0","0","0","1","0","0","0","0","0","0","0","0","0","0","1","0","0","0","0","0","0","0","0","0","0","0","1","0","0","0","0","0","0","0","0","0","0","0","0","0","0","0","0","0","0","0","0","0","0","0","0","0","0","0","0","0","0","1","0","0","0","272","1","1","1","0","0","0","1","0","0","0","0","0","0","0","34","0","2","0","0","5","1","0","15","0","3","1","1","0","9","0","0","0","0","4","1","0","5","0","1","0","0","0","0","0","0","0","0","0","0","1","1","0","0","0","1","0","0","3","0","1"
"25-315 Lazy Mountain","128","9","2","0","7","0","1","2","5","0","0","0","1","0","0","7","1","0","4","0","0","3","3","0","2","0","0","0","0","0","14","2","1","0","0","2","8","0","1","0","0","0","1","0","1","0","1","0","0","0","0","0","0","0","0","1","0","0","1","2","0","0","1","0","0","0","0","0","0","0","0","0","0","0","0","0","0","0","0","0","0","0","0","0","1","0","0","0","0","0","0","0","0","0","0","0","0","0","2","1","0","0","0","0","0","0","0","0","0","0","0","2","0","0","0","0","0","0","0","0","1","0","0","0","0","1","0","0","0","0","0","0","0","0","0","0","1","0","0","0","0","0","0","0","0","0","0","0","0","0","0","2","0","0","0","0","0","0","0","0","1","1","1","0","0","0","0","0","0","0","0","0","0","0","0","0","0","0","0","0","0","0","0","0","0","0","0","0","0","0","0","0","0","0","0","0","0","0","0","0","0","0","0","1","1","0","0","0","0","423","0","1","1","0","0","1","0","0","0","0","0","0","0","0","57","1","4","0","0","6","2","0","24","0","2","0","7","0","5","0","0","0","0","5","1","0","3","0","0","0","2","0","0","3","0","0","0","0","1","0","1","0","0","0","7","0","0","3","0","1"
"25-320 Palmer City No. 1","105","6","0","0","11","1","0","0","1","0","0","3","0","0","0","4","3","0","2","1","0","0","10","0","0","0","0","0","0","0","9","0","4","0","0","0","6","0","0","0","0","0","0","0","3","1","0","0","0","0","0","0","0","0","0","0","0","0","5","2","0","0","3","0","0","0","0","0","0","0","0","0","0","0","0","0","0","0","0","1","0","0","0","0","0","0","1","0","0","0","0","0","0","0","0","0","0","0","3","0","0","0","0","0","0","0","0","0","0","0","0","1","1","0","0","0","0","0","0","0","0","0","0","0","0","1","0","0","0","0","0","0","0","1","0","0","0","0","1","0","0","0","0","1","0","1","0","2","0","0","0","0","0","0","0","0","0","0","0","0","0","0","1","0","0","0","0","0","0","0","0","0","0","0","0","0","1","0","0","0","0","0","0","0","0","1","0","1","0","0","0","0","0","0","0","0","0","0","0","0","0","0","0","0","0","0","0","0","0","268","3","1","1","1","0","0","0","0","0","0","1","0","0","0","28","1","0","0","0","4","0","0","8","0","2","0","6","0","7","1","1","0","0","0","0","0","4","1","0","0","1","0","0","0","0","0","0","0","0","0","3","0","0","0","7","0","0","3","1","0"
"25-325 Palmer City No. 2","88","9","3","0","17","0","0","2","2","0","1","2","0","0","1","8","0","0","4","0","0","5","10","0","1","0","0","0","0","0","13","1","4","0","0","1","7","0","0","0","0","0","0","0","1","1","0","0","0","0","0","0","1","0","1","1","1","0","3","1","1","0","0","1","0","0","1","0","1","0","0","0","0","1","0","0","0","0","0","0","0","0","0","0","0","0","0","0","0","0","0","0","0","0","0","0","0","0","3","0","0","0","1","1","0","0","0","0","0","0","0","5","1","0","0","0","0","0","0","0","0","0","0","0","2","0","0","0","0","0","0","0","0","1","0","1","0","0","0","1","0","0","0","0","0","0","0","0","0","0","0","0","0","2","0","0","0","1","0","0","0","1","1","0","0","0","0","0","0","0","0","0","0","0","0","0","1","0","1","1","0","0","0","0","0","0","1","0","0","0","0","1","0","0","0","0","0","0","0","0","0","0","0","0","0","0","0","0","0","244","3","0","2","0","0","0","0","0","1","0","0","0","0","0","33","0","2","0","1","4","1","0","19","0","0","0","7","0","7","1","0","0","0","3","0","0","5","0","1","0","0","0","0","0","0","0","0","0","0","0","2","0","0","1","2","0","0","2","0","1"
"25-330 Springer Loop","110","4","3","0","6","0","0","2","2","0","0","0","2","0","0","11","0","0","2","1","0","0","9","0","1","0","1","0","1","0","6","1","2","0","1","3","4","0","0","0","0","0","0","0","2","0","1","0","0","0","0","0","0","0","0","1","1","0","4","3","0","0","0","0","0","0","0","0","0","0","1","0","0","0","0","0","0","0","2","0","0","0","0","0","0","0","0","0","0","0","0","1","0","0","0","0","0","0","2","0","1","0","0","0","0","0","0","0","0","1","0","3","1","0","0","0","0","0","0","0","1","0","0","0","1","1","0","0","0","0","0","0","0","0","0","0","1","0","0","0","0","0","0","0","0","0","0","0","0","0","0","5","0","0","0","0","0","0","0","0","0","0","1","0","0","0","0","0","0","0","0","0","0","0","0","0","0","0","0","0","0","0","0","0","0","0","0","0","0","0","0","0","0","0","0","0","0","0","0","0","0","0","0","0","0","0","0","0","0","401","7","4","1","0","0","0","1","0","0","0","0","0","0","0","44","2","3","0","0","8","0","1","20","0","2","0","13","0","9","0","0","0","0","2","2","0","6","0","0","0","0","0","1","2","0","0","0","0","0","0","1","0","1","0","7","0","0","5","2","0"
"25-335 Walby","74","3","5","0","7","0","0","2","3","0","1","1","1","0","0","5","0","0","5","1","0","1","6","1","0","0","0","0","0","1","8","2","3","0","0","1","3","0","0","0","0","0","0","0","1","1","1","0","0","0","1","0","0","0","0","1","0","0","4","1","0","0","0","0","0","0","0","0","0","2","0","0","0","0","0","0","0","0","1","0","0","0","1","2","0","0","0","0","0","0","0","0","0","0","1","0","0","0","0","0","0","0","2","0","0","0","0","0","0","0","0","3","1","0","0","0","0","0","0","0","0","1","0","0","0","0","0","0","1","0","0","0","0","0","0","0","0","0","0","0","0","0","0","0","1","1","0","0","0","0","0","3","0","0","0","0","0","0","0","0","0","1","0","0","0","0","0","0","0","0","0","0","0","0","0","0","0","0","0","0","0","0","0","0","0","0","0","0","0","0","0","0","0","0","0","0","0","0","0","0","0","0","0","0","0","0","0","0","0","354","3","1","0","0","0","0","0","0","0","0","0","0","0","0","41","1","0","0","0","8","0","0","26","1","3","1","14","0","8","0","0","0","0","4","0","0","8","0","3","1","1","0","1","2","0","0","0","0","1","0","4","0","1","0","9","0","0","7","2","0"
"26-350 Fairview No. 1","44","3","1","0","5","0","0","0","1","0","0","0","0","0","0","1","0","0","4","0","0","1","1","0","0","1","0","0","0","1","3","0","3","0","0","1","5","0","0","0","0","0","0","0","0","0","0","0","0","1","0","0","0","0","0","0","0","0","2","1","0","0","1","0","0","0","0","0","0","0","0","0","0","0","0","0","1","0","0","0","0","0","0","0","0","0","0","0","0","0","0","0","0","0","0","0","0","0","6","1","1","1","0","0","0","2","0","0","0","1","0","1","0","0","0","0","0","0","0","0","0","0","0","0","0","1","0","0","0","0","0","0","0","0","0","1","0","0","0","0","1","0","0","1","0","1","0","0","0","0","0","0","0","0","0","0","0","0","0","0","0","0","2","0","0","0","0","0","0","0","0","0","0","0","0","0","0","0","0","0","0","0","0","0","0","1","0","0","0","0","0","0","0","0","0","0","0","0","0","0","0","0","2","0","0","0","0","0","0","303","1","0","0","0","0","0","0","0","0","0","0","1","1","0","32","2","2","0","2","7","0","0","23","0","1","0","8","0","4","0","0","0","1","0","0","0","2","0","0","0","1","0","0","0","0","0","0","0","0","0","1","0","0","0","1","0","0","1","0","0"
"26-355 Fairview No. 2","50","0","0","0","2","0","0","0","0","0","1","0","0","0","0","4","1","0","1","1","0","0","6","0","0","1","0","0","0","0","6","0","0","0","0","4","5","0","0","0","0","0","0","0","5","0","0","0","1","0","0","0","1","0","0","1","1","0","1","2","0","0","0","0","0","0","0","0","0","0","1","0","1","1","0","0","0","0","0","0","0","3","0","1","0","0","0","0","0","0","0","1","0","0","1","0","0","0","0","0","0","0","0","0","0","0","0","0","0","0","0","1","0","0","0","0","0","0","0","0","0","0","0","0","0","0","0","0","0","0","0","0","0","0","0","0","0","0","0","1","0","0","0","0","1","0","0","0","0","0","0","0","0","0","0","0","0","0","0","0","0","0","1","1","0","0","0","0","0","0","0","0","0","0","0","0","0","0","0","0","0","0","0","0","0","0","0","0","0","0","0","0","0","0","0","0","0","0","1","0","0","0","0","0","0","0","0","0","0","214","2","0","0","0","0","0","0","0","0","0","0","0","0","0","24","0","0","0","0","3","2","0","18","0","1","0","2","0","2","0","0","0","0","2","0","0","5","0","1","0","1","0","0","1","0","0","0","0","1","0","1","0","0","0","2","0","0","1","0","2"
"26-360 Knik Goose Bay No. 1","104","8","0","0","9","0","0","1","3","0","0","1","0","0","1","17","1","0","4","0","0","0","10","0","0","0","0","0","0","0","11","1","1","0","0","6","8","0","0","0","0","1","1","0","5","2","0","0","0","0","0","0","0","0","0","0","0","0","7","2","0","0","0","0","0","0","1","0","0","1","0","0","0","0","0","0","0","0","0","1","0","1","1","0","0","0","1","0","0","0","1","0","0","0","1","0","0","0","7","1","0","0","1","1","0","1","0","0","0","1","0","4","2","0","0","0","0","0","0","0","0","0","0","0","1","0","0","0","0","0","0","1","0","0","0","0","0","0","0","0","1","0","0","0","0","1","0","0","1","0","0","0","0","0","0","0","0","0","0","0","0","1","0","0","1","0","0","0","0","0","0","0","0","0","0","0","0","0","0","0","0","0","0","0","0","0","1","0","0","0","0","0","0","0","0","0","0","0","1","0","0","1","0","0","0","0","0","0","0","724","4","3","1","0","0","0","1","0","0","0","0","0","1","0","84","5","0","0","0","8","1","0","38","0","6","0","15","0","8","0","0","0","0","5","2","0","5","0","2","1","6","0","0","1","1","0","0","0","1","0","3","0","0","0","3","0","0","6","0","1"
"26-365 Knik Goose Bay No. 2","102","6","1","0","6","0","0","1","0","0","1","2","1","0","0","4","1","0","1","1","0","3","4","0","0","0","0","0","0","0","3","1","1","0","1","3","5","0","0","0","0","0","0","0","3","0","2","0","0","0","3","0","0","0","0","0","2","0","2","2","0","0","0","0","0","0","0","0","0","0","0","0","0","0","0","0","0","0","0","0","0","1","1","0","0","0","0","0","0","0","0","0","0","0","1","0","0","0","3","1","0","1","0","0","0","1","0","0","0","0","0","3","0","0","0","0","0","0","0","1","0","0","0","0","1","0","0","0","0","0","0","0","0","0","0","0","1","0","0","0","1","0","0","0","1","0","0","0","0","0","0","0","0","0","0","0","0","0","0","0","0","0","0","0","0","0","0","0","0","0","0","0","0","0","0","0","0","0","0","0","0","0","0","0","0","1","0","0","0","0","0","0","0","0","0","0","0","0","0","0","0","0","0","0","0","0","0","0","0","455","1","1","1","0","1","0","1","0","0","0","0","0","0","0","62","1","0","0","1","10","0","0","28","0","3","0","8","0","7","0","0","0","0","2","0","0","7","0","1","0","0","0","0","1","0","0","1","0","0","0","2","0","1","0","5","0","0","3","0","0"
"26-370 Knik Goose Bay No. 3","60","2","0","0","2","0","0","2","1","0","0","1","0","0","0","9","2","0","2","0","0","0","3","0","1","0","0","0","0","0","6","0","0","0","0","1","6","0","0","0","0","0","0","0","0","0","0","0","2","0","0","0","0","0","0","0","0","0","2","0","0","0","1","0","0","0","0","0","0","0","0","0","1","0","0","0","0","0","0","0","0","0","0","0","0","0","1","0","0","0","0","0","0","0","0","0","0","0","3","1","0","0","0","0","0","0","0","0","0","1","0","1","0","0","0","0","0","0","0","0","0","0","0","0","0","0","0","0","0","0","0","1","0","0","0","0","0","0","0","0","1","0","0","0","0","0","0","0","0","0","0","1","0","1","0","0","0","0","0","0","0","0","0","0","0","0","0","0","0","0","0","0","0","0","0","0","0","0","0","0","0","0","0","0","0","0","0","0","0","0","0","0","0","0","0","0","0","0","0","0","0","0","0","0","0","0","0","0","0","287","1","0","1","0","0","0","1","0","1","0","0","0","1","0","44","1","2","0","0","6","0","1","25","0","2","0","6","0","2","0","0","0","0","1","1","0","3","0","1","0","4","0","0","0","0","0","0","0","0","0","1","0","0","0","2","0","0","1","0","0"
"26-375 Mat-Su Campus","96","5","1","1","1","0","0","1","3","0","0","1","0","0","0","5","0","0","3","1","0","4","5","0","2","1","0","0","0","0","10","3","2","0","0","3","11","0","0","0","2","0","0","0","1","0","0","0","0","0","2","0","0","0","0","0","0","0","1","2","0","0","0","0","0","0","0","0","0","0","0","0","2","0","1","0","0","0","0","0","0","0","0","0","0","0","0","0","0","0","0","0","0","0","0","0","0","0","4","0","0","0","0","0","0","0","0","0","0","0","0","3","1","0","0","0","0","0","0","0","0","0","0","0","0","1","0","0","0","0","0","0","0","0","0","0","0","0","0","0","0","0","0","0","1","0","0","0","1","0","0","0","0","0","0","0","0","0","0","0","0","2","0","0","0","0","0","0","0","0","0","0","0","0","0","0","0","0","0","0","0","0","0","0","0","0","0","0","0","0","0","0","0","0","0","0","0","0","0","0","0","0","0","0","0","0","0","0","0","328","2","0","0","0","0","0","0","0","0","0","0","0","1","0","47","0","1","0","0","4","0","0","19","0","1","2","8","0","12","0","0","0","0","4","0","0","7","0","0","1","1","0","0","1","0","0","0","0","0","0","1","0","0","0","2","0","0","5","1","2"
"26-380 Snowshoe","107","7","0","0","7","1","0","2","1","0","1","0","0","0","0","7","3","0","1","0","0","4","6","0","1","1","0","0","0","0","11","3","3","0","0","2","7","0","0","0","0","0","0","0","6","2","0","0","0","1","0","0","0","0","0","1","0","0","6","0","0","0","0","0","0","0","0","0","0","1","1","0","0","2","0","0","0","0","0","0","0","2","0","0","1","0","0","1","0","0","0","0","2","0","0","0","0","0","3","1","0","0","0","0","0","1","0","0","0","1","0","1","0","0","0","0","0","1","0","0","0","0","0","0","1","0","0","1","0","0","0","0","0","0","0","0","0","0","1","0","0","0","1","0","0","0","0","0","0","0","0","3","1","0","0","0","1","0","0","0","0","1","0","0","0","0","0","0","0","0","0","1","0","0","0","0","0","0","0","0","0","0","1","0","0","0","2","0","0","0","0","0","0","0","0","0","0","0","1","0","0","0","0","0","0","0","0","0","0","590","3","0","3","0","0","0","0","0","0","0","0","0","1","0","67","3","1","0","0","14","2","0","27","0","3","0","11","0","6","0","1","0","0","5","0","0","11","0","0","0","3","0","0","0","0","0","0","0","1","0","2","0","1","0","6","0","0","0","2","0"
"27-405 Foothills","74","1","0","0","2","0","0","1","3","0","1","0","0","0","1","6","0","0","1","0","0","1","8","0","0","0","0","0","0","0","8","0","4","0","1","2","5","0","0","0","0","0","0","0","1","0","0","0","0","0","0","0","0","0","0","0","0","0","4","0","0","0","0","0","0","0","0","0","0","0","0","0","0","0","0","0","0","0","0","0","0","0","0","0","0","0","0","0","0","0","0","0","0","0","0","0","1","0","3","0","0","0","0","0","0","0","1","0","0","1","0","1","0","0","0","0","0","0","0","1","0","1","0","0","0","0","0","0","0","0","0","0","0","0","0","0","0","0","0","0","0","0","0","0","1","0","0","0","1","0","0","2","0","0","1","0","0","0","0","0","0","1","3","0","0","0","0","0","0","0","0","0","0","0","0","0","0","0","0","0","0","0","0","0","0","0","0","2","0","0","1","0","1","0","0","0","0","0","0","0","0","0","0","0","0","0","0","0","0","425","3","2","1","0","1","0","0","0","0","0","0","0","0","0","48","1","0","0","0","8","0","0","22","0","2","1","19","0","10","0","0","0","1","2","0","0","4","1","0","1","4","0","0","1","0","0","0","0","0","0","3","0","1","0","3","0","0","4","1","1"
"27-410 Meadow Lakes No. 1","102","10","1","0","6","0","0","1","6","0","0","0","0","0","0","8","0","0","1","0","0","1","7","0","1","0","0","0","2","0","11","2","3","0","1","4","8","0","0","0","1","1","1","0","0","1","1","0","0","0","0","0","0","0","0","0","0","0","6","0","0","0","0","0","0","0","0","0","0","0","0","0","0","0","0","0","0","0","0","0","0","2","0","0","0","0","0","0","1","1","0","0","0","0","0","0","1","0","2","0","0","0","1","0","0","0","0","0","0","1","0","2","0","0","0","0","0","0","0","1","0","0","0","0","1","0","0","0","0","0","0","0","0","0","0","0","0","0","0","0","0","0","0","0","0","1","0","0","1","0","0","0","0","0","1","0","0","0","1","0","0","0","0","0","0","0","0","0","0","0","0","0","0","0","0","0","0","0","0","0","0","0","0","0","1","0","0","0","0","0","0","0","1","0","0","0","0","0","0","0","0","1","0","0","0","0","0","0","0","660","2","0","0","0","0","0","1","0","0","0","0","0","0","0","71","1","0","0","0","15","1","0","24","0","2","2","15","2","15","0","0","0","0","4","1","0","9","0","1","3","12","1","0","0","0","0","0","0","0","0","5","0","1","1","4","0","0","3","4","1"
"27-415 Meadow Lakes No. 2","79","5","1","0","5","0","0","1","5","0","1","1","1","0","2","6","1","0","0","0","0","1","9","0","0","1","0","0","1","0","6","1","0","0","0","2","4","0","1","0","0","0","0","0","4","0","0","0","1","0","1","0","1","0","0","0","1","0","4","2","0","0","0","0","0","0","0","0","0","0","0","0","1","3","0","0","0","0","0","1","0","0","1","0","0","0","1","0","0","0","0","0","0","0","0","0","0","0","0","0","0","0","0","0","0","0","0","0","0","1","0","3","1","0","0","1","0","0","0","0","0","1","0","0","0","0","0","0","0","0","0","0","0","2","0","0","1","0","0","0","0","0","0","0","0","0","0","0","0","0","0","1","0","0","0","0","0","0","0","1","1","0","0","0","0","0","0","0","0","0","0","0","0","0","0","0","0","0","0","0","0","0","0","0","0","0","0","0","0","1","0","0","0","0","0","0","0","0","0","0","0","0","0","0","0","0","0","0","0","548","3","0","0","0","2","0","0","0","0","0","0","1","0","0","60","0","2","0","2","13","1","0","19","0","1","1","19","0","10","0","0","0","0","3","0","0","5","0","3","2","14","0","1","1","0","0","0","0","0","0","1","0","0","0","1","0","0","7","7","0"
"27-420 Wasilla No. 1","85","3","4","0","4","2","0","3","7","0","0","0","0","0","2","4","2","0","1","1","0","3","8","0","2","0","2","0","0","1","8","0","0","0","0","1","3","0","0","0","0","0","0","0","3","1","1","0","1","0","0","0","1","0","0","0","2","0","2","1","0","0","1","0","0","0","1","0","0","0","0","0","0","0","0","0","0","0","0","0","0","2","0","1","0","0","0","0","0","0","0","1","0","0","0","0","0","0","0","0","0","2","0","0","0","0","0","0","0","0","0","1","1","0","0","0","0","0","0","0","0","0","0","0","0","0","0","0","1","0","0","0","0","0","0","0","0","0","1","0","0","0","0","0","0","0","0","0","1","0","0","1","0","0","0","0","0","0","0","1","0","0","1","2","0","0","0","0","1","0","0","0","0","0","0","0","0","0","0","0","0","0","0","0","0","0","0","0","0","0","0","0","0","0","0","0","0","0","0","0","0","0","0","0","0","0","0","0","0","397","5","2","0","0","1","0","0","0","0","0","0","0","1","0","60","0","0","0","1","7","1","1","22","0","2","0","11","0","8","1","0","0","0","5","1","0","7","1","1","3","9","1","0","1","0","0","0","0","0","0","2","0","0","3","0","0","0","6","3","2"
"27-425 Wasilla No. 2","105","7","0","0","3","0","0","1","5","0","0","4","0","0","0","10","2","0","3","0","0","1","7","0","0","1","0","0","1","0","10","0","1","0","0","2","10","0","1","0","0","0","1","0","1","1","1","0","0","0","0","0","0","0","0","0","0","0","5","3","0","0","0","0","0","0","1","0","0","0","0","0","0","0","2","1","0","0","0","1","0","0","0","0","0","0","0","0","0","0","0","0","0","0","0","0","1","0","2","1","0","0","0","0","0","2","0","0","1","0","0","1","3","0","0","0","0","0","0","1","0","0","0","0","0","0","0","0","0","0","0","1","0","0","0","0","1","0","0","0","0","0","0","0","2","0","0","0","0","0","0","0","0","0","0","0","0","0","0","0","0","0","0","1","0","0","0","0","0","0","0","0","0","0","0","0","0","0","0","0","0","0","0","0","0","0","0","1","0","0","0","0","0","0","0","0","0","0","0","0","0","0","1","0","0","0","0","0","0","553","5","1","1","0","1","0","1","0","1","0","0","0","1","0","59","1","0","0","1","11","0","0","24","0","0","0","18","0","9","0","0","0","0","1","1","0","8","0","0","2","11","0","0","1","0","0","0","0","0","0","4","0","0","0","6","0","0","8","3","1"
"28-450 Lakes No. 1","70","4","0","0","3","0","0","2","1","0","0","1","0","0","0","8","3","0","0","1","0","0","5","0","0","0","0","0","0","0","6","1","4","0","0","1","5","0","2","1","0","0","0","0","1","1","0","0","2","0","0","0","2","0","0","1","0","0","6","0","0","0","0","0","0","0","0","0","0","0","1","0","0","0","0","0","0","0","0","0","0","0","0","0","0","0","0","0","0","0","0","1","0","0","0","1","0","0","2","0","0","1","0","0","0","2","0","0","0","0","0","0","2","0","0","0","0","0","0","1","0","0","0","0","0","0","0","0","0","0","1","1","0","0","0","0","1","0","0","0","0","0","0","0","0","0","0","0","0","0","0","1","0","0","0","0","0","0","0","0","0","1","2","1","0","0","0","0","1","0","0","0","0","0","0","0","0","0","0","0","0","1","0","0","0","0","0","0","0","0","0","0","0","0","0","0","0","0","1","0","0","0","0","0","0","0","0","0","0","316","1","0","1","0","2","0","0","0","0","0","0","0","0","0","46","2","1","0","0","9","1","0","14","1","0","0","12","0","7","0","0","0","0","1","0","0","3","0","0","0","4","0","0","2","0","0","0","0","0","0","6","0","0","0","3","0","0","4","1","0"
"28-455 Lakes No. 2","52","1","0","0","2","0","0","0","2","0","0","0","0","0","0","5","0","0","1","0","0","1","3","0","1","0","0","0","0","0","2","2","2","0","0","0","7","0","0","0","0","0","0","0","3","3","1","0","1","0","0","0","0","0","0","0","0","0","1","1","0","0","0","0","0","0","1","0","0","0","1","0","0","1","0","0","0","0","0","1","0","0","0","1","0","0","0","0","0","0","1","0","0","0","0","0","0","0","3","0","0","0","0","0","0","0","0","0","0","0","0","0","1","0","0","0","0","0","1","0","0","0","0","0","2","0","0","0","0","0","0","0","0","0","0","0","0","0","0","0","0","0","0","0","0","0","0","0","0","0","1","0","0","0","0","0","0","1","0","0","0","0","0","0","0","0","0","0","0","0","0","0","0","0","0","0","0","0","0","0","0","0","0","0","0","0","0","0","0","0","0","0","0","0","0","0","0","0","0","0","1","0","0","0","0","0","0","0","0","235","0","2","0","0","0","0","0","0","0","0","0","0","0","0","25","0","0","0","0","8","2","0","7","0","0","0","4","0","1","0","0","0","0","2","0","0","2","0","0","0","0","0","0","0","0","0","0","0","0","0","4","0","1","0","1","0","0","4","1","0"
"28-460 Seldon No. 1","96","7","2","0","4","1","0","0","1","0","1","2","0","0","0","9","0","0","1","0","0","3","8","0","0","0","0","0","0","0","8","2","4","0","0","1","3","0","0","0","1","0","0","0","1","0","0","0","0","0","0","0","0","0","0","1","0","0","3","1","0","0","0","0","0","0","1","0","0","0","0","0","0","1","0","0","0","0","0","0","0","0","0","0","0","0","1","0","0","0","0","0","0","0","0","0","0","0","3","0","0","0","0","0","0","0","0","0","0","0","0","4","2","0","0","0","0","0","0","0","0","0","0","0","0","0","0","0","0","0","0","1","0","0","0","0","0","0","0","0","0","0","0","0","0","0","0","0","0","0","0","2","0","0","0","0","0","2","0","0","0","1","0","0","0","0","0","0","0","0","0","0","0","0","0","0","0","0","0","0","0","0","1","0","0","0","0","0","0","1","0","0","1","0","0","0","0","0","0","0","0","0","0","0","0","0","0","0","0","636","3","2","2","0","0","0","0","0","0","0","0","0","0","0","60","1","2","0","1","6","0","0","17","1","1","0","8","0","9","0","0","0","1","2","3","0","3","0","0","0","1","0","0","2","0","1","0","0","1","0","1","0","0","0","2","0","0","3","3","0"
"28-465 Seldon No. 2","113","8","3","0","9","1","0","1","9","0","0","1","0","0","0","9","2","0","6","2","0","4","9","0","3","1","0","0","1","0","13","1","3","0","0","6","8","0","0","0","0","0","1","0","6","2","0","0","2","0","0","0","0","0","0","1","0","0","12","0","0","0","0","0","0","1","1","0","0","0","0","0","0","1","0","0","0","0","0","0","0","0","2","0","1","0","0","0","0","1","1","1","0","0","0","0","0","0","4","0","1","0","0","0","0","0","0","0","0","0","0","5","1","0","0","0","0","0","0","1","0","0","0","0","1","0","0","0","1","0","0","0","0","0","0","0","0","0","1","0","0","0","0","0","0","0","0","0","1","0","0","2","0","1","0","1","0","1","0","1","0","0","0","0","0","0","0","0","0","0","0","0","1","0","0","1","0","0","0","0","0","0","0","0","0","0","0","0","0","0","1","0","1","0","0","0","0","0","0","0","0","0","0","0","0","0","0","0","0","487","2","0","0","0","0","0","0","0","0","0","0","3","0","0","66","2","0","0","1","10","1","0","26","0","2","1","22","0","12","0","0","0","0","4","0","0","7","0","0","0","7","0","0","1","0","1","0","0","0","1","8","0","0","0","1","0","0","7","4","2"
"28-470 Seward Meridian","63","3","0","0","1","0","0","0","1","0","0","0","0","0","0","2","0","0","2","0","0","0","3","0","0","0","0","0","0","0","3","1","0","0","0","0","5","0","1","0","0","0","0","0","2","0","0","0","0","1","0","0","0","0","0","0","0","0","3","2","0","0","0","0","0","0","0","0","0","0","0","0","1","0","0","0","0","0","0","0","0","0","0","0","1","0","0","0","0","1","1","0","1","0","0","0","0","0","1","1","0","0","0","0","0","0","0","0","0","0","0","1","0","0","0","0","0","0","0","0","0","0","0","0","0","0","0","0","0","0","0","0","0","0","0","0","0","0","0","1","1","0","0","0","0","0","0","0","0","0","0","1","0","0","0","0","0","0","0","0","0","0","1","0","0","0","0","0","0","0","0","0","0","0","0","0","0","0","0","0","0","0","0","0","0","0","0","0","0","0","0","0","0","0","0","0","0","0","0","0","0","0","0","0","0","0","0","0","0","228","1","0","0","0","0","2","0","0","0","0","0","0","0","0","21","1","0","0","2","0","1","0","10","0","0","1","11","0","2","0","1","0","0","2","0","0","3","0","0","0","1","0","0","2","0","0","0","0","0","0","2","0","0","0","1","0","0","4","2","0"
"28-475 Trunk","119","11","1","0","3","0","0","1","1","0","0","1","1","0","1","10","1","0","4","0","0","7","7","0","1","1","1","0","0","0","13","1","4","0","0","3","9","0","0","0","0","0","0","0","4","0","1","0","2","0","0","0","0","0","0","0","0","0","4","2","0","0","1","0","0","0","0","0","0","1","0","0","1","0","0","0","0","0","0","1","0","0","0","0","0","0","0","0","0","0","0","0","2","0","0","0","0","0","7","0","0","0","0","0","0","2","0","0","0","0","0","2","1","0","0","0","0","0","0","0","0","1","0","0","0","0","0","0","0","0","0","0","0","0","1","0","1","0","0","0","0","0","0","0","0","0","0","0","0","0","0","2","0","0","0","0","0","0","0","0","0","0","0","1","0","0","0","1","0","0","0","0","0","0","0","0","0","1","0","1","0","0","0","0","0","0","2","0","0","0","0","0","0","0","0","0","0","0","0","0","0","0","0","0","0","0","0","0","0","370","1","2","1","0","0","0","1","0","0","0","1","1","0","0","48","0","0","0","3","7","0","1","17","0","1","1","19","0","9","0","0","0","0","4","1","0","4","0","2","0","2","0","2","1","0","1","0","0","2","0","5","0","0","0","1","0","0","6","1","1"
"28-480 Wasilla Lake","44","3","1","0","5","0","0","0","1","0","0","2","1","0","0","5","0","0","4","1","0","2","2","0","0","0","0","0","1","0","2","0","2","0","0","1","4","0","0","0","0","0","0","0","1","0","0","0","1","0","0","0","0","0","0","0","0","0","3","0","0","0","0","0","0","1","0","0","0","0","0","0","0","0","0","0","0","0","0","0","0","1","0","0","0","0","0","0","0","0","1","0","0","0","0","0","0","0","0","0","0","1","0","0","0","0","0","1","0","0","0","1","0","0","0","0","0","0","0","0","0","1","0","0","0","0","0","0","0","0","0","0","0","0","0","1","1","0","1","0","0","0","0","0","0","0","0","0","0","0","0","0","0","0","0","1","0","0","0","0","0","0","1","0","0","0","0","0","1","0","0","0","0","0","0","0","0","0","0","1","0","0","0","0","0","0","0","0","0","0","0","0","0","0","0","0","0","0","0","0","0","0","0","0","0","0","0","0","0","217","1","0","0","0","1","0","0","0","0","0","0","0","0","0","27","2","0","0","1","4","2","0","11","0","0","0","9","0","6","1","0","0","0","0","1","0","3","0","0","1","0","0","0","1","1","0","0","0","0","0","2","0","0","0","1","0","0","1","2","0"
"29-505 Farm Loop","102","11","1","0","4","1","0","3","2","0","1","2","1","0","0","5","0","0","6","0","0","2","6","0","0","0","0","0","0","0","11","1","4","0","1","0","10","0","0","0","0","0","0","0","2","1","0","0","0","1","1","0","0","0","1","0","0","0","6","6","0","0","0","0","0","0","0","0","0","2","0","0","0","2","0","0","0","0","0","0","0","0","0","1","1","0","0","0","0","0","0","0","0","0","0","0","0","0","2","0","0","1","1","0","0","0","0","0","0","1","0","5","0","0","0","0","0","0","0","0","0","1","0","0","0","0","0","0","1","0","0","0","0","0","0","0","0","0","0","0","0","0","0","0","0","0","0","0","0","0","0","2","1","0","0","0","0","0","0","0","0","2","1","0","0","0","0","0","1","0","0","0","0","0","0","0","0","0","1","0","0","0","0","0","0","0","0","0","0","0","0","0","1","0","0","0","0","0","0","0","0","0","0","0","0","0","1","0","0","586","4","0","0","0","0","0","0","0","0","0","0","1","1","0","59","4","0","0","2","9","1","0","20","0","2","1","16","0","16","0","0","0","0","1","0","0","10","0","0","0","6","0","0","0","0","1","0","0","1","0","8","0","0","0","3","0","0","4","0","1"
"29-510 Fishhook","192","13","2","1","10","0","0","3","4","0","1","0","1","0","0","11","0","0","4","0","0","6","7","0","1","0","0","0","2","0","28","1","5","1","0","5","19","0","1","0","0","0","0","0","7","2","1","0","2","0","2","0","0","0","0","1","0","0","4","3","0","0","0","0","0","0","2","0","0","0","0","0","0","1","0","0","0","0","0","1","0","2","0","0","1","0","0","0","0","0","0","1","1","0","0","1","0","0","4","0","0","0","1","0","0","0","0","0","0","3","0","4","2","0","0","1","0","0","0","0","0","0","0","1","2","0","0","0","0","0","1","0","0","0","1","0","1","0","0","0","1","0","0","0","0","0","0","0","0","0","0","1","1","0","0","0","0","0","0","0","0","2","1","1","0","0","0","0","0","0","0","0","0","0","0","0","0","0","0","0","0","0","0","0","0","0","0","0","0","0","0","0","1","0","0","0","0","0","1","0","0","0","0","0","1","0","0","0","0","803","7","0","0","0","1","0","1","0","0","0","1","0","0","0","83","2","0","0","0","16","1","0","24","1","4","1","13","1","10","1","2","0","0","2","3","0","3","0","0","0","1","0","1","4","1","1","1","0","1","0","11","0","0","2","2","0","1","8","3","0"
"29-515 Kings Lake","103","6","2","0","5","0","0","2","5","0","1","1","0","0","0","4","0","0","4","0","0","0","10","0","0","1","0","0","0","0","11","1","2","0","0","2","5","0","0","0","0","0","0","0","4","2","0","0","1","0","0","0","0","0","1","0","0","0","4","1","0","0","0","0","0","0","0","0","0","0","0","0","1","0","0","0","0","0","0","0","0","0","0","0","0","0","0","0","0","0","0","1","0","0","0","0","0","0","4","1","1","0","1","0","0","0","0","0","1","0","0","1","2","0","0","1","0","0","1","0","0","0","0","0","1","0","0","0","0","0","0","0","0","0","1","0","0","0","0","0","0","0","0","0","0","0","0","0","0","0","0","4","0","0","0","0","0","0","0","0","0","1","1","0","0","0","0","0","0","0","0","0","0","0","0","0","0","0","0","0","0","0","0","0","0","0","0","0","0","0","0","0","0","0","0","0","0","0","0","0","0","0","0","0","0","0","0","0","0","527","2","0","1","0","0","0","1","0","1","0","0","2","0","0","50","1","1","0","1","11","0","1","25","0","3","0","12","0","11","0","0","0","0","6","0","0","7","0","0","0","4","0","0","2","0","2","1","0","1","0","5","0","1","0","0","0","0","3","1","1"
"29-520 Lakes No. 3","45","3","0","0","0","0","0","0","0","0","0","1","0","0","0","3","0","0","3","0","0","1","5","0","0","1","0","0","0","0","2","1","4","0","0","1","2","0","1","0","0","0","0","0","3","1","1","0","0","0","0","0","0","0","0","0","0","0","1","1","0","0","0","0","0","0","0","0","0","0","0","0","0","0","0","0","0","0","0","0","0","0","0","0","0","0","0","0","0","0","0","0","0","0","0","0","0","0","2","1","0","0","0","0","0","0","0","0","0","0","0","1","0","0","0","1","0","0","0","0","0","0","0","0","0","0","0","0","0","0","0","0","0","0","0","0","0","0","0","0","0","0","0","0","0","0","0","0","0","0","0","1","0","0","0","0","0","0","0","0","1","0","2","0","0","0","0","0","0","0","0","1","0","0","0","0","0","0","0","0","0","0","0","0","0","0","0","0","0","0","0","0","0","0","0","0","0","0","1","0","0","0","0","0","0","0","0","0","0","196","1","1","1","0","0","0","0","0","0","0","0","1","0","0","21","0","0","0","0","4","2","0","5","0","0","0","10","0","4","0","0","0","0","3","0","0","3","0","0","0","3","0","0","0","0","0","0","0","0","0","4","0","1","0","1","0","0","1","0","0"
"29-525 Sheep Mountain","16","0","0","0","0","0","0","2","0","0","0","0","0","0","0","1","0","0","0","0","0","1","1","0","0","0","0","0","0","0","2","0","0","0","0","0","0","0","0","0","0","0","0","0","0","0","0","0","0","0","0","0","0","0","0","0","0","0","2","0","0","0","0","0","0","0","0","0","0","0","0","0","0","0","0","0","0","0","0","0","0","0","0","0","0","0","0","0","0","0","0","0","0","0","0","0","0","0","2","0","0","0","0","0","0","0","0","0","0","0","0","0","0","0","0","0","0","0","0","0","0","0","0","0","0","0","0","0","0","0","0","0","0","0","0","0","0","0","0","0","0","0","0","0","0","0","0","0","0","0","0","0","0","0","0","0","0","0","0","0","0","0","0","0","0","0","0","0","0","0","0","0","0","0","0","0","0","0","0","0","0","0","0","0","0","0","0","0","0","1","0","0","0","0","0","0","0","0","0","0","0","0","0","0","0","0","0","0","0","107","0","0","0","0","0","0","0","0","0","0","0","0","0","0","6","0","0","0","0","0","0","0","2","0","0","0","0","0","3","0","0","0","0","1","0","0","0","0","0","0","0","0","0","1","0","0","0","0","0","0","0","0","0","0","0","0","0","1","0","1"
"29-530 Sutton","75","8","1","0","2","1","0","0","0","0","0","1","0","0","0","7","0","0","2","0","0","2","5","0","1","0","0","0","0","0","3","1","4","0","0","1","4","0","0","0","0","1","0","0","1","1","0","0","0","0","0","0","0","0","1","0","0","0","1","1","0","0","2","0","0","0","0","0","0","0","0","0","0","0","0","0","0","0","0","1","0","0","0","0","0","0","0","0","0","0","0","0","0","0","0","0","0","0","0","0","0","0","0","0","0","0","0","0","1","1","0","0","1","0","0","0","0","0","0","0","0","0","0","0","1","0","0","0","0","0","0","0","0","0","0","0","0","0","0","0","0","0","0","0","0","0","0","0","0","0","0","0","0","0","0","0","0","0","0","0","0","0","1","1","1","0","0","0","0","0","0","0","0","0","0","0","0","0","0","0","0","0","0","0","0","0","0","0","0","0","0","1","0","0","0","0","0","0","1","0","0","0","0","1","0","0","0","0","0","284","3","0","2","0","0","0","0","0","0","0","0","1","0","0","28","0","1","0","0","4","0","0","14","0","1","0","3","0","6","0","0","0","0","0","0","0","2","0","0","1","2","0","0","1","1","0","0","0","1","0","6","0","2","0","0","0","0","2","2","0"
"29-535 Valdez No. 1","98","6","1","0","1","0","0","2","3","0","0","2","0","0","1","7","4","0","1","0","0","0","1","0","0","0","0","0","0","0","11","2","5","0","1","3","1","0","0","0","0","0","0","0","2","0","0","0","0","0","0","0","0","0","0","0","0","0","3","2","0","0","0","0","0","0","0","0","0","0","0","0","0","0","0","0","0","0","0","1","0","1","0","0","0","0","0","0","0","0","0","0","0","0","0","1","0","0","1","0","0","0","0","0","0","0","0","0","0","0","0","2","0","0","0","0","0","0","0","0","0","0","0","0","0","0","0","0","0","0","0","0","0","0","0","0","0","0","0","0","0","0","0","0","1","0","0","0","0","0","0","2","0","0","0","0","0","0","0","0","0","0","1","0","0","0","0","0","1","0","0","0","0","0","0","0","0","0","0","0","0","0","0","0","0","0","0","0","0","0","0","0","0","0","0","0","0","0","0","0","0","0","0","0","0","0","0","0","0","224","4","1","0","0","0","0","0","0","0","0","0","3","0","0","31","4","0","0","1","6","0","0","12","0","1","1","4","0","3","0","0","0","0","0","1","0","1","0","0","0","2","0","0","1","0","0","0","0","1","0","3","0","0","0","0","0","0","3","0","0"
"29-540 Valdez No. 2","46","3","2","0","0","0","0","1","1","0","0","0","0","0","1","1","1","0","1","0","0","2","1","0","0","0","1","0","0","0","10","0","2","0","0","2","4","0","0","0","0","1","0","0","2","0","0","0","1","0","0","0","0","0","0","2","0","0","0","0","0","0","0","0","0","0","0","0","0","0","0","0","0","0","0","0","0","0","0","0","0","0","0","0","0","0","0","0","0","0","0","0","0","0","0","0","0","0","1","0","0","0","0","0","0","0","0","0","0","0","0","1","0","0","0","0","0","0","0","1","0","0","0","0","0","0","0","0","0","0","0","0","0","0","0","0","0","0","0","0","0","0","0","0","0","0","0","0","0","0","0","0","0","0","0","0","0","0","0","0","0","2","0","0","0","0","0","0","0","0","0","0","0","0","0","0","0","0","0","0","0","0","0","0","0","0","0","0","0","0","0","0","0","0","0","0","0","0","0","0","0","0","0","0","0","0","0","0","0","102","5","1","1","0","2","0","0","0","0","0","0","0","0","0","10","1","0","0","0","1","0","1","2","0","1","0","1","0","1","0","0","0","0","0","0","0","0","0","0","0","0","0","0","1","0","0","0","0","0","0","2","0","0","0","0","0","0","1","1","0"
"29-545 Valdez No. 3","72","3","2","0","0","1","0","1","3","0","0","1","0","0","1","0","1","0","3","1","0","2","3","0","0","0","0","0","0","0","8","1","0","0","0","4","1","0","2","0","0","0","0","0","2","0","0","0","0","0","0","0","0","0","0","0","1","0","2","0","0","0","0","0","0","0","0","0","1","0","0","0","0","0","0","0","0","0","0","0","0","0","0","0","0","0","0","0","0","0","0","0","0","0","0","0","0","0","4","0","0","0","0","0","0","0","0","0","0","0","0","3","0","0","0","0","0","0","0","0","0","0","0","0","0","0","0","0","0","0","0","0","0","0","0","0","0","0","0","0","0","0","0","0","0","0","0","0","0","0","0","1","0","0","0","0","0","0","0","0","0","2","2","0","0","0","0","0","0","0","0","0","0","1","1","0","0","0","0","0","0","0","0","0","0","0","0","0","0","0","0","0","0","0","0","0","0","0","0","0","0","0","0","0","0","0","0","0","0","174","2","1","1","0","0","1","0","0","0","0","1","0","0","0","29","1","0","0","0","3","1","1","5","0","3","0","8","2","2","0","0","0","0","0","0","0","1","0","0","0","2","0","0","1","0","0","0","0","0","0","4","0","0","1","0","0","0","4","0","1"
"30-550 Anderson/Clear","19","2","1","0","2","1","0","0","0","0","0","0","0","0","0","0","0","0","0","0","0","0","1","0","0","0","0","0","0","0","0","0","0","0","0","0","0","0","0","0","0","0","0","0","0","0","0","0","0","0","0","0","0","0","0","0","0","0","0","0","0","0","0","0","0","0","0","0","0","0","0","0","0","0","0","0","0","0","0","0","0","0","0","0","0","0","0","0","0","0","0","0","0","0","0","0","0","0","0","0","0","0","0","0","0","0","0","0","0","0","0","1","0","0","0","0","0","0","0","0","0","0","0","0","0","0","0","0","0","0","0","0","0","0","0","0","0","0","0","0","0","0","0","0","0","0","0","0","0","0","0","0","0","0","0","0","0","0","0","0","0","0","1","0","0","0","0","0","0","0","0","0","0","0","0","0","0","0","0","0","0","0","0","0","0","0","0","0","0","0","0","0","0","0","0","0","0","0","0","0","0","0","0","0","0","0","0","0","0","90","0","0","0","0","0","0","0","0","0","0","0","0","0","0","9","0","0","0","0","3","0","0","1","0","1","0","1","0","2","0","0","0","0","0","0","0","0","0","2","0","0","0","0","0","0","0","0","0","0","0","0","0","0","0","0","0","0","0","0","0"
"30-555 Big Lake","125","8","0","0","6","0","0","0","2","0","0","0","1","0","0","2","0","0","4","0","0","5","11","0","1","0","0","0","0","0","9","1","1","0","0","1","6","0","0","0","0","0","1","0","3","1","0","0","1","0","0","0","1","0","0","0","0","0","5","0","0","0","0","0","0","0","0","0","0","0","1","0","0","0","0","0","0","0","0","0","0","0","0","1","0","1","1","0","0","0","0","1","0","0","0","0","0","0","3","0","0","0","0","1","0","2","0","0","0","0","0","4","0","0","0","0","0","0","0","0","0","0","0","0","0","0","0","0","0","0","0","0","0","1","0","0","0","0","0","0","0","0","0","0","1","1","0","0","0","0","0","0","0","0","0","0","1","0","0","0","1","0","1","1","0","0","0","0","0","0","0","0","2","0","0","0","0","0","0","0","0","0","0","0","0","0","0","0","0","0","0","1","0","0","0","0","0","0","0","0","0","0","0","0","0","0","0","0","0","741","6","0","6","0","1","0","0","0","0","0","0","0","0","0","73","1","2","0","0","10","3","0","47","0","5","1","21","0","12","0","1","0","0","8","0","0","5","0","0","0","3","0","1","0","0","0","0","0","1","0","2","0","1","0","5","0","0","8","5","5"
"30-560 Cantwell","25","1","0","0","1","0","0","0","0","0","0","0","0","0","0","1","0","0","0","0","0","0","1","0","0","0","0","0","0","0","4","0","1","0","0","0","2","0","0","0","0","0","0","0","1","0","2","0","0","0","0","0","0","0","0","0","0","0","1","0","0","0","0","0","0","0","0","0","0","0","0","0","0","0","0","0","0","0","0","0","0","0","0","0","0","0","0","0","0","0","0","0","0","0","0","0","0","0","1","0","0","0","0","0","0","0","0","0","0","0","0","2","0","0","0","0","0","0","0","0","0","0","0","0","0","0","0","0","0","0","0","0","0","0","0","0","0","0","0","0","0","0","0","0","0","0","0","0","0","0","0","0","0","0","0","0","0","0","0","0","0","0","0","0","0","0","0","0","0","0","0","0","0","0","0","0","0","0","0","0","0","0","0","0","0","0","0","0","0","0","0","0","0","0","0","0","0","0","0","0","0","0","0","0","0","0","0","0","0","27","1","0","2","0","0","0","0","0","0","0","0","0","0","0","5","0","0","0","0","0","0","0","3","0","0","0","0","0","0","0","0","0","0","0","0","0","0","0","0","1","0","0","0","1","0","0","0","0","1","0","0","0","0","0","1","0","0","1","0","0"
"30-565 Denali Park","31","1","2","0","0","0","0","2","0","0","0","0","0","0","0","0","0","0","0","0","0","2","0","0","0","0","0","0","0","0","10","2","0","0","0","1","3","0","0","0","0","0","0","0","0","0","0","0","0","0","0","0","0","0","0","0","0","0","1","0","0","0","0","0","0","0","0","0","0","0","0","0","0","0","0","0","0","0","0","0","0","0","0","0","0","0","0","0","0","0","0","0","0","0","0","0","0","0","0","0","0","0","0","0","0","0","0","0","0","0","0","0","0","0","0","0","0","0","1","0","0","0","0","0","0","0","0","0","0","0","0","0","0","0","0","0","0","0","0","0","0","0","0","0","0","0","0","0","0","0","0","0","0","0","0","0","0","0","0","0","0","1","3","0","0","0","0","0","0","0","0","0","0","0","0","0","0","0","0","0","0","0","0","0","0","0","0","0","0","0","0","0","0","0","0","0","0","0","0","0","0","0","0","0","0","0","0","0","0","6","1","0","0","0","0","0","0","0","0","0","0","0","0","0","3","0","0","0","0","1","0","0","0","0","1","0","0","0","0","0","0","0","0","0","0","0","0","0","0","0","0","0","0","0","0","0","0","0","0","0","0","0","0","0","0","0","0","0","0","0"
"30-570 East Schrock","7","0","0","0","0","0","0","1","0","0","0","0","0","0","0","1","0","0","0","0","0","0","1","0","1","0","0","0","0","0","3","0","0","0","0","2","1","0","0","0","0","0","0","0","0","0","0","0","0","0","0","0","0","0","0","0","0","0","0","0","0","0","0","0","0","0","0","0","0","0","0","0","0","0","0","0","0","0","0","0","0","0","0","0","0","0","0","0","0","0","0","0","0","0","0","0","0","0","1","0","0","0","0","0","0","0","0","0","0","1","0","0","0","0","0","0","0","0","0","0","0","0","0","0","0","0","0","0","0","0","0","0","0","0","0","0","0","0","0","0","0","0","0","0","0","0","0","0","0","0","0","0","0","0","0","0","0","0","0","0","0","0","0","0","0","0","0","0","0","0","0","0","0","0","0","0","0","0","0","0","0","0","0","0","0","0","0","0","0","0","0","0","0","0","0","0","0","0","0","0","0","0","0","0","0","0","0","0","0","50","0","0","1","0","0","0","1","0","0","0","0","0","0","0","3","1","1","0","0","0","0","0","5","0","0","0","3","0","2","0","0","0","0","0","0","0","3","0","0","1","0","0","0","0","0","0","0","0","0","0","0","0","0","0","0","0","0","0","0","0"
"30-575 Healy","74","4","3","0","0","0","0","0","0","0","0","0","0","0","0","2","0","0","1","0","0","1","1","0","0","0","0","0","0","0","9","1","2","0","0","2","4","0","0","0","0","0","0","0","1","0","0","0","0","0","0","0","0","0","0","0","0","0","1","0","0","0","0","0","0","0","0","0","0","0","0","0","0","0","0","0","0","0","0","0","0","0","0","0","0","0","0","0","0","0","0","0","0","0","0","0","0","0","0","0","0","0","0","0","0","0","0","0","0","0","0","1","0","0","0","1","0","0","0","0","0","0","0","0","0","0","0","0","0","0","0","0","0","0","0","0","0","0","0","0","0","0","0","1","0","0","0","0","0","0","0","3","0","1","0","0","0","0","0","0","1","1","0","1","0","0","0","1","0","0","0","0","0","0","0","0","1","0","0","0","0","0","0","0","0","0","1","0","0","0","0","1","0","0","0","0","0","0","1","0","0","0","0","0","0","0","0","0","0","185","1","0","3","0","0","0","0","0","0","0","0","0","0","0","15","1","1","0","0","3","2","0","13","0","4","1","5","0","3","1","0","0","0","0","0","0","6","0","0","0","0","0","0","1","0","0","1","0","0","0","2","0","1","0","3","0","0","1","0","0"
"30-580 Houston","58","3","2","1","3","0","0","0","0","0","0","0","0","0","0","2","1","0","1","0","0","2","2","0","0","0","1","0","0","0","6","1","3","0","0","0","2","0","1","0","0","0","0","0","1","0","1","0","0","0","0","0","0","0","0","0","0","0","2","0","0","0","0","0","0","0","1","0","0","1","0","0","0","0","0","0","0","0","0","0","0","0","0","1","0","0","0","0","0","1","0","0","0","0","0","0","0","0","0","0","0","0","0","0","0","0","0","0","0","0","0","1","1","0","0","0","0","0","0","0","0","0","0","0","0","0","0","0","0","0","1","0","0","1","0","0","0","0","0","1","0","0","0","0","0","0","0","0","0","0","0","0","0","0","0","0","0","0","0","0","0","0","0","0","0","0","0","0","0","0","0","0","0","0","0","0","0","0","0","0","0","0","0","0","0","0","0","0","0","0","0","0","0","0","0","0","0","0","0","0","0","0","0","0","0","0","0","0","0","315","4","1","2","0","1","1","1","0","0","0","0","0","0","0","40","1","3","0","0","2","1","0","18","0","3","0","5","0","7","0","0","0","0","1","1","0","5","0","0","0","2","0","0","1","0","0","0","0","1","0","2","0","0","0","2","0","0","0","1","2"
"30-585 Knik Goose Bay No. 4","136","14","3","0","13","0","0","1","1","0","0","2","1","0","1","7","0","0","4","0","0","1","8","0","0","0","0","0","0","0","7","0","0","0","0","1","6","0","0","0","0","0","0","0","4","0","1","0","0","0","0","0","1","0","0","0","0","0","2","1","0","0","0","0","0","1","0","0","0","0","2","0","0","1","0","0","0","0","0","1","0","0","1","0","0","0","0","0","0","0","0","0","0","0","0","0","0","0","1","0","1","0","0","0","0","2","0","0","0","0","0","2","0","0","0","0","0","0","1","0","0","0","0","0","0","0","0","0","0","0","0","0","0","0","0","0","0","0","0","0","0","0","0","0","0","1","0","0","0","0","0","1","0","0","0","1","0","1","0","0","0","1","0","0","0","0","0","1","0","0","0","0","0","0","0","0","0","0","0","0","0","0","0","0","0","0","0","0","0","0","1","1","0","0","0","0","0","0","0","0","0","0","0","0","0","0","0","0","0","663","2","1","3","0","1","0","0","0","1","0","0","0","0","0","76","0","0","0","1","9","2","0","38","0","6","1","17","0","18","0","0","0","0","2","0","0","10","0","1","0","10","0","0","5","0","0","0","0","0","0","2","0","0","0","4","0","0","6","0","0"
"30-590 Trapper Creek","18","1","1","0","1","0","0","2","0","0","0","0","0","0","0","0","0","0","0","0","0","1","2","0","0","0","0","0","0","0","2","0","0","0","0","0","0","0","0","0","0","0","0","0","0","0","0","0","0","0","0","0","0","0","0","0","0","0","2","0","0","0","0","0","0","0","0","0","0","0","0","0","0","0","0","0","0","0","0","0","0","0","0","0","0","0","0","0","0","0","0","0","0","0","0","0","0","0","0","0","0","0","0","0","0","0","0","0","0","0","0","2","0","0","0","0","0","0","0","0","0","0","0","0","0","0","0","0","0","0","0","0","0","0","0","0","0","0","0","0","0","0","0","0","0","0","0","0","0","0","0","0","0","0","0","0","0","0","0","0","1","0","1","0","0","0","0","0","0","0","0","0","0","0","0","0","0","0","0","0","0","0","0","0","0","0","0","0","0","0","0","0","0","0","0","0","0","0","0","0","0","0","0","0","0","0","0","0","0","72","0","0","0","0","0","0","0","0","0","0","0","0","0","0","3","1","1","0","0","0","0","0","1","0","0","0","1","0","1","0","0","0","0","0","0","0","0","0","0","0","0","0","1","1","0","0","0","0","0","0","0","0","0","0","0","0","0","1","2","0"
"30-595 Susitna","76","5","0","0","3","0","0","0","1","0","0","0","0","0","0","2","0","0","2","0","0","0","5","0","0","0","0","0","0","0","11","2","3","0","0","0","3","0","0","0","0","0","0","0","3","0","0","0","0","0","0","0","0","0","0","0","0","0","2","0","0","0","0","0","0","1","0","0","0","0","0","0","0","0","0","0","0","0","0","0","0","0","0","0","0","0","0","0","0","0","0","0","0","0","0","0","0","0","2","0","0","0","0","0","0","1","0","0","0","0","0","1","1","0","0","0","0","0","0","0","0","0","0","0","0","1","0","0","0","0","0","0","0","0","0","0","0","0","0","0","0","0","0","0","0","0","0","1","0","0","0","0","0","0","0","0","0","0","0","0","0","0","2","0","0","0","0","0","0","0","0","0","0","0","1","0","0","0","0","0","0","0","0","0","0","1","0","0","0","0","0","0","0","0","0","0","0","0","0","0","0","0","0","0","0","0","0","0","0","292","2","0","2","0","0","0","0","0","0","0","0","0","0","0","28","1","0","0","0","1","0","0","11","0","1","1","3","0","5","0","0","0","0","3","0","0","4","0","0","0","0","0","0","2","0","0","0","0","1","0","3","0","1","0","3","0","0","3","0","0"
"30-600 Talkeetna","80","3","2","0","3","0","0","2","1","0","0","1","0","0","0","5","1","0","1","0","0","2","4","0","0","0","0","0","0","0","22","1","1","0","0","3","4","0","0","0","0","0","0","0","2","1","0","0","0","0","0","0","0","0","0","0","0","0","1","0","0","0","0","0","0","0","0","0","0","0","0","0","0","0","0","0","0","0","0","0","0","0","0","0","0","0","0","0","0","0","0","0","0","0","0","0","0","0","2","0","0","0","0","0","0","0","0","0","0","0","0","2","1","0","0","0","0","0","0","0","0","0","0","0","0","0","0","0","0","0","0","0","0","0","0","0","0","0","0","0","0","0","0","0","0","0","0","0","0","0","0","2","0","0","0","0","0","0","0","0","0","2","6","0","0","0","0","0","0","0","0","0","0","0","0","0","0","0","1","0","0","0","0","0","0","0","0","0","0","0","0","0","0","0","0","0","0","0","0","0","0","0","0","0","0","0","0","0","0","68","0","0","0","0","0","0","0","0","0","0","0","0","0","0","15","0","0","0","0","3","1","0","4","0","0","0","1","0","2","0","0","0","0","1","0","0","1","0","0","0","0","0","0","2","0","0","0","0","0","0","2","0","0","0","1","0","0","3","0","0"
"30-605 Willow","158","6","2","0","13","0","0","0","0","0","0","3","0","0","0","5","1","0","0","0","0","2","8","0","0","0","0","0","0","1","5","1","0","0","0","3","7","0","1","0","0","0","1","0","3","0","1","0","1","0","0","0","0","0","0","0","0","0","6","1","0","0","0","0","0","0","0","0","0","1","0","0","0","0","0","0","0","0","0","0","0","0","1","0","0","0","0","0","0","0","0","0","0","0","0","0","0","0","2","0","0","0","1","0","0","1","0","0","0","0","0","2","1","0","0","0","0","0","0","0","0","0","0","0","1","0","0","0","0","0","0","0","0","0","0","0","0","0","0","0","0","0","1","0","0","0","0","0","0","0","0","0","0","0","0","0","0","0","0","0","1","0","0","0","0","0","0","0","0","0","0","0","0","0","0","0","0","0","0","0","0","0","0","0","0","0","0","0","0","0","0","1","0","0","0","0","0","0","0","0","0","0","0","0","0","0","0","0","0","602","2","1","4","0","0","0","1","0","0","0","0","0","0","0","49","0","1","0","0","4","1","0","26","0","4","1","7","0","8","0","1","0","0","4","0","1","4","0","2","1","5","0","1","2","0","0","1","0","0","0","0","0","1","1","9","1","0","5","3","1"
"31-446 Aurora","241","14","1","0","15","0","0","0","7","0","0","3","3","0","0","11","1","0","6","0","0","4","12","0","0","0","1","0","0","0","16","2","3","0","0","4","13","0","0","0","0","0","0","0","5","3","9","0","0","0","0","0","0","0","0","0","1","0","4","3","0","0","1","0","0","0","0","0","0","2","2","0","0","0","0","0","0","0","0","0","0","1","0","0","1","0","0","0","0","0","0","0","0","0","0","0","0","0","2","0","0","0","0","0","0","0","0","0","1","0","0","5","1","0","0","0","0","0","0","0","0","0","0","0","0","0","0","1","0","0","0","0","0","0","0","0","2","0","1","1","0","0","0","0","0","0","0","0","0","0","0","1","1","1","0","0","0","0","0","0","0","2","1","0","0","0","0","0","0","0","0","0","0","0","0","0","0","0","0","0","0","0","0","0","0","0","0","0","0","0","0","0","0","0","0","0","0","0","1","0","0","0","0","0","0","0","0","0","0","348","4","0","5","0","0","0","0","0","1","0","1","0","0","0","39","4","1","0","0","8","3","0","23","0","1","1","5","0","8","3","0","0","0","4","0","0","3","0","1","0","3","0","0","3","0","0","0","0","0","0","0","0","0","0","7","0","0","5","1","0"
"31-455 Fairbanks No. 1","282","8","1","0","17","1","0","0","4","0","0","2","0","0","1","17","3","0","3","0","0","7","17","0","1","1","1","0","0","1","34","2","9","0","0","4","21","0","0","0","0","0","0","0","5","1","0","0","0","0","1","0","0","0","0","0","0","0","8","1","0","0","0","0","0","0","0","0","0","1","0","0","0","0","0","0","0","0","1","0","0","0","0","0","0","1","0","0","0","0","0","0","0","0","0","0","0","0","5","0","0","0","0","0","0","0","0","0","0","0","0","6","1","0","0","0","0","0","0","1","0","1","0","0","1","0","0","0","0","0","0","0","0","0","1","0","0","0","0","0","0","0","0","0","0","0","0","0","0","0","0","0","0","0","0","0","0","0","1","0","0","2","2","0","0","0","0","0","1","0","0","0","0","0","1","0","0","0","0","0","0","0","0","0","0","1","1","0","0","0","0","4","0","0","0","0","0","0","0","0","0","0","0","0","0","0","0","0","0","323","7","3","8","0","2","0","0","0","1","0","0","0","0","0","45","2","1","0","0","5","0","0","16","0","4","0","5","0","7","0","0","0","0","1","1","0","2","0","0","0","3","0","1","3","0","0","0","0","0","0","2","0","0","0","1","0","0","7","4","2"
"31-480 Fairbanks No. 2","231","17","3","0","22","0","0","1","7","0","1","3","4","0","0","6","2","0","3","0","0","6","15","0","1","0","0","0","0","1","16","3","6","0","2","5","22","0","1","1","0","0","0","0","7","1","3","0","0","0","0","0","0","0","0","2","0","0","3","2","0","0","0","0","0","0","0","0","0","0","2","0","1","0","0","0","0","0","1","0","0","0","0","0","1","0","1","0","0","0","1","0","0","0","0","0","0","0","1","0","0","0","0","0","0","1","0","0","0","0","0","2","2","0","0","0","0","0","0","0","0","1","0","0","1","0","0","0","0","0","0","0","0","0","1","0","0","0","0","0","0","0","0","1","0","0","0","0","0","0","0","2","1","0","0","0","0","0","0","0","0","2","3","0","0","0","0","0","0","0","0","0","0","0","0","0","0","0","0","0","0","0","0","0","0","0","0","1","0","0","0","1","0","0","0","0","0","1","0","0","0","0","0","0","0","0","0","0","0","337","4","4","5","0","2","0","1","0","1","0","0","1","0","0","35","2","0","0","1","9","1","0","28","0","2","1","16","0","9","0","0","0","0","2","0","0","2","0","0","0","2","0","1","0","0","0","0","0","0","0","1","0","0","0","8","0","0","12","1","1"
"31-485 Fairbanks No. 3","213","12","1","0","28","2","0","3","6","0","0","3","2","0","2","11","2","0","6","0","0","5","11","0","3","0","0","0","0","1","13","1","8","0","0","3","18","0","2","1","0","0","0","0","5","3","7","0","1","0","0","0","0","0","0","0","1","0","4","0","0","0","1","0","0","0","2","0","0","0","0","0","0","0","0","0","0","0","0","0","0","1","0","0","0","0","1","0","1","0","1","0","0","0","0","0","0","0","3","1","1","0","1","0","0","1","0","0","0","0","0","0","0","0","0","1","0","0","1","1","0","1","0","0","0","0","0","0","0","0","0","0","0","1","0","0","0","0","0","1","0","0","0","0","0","1","0","1","0","0","0","1","0","0","0","0","0","1","0","0","1","2","3","0","0","0","0","0","0","0","0","0","0","0","1","0","1","0","0","1","0","0","0","0","0","1","1","0","0","0","0","1","0","0","0","0","0","0","0","0","0","0","0","0","0","0","0","0","0","285","8","3","6","1","0","0","1","0","1","2","1","0","1","0","49","2","3","0","0","7","1","0","29","0","3","2","14","1","8","1","1","0","0","2","0","0","5","0","0","0","2","0","4","1","0","1","0","0","1","1","1","0","0","0","3","0","0","3","1","5"
"32-355 Fairbanks No. 4","181","13","3","0","13","0","0","2","8","0","0","0","1","0","2","5","0","0","7","0","0","4","18","0","1","0","0","0","0","0","21","3","5","0","0","3","10","0","0","0","1","0","0","0","6","0","1","0","0","0","0","0","0","0","0","1","1","0","5","1","0","0","2","0","0","1","1","0","0","0","0","0","0","0","0","0","0","1","0","0","0","0","1","0","0","0","0","0","0","0","1","2","0","0","0","0","0","0","3","1","1","0","1","0","0","0","0","0","0","0","0","1","0","0","0","0","0","0","0","0","1","0","1","1","0","0","0","0","0","0","0","0","0","0","1","0","0","0","0","2","0","0","0","0","0","0","0","1","0","0","0","0","0","0","0","0","0","0","0","0","0","2","3","1","0","0","0","0","0","0","0","1","1","0","0","0","0","0","0","0","0","0","0","0","0","0","0","0","0","0","0","0","1","0","0","0","0","0","1","0","0","0","0","0","0","0","0","0","0","323","4","1","3","0","2","1","1","0","1","0","0","0","1","0","32","4","2","0","1","2","1","1","14","0","5","2","8","0","6","1","0","0","0","1","2","0","4","0","0","2","5","0","0","0","1","0","0","0","0","0","1","0","0","0","16","0","0","4","2","1"
"32-365 Fairbanks No. 5","153","6","2","0","8","0","0","2","2","0","0","1","2","0","0","9","3","0","7","0","0","3","11","0","1","1","0","0","0","0","10","0","8","0","0","2","7","0","1","0","1","0","0","0","4","0","0","0","0","0","1","0","0","0","0","1","0","0","1","2","1","0","2","1","0","0","0","0","0","1","0","0","0","0","0","0","0","0","0","0","0","0","1","0","0","0","0","1","0","0","0","0","0","0","0","0","0","0","4","2","1","1","0","0","0","1","0","0","0","1","1","0","0","0","0","0","0","0","0","0","0","0","0","0","0","0","0","0","0","0","0","0","0","1","0","0","1","0","0","0","1","0","0","0","0","0","0","0","0","0","0","1","0","0","0","0","0","0","0","0","0","2","2","0","0","0","0","0","0","0","0","0","0","0","0","0","0","0","0","1","0","0","0","0","0","0","0","0","0","0","0","0","0","0","0","0","0","0","0","0","0","0","0","0","0","0","0","0","0","225","1","1","1","0","1","1","0","0","1","0","0","0","1","0","21","2","0","0","1","0","0","0","8","0","1","0","8","0","12","0","0","0","0","3","1","0","4","0","0","2","2","0","0","0","0","0","0","0","0","0","2","0","3","0","6","0","0","3","0","2"
"32-375 Fort Wainwright","45","5","0","0","13","0","0","0","2","0","0","0","0","0","1","1","0","0","3","2","0","1","4","0","0","1","0","0","0","0","2","1","3","0","0","0","2","0","1","0","0","0","0","0","4","2","0","0","2","0","0","0","0","0","0","0","2","0","2","0","0","0","0","0","0","0","0","0","0","1","0","0","0","0","0","0","0","0","0","0","0","0","0","0","0","0","0","0","0","0","0","0","1","0","0","0","0","0","1","0","2","0","1","0","0","0","0","0","0","1","0","0","1","0","0","0","0","0","0","0","0","0","0","0","0","0","0","0","0","0","0","0","0","0","0","0","0","0","0","0","0","0","0","0","0","0","0","0","0","0","0","0","1","0","0","0","0","0","0","0","0","0","0","0","0","0","0","0","1","0","0","0","0","0","0","0","0","0","0","0","0","0","0","0","0","0","0","0","0","0","0","0","0","0","0","0","0","0","0","0","0","0","0","0","0","0","0","0","0","161","2","0","0","0","0","1","1","0","0","0","0","0","0","0","27","1","0","0","1","5","3","0","24","1","0","0","10","0","6","1","0","0","0","2","1","0","7","0","0","1","5","0","0","0","0","0","0","0","0","1","1","0","0","0","5","0","0","0","0","1"
"32-385 Badger No. 2","163","8","2","0","17","1","0","1","2","0","2","3","0","0","0","10","0","0","7","0","0","2","13","0","0","0","0","0","0","0","10","1","1","0","0","3","7","0","0","0","0","0","0","0","8","3","0","0","1","0","1","0","0","0","1","0","2","0","4","2","0","0","0","0","0","0","0","0","0","0","0","0","0","0","0","0","0","0","0","1","0","0","0","0","0","0","0","0","0","2","0","0","0","0","0","0","0","0","8","2","0","1","1","0","0","1","0","0","0","2","0","3","2","0","0","0","0","0","1","3","0","2","0","0","0","0","0","0","0","0","0","0","0","0","1","0","0","0","0","0","0","0","0","1","2","1","0","1","0","1","0","5","0","0","0","0","0","0","1","0","2","2","0","0","0","0","0","0","0","0","0","0","0","0","0","0","0","0","0","0","0","0","0","0","0","0","0","0","0","0","0","0","1","0","0","0","0","0","0","0","0","0","0","0","0","0","0","0","0","618","8","1","4","0","1","1","0","0","0","0","0","1","0","0","70","3","3","0","3","11","2","0","36","0","2","1","18","0","16","0","1","0","0","5","0","0","8","0","2","0","9","0","2","2","1","0","0","0","0","1","1","0","1","2","14","1","0","6","3","0"
"33-130 Badger No. 1","143","18","7","0","21","0","0","2","6","0","0","1","2","0","2","7","1","0","12","0","0","1","7","1","4","0","0","0","1","2","6","1","6","0","0","6","8","0","0","1","0","0","0","0","3","2","3","0","0","0","1","0","0","0","0","0","0","0","5","0","1","0","1","0","0","0","0","0","0","0","0","0","0","1","1","0","0","0","0","0","0","0","0","0","0","0","0","0","1","0","1","1","0","0","0","0","0","0","7","0","0","0","0","0","0","4","0","0","0","0","0","6","3","0","0","1","0","0","1","0","0","0","0","0","4","0","0","0","0","0","0","0","0","0","1","0","0","0","0","0","0","0","0","0","0","0","0","0","0","0","0","1","0","0","0","0","0","0","0","0","0","0","1","0","0","0","0","0","0","0","0","0","0","0","0","0","0","0","0","0","0","0","0","0","0","0","0","0","0","0","0","0","1","0","0","0","0","0","0","0","0","0","0","0","0","0","0","0","0","634","7","1","2","0","3","1","1","0","3","0","0","0","0","0","70","2","3","0","1","9","2","0","43","0","1","1","18","0","12","1","1","0","0","6","1","0","13","0","0","0","4","0","3","0","0","0","0","0","1","0","3","0","0","0","11","0","0","4","2","2"
"33-135 Chena Lakes","112","8","1","0","13","0","0","0","3","0","0","3","0","0","0","7","1","0","3","0","0","1","6","0","1","0","2","0","0","0","4","1","2","0","0","5","10","0","0","1","0","0","0","0","4","0","2","0","0","0","0","0","0","0","0","0","0","0","2","2","0","0","0","0","0","0","0","0","0","1","0","0","0","1","0","0","0","0","0","0","0","1","0","0","0","0","0","0","0","0","0","0","0","0","0","0","0","0","4","0","0","0","2","0","0","1","0","0","0","0","0","0","2","0","0","1","0","0","0","0","0","0","0","0","0","0","0","0","0","0","0","1","0","1","0","0","1","0","0","0","1","0","0","0","0","0","0","0","0","0","0","1","1","0","0","0","0","0","1","0","0","0","0","0","0","0","0","0","0","0","0","0","0","0","0","0","1","0","0","0","0","0","0","0","0","0","0","0","0","0","0","0","0","0","0","0","0","0","0","0","0","0","0","0","0","0","0","0","0","700","4","1","5","0","1","0","2","0","0","0","0","0","0","0","76","3","2","0","3","12","1","1","36","0","3","2","28","0","21","1","1","0","0","7","3","0","8","0","4","1","7","1","2","3","0","0","0","0","1","0","5","0","0","0","11","0","0","6","1","1"
"33-155 Moose Creek","16","2","0","0","3","0","0","0","0","0","0","0","0","0","0","3","0","0","0","0","0","0","2","0","2","0","0","0","0","0","0","0","1","0","0","0","0","0","0","0","0","0","1","0","0","0","0","0","0","0","0","0","0","0","0","0","0","0","1","1","0","0","0","0","0","1","0","0","0","0","0","0","0","0","0","0","0","0","0","0","0","0","0","0","0","0","0","0","0","0","0","0","0","0","0","0","0","0","0","0","0","0","0","0","0","0","0","0","0","0","0","0","0","0","0","0","0","0","0","0","0","0","0","0","0","0","0","0","0","0","0","0","0","0","0","0","0","0","0","0","0","0","0","0","0","0","0","0","0","0","0","0","0","0","0","0","0","0","0","0","0","0","0","0","0","0","1","0","0","0","0","0","0","0","0","0","0","0","0","0","0","0","0","0","0","0","0","0","0","1","0","0","0","0","0","0","0","0","0","0","0","0","0","0","0","0","0","0","0","90","1","0","1","0","0","0","0","0","0","0","0","0","0","0","5","0","0","0","0","1","0","0","4","0","1","0","1","0","3","0","0","0","0","0","0","0","0","0","0","1","0","0","0","1","0","0","0","0","1","0","0","0","0","0","2","0","0","1","0","0"
"33-165 Newby","133","9","0","0","7","1","0","0","6","0","0","3","0","0","0","9","0","0","5","0","0","3","10","0","1","0","0","0","0","0","13","0","2","0","0","4","20","0","0","0","0","0","0","0","2","0","4","0","1","0","1","0","0","0","0","0","1","0","1","0","0","0","1","0","0","1","1","0","0","0","2","0","0","1","0","0","0","0","0","0","0","0","0","0","0","0","0","0","0","0","0","0","0","0","0","0","0","0","4","2","0","0","0","0","0","1","0","0","1","2","0","1","0","0","0","1","0","0","0","0","0","0","0","0","0","0","0","0","0","0","0","1","0","2","0","0","1","0","0","0","0","0","0","0","0","0","0","0","0","0","0","3","0","0","0","0","0","0","1","0","2","2","0","0","1","0","0","0","1","0","0","0","0","0","0","0","0","0","0","0","0","0","0","0","0","0","0","0","0","0","0","0","0","0","0","0","0","0","1","0","0","0","0","0","0","0","0","0","0","701","8","1","5","0","2","0","0","0","1","0","1","0","0","0","80","2","0","0","3","7","2","0","47","0","7","2","28","0","13","1","0","0","0","11","1","0","9","0","0","0","5","0","0","2","0","0","0","0","1","1","2","0","1","0","21","0","0","9","6","0"
"33-175 North Pole","77","5","2","0","15","0","0","0","2","0","0","0","1","0","0","8","0","0","2","0","0","3","6","0","1","2","1","0","0","0","3","0","3","0","1","5","9","0","0","0","0","0","0","0","2","1","5","0","1","0","1","0","0","0","0","0","0","0","5","1","0","0","1","0","0","0","0","0","0","1","1","0","0","0","1","1","0","0","0","0","0","2","0","0","0","0","0","0","0","0","0","1","0","0","0","0","0","0","3","0","0","0","0","1","0","0","0","0","0","0","0","1","0","0","0","0","0","0","0","0","0","0","0","0","0","0","0","0","0","0","0","0","0","1","0","0","0","0","1","0","0","0","0","0","0","0","0","0","0","0","0","3","0","0","0","0","0","0","0","0","0","0","0","0","0","0","1","0","0","0","1","0","0","0","0","0","0","0","0","0","0","0","0","0","0","0","0","0","0","0","0","0","0","0","0","0","0","0","0","0","0","0","0","0","0","0","0","0","0","406","4","0","2","0","0","0","0","0","1","0","0","1","0","0","40","2","0","0","0","6","0","0","26","0","4","0","16","0","11","0","0","0","0","5","1","0","8","0","2","0","6","0","0","0","0","0","0","0","2","0","3","0","0","2","4","0","0","2","1","1"
"33-183 Plack","94","9","1","0","11","0","0","0","2","0","0","0","2","0","1","8","2","0","2","1","0","3","3","0","1","0","0","0","0","0","8","1","2","0","0","0","10","0","0","0","0","0","0","0","4","1","0","0","1","1","0","0","0","0","0","0","0","0","3","0","1","0","0","0","0","0","0","0","0","0","0","0","0","0","0","0","0","0","0","0","0","0","1","2","0","0","0","0","0","0","0","0","0","0","1","0","0","0","1","1","1","0","0","0","0","0","0","0","0","1","0","1","1","0","0","0","1","0","1","0","0","0","0","0","0","0","0","0","0","0","0","0","0","0","0","0","1","0","0","0","0","0","0","1","1","0","0","0","0","0","0","0","0","0","0","1","1","1","0","0","0","3","2","0","0","0","0","0","0","0","0","0","0","0","0","0","0","0","0","0","0","0","0","0","0","1","0","0","0","0","0","0","0","0","0","0","0","0","2","0","0","0","0","0","0","0","0","0","0","677","2","2","3","0","0","1","2","0","1","0","0","0","0","0","78","4","1","0","0","11","4","0","46","0","6","0","26","0","11","1","1","0","0","7","0","0","18","0","0","1","3","0","0","2","0","0","0","0","0","1","6","0","1","2","19","0","0","0","3","0"
"34-235 Eielson","40","2","1","0","3","1","0","0","4","0","0","1","0","0","0","4","0","0","0","0","0","1","7","0","0","0","0","0","0","0","2","0","0","0","0","2","2","0","0","0","1","0","0","0","2","1","2","0","0","1","0","0","0","0","0","0","0","0","0","1","0","0","0","0","0","0","0","0","0","0","0","0","0","0","0","0","1","0","0","0","0","0","0","0","0","0","0","0","0","0","0","0","0","0","0","0","0","0","0","0","0","0","0","0","0","0","0","0","0","0","0","0","0","0","0","0","0","0","0","0","0","0","0","0","0","0","0","1","0","0","0","0","0","1","1","0","0","0","0","0","0","0","0","0","0","0","0","0","0","0","0","0","0","0","0","0","0","0","0","0","0","0","0","0","0","0","0","0","0","0","0","0","0","0","0","0","0","0","0","0","0","0","0","0","0","0","1","0","0","0","0","0","0","0","0","0","0","0","0","0","0","0","0","0","0","0","0","0","0","147","3","1","0","0","1","0","0","0","1","0","0","0","1","0","32","1","4","0","0","4","0","0","23","0","1","0","13","0","1","0","0","0","0","1","0","0","4","0","0","0","3","0","0","0","0","0","0","0","0","0","4","0","0","0","3","0","0","0","0","1"
"34-238 Eielson Farm Road","6","0","0","0","1","0","0","0","0","0","0","0","0","0","0","1","0","0","1","0","0","0","0","0","0","0","0","0","0","0","0","0","0","0","0","0","0","0","0","0","0","0","0","0","0","0","0","0","0","0","0","0","0","0","0","0","0","0","1","0","0","0","0","0","0","0","0","0","0","0","0","0","0","0","0","0","0","0","0","0","0","0","0","0","0","0","0","0","0","0","0","0","0","0","0","0","0","0","0","0","0","0","0","0","0","0","0","0","0","0","0","0","0","0","0","0","0","0","0","0","0","0","0","0","0","0","0","0","0","0","0","0","0","0","0","0","0","0","0","0","0","0","0","0","0","0","0","0","0","0","0","0","0","0","0","0","0","0","0","0","0","0","0","0","0","0","0","0","0","0","0","0","0","0","0","0","0","0","0","0","0","0","0","0","0","0","0","0","0","0","0","0","0","0","0","0","0","0","0","0","0","0","0","0","0","0","0","0","0","38","0","0","0","0","1","0","0","0","0","0","0","0","0","0","4","0","0","0","0","1","0","0","0","0","1","0","0","0","0","0","0","0","0","1","0","0","0","0","1","0","0","0","0","1","0","0","0","0","0","0","0","0","0","0","0","0","0","0","0","0"
"34-240 Farmers Loop","275","11","3","0","17","0","0","5","2","0","1","1","1","0","3","12","2","0","0","0","0","6","8","0","0","0","0","0","0","0","46","4","6","0","1","13","19","0","2","0","0","0","0","0","5","1","0","0","1","0","0","0","0","0","0","0","0","0","5","2","1","0","0","0","0","0","0","0","0","3","0","0","0","0","0","0","0","0","0","2","0","2","1","0","0","0","1","1","0","0","0","1","2","0","0","0","0","0","4","0","0","0","2","0","0","0","0","0","0","3","0","6","3","0","0","0","0","0","0","0","0","0","0","0","0","0","0","0","0","0","0","0","0","0","0","0","0","0","1","0","0","0","0","0","1","0","0","0","0","0","0","2","0","0","0","0","0","0","0","0","0","2","7","0","0","0","0","0","1","0","0","0","0","1","0","0","0","0","0","0","0","0","0","2","0","0","0","0","0","0","0","0","0","0","0","0","0","0","0","0","0","0","0","0","0","0","0","0","0","303","1","1","2","0","4","0","0","0","1","0","0","0","1","0","35","2","0","0","0","8","1","0","14","0","2","1","2","0","2","0","0","0","0","4","0","0","8","0","0","0","2","0","0","1","0","0","0","0","0","0","1","0","0","0","5","0","0","7","2","0"
"34-260 Salcha","69","1","0","0","3","0","0","1","0","0","0","1","0","0","0","4","0","0","1","0","0","0","3","0","0","0","0","0","0","0","4","1","0","0","0","0","5","0","1","0","0","0","0","0","1","1","0","0","1","0","0","0","0","0","0","0","0","0","0","0","0","0","0","0","0","0","0","0","0","0","0","0","0","0","0","0","0","0","0","0","0","0","0","0","0","0","0","0","0","0","0","0","1","0","0","0","0","0","3","0","0","0","0","0","0","2","0","0","0","0","0","2","0","0","0","0","0","0","0","0","0","0","0","0","0","0","0","0","0","0","1","0","0","0","0","0","0","0","0","0","0","0","0","0","1","0","0","0","0","0","0","1","0","0","0","1","0","1","0","0","0","0","0","0","0","0","0","0","0","0","0","0","0","0","0","0","0","0","0","0","0","0","0","0","0","0","0","0","0","0","0","0","0","0","0","0","0","0","0","0","0","0","0","0","0","0","0","0","0","326","2","0","1","0","1","0","0","0","1","0","0","0","0","0","35","1","0","0","0","3","2","0","19","0","2","0","7","0","7","0","0","0","0","0","0","0","2","0","0","0","3","0","0","2","0","0","0","0","1","0","0","0","0","0","6","0","0","2","2","1"
"34-263 Steele Creek","199","8","1","1","7","0","0","3","6","0","0","4","0","0","0","14","1","0","8","1","0","4","8","0","1","0","0","0","0","0","26","3","5","0","0","6","16","0","2","0","0","0","1","0","4","2","0","0","0","0","1","0","0","0","0","0","0","0","4","0","1","0","1","0","0","0","1","0","0","1","0","0","0","1","1","1","0","0","0","1","0","0","0","0","1","0","0","0","0","0","0","0","0","0","0","0","0","0","7","0","1","0","3","0","0","4","0","1","1","0","0","3","0","0","0","0","0","0","0","0","0","0","1","0","0","0","0","0","0","0","0","0","0","1","3","0","0","0","1","1","0","0","1","0","0","0","0","0","0","0","0","3","1","0","0","1","0","0","1","0","0","1","1","0","0","0","0","0","0","0","0","0","0","0","0","0","0","0","0","0","0","0","0","0","0","0","0","1","0","0","0","0","0","0","0","0","0","0","0","0","0","0","0","0","0","0","0","0","0","457","5","0","2","0","1","2","1","0","0","0","0","0","1","0","67","1","1","0","2","16","3","0","39","0","2","2","8","0","18","1","0","0","0","5","0","0","4","0","1","1","5","1","1","2","1","0","1","0","0","0","1","0","1","1","5","0","1","3","2","2"
"34-265 Steese","228","9","5","0","7","1","0","2","8","0","0","1","0","0","0","18","2","0","3","0","0","2","11","0","0","1","0","0","0","0","25","0","4","0","0","4","10","0","3","0","2","0","0","0","2","2","1","0","1","0","0","0","0","0","0","0","2","0","3","2","0","0","0","0","0","0","1","0","0","0","2","0","0","1","0","1","0","0","0","0","0","1","0","1","1","0","2","0","0","0","0","0","1","0","1","0","0","0","0","0","0","1","1","0","0","2","0","0","0","1","0","1","3","0","0","0","0","0","0","0","0","0","0","0","0","1","0","1","0","0","1","0","0","0","0","0","0","0","0","0","0","0","0","0","0","0","0","0","0","0","0","3","0","0","1","1","0","0","1","0","2","1","1","2","1","0","1","0","0","0","0","0","0","0","0","0","0","0","0","1","0","0","0","0","0","1","1","0","0","0","0","1","0","0","0","0","0","0","0","0","0","0","0","0","0","0","0","0","0","454","5","0","3","0","0","0","0","0","0","0","0","0","1","0","60","3","0","0","2","9","0","0","18","0","1","1","12","0","13","1","0","0","0","3","0","0","5","1","1","0","4","0","1","2","0","0","0","0","0","1","2","0","0","1","8","0","0","8","2","4"
"34-270 Summit","202","6","0","0","7","1","0","2","3","0","0","3","0","0","0","9","2","0","8","0","0","2","7","0","0","0","0","0","0","1","17","0","8","0","1","3","11","0","0","0","0","1","1","0","4","3","1","0","0","0","0","0","0","0","0","0","0","0","5","0","0","0","1","0","0","0","1","0","0","1","0","0","0","0","0","0","1","0","0","0","0","1","2","2","0","0","1","0","0","0","0","0","0","0","0","0","1","0","5","1","0","2","0","0","0","0","0","0","0","2","0","1","3","0","0","0","0","0","0","1","0","0","0","0","1","0","0","0","0","0","0","0","0","0","0","0","0","0","1","0","0","0","0","1","1","0","0","0","0","0","0","0","0","0","0","0","0","0","0","0","0","2","2","0","0","0","0","0","0","0","0","0","0","0","0","0","0","0","0","0","0","0","0","0","0","1","0","0","0","0","0","0","0","0","0","0","0","0","0","0","0","0","0","0","0","0","0","0","0","370","1","1","2","0","0","0","1","0","0","0","0","0","0","0","53","0","0","0","1","8","1","0","27","0","4","0","12","1","12","0","0","0","0","2","1","0","10","0","0","1","2","0","1","2","0","0","0","0","0","0","1","0","0","1","5","0","0","11","4","2"
"34-280 Two Rivers","81","1","1","0","3","0","0","0","2","0","0","1","0","0","0","6","1","0","0","0","0","3","3","0","0","0","0","0","0","0","12","1","3","0","0","2","7","0","1","0","1","0","0","0","2","0","1","0","0","0","0","0","0","0","0","0","0","0","1","0","0","0","0","0","0","0","1","0","0","0","0","0","0","0","0","0","0","0","0","0","0","0","0","0","0","0","0","0","0","0","0","0","0","0","0","0","0","0","4","0","0","0","1","0","0","0","0","0","0","0","0","1","0","0","0","0","0","0","0","0","0","0","0","0","0","0","0","0","0","0","1","0","0","0","0","0","0","0","0","0","0","0","0","0","0","1","0","0","0","0","0","2","0","0","0","0","0","0","0","0","0","0","0","0","0","0","0","0","0","0","0","0","0","0","0","0","0","0","0","0","0","0","0","0","0","0","0","0","0","0","0","0","0","0","0","0","0","0","0","0","0","0","0","0","0","0","0","0","0","255","3","0","0","0","0","0","0","0","0","0","0","0","2","0","42","1","0","0","0","9","0","0","19","0","1","0","6","0","6","0","0","0","0","4","1","0","1","0","0","0","0","0","0","1","1","0","0","0","1","0","3","0","0","0","0","0","0","3","0","0"
"35-580 Airport","73","3","1","0","2","1","0","0","4","0","0","0","0","0","0","5","0","0","2","0","0","2","4","0","0","0","0","0","0","0","7","1","0","0","0","0","2","0","0","0","0","0","0","0","2","0","0","0","0","0","0","0","0","0","0","0","0","0","1","2","0","0","0","0","0","0","0","0","0","1","0","0","0","0","0","0","0","0","0","0","0","0","0","0","0","0","0","0","0","0","0","0","0","0","0","0","0","0","0","1","0","0","0","0","0","1","0","0","0","0","0","1","1","0","0","0","0","0","0","0","0","0","0","0","0","0","0","0","0","0","0","0","0","1","0","0","0","0","0","0","0","0","0","0","0","0","0","0","0","0","0","1","0","0","0","0","0","0","0","0","0","0","1","1","0","0","0","0","0","0","0","0","0","0","0","0","0","0","0","0","0","0","0","0","0","0","0","0","0","0","0","0","0","0","0","0","0","0","0","0","0","0","0","0","0","0","0","0","0","152","2","2","0","0","1","0","0","0","0","0","0","0","0","0","15","1","1","0","0","4","0","0","7","0","1","0","7","0","2","0","0","0","0","6","0","0","0","0","1","0","3","0","0","0","0","1","0","0","0","0","2","0","0","0","1","0","0","3","1","1"
"35-582 Chena","393","10","2","0","9","1","0","5","11","0","2","3","1","0","2","19","1","0","3","0","0","9","23","0","0","1","1","0","0","2","61","6","8","0","0","11","27","0","0","0","0","0","0","0","7","2","1","0","1","2","0","0","1","0","0","0","0","0","5","2","0","0","0","0","0","0","0","0","0","0","1","0","0","0","0","0","0","0","0","1","0","1","0","0","0","0","1","0","0","0","0","0","2","0","0","0","0","0","4","0","0","0","0","0","0","0","0","0","0","0","0","4","2","0","0","1","0","0","0","0","0","2","1","0","1","0","0","0","0","0","1","0","1","1","0","0","0","0","0","0","0","0","0","1","0","1","0","0","0","0","0","1","0","0","0","1","1","1","0","0","0","4","12","0","3","0","0","1","0","0","0","0","0","0","1","1","0","0","0","0","0","0","0","0","0","0","0","0","0","0","1","0","0","0","0","0","0","0","1","0","0","0","0","0","0","0","0","0","0","525","12","1","2","1","3","0","0","0","1","0","1","0","0","0","70","3","0","0","1","23","0","0","25","1","3","0","11","0","14","1","0","0","0","6","0","0","6","0","1","1","5","0","0","4","0","0","0","0","2","0","3","0","1","1","4","0","0","10","3","1"
"35-584 Ester","182","6","6","0","1","0","0","1","7","0","1","0","0","0","0","7","0","0","3","0","0","7","17","0","0","1","0","0","0","1","40","2","8","0","0","8","9","0","2","0","0","0","0","0","2","0","0","0","1","0","0","0","0","0","0","0","2","0","0","1","0","0","0","0","0","0","0","0","0","0","0","0","2","1","0","0","0","0","0","0","0","1","0","0","0","0","0","0","0","0","0","0","0","0","0","0","0","0","0","0","0","0","1","0","0","0","0","0","0","0","0","1","0","1","0","0","0","0","0","1","0","0","0","0","0","0","0","0","0","0","0","0","0","1","0","0","0","0","0","0","0","0","0","1","0","0","0","0","0","0","0","0","0","0","0","1","0","0","0","0","0","2","6","1","0","0","0","2","2","0","0","0","0","0","0","0","0","0","0","1","0","0","0","0","0","0","1","0","0","0","0","0","2","0","0","0","0","0","0","0","0","0","0","0","0","0","0","0","0","165","0","0","0","0","0","0","0","0","0","0","0","0","0","0","18","1","1","0","0","3","0","0","6","0","0","0","3","0","9","0","1","0","0","1","0","0","4","0","0","1","3","0","0","0","0","0","0","0","0","0","2","0","1","1","0","0","0","2","0","2"
"35-586 Geist","153","9","1","0","3","1","0","4","5","0","2","0","0","0","2","7","1","0","4","0","0","2","17","0","1","0","0","0","0","0","19","0","0","0","0","1","10","0","0","0","0","0","0","0","7","1","1","0","2","0","1","0","1","0","1","0","0","0","5","0","0","0","0","0","0","0","1","0","1","0","1","0","0","0","0","0","0","0","0","1","0","1","0","0","0","0","0","0","0","0","0","0","0","0","1","0","0","0","1","1","0","0","0","0","0","0","0","0","0","0","0","1","0","0","0","0","0","0","0","1","0","0","0","0","0","0","0","0","0","0","0","0","0","1","0","0","0","0","1","0","0","0","0","0","0","0","0","0","0","0","0","1","0","0","0","0","0","0","0","0","0","0","2","0","1","0","0","0","1","0","0","0","0","0","0","0","0","0","0","0","0","0","0","0","0","1","0","1","0","0","0","0","0","0","0","0","0","0","0","0","0","0","0","0","0","0","0","0","0","222","4","1","0","0","0","0","1","0","0","0","0","0","0","0","23","3","0","0","0","3","0","0","7","0","1","0","10","0","3","0","0","0","0","2","2","0","1","0","0","0","8","0","0","0","0","0","0","0","0","1","1","0","1","1","4","0","0","1","0","0"
"35-587 Lakeview","24","2","0","0","0","0","0","0","1","0","0","0","0","0","1","4","0","0","1","0","0","0","0","0","0","0","0","0","0","0","1","1","0","0","0","0","1","0","0","0","0","0","0","0","0","0","0","0","0","0","0","0","0","0","0","0","0","0","0","0","0","0","0","0","0","0","0","0","0","0","0","0","0","0","0","0","1","0","0","0","0","0","0","0","0","0","0","0","0","0","0","0","0","0","0","0","0","0","0","0","0","0","0","0","0","0","0","0","0","0","0","0","0","0","0","0","0","0","0","0","0","0","0","0","0","0","0","0","0","0","0","0","0","0","0","0","0","0","0","0","0","0","0","0","0","0","0","0","0","0","0","0","0","0","0","0","0","0","0","0","0","0","0","0","0","0","0","0","0","0","0","0","0","0","0","0","0","0","0","0","0","0","0","0","0","0","0","0","0","0","0","0","0","0","0","0","0","0","0","0","0","0","0","0","0","0","0","0","0","69","0","0","0","0","0","0","0","0","1","0","0","0","1","0","5","0","0","0","0","0","0","0","5","0","1","0","2","0","0","0","0","0","0","0","0","0","0","0","0","0","1","0","0","0","0","0","0","0","0","0","0","0","0","0","1","0","0","0","0","0"
"35-592 Shanly","127","7","0","0","2","0","0","1","5","0","0","1","0","0","1","9","0","0","1","0","0","4","9","0","1","0","0","0","0","1","17","0","4","0","0","4","9","0","1","0","1","0","0","0","0","2","2","0","0","0","0","0","2","0","1","0","1","0","0","0","0","0","1","0","0","0","0","0","0","0","0","0","0","0","1","0","0","0","0","0","0","0","0","1","0","0","0","0","0","0","0","0","0","0","0","0","0","0","1","0","0","0","0","0","0","0","0","0","0","0","0","0","0","0","0","0","1","0","0","0","0","0","0","0","0","0","0","0","0","0","0","0","0","0","0","1","0","0","0","1","0","0","0","0","0","0","0","0","0","0","0","2","0","0","0","0","0","1","0","0","0","4","8","0","1","0","1","0","0","0","0","0","0","0","0","0","0","0","0","0","0","0","0","0","0","0","0","0","0","0","0","0","0","0","0","0","0","0","0","0","0","0","0","0","0","0","0","0","0","127","3","0","1","0","2","0","0","0","1","0","0","0","0","0","16","1","0","0","2","2","0","0","11","0","1","0","10","0","3","0","0","0","0","1","0","0","3","0","1","1","5","0","0","0","0","0","0","0","0","0","1","0","1","0","0","0","0","2","0","0"
"35-595 University Hills","201","16","1","0","8","0","0","1","8","0","1","0","0","0","0","18","2","0","2","1","0","4","14","0","0","0","0","0","0","1","31","3","9","0","0","10","14","0","2","1","0","0","0","0","2","1","0","0","0","0","0","0","0","0","0","0","0","0","1","0","0","0","0","0","0","0","0","0","0","0","0","0","0","0","0","0","0","0","0","0","0","0","0","0","0","0","1","0","0","0","0","1","0","0","0","0","0","0","3","0","0","0","0","0","0","0","0","0","0","0","0","0","2","0","0","1","0","0","0","0","0","0","0","0","0","0","0","0","1","0","0","0","0","0","1","0","0","0","0","0","0","0","1","0","0","1","0","0","0","0","0","1","0","0","0","0","0","1","0","0","0","2","4","0","0","0","0","0","1","0","0","0","0","0","0","0","0","0","0","0","0","0","0","0","0","0","1","0","0","0","0","0","1","0","0","0","0","0","0","0","0","0","0","0","0","0","0","0","0","159","1","0","0","0","0","0","0","0","0","0","0","0","0","0","35","0","0","0","0","4","0","0","11","0","2","1","7","0","4","0","0","0","0","3","1","0","2","0","0","0","0","0","0","1","0","0","1","0","0","0","2","0","0","0","1","0","0","8","2","0"
"35-596 University West","348","17","2","0","13","0","0","1","27","0","2","2","1","0","2","18","1","0","4","0","0","5","31","0","4","1","0","0","0","1","45","4","4","0","0","11","20","0","1","0","2","0","0","0","12","2","2","0","2","0","0","0","1","0","1","1","1","0","3","0","1","0","0","0","0","0","1","0","0","3","1","0","0","0","0","0","0","0","0","0","0","0","0","0","1","0","0","0","0","0","1","0","0","0","0","0","0","0","5","2","0","1","0","1","0","0","0","0","0","0","0","3","4","0","0","0","0","0","0","0","0","1","0","0","0","0","0","0","0","0","0","1","0","1","0","0","2","0","0","0","0","0","0","1","1","0","0","0","1","0","0","0","2","1","0","0","1","0","0","0","0","0","5","0","0","0","0","0","1","0","0","0","0","0","1","1","0","0","0","0","0","0","0","0","0","0","0","0","0","0","0","0","0","0","0","0","0","0","0","0","0","0","0","0","0","0","0","0","0","451","11","2","2","0","4","1","0","0","1","0","0","0","1","0","44","5","0","0","5","12","4","0","26","0","0","0","18","0","7","1","1","0","1","6","0","0","6","0","0","1","16","0","0","4","0","0","1","0","0","3","3","0","2","0","3","0","0","11","2","0"
"36-001 Goldstream No. 1","191","6","1","0","6","0","0","7","2","0","0","1","0","0","0","8","1","0","4","0","0","5","8","0","2","0","0","0","1","0","33","1","5","1","0","2","15","0","0","0","0","0","0","0","2","1","0","0","0","0","0","0","0","0","0","0","0","0","2","0","0","0","1","0","0","0","0","0","0","0","0","0","1","0","0","0","0","0","0","0","0","1","0","0","0","0","0","0","0","0","0","1","0","0","0","0","0","0","1","0","0","0","1","0","0","0","0","1","0","1","0","2","0","0","0","0","0","0","0","0","0","1","0","0","1","0","0","0","0","0","1","0","0","0","1","0","0","0","0","1","0","0","0","0","0","0","0","0","0","0","0","0","1","0","0","0","0","0","0","0","0","3","5","0","0","0","0","2","0","0","0","0","0","0","1","0","0","0","0","0","0","0","0","0","0","0","0","0","0","0","0","0","0","0","1","0","0","0","0","0","0","0","0","0","0","0","0","0","0","235","0","1","1","0","0","1","0","0","1","0","0","1","0","0","24","1","0","0","0","4","0","0","9","0","0","1","4","0","9","0","0","0","0","0","0","0","4","0","2","1","1","0","0","3","0","1","0","0","0","1","2","0","0","0","2","0","0","7","0","2"
"36-002 Goldstream No. 2","280","14","2","0","11","0","0","3","3","0","0","0","0","0","0","19","1","0","11","0","1","7","9","0","1","1","0","0","0","0","46","3","7","0","0","8","17","0","0","0","0","1","0","0","3","0","0","0","0","0","0","0","0","0","0","0","0","0","2","1","0","0","0","0","0","1","0","0","0","1","0","0","0","1","0","0","0","0","0","0","0","0","0","0","0","0","0","0","0","0","0","0","0","0","0","0","0","0","2","0","1","0","0","0","0","0","0","0","0","1","0","5","0","1","0","0","0","0","0","1","0","0","0","0","0","0","0","0","0","0","0","0","0","0","0","0","0","0","0","0","1","0","0","0","0","0","0","0","0","0","0","1","0","0","0","0","0","0","0","0","0","5","8","1","1","0","0","0","0","0","0","0","0","0","1","0","0","0","0","0","0","0","0","0","0","1","2","0","0","0","0","1","0","0","0","0","0","0","0","0","0","0","0","0","0","0","0","0","0","188","4","0","2","0","0","0","0","0","1","0","0","0","0","0","29","2","0","0","0","9","0","0","14","0","2","1","3","0","6","0","0","0","0","1","0","0","4","0","2","0","3","0","0","3","0","0","0","0","0","1","3","0","1","0","0","0","0","10","0","2"
"36-010 Allakaket","22","0","0","0","4","0","0","0","3","0","0","0","0","0","0","0","0","0","0","0","0","0","1","0","0","0","0","0","0","0","0","0","4","0","0","0","1","0","0","0","0","0","0","0","0","0","0","0","0","0","0","0","0","0","0","0","0","0","0","0","0","0","0","0","0","0","0","0","0","0","0","0","0","0","0","0","0","0","0","0","0","0","0","0","0","0","0","0","0","0","0","0","0","0","0","0","0","0","0","0","0","0","0","0","0","0","0","0","0","0","0","0","0","0","0","0","0","0","0","0","0","0","0","0","0","0","0","0","0","0","0","0","0","0","0","0","0","0","0","0","0","0","0","0","0","0","0","0","0","0","0","0","0","0","0","0","0","0","0","0","0","0","0","0","0","1","0","0","0","0","0","0","0","0","0","0","0","0","0","0","0","0","0","0","0","0","0","0","0","0","0","0","0","0","0","0","0","0","0","0","0","0","0","0","0","0","0","0","0","1","0","0","0","0","0","0","0","0","0","0","0","0","0","0","0","0","0","0","0","0","0","0","0","0","0","0","0","0","0","0","0","0","0","0","0","0","0","0","0","0","0","0","0","0","0","0","0","0","0","0","0","0","0","0","0","0","0","1","1","1"
"36-014 Anvik","12","1","0","0","0","1","0","0","0","0","0","0","0","0","0","0","1","0","0","0","0","0","0","0","0","0","0","0","0","0","0","0","0","0","0","0","2","0","0","0","0","0","0","0","0","0","0","0","0","0","0","0","0","0","0","0","0","0","0","0","0","0","0","0","0","0","0","0","0","0","0","0","0","0","0","0","0","0","0","0","0","0","0","0","0","0","0","0","0","0","0","0","0","0","0","0","0","0","0","0","0","0","0","0","0","0","0","0","0","0","0","0","0","0","0","0","0","0","0","0","0","0","0","0","0","0","0","0","0","0","0","0","0","0","0","0","0","0","0","0","0","0","0","0","0","0","0","0","0","0","0","0","0","0","0","0","0","0","0","0","0","0","0","0","0","0","0","0","0","0","0","0","0","0","0","0","0","0","0","0","0","0","0","0","0","0","0","0","0","0","0","0","0","0","0","0","0","0","0","0","1","0","0","0","0","0","0","0","0","3","1","0","0","0","0","0","0","0","0","0","0","0","1","0","0","0","0","0","0","0","0","0","0","0","0","0","0","0","0","0","0","0","0","0","0","0","0","0","0","0","0","0","0","0","0","0","1","0","0","0","0","0","0","0","1","0","0","0","0","0"
"36-018 Arctic Village","41","0","0","0","1","0","0","0","0","0","0","0","0","0","0","0","0","0","1","0","0","1","1","0","0","0","0","0","1","1","0","0","0","0","0","0","0","0","0","0","0","0","0","0","0","0","0","0","0","0","0","0","0","0","0","0","0","1","1","1","0","0","0","0","0","0","0","0","0","0","0","0","0","0","0","0","0","0","0","0","0","0","0","0","0","0","0","0","0","0","0","0","0","0","0","0","0","0","0","0","0","0","0","0","0","0","0","0","0","0","0","0","0","0","0","0","0","0","0","0","0","0","0","0","0","0","0","0","0","0","0","0","0","0","0","0","0","0","0","0","0","0","0","0","0","0","0","0","0","0","0","0","0","0","0","0","0","0","0","0","0","0","0","0","0","0","0","0","0","0","0","0","0","0","0","0","0","0","0","0","0","0","0","0","0","0","0","0","0","0","0","0","0","0","0","0","0","0","0","0","0","0","0","0","0","0","0","0","0","2","0","0","0","0","0","0","0","0","0","0","0","0","0","0","0","0","0","0","0","1","0","0","0","0","0","0","0","0","0","0","0","0","0","0","0","0","0","0","0","0","0","0","0","0","0","0","0","0","0","0","0","0","0","0","0","0","0","0","0","0"
"36-022 Beaver","8","0","1","0","0","0","0","0","0","0","0","0","0","0","0","1","0","0","0","0","0","0","0","0","0","0","0","0","0","0","0","0","1","0","0","0","0","0","0","0","0","0","0","0","0","0","0","0","0","0","0","0","0","0","0","0","0","0","1","0","0","0","0","0","0","0","0","0","0","0","0","0","0","0","0","0","0","0","0","0","0","0","0","0","0","0","0","0","0","0","0","0","0","0","0","0","0","0","0","0","0","0","0","0","0","0","0","0","0","0","0","0","0","0","0","0","0","0","0","0","0","0","0","0","0","0","0","0","0","0","0","0","0","0","0","0","0","0","0","0","0","0","0","0","0","0","0","0","0","0","0","0","0","0","0","0","0","0","0","0","0","0","0","0","0","0","0","0","0","0","0","0","0","0","0","0","0","0","0","0","0","0","0","0","0","0","0","0","0","0","0","0","0","0","0","0","0","0","0","0","0","0","0","0","0","0","0","0","0","1","0","0","0","0","0","0","0","0","0","1","0","0","0","0","0","0","0","0","0","0","0","0","0","0","0","0","0","0","0","0","0","0","0","0","0","0","0","0","0","0","0","0","0","0","1","0","0","0","0","0","0","0","0","0","1","0","0","0","1","0"
"36-026 Bettles","3","0","0","0","0","0","0","0","0","0","0","0","0","0","0","0","0","0","0","0","0","0","0","0","0","0","0","0","0","0","0","1","1","0","0","0","0","0","0","0","0","0","0","0","0","0","0","0","0","0","0","0","0","0","0","0","0","0","1","0","0","0","0","0","0","0","0","0","0","0","0","0","0","0","0","0","0","0","0","0","0","0","0","0","0","0","0","0","0","0","0","0","0","0","0","0","0","0","0","0","0","0","0","0","0","0","0","0","0","0","0","0","0","0","0","0","0","0","0","0","0","0","0","0","0","0","0","0","0","0","0","0","0","0","0","0","0","0","0","0","0","0","0","0","0","0","0","0","0","0","0","0","0","0","0","0","0","0","0","0","0","0","0","0","0","0","0","0","0","0","0","0","0","0","0","0","0","0","0","0","0","0","0","0","0","0","0","0","0","0","0","0","0","0","0","0","0","0","0","0","0","0","0","0","0","0","0","0","0","4","0","0","0","0","0","0","0","0","0","0","0","0","0","0","0","0","0","0","0","0","0","0","0","0","0","0","1","0","0","0","0","0","0","0","0","0","0","0","0","0","0","0","0","0","0","0","0","0","0","0","0","0","0","0","0","0","0","0","0","0"
"36-034 Central","5","0","0","0","0","0","0","0","0","0","0","0","0","0","0","1","0","0","0","0","0","0","0","0","0","0","0","0","0","0","1","0","0","0","0","0","0","0","0","0","0","0","0","0","0","0","0","0","0","0","0","0","0","0","0","0","0","0","1","0","0","0","0","0","0","0","0","0","0","0","0","0","0","0","0","0","0","0","0","0","0","0","0","0","0","0","0","0","0","0","0","0","0","0","0","0","0","0","0","0","0","0","0","0","0","0","0","0","0","0","0","0","0","0","0","0","0","0","0","0","0","0","0","0","0","0","0","0","0","0","0","0","0","0","0","0","0","0","0","0","0","0","0","0","0","0","0","0","0","0","0","0","0","0","0","0","0","0","0","0","0","0","0","0","0","0","0","0","0","0","0","0","0","0","0","0","0","0","0","0","0","0","0","0","0","0","0","0","0","0","0","0","0","0","0","0","0","0","0","0","0","0","0","0","0","0","0","0","0","29","0","0","0","0","0","0","0","0","0","0","0","0","0","0","3","0","0","0","0","0","0","0","0","0","0","0","0","0","0","0","0","0","0","0","0","0","0","0","0","0","0","0","0","0","0","0","0","0","0","0","0","0","0","0","0","0","0","0","0","1"
"36-038 Chistochina","12","0","1","0","0","0","0","0","0","0","0","0","0","0","0","0","0","0","0","0","0","0","0","0","0","0","0","0","0","0","0","0","0","0","0","0","0","0","0","0","0","0","0","0","0","0","0","0","0","0","0","0","0","0","0","0","0","0","0","0","0","0","0","0","0","0","0","0","0","0","0","0","0","0","0","0","0","0","0","0","0","0","0","0","0","0","0","0","0","0","0","0","0","0","0","0","0","0","1","0","0","0","0","0","0","0","0","0","0","0","0","0","0","0","0","0","0","0","0","0","0","0","0","0","0","0","0","0","0","0","0","0","0","0","0","0","0","0","0","0","0","0","0","0","0","0","0","0","0","0","0","0","0","0","0","0","0","0","0","0","0","0","0","0","0","0","0","0","0","0","0","0","0","0","0","0","0","0","0","0","0","0","0","0","0","0","0","0","0","0","0","0","0","0","0","0","0","0","0","0","0","0","0","0","0","0","0","0","0","49","0","0","0","0","0","0","0","0","0","0","0","0","0","0","4","0","0","0","0","0","0","0","0","0","0","0","0","0","0","0","0","0","0","0","0","0","0","0","0","2","0","0","0","0","0","0","0","0","0","0","0","0","0","0","0","0","0","0","0","2"
"36-042 Circle","10","0","1","0","2","0","0","0","0","0","0","0","0","0","1","0","0","0","0","0","0","0","1","0","0","0","0","0","0","0","0","0","1","0","0","0","0","0","0","0","0","0","0","0","0","0","0","0","0","0","0","0","0","0","0","0","0","0","0","0","0","0","0","0","0","0","0","0","0","0","0","0","0","0","0","0","0","0","0","0","0","0","0","0","0","0","0","0","0","0","0","0","0","0","0","0","0","0","0","0","0","0","0","0","0","0","0","0","0","0","0","0","0","0","0","0","0","0","0","0","0","0","0","0","0","0","0","0","0","0","0","0","0","0","0","0","0","0","0","0","0","0","0","0","0","0","0","0","0","0","0","0","0","0","0","0","0","0","0","0","0","0","0","0","0","0","0","0","0","0","0","0","0","0","0","0","0","0","0","0","0","0","0","0","0","0","0","0","0","0","0","0","0","0","0","0","0","0","0","0","0","0","0","0","0","0","0","0","0","4","0","0","0","0","0","0","0","0","0","0","0","0","0","0","0","0","0","0","0","0","0","0","0","0","0","0","0","0","0","0","0","0","0","0","0","0","0","0","0","0","0","0","0","0","0","0","0","0","0","0","0","0","0","0","0","0","0","0","0","0"
"36-046 Copper Center","53","3","0","0","6","2","0","0","5","0","1","0","0","0","0","1","1","0","2","1","0","0","1","0","0","1","0","0","0","0","3","0","2","0","0","0","3","0","0","0","0","1","0","0","1","1","0","0","0","0","0","0","1","0","0","1","0","0","5","2","0","0","0","0","0","0","0","0","0","1","0","0","0","0","0","0","0","0","0","0","0","0","0","0","1","0","0","0","0","0","0","0","0","0","0","0","0","0","0","0","0","0","0","0","0","0","0","0","1","0","0","1","0","0","0","0","0","0","0","0","0","0","0","0","0","0","0","0","0","0","0","0","0","0","0","0","1","0","0","0","0","0","0","0","1","0","0","0","0","0","0","0","0","0","0","0","0","0","0","0","0","0","1","0","0","0","1","0","0","0","0","0","0","0","0","0","0","0","1","1","0","0","0","0","0","0","0","0","0","0","0","0","0","0","0","0","0","0","0","0","0","0","0","0","0","0","0","0","0","190","0","0","1","0","1","0","0","0","0","0","0","0","0","0","15","1","0","0","0","2","1","1","11","0","1","0","7","0","4","0","0","0","0","0","0","0","1","0","0","0","1","0","0","0","0","0","0","0","0","0","5","0","0","0","0","0","0","2","2","1"
"36-050 Delta Junction","24","1","0","0","0","0","0","0","0","0","0","0","0","0","0","0","0","0","0","0","0","1","2","0","0","0","0","0","0","0","1","1","0","0","0","3","1","0","0","0","0","0","0","0","3","0","2","0","0","0","0","0","0","0","0","0","0","0","1","0","0","0","0","0","0","0","0","0","0","0","0","0","0","0","0","0","0","0","0","0","0","0","0","0","0","0","1","0","0","0","0","0","0","0","0","0","0","0","5","0","0","0","0","0","0","0","0","0","0","0","0","0","0","0","0","0","0","0","0","1","0","0","0","0","0","0","0","1","0","0","0","0","0","0","0","0","1","0","0","0","0","0","0","0","1","0","0","0","0","0","0","0","0","0","0","0","0","1","0","0","0","0","0","0","0","0","0","0","0","0","0","0","0","0","0","0","0","0","0","0","0","0","0","0","0","0","0","0","0","0","0","0","1","0","0","0","0","0","0","0","0","0","0","0","0","0","0","0","0","227","1","0","1","0","0","0","0","0","0","0","0","0","0","0","27","0","0","0","0","3","1","0","12","0","0","1","6","0","5","0","0","0","0","2","0","0","4","0","2","0","6","0","1","0","0","0","0","0","0","0","1","0","0","0","1","0","0","2","1","2"
"36-054 Deltana","88","5","1","0","2","0","0","0","0","0","1","1","0","0","0","3","0","0","2","1","0","0","5","0","0","0","1","0","0","0","9","0","2","0","0","3","5","0","0","0","0","0","0","0","3","0","0","0","0","0","1","0","0","0","0","0","1","0","4","0","0","0","0","0","0","0","0","0","0","1","0","0","0","0","0","0","0","0","0","0","0","0","1","0","0","0","0","0","0","0","0","0","0","0","0","0","0","0","1","0","0","1","1","0","0","0","0","0","0","0","0","1","0","0","0","0","0","0","0","0","0","0","0","0","1","0","0","0","0","0","0","0","0","0","0","0","0","0","0","0","1","0","0","0","0","0","0","0","0","0","0","1","0","0","0","0","0","0","0","0","1","0","1","0","0","0","0","0","0","0","0","0","0","0","0","0","0","0","0","0","0","0","0","1","0","0","0","0","0","0","0","0","0","0","0","0","0","0","1","0","1","0","0","0","0","0","0","0","0","855","5","0","0","0","0","0","0","0","0","0","0","2","1","0","72","0","1","0","1","14","2","0","19","0","2","0","14","0","19","0","1","0","0","4","0","0","9","0","0","1","3","0","1","3","0","1","0","0","1","1","6","0","1","0","1","0","0","5","1","0"
"36-058 Dot Lake","4","0","0","0","0","0","0","0","0","0","0","0","0","0","0","0","0","0","0","0","0","0","0","0","0","0","0","0","0","0","0","0","0","0","0","0","0","0","0","0","0","0","0","0","0","0","0","0","0","0","0","0","0","0","0","0","0","0","0","0","0","0","0","0","0","0","0","0","0","0","0","0","0","0","0","0","0","0","0","0","0","0","0","0","0","0","0","0","0","0","0","0","0","0","0","0","0","0","0","0","0","0","0","0","0","0","0","0","0","0","0","0","0","0","0","0","0","0","0","0","0","0","0","0","0","0","0","0","0","0","0","0","0","0","0","0","0","0","0","0","0","0","0","0","0","0","0","0","0","0","0","0","0","0","0","0","0","0","0","0","0","0","0","0","0","0","0","0","0","0","0","0","0","0","0","0","0","0","0","0","0","0","0","0","0","0","0","0","0","0","0","0","0","0","0","0","0","0","0","0","0","0","0","0","0","0","0","0","0","42","0","0","0","0","0","0","0","0","0","0","0","0","0","0","2","0","0","0","0","0","0","0","1","0","0","0","0","0","0","0","0","0","0","0","0","0","0","0","0","0","0","0","0","0","0","0","0","0","0","0","0","0","0","0","0","0","0","0","0","0"
"36-062 Eagle","14","2","0","0","0","0","0","0","0","0","0","0","0","0","0","0","0","0","1","1","0","0","0","0","0","0","0","0","0","0","0","0","0","0","0","0","1","0","0","0","0","0","0","0","0","0","0","0","0","0","0","0","0","0","0","0","0","0","0","0","0","0","0","0","0","0","0","0","0","0","0","0","0","0","0","0","0","0","0","0","0","0","0","0","0","0","0","0","0","0","0","0","0","0","0","0","0","0","0","0","0","0","0","0","0","0","0","0","0","0","0","0","0","0","0","0","0","0","0","0","0","0","0","0","0","0","0","0","0","0","0","0","0","0","0","0","0","0","0","0","0","0","0","0","0","1","0","0","0","0","0","0","0","0","0","0","0","0","0","0","0","0","0","0","0","0","0","0","0","0","0","0","0","0","0","0","0","0","0","0","0","0","0","0","0","0","1","0","0","0","0","0","0","0","0","0","0","0","0","0","0","0","0","0","0","0","0","0","0","42","0","0","0","0","0","0","0","0","0","0","0","0","0","0","1","0","0","0","0","0","0","0","0","1","0","0","0","0","1","0","0","0","0","0","0","0","1","0","0","0","0","0","0","0","0","0","0","0","0","0","0","0","0","0","0","0","0","1","1","0"
"36-066 Fort Yukon","86","3","0","0","0","0","0","0","1","0","0","0","0","0","0","0","0","0","1","0","0","0","1","0","0","0","0","0","0","1","2","0","0","0","0","0","0","0","0","0","1","0","0","0","1","0","0","0","0","0","0","0","0","0","0","1","0","0","2","0","0","0","0","0","0","0","0","0","0","0","0","0","0","0","0","0","0","0","0","0","0","0","0","0","0","0","0","0","0","0","0","0","0","0","0","0","0","0","0","0","0","0","0","0","0","0","0","0","0","0","0","0","0","0","0","0","0","0","0","0","0","0","0","0","0","0","0","0","0","0","0","0","0","0","0","0","0","0","0","0","0","0","0","0","0","0","0","0","0","0","0","0","0","0","0","0","0","0","0","0","0","0","1","0","0","0","0","0","0","0","0","0","0","0","0","0","0","0","0","0","0","0","0","0","0","0","0","0","0","0","0","0","0","0","0","0","0","1","0","0","0","0","0","0","0","0","0","0","0","26","0","0","0","0","0","0","0","0","0","0","0","1","0","0","1","0","0","0","0","0","1","0","0","0","0","0","0","0","0","0","0","0","0","0","0","0","0","0","0","0","1","0","0","0","0","0","0","0","0","0","0","0","0","0","0","0","0","2","5","1"
"36-070 Gakona","15","2","0","0","0","0","0","0","1","0","0","0","0","0","0","0","0","0","0","0","0","0","0","0","0","0","0","0","0","0","0","0","0","0","0","1","1","0","0","0","0","0","0","0","0","0","0","0","0","0","0","0","0","0","0","0","0","0","1","0","0","0","0","0","0","0","0","0","0","0","0","0","0","0","0","0","0","0","0","0","0","0","0","0","0","0","0","0","0","0","0","0","0","0","0","0","0","0","0","0","0","0","0","0","0","0","0","0","0","0","0","1","0","0","0","0","0","0","0","0","0","0","0","0","0","0","0","0","0","0","0","0","0","0","0","0","0","0","0","0","0","0","0","0","0","0","0","0","0","0","0","2","0","0","0","0","0","0","0","0","0","0","0","0","0","0","0","0","0","0","0","0","0","0","0","0","0","0","0","0","0","0","0","0","0","0","0","0","0","0","0","0","0","0","0","0","0","0","0","0","0","0","0","0","0","0","0","0","0","70","1","0","0","0","0","0","0","0","0","0","0","0","0","0","5","0","0","0","0","0","0","0","2","0","0","1","2","0","0","0","0","0","0","0","0","0","0","0","0","0","0","0","0","0","0","0","0","0","0","0","1","0","0","0","0","0","0","4","0","0"
"36-074 Galena","46","8","0","0","2","0","0","0","2","0","0","0","0","0","0","3","0","0","0","0","0","0","2","0","0","0","0","0","0","1","2","0","1","0","1","0","2","0","0","0","0","2","0","0","1","0","0","0","1","0","0","0","0","0","0","1","0","0","3","0","0","0","0","0","0","0","0","0","0","0","0","0","0","0","0","0","0","0","0","1","0","0","0","0","0","0","0","0","0","0","0","0","0","0","0","0","0","0","0","0","0","0","0","0","0","0","0","0","0","0","0","0","0","0","0","0","0","0","0","0","0","0","0","0","0","0","0","0","0","0","0","0","0","0","0","0","0","0","0","0","0","0","0","0","0","0","0","0","0","0","0","0","0","0","0","0","0","0","0","0","0","1","1","0","0","0","0","0","0","0","0","0","0","0","0","0","0","0","0","0","0","0","0","0","0","0","0","0","0","0","0","0","0","0","0","0","0","0","0","0","0","0","0","0","0","0","0","0","0","40","2","3","1","0","0","0","0","0","0","0","0","0","0","0","4","0","0","0","2","2","0","0","4","0","1","0","1","0","1","0","0","0","0","0","0","0","1","0","0","0","0","0","0","0","0","1","0","0","0","1","1","0","0","0","0","0","0","0","0","0"
"36-078 Glennallen","19","3","0","0","0","0","0","0","0","0","0","1","0","0","0","1","0","0","1","0","0","0","2","0","0","0","0","0","0","0","1","0","1","0","0","0","0","0","0","0","0","0","0","0","0","0","0","0","0","1","0","0","0","0","0","0","1","0","2","0","0","0","0","0","0","0","0","0","0","0","0","0","0","0","0","0","0","0","1","0","0","0","0","0","0","0","0","0","0","0","0","0","0","0","0","0","0","0","0","0","0","0","0","0","0","0","0","0","0","0","0","2","0","0","0","0","0","0","0","0","0","0","0","0","0","0","0","1","0","0","0","0","0","0","0","0","0","0","0","0","0","0","0","0","0","0","0","0","0","0","0","0","0","0","0","0","0","0","0","0","0","0","1","0","0","0","0","0","0","0","0","0","0","0","0","0","0","0","0","0","0","0","0","0","0","0","0","0","0","0","0","0","1","0","0","0","0","0","0","0","0","0","0","0","0","0","0","0","0","103","0","1","0","0","1","0","0","0","0","0","0","0","0","0","10","0","0","0","0","3","0","0","10","0","0","0","4","0","5","0","0","0","0","1","0","0","0","0","0","0","0","0","0","0","0","0","0","0","0","0","1","0","0","0","0","0","0","1","0","0"
"36-082 Grayling","12","0","1","0","1","0","0","0","2","0","0","0","0","0","0","0","0","0","0","0","0","0","1","0","0","0","0","0","0","0","1","0","1","0","0","0","0","0","0","0","0","1","0","0","1","0","0","0","0","0","0","1","0","0","0","0","0","0","0","0","0","0","0","0","0","0","0","0","0","0","0","0","0","0","0","0","0","0","0","0","0","0","0","1","0","1","0","0","0","0","0","0","0","0","0","0","0","0","0","0","0","0","0","0","0","0","0","0","0","0","0","0","0","0","0","0","0","0","0","0","0","0","0","0","0","0","0","1","0","0","0","0","0","0","0","0","0","0","0","0","0","0","0","0","0","0","0","0","0","0","0","0","0","0","0","0","0","0","0","0","0","1","0","0","1","0","0","0","1","0","0","0","0","0","0","0","0","0","0","0","0","0","0","0","0","0","0","0","0","0","0","0","0","0","0","0","0","0","0","0","0","0","0","0","0","0","0","0","0","13","0","0","0","0","1","0","0","0","0","0","0","0","0","0","1","0","0","0","0","0","0","0","0","0","0","0","1","0","1","0","0","0","0","0","1","0","0","0","1","0","0","0","1","0","0","0","0","0","0","0","0","0","0","0","0","0","0","2","3","2"
"36-086 Holy Cross","15","2","1","0","2","0","0","0","0","0","0","0","0","0","0","1","0","0","0","0","0","0","1","0","0","0","0","0","0","0","0","0","5","0","0","0","1","0","0","0","0","1","0","0","0","1","0","0","0","0","0","0","0","0","0","0","0","0","0","0","0","0","0","0","0","0","0","0","0","0","0","0","0","0","0","0","0","0","0","0","0","0","0","0","0","0","0","0","0","0","0","0","0","0","0","0","0","0","0","0","0","0","0","0","0","0","0","0","0","0","0","0","0","0","0","0","0","0","0","0","0","0","0","0","0","0","0","0","1","0","0","0","0","0","0","0","0","0","0","0","0","0","0","0","0","0","0","0","0","0","0","0","0","0","0","0","0","0","0","0","0","0","0","0","0","0","0","0","0","0","0","0","0","0","0","0","0","0","0","0","0","0","0","0","0","0","0","0","0","0","0","0","0","0","0","0","0","0","0","0","0","0","0","0","0","0","0","0","0","6","0","0","0","0","0","0","1","0","0","0","0","1","0","0","0","0","0","0","0","0","0","0","0","0","0","0","0","0","0","0","0","0","0","0","0","0","0","0","0","0","0","0","0","0","0","0","0","0","0","0","0","0","0","0","1","0","0","1","0","0"
"36-090 Hughes","16","0","0","0","0","0","0","0","0","0","0","0","0","0","0","0","0","0","0","0","0","0","1","0","0","0","0","0","0","0","0","0","0","0","0","0","0","0","0","0","0","0","0","0","1","0","0","0","0","0","0","0","0","0","0","0","0","0","2","0","0","0","0","0","0","0","0","0","0","0","0","0","0","0","0","0","0","0","0","0","0","0","0","0","0","0","0","0","0","0","0","0","0","0","0","0","0","0","0","0","0","0","0","0","0","0","0","0","0","0","0","0","0","0","0","0","0","0","0","0","0","0","0","0","0","0","0","0","0","0","0","0","0","0","0","0","0","0","0","0","0","0","0","0","0","0","0","0","0","0","0","0","0","0","0","0","0","0","0","0","0","0","0","0","0","0","0","0","0","0","0","0","0","0","0","0","0","0","0","0","0","0","0","0","0","0","0","0","0","0","0","0","0","0","0","0","0","0","0","0","0","0","0","0","0","0","0","0","0","7","0","0","0","0","1","0","0","0","0","0","0","0","0","0","0","0","0","0","0","0","0","0","0","0","0","0","0","0","0","0","0","0","0","0","0","0","0","0","0","0","0","0","0","0","0","0","0","0","0","0","0","0","0","0","0","0","0","0","2","0"
"36-094 Huslia","48","5","0","0","3","0","0","0","1","0","0","1","1","0","0","1","0","0","0","0","0","0","0","0","2","0","0","0","0","0","1","0","1","0","0","0","1","0","0","0","0","1","1","0","0","0","0","0","0","0","0","0","0","0","0","0","0","0","0","0","0","0","0","0","0","1","0","0","0","0","0","0","0","0","0","0","0","0","0","0","0","0","0","0","0","0","0","0","0","0","0","0","0","0","0","0","0","0","0","0","0","0","0","0","0","0","0","0","0","0","0","0","0","0","0","0","0","0","0","0","0","0","0","0","0","0","0","0","0","0","0","0","0","0","0","0","0","0","0","0","0","0","0","0","0","0","0","0","0","0","0","0","0","0","0","0","0","0","0","0","0","1","0","0","0","0","0","0","0","0","0","0","0","0","0","0","0","0","0","0","0","0","0","0","0","0","0","0","0","0","0","0","0","0","0","0","0","0","0","0","0","0","0","0","0","0","0","0","0","15","1","1","0","0","0","0","0","0","0","0","0","0","0","0","1","0","0","0","1","0","0","0","0","0","0","0","0","0","1","0","0","0","0","0","0","0","0","0","0","0","0","0","0","0","0","0","0","0","0","0","0","0","0","0","0","0","0","4","1","1"
"36-098 Kaltag","12","1","0","0","1","1","0","0","2","0","0","0","0","0","3","0","0","0","0","0","0","0","0","0","0","0","0","0","0","0","0","0","2","0","0","0","0","0","0","0","0","0","0","0","2","0","0","0","0","0","0","0","0","0","0","0","0","0","0","1","0","0","0","0","0","0","0","0","0","0","0","0","0","0","0","0","0","0","0","0","0","0","0","0","0","0","0","1","0","0","0","0","0","0","0","0","0","0","1","0","0","0","0","0","0","0","0","0","0","0","0","0","0","0","0","0","0","0","0","0","0","0","0","0","0","0","0","0","0","0","0","0","0","0","0","0","0","0","0","0","0","0","0","0","0","0","0","0","0","0","0","0","0","0","0","0","0","0","0","0","0","0","0","0","0","0","0","0","0","0","0","0","0","0","0","0","0","0","0","0","0","0","0","0","0","0","0","0","0","0","0","0","0","0","0","0","0","1","0","0","1","0","0","0","0","0","0","0","0","7","0","0","0","0","0","0","0","0","0","0","0","0","0","0","1","0","0","0","0","0","0","0","0","0","0","0","0","0","0","0","0","0","0","0","0","0","0","0","0","0","0","0","0","0","0","0","0","0","0","0","1","0","0","0","0","0","0","1","0","1"
"36-102 Kenny Lake","26","2","0","0","1","0","0","0","0","0","0","0","0","0","0","1","0","0","1","0","0","2","1","0","0","0","1","0","0","0","7","0","0","0","0","0","0","0","0","0","0","0","0","0","0","0","0","0","0","0","0","0","0","0","0","0","0","0","2","0","0","0","0","0","0","0","0","0","0","0","1","0","0","0","0","0","0","0","0","0","0","0","0","0","0","0","0","0","0","0","0","0","0","0","0","0","0","0","0","0","0","0","0","0","0","0","0","0","1","0","0","2","0","0","0","0","0","0","0","0","0","0","0","0","0","0","0","0","0","0","0","0","0","0","0","0","0","0","0","0","0","0","0","0","0","0","0","0","0","0","0","1","0","0","0","0","0","0","0","0","0","1","0","0","0","0","0","0","0","0","0","0","0","0","0","0","0","0","0","0","0","0","0","0","0","0","0","0","0","0","0","2","0","0","0","0","0","0","0","0","0","0","0","0","0","0","0","0","0","108","0","0","0","0","0","0","0","0","0","0","0","0","0","0","10","0","0","0","0","0","0","0","3","0","0","1","3","0","1","0","0","0","0","0","0","0","2","0","0","0","1","0","0","1","1","0","0","0","0","0","0","0","0","0","2","0","0","0","0","0"
"36-106 Koyukuk","14","1","0","0","2","0","0","0","2","0","0","0","0","0","0","0","0","0","0","0","0","0","0","0","0","0","0","0","0","0","0","0","1","0","0","0","3","0","0","0","0","0","0","0","1","0","0","0","0","0","0","0","0","0","0","0","0","0","0","1","0","0","0","0","0","0","0","0","0","0","0","0","0","0","0","0","0","0","0","0","0","0","0","0","0","0","0","0","0","0","0","0","0","0","0","0","0","0","0","0","0","0","0","0","0","0","0","0","0","0","0","0","0","0","0","0","0","0","0","0","0","0","0","0","0","0","0","0","0","0","0","0","0","0","0","0","0","0","0","0","0","0","0","0","0","0","0","0","0","0","0","0","0","0","0","0","0","0","0","0","0","0","0","0","0","0","0","0","0","0","0","0","0","0","0","0","0","0","0","0","0","0","0","0","0","0","0","0","0","0","0","0","0","0","0","0","0","0","0","0","0","0","0","0","0","0","0","0","0","1","0","0","0","0","0","0","0","0","0","0","0","0","0","0","0","0","0","0","0","0","0","0","0","0","0","0","1","0","0","0","0","0","0","0","0","0","0","0","0","0","0","0","0","0","0","0","0","0","0","0","0","0","0","0","0","0","0","1","0","1"
"36-110 Manley","8","0","0","0","0","0","0","0","0","0","0","0","0","0","0","0","0","0","0","0","0","0","0","0","0","0","0","0","0","0","0","0","0","0","0","0","1","0","0","0","0","0","0","0","0","0","0","0","0","0","0","0","0","0","0","0","0","0","0","0","0","0","0","0","0","0","0","0","0","0","0","0","0","0","0","0","0","0","0","0","0","0","0","0","0","0","0","0","0","0","0","0","0","0","0","0","0","0","0","0","0","0","0","0","0","0","0","0","0","0","0","0","0","0","0","0","0","0","0","0","0","0","0","0","0","0","0","0","0","0","0","0","0","0","0","0","0","0","0","0","0","0","0","0","0","0","0","0","0","0","0","0","0","0","0","0","0","0","0","0","0","0","1","0","0","0","0","0","0","0","0","0","0","0","0","0","0","0","0","0","0","0","0","0","0","0","0","0","0","0","0","0","0","0","0","0","0","0","0","0","0","0","0","0","0","0","0","0","0","36","0","0","0","0","0","0","0","0","0","0","0","0","0","0","0","0","0","0","0","0","0","0","1","0","0","0","0","0","0","0","0","0","0","0","0","0","0","0","0","0","0","0","0","0","0","0","0","0","0","0","0","0","0","0","0","0","0","0","0","0"
"36-114 McGrath","20","0","0","0","1","0","0","0","0","0","0","0","0","0","0","0","0","0","0","0","0","0","0","0","0","0","0","0","1","1","0","0","0","0","0","0","0","0","0","0","1","1","0","0","0","0","1","0","0","0","0","0","0","0","0","0","0","0","0","0","0","0","0","0","0","0","0","0","0","0","0","0","0","0","0","0","0","0","0","0","0","0","0","0","0","0","0","0","0","0","0","0","0","0","0","0","0","0","0","0","0","0","0","0","0","0","0","0","0","0","0","0","0","0","0","0","0","0","0","0","0","0","0","0","1","0","0","0","0","0","0","0","0","0","0","0","0","0","0","0","0","0","0","0","0","0","0","0","0","0","0","0","0","0","0","0","0","0","0","0","0","0","0","0","0","0","0","0","0","0","0","0","0","0","0","0","0","0","0","0","0","0","0","0","0","0","0","0","0","0","0","0","0","0","0","0","0","0","0","0","0","0","0","0","0","0","0","0","0","47","2","0","1","0","0","0","0","0","0","0","0","0","0","0","4","1","0","0","0","2","0","0","2","0","0","0","1","0","0","0","0","0","0","1","0","0","0","0","0","0","0","0","1","1","0","0","0","0","0","0","0","0","0","0","0","0","0","3","1","0"
"36-118 Mentasta","20","0","0","0","1","0","0","0","1","0","0","0","0","0","0","0","0","0","1","0","0","0","0","0","0","0","0","0","0","0","0","0","0","0","0","0","0","0","0","0","0","0","0","0","1","0","0","0","0","0","0","0","0","0","0","0","0","0","0","0","0","0","1","0","0","0","0","0","0","0","1","0","0","0","0","0","0","0","0","0","0","0","0","0","0","0","0","0","0","0","0","0","0","0","0","0","0","0","0","0","0","0","0","0","0","1","0","0","0","0","0","0","0","0","0","0","0","0","0","0","0","0","0","0","0","0","0","0","0","0","0","0","0","0","0","0","0","0","0","0","0","0","0","0","0","1","0","0","0","0","0","0","0","0","0","0","0","0","0","0","0","0","0","0","0","0","0","0","0","0","0","0","0","0","0","0","0","0","0","0","0","0","0","0","0","0","0","0","0","0","0","0","0","0","0","0","0","0","0","0","0","0","0","0","0","0","0","0","0","8","0","0","0","0","0","0","0","0","0","0","0","0","0","0","2","0","0","0","0","0","0","0","0","0","0","0","0","0","0","0","0","0","0","0","0","0","1","0","0","0","0","0","0","0","0","0","0","0","0","0","0","0","0","0","0","0","0","0","0","0"
"36-122 Minto","15","0","0","0","0","0","0","0","0","0","0","0","0","0","0","0","0","0","0","1","0","0","2","0","0","0","0","0","0","1","0","0","0","0","0","0","1","0","0","0","0","0","0","0","0","0","0","0","0","0","0","0","0","0","0","1","0","0","1","0","0","0","1","0","0","0","1","0","0","0","0","0","0","1","0","0","0","0","0","0","0","0","0","0","0","0","0","0","0","0","0","0","0","0","0","0","0","0","0","0","0","0","0","0","0","0","0","0","0","0","0","0","0","0","0","0","0","0","0","0","0","0","0","0","0","0","0","0","0","0","0","0","0","0","0","0","0","0","0","0","0","0","0","0","0","0","0","0","0","0","0","0","0","0","0","0","0","0","0","0","0","0","0","0","0","0","0","0","0","0","0","0","0","0","1","0","0","0","0","0","0","0","0","0","0","0","0","0","0","0","0","0","0","0","0","0","0","0","0","0","0","0","0","0","0","0","0","0","0","19","1","0","0","0","1","0","0","0","0","0","0","0","0","0","0","0","0","0","0","0","0","0","0","0","0","0","1","0","0","0","0","0","0","0","0","0","0","0","0","0","0","0","0","0","0","1","0","0","0","0","2","0","0","0","0","0","0","0","0","0"
"36-126 Nenana","60","6","1","0","6","1","0","0","4","0","0","1","0","0","0","2","0","0","2","0","0","2","2","0","1","0","0","0","0","0","5","0","1","0","0","0","1","0","0","0","0","1","1","0","0","0","0","0","1","0","0","0","0","0","0","0","0","0","2","0","0","0","0","0","0","0","0","0","0","1","0","0","0","0","0","0","0","0","0","0","0","0","0","0","0","0","0","1","0","0","0","0","0","0","0","0","0","0","0","0","0","0","0","0","0","0","0","0","1","1","0","1","0","0","0","0","0","0","0","0","0","0","0","0","0","0","0","0","0","0","0","0","0","0","0","0","0","0","0","1","0","0","1","0","0","0","0","0","0","0","0","1","0","0","0","0","0","0","0","0","0","0","1","0","0","0","0","0","0","0","0","0","0","0","0","0","0","0","0","0","0","0","0","0","0","0","0","0","0","0","0","0","0","0","0","0","0","0","0","0","0","0","0","0","0","0","0","0","0","138","1","1","0","0","0","0","0","0","0","0","0","2","0","0","21","0","0","0","0","3","1","0","7","0","2","0","5","0","4","0","0","0","0","2","0","0","2","0","0","1","1","0","0","2","0","1","0","0","0","1","2","0","1","0","1","0","0","3","1","2"
"36-130 Nikolai","11","0","0","0","0","0","0","0","0","0","0","1","0","0","0","0","0","0","0","0","0","0","0","0","0","0","0","0","0","0","0","0","1","0","0","0","0","0","0","0","0","0","0","0","0","0","0","0","0","0","0","0","0","0","0","0","0","0","2","0","0","0","0","0","0","0","0","0","0","0","0","0","0","0","0","0","0","0","0","0","0","0","0","0","0","0","0","0","0","0","0","0","0","0","0","0","0","0","0","0","0","0","1","0","0","0","0","0","0","0","0","0","0","0","0","0","0","0","0","0","0","0","0","0","0","0","0","0","0","0","0","0","0","0","0","0","0","0","0","0","0","0","0","0","0","0","0","0","0","0","0","0","0","0","0","0","0","0","0","0","0","0","0","0","0","0","0","0","0","0","0","0","0","1","1","0","0","0","0","0","0","0","0","0","0","0","0","0","0","0","0","0","0","0","0","0","0","0","0","0","0","0","0","0","0","0","0","0","0","5","0","0","0","0","0","0","0","0","0","0","0","0","0","0","0","0","0","0","0","0","0","0","0","0","0","0","1","0","0","0","0","0","0","0","0","0","0","0","0","0","0","0","0","0","0","0","0","0","0","0","0","0","0","0","1","0","0","0","1","1"
"36-134 Northway","12","1","0","0","1","0","0","1","2","0","0","0","1","0","1","0","0","0","0","0","0","0","0","0","0","0","0","0","0","1","0","0","2","0","0","0","0","0","0","0","0","0","0","0","0","0","0","0","0","0","0","0","0","0","0","0","0","0","0","0","0","0","1","0","0","0","0","0","0","0","0","0","0","0","0","0","0","0","0","0","0","0","0","0","0","0","0","0","0","0","0","1","0","0","0","0","0","0","1","0","0","0","0","1","0","0","0","0","0","0","0","0","0","0","0","0","0","0","0","0","0","0","0","0","0","0","0","0","0","0","0","0","0","0","0","0","0","0","0","0","0","0","0","0","0","0","0","0","0","0","0","0","0","0","0","0","0","0","0","0","0","0","0","0","0","0","0","0","0","0","0","0","0","0","0","0","0","0","0","0","0","0","0","0","0","0","0","0","0","0","0","0","0","0","0","0","0","0","0","0","0","0","0","0","0","0","0","0","0","28","1","0","1","0","1","0","0","0","0","0","1","1","0","0","0","0","0","0","0","1","1","0","3","0","0","0","0","0","0","0","0","0","0","0","0","0","0","0","0","0","0","0","1","0","0","3","0","0","0","0","1","0","0","0","0","0","0","0","0","2"
"36-138 Nulato","45","3","0","0","0","1","1","1","1","0","0","0","0","0","1","0","0","0","2","0","0","0","0","0","0","0","0","0","0","0","0","0","1","0","0","0","0","0","0","0","0","1","0","0","0","0","0","0","0","0","0","0","0","0","0","0","0","0","4","0","0","0","0","0","0","0","0","0","0","0","0","0","0","0","0","0","0","0","0","0","0","0","0","0","0","0","0","0","0","0","0","0","0","0","0","0","0","0","0","0","0","0","0","0","0","0","0","0","0","0","0","0","0","0","0","0","0","0","0","0","0","0","0","0","0","0","0","0","0","0","0","0","0","0","0","0","0","0","0","0","0","0","0","0","0","0","0","0","0","0","0","0","0","0","0","0","0","0","0","0","0","1","0","0","0","0","0","0","0","0","0","0","0","0","0","0","0","0","0","0","0","0","0","0","0","0","0","0","0","0","0","0","0","0","0","0","0","0","0","0","0","0","0","0","0","0","0","0","0","9","0","0","0","0","0","0","0","0","0","0","0","0","0","0","0","0","0","0","0","0","0","0","0","0","0","0","1","0","0","0","0","0","0","0","0","0","0","0","0","0","0","0","0","1","0","0","0","0","0","0","0","0","0","0","0","0","0","0","4","0"
"36-142 Ruby","14","1","0","0","0","0","0","0","0","0","0","0","0","0","0","0","0","0","0","0","0","0","0","0","0","0","0","0","0","0","0","0","0","0","0","0","0","0","0","0","0","0","0","0","1","0","1","0","0","0","0","0","0","0","0","0","0","0","0","1","0","0","0","0","0","0","0","0","0","0","0","0","0","0","0","0","0","0","0","0","0","0","0","0","0","0","0","0","0","0","0","0","0","0","0","0","0","0","0","0","0","0","0","0","0","0","0","0","0","0","0","0","0","0","0","0","0","0","0","0","0","0","0","0","0","0","0","0","0","0","0","0","0","0","0","0","0","0","0","0","0","0","0","0","0","0","0","0","0","0","0","0","0","0","0","0","0","0","0","0","0","0","0","0","0","0","0","0","0","0","0","0","0","0","0","0","0","0","0","0","0","0","0","0","0","0","0","0","0","0","0","0","0","0","0","0","0","0","0","0","0","0","0","0","0","0","0","0","0","11","1","0","0","0","0","0","0","0","0","0","0","0","0","0","0","0","0","0","0","0","0","0","0","0","0","0","0","0","0","0","0","0","0","0","0","0","0","0","0","0","0","0","0","0","0","0","0","0","0","0","0","0","0","0","0","0","0","0","0","0"
"36-146 Shageluk","6","0","0","0","2","0","0","0","3","0","0","0","0","0","1","0","0","0","0","0","0","0","2","0","0","0","0","0","0","0","0","0","2","0","0","0","0","0","0","0","0","0","0","0","1","0","0","0","1","0","0","0","0","0","0","0","0","0","0","0","0","0","0","0","0","0","0","0","0","0","0","0","1","0","0","0","0","0","0","0","0","0","0","0","0","0","0","0","0","0","0","0","0","0","0","0","0","0","0","0","0","0","0","0","0","0","0","0","0","0","0","0","0","0","0","0","0","0","0","0","0","0","0","0","0","0","0","0","0","0","0","0","0","0","0","0","0","0","0","0","0","0","0","0","0","0","0","0","0","0","0","0","0","0","0","0","0","0","0","0","0","0","0","0","0","0","0","0","0","0","0","0","0","0","0","0","0","0","0","0","0","0","0","0","0","0","0","0","0","0","0","0","0","0","0","0","0","0","0","0","0","0","0","0","0","0","0","0","0","1","0","0","0","0","0","0","0","0","0","0","0","0","0","0","0","0","0","0","0","0","0","0","0","0","0","0","0","0","0","0","0","0","0","0","0","0","0","0","0","0","0","0","0","0","0","1","0","0","0","0","1","0","0","0","0","0","0","0","0","1"
"36-162 Tanana","48","1","0","0","1","0","0","1","0","0","0","0","0","0","0","1","0","0","0","0","0","0","0","0","1","1","0","0","0","0","1","0","2","0","0","1","0","0","1","0","0","0","0","0","1","0","0","0","0","0","0","0","0","0","0","0","0","0","2","0","0","0","0","0","0","0","0","0","0","0","0","0","0","0","0","0","0","0","0","0","0","0","0","0","0","0","0","0","0","0","0","0","0","0","0","0","0","0","0","0","0","0","0","0","0","0","0","0","0","0","0","0","0","0","0","0","0","0","0","0","0","0","0","0","0","0","0","0","0","0","0","0","0","0","0","0","0","0","0","0","0","0","0","0","0","0","0","0","0","0","0","0","0","0","0","0","0","0","0","0","0","0","0","0","0","0","0","0","0","0","0","0","0","0","0","0","0","0","0","0","0","0","0","0","0","0","0","0","0","0","0","0","0","0","0","0","0","0","0","0","0","0","0","0","0","0","0","0","0","14","0","0","0","0","1","0","0","0","0","0","0","0","0","0","0","0","0","0","0","0","0","0","0","0","0","0","0","0","0","0","0","0","0","0","0","0","0","0","0","0","0","0","0","0","0","0","0","0","0","0","0","0","0","0","0","0","0","0","2","0"
"36-166 Tetlin","12","0","0","0","0","0","0","0","0","0","0","0","0","0","0","0","0","0","0","0","0","0","0","0","0","0","1","0","0","0","0","0","0","0","0","0","0","0","0","0","0","0","0","0","0","0","0","0","0","0","0","0","0","0","0","0","0","0","1","0","0","0","0","0","0","0","0","0","0","0","0","0","0","0","0","0","0","0","0","0","0","0","0","0","0","0","0","0","0","0","0","0","0","0","0","0","0","0","0","0","0","0","0","0","0","0","0","0","0","0","0","0","0","0","0","0","0","0","0","0","0","0","0","0","0","0","0","0","0","0","0","0","0","0","0","0","0","0","0","0","0","0","0","0","0","0","0","0","0","0","0","0","0","0","0","0","0","0","0","0","0","0","0","0","0","0","0","0","0","0","0","0","0","0","0","0","0","0","0","0","0","0","0","0","0","0","0","0","0","0","0","0","0","0","0","0","0","0","0","0","0","0","0","0","0","0","0","0","0","11","0","0","0","0","0","0","1","0","0","0","0","0","0","0","0","0","0","0","0","0","0","0","2","0","0","0","2","0","0","0","0","0","0","0","0","0","0","0","0","0","0","0","0","0","0","0","0","0","0","0","0","0","0","0","0","0","0","0","0","0"
"36-170 Tok","58","1","0","0","4","0","1","0","3","0","0","0","0","0","0","1","0","0","1","0","0","1","5","0","0","1","0","0","0","0","2","0","5","0","0","1","1","0","0","0","0","1","0","0","2","0","0","0","0","0","0","0","0","0","0","1","0","0","1","0","0","0","0","0","0","0","0","0","0","1","0","0","0","1","0","0","0","0","0","1","0","0","0","0","0","0","0","0","0","0","0","0","0","0","0","0","0","0","6","1","1","0","0","0","0","0","0","0","0","0","0","1","0","0","0","0","0","0","0","0","0","0","0","0","0","1","0","0","0","0","0","0","0","1","0","0","0","0","0","0","1","0","0","0","0","0","0","0","0","0","0","2","0","0","0","0","0","0","0","0","0","0","0","0","0","0","1","0","0","0","0","0","0","0","0","0","0","0","0","1","0","0","0","1","0","0","0","0","0","0","0","0","0","0","0","0","0","0","0","0","0","1","0","0","0","0","0","0","0","311","2","0","1","0","2","0","0","0","0","0","0","0","0","1","38","2","0","0","0","8","0","0","11","0","1","1","9","0","7","0","0","0","0","1","0","0","0","0","1","0","1","0","1","0","1","1","0","0","0","0","1","0","0","0","0","0","1","9","0","0"
"36-174 Venetie","24","1","3","0","0","0","0","0","1","0","0","1","0","0","0","0","0","0","1","0","0","0","0","0","0","0","0","0","0","0","0","0","0","0","0","0","0","0","0","0","0","0","0","0","0","0","0","0","0","0","0","0","0","0","0","0","0","0","0","0","0","0","0","0","0","0","0","0","0","0","0","0","0","0","0","0","0","0","0","0","0","0","0","0","0","0","0","0","0","0","0","0","0","0","0","0","0","0","0","0","0","0","0","0","0","0","0","0","0","0","0","0","0","0","0","0","0","0","0","0","0","0","0","0","0","0","0","0","0","0","0","0","0","0","0","0","0","0","0","0","0","0","0","0","0","0","0","0","0","0","0","0","0","0","0","0","0","0","0","0","0","0","1","0","0","0","0","0","0","0","0","0","0","0","0","0","0","0","0","0","0","0","0","0","0","0","0","0","0","0","0","0","0","0","0","0","0","0","0","0","0","0","0","0","0","0","0","0","0","9","0","1","0","0","0","0","0","0","0","0","0","0","1","0","1","0","0","0","0","0","0","0","0","0","0","0","0","0","0","0","0","0","0","0","0","0","0","0","0","0","0","0","0","0","0","0","0","0","0","0","0","0","0","0","0","0","0","1","0","0"
"37-700 Akutan","20","0","0","0","0","0","0","0","2","0","0","0","0","0","0","0","0","0","1","0","0","0","0","0","0","0","0","0","0","0","0","0","0","0","0","0","0","0","0","0","0","0","0","0","0","0","0","0","0","0","0","0","0","0","0","0","0","0","0","0","0","0","0","0","0","0","0","0","0","0","0","0","0","0","0","0","0","0","0","0","0","0","0","0","0","0","0","0","0","0","0","0","0","0","0","0","0","0","0","0","0","0","0","0","0","0","0","0","0","0","0","0","1","0","0","0","0","0","0","0","0","0","0","0","0","0","0","0","0","0","0","0","0","0","0","0","0","0","0","0","0","0","0","0","0","0","0","0","0","0","0","0","0","0","0","0","0","0","0","0","0","0","0","0","0","0","0","0","0","0","0","0","0","0","0","0","0","0","0","0","0","0","0","0","0","0","0","0","0","0","0","0","0","0","0","0","0","0","0","0","0","0","0","0","0","0","0","0","0","14","2","0","0","0","0","0","0","0","0","0","0","0","1","0","2","0","0","0","0","0","0","0","0","0","0","0","0","0","0","0","0","0","0","0","0","0","0","0","0","0","0","0","0","0","0","1","0","0","1","0","3","0","0","0","0","0","0","0","0","1"
"37-702 Aleknagik","8","0","0","0","1","0","0","0","2","0","0","1","0","0","0","0","0","0","1","0","0","0","0","0","0","0","0","0","0","0","0","0","1","0","0","0","2","0","0","0","0","0","0","0","0","0","0","0","0","0","0","0","1","0","0","0","0","0","1","1","0","0","0","0","0","0","1","0","0","0","0","0","0","0","0","0","0","0","0","0","0","0","0","0","0","0","0","0","0","0","0","0","0","0","0","0","0","0","0","0","0","0","0","0","0","0","0","0","0","0","0","1","0","0","0","0","0","0","0","0","0","0","0","0","0","0","0","0","0","0","0","0","0","0","0","0","0","0","0","0","0","0","0","0","0","0","0","0","0","0","0","0","0","0","0","0","0","0","0","0","0","1","0","0","0","0","0","0","0","0","0","0","0","0","0","0","0","0","0","0","0","0","0","0","0","0","0","0","0","0","0","0","0","0","0","0","0","0","0","0","0","0","0","0","0","0","0","0","0","29","0","0","0","0","0","0","0","0","0","0","0","0","0","0","3","0","0","0","0","1","0","0","2","0","0","0","1","0","0","0","0","0","0","0","0","0","1","0","0","0","0","0","1","1","0","0","0","0","0","0","3","0","0","0","2","0","0","1","0","2"
"37-704 Aleutians No. 1","7","0","0","0","1","0","0","0","0","0","0","0","0","0","0","0","0","0","0","0","0","0","0","0","0","0","0","0","0","0","2","0","0","0","0","0","0","0","0","0","0","0","0","0","0","0","1","0","0","0","0","0","0","0","0","0","0","0","0","0","0","0","0","0","0","0","0","0","0","0","0","0","0","0","0","0","0","0","0","0","0","0","0","0","0","0","0","0","0","0","0","0","0","0","0","0","0","0","0","0","0","0","0","0","0","0","0","0","0","0","0","0","0","0","0","0","0","0","0","0","0","0","0","0","0","0","0","0","0","0","0","0","0","0","0","0","0","0","0","0","0","0","0","0","0","0","0","0","0","0","0","0","0","0","0","0","0","0","0","0","0","0","0","0","0","0","0","0","0","0","0","0","0","0","0","0","0","0","0","0","0","0","0","0","0","0","0","0","0","0","0","0","0","0","0","0","0","0","0","0","0","0","0","0","0","0","0","0","0","5","0","0","0","0","0","0","0","0","0","0","0","0","0","0","0","0","0","0","0","1","0","0","0","0","0","0","0","0","1","0","0","0","0","0","0","0","0","0","0","0","0","0","0","0","0","0","0","0","0","0","0","0","0","0","0","0","0","1","0","0"
"37-706 Aleutians No. 2","171","9","2","0","2","0","0","1","2","0","0","0","1","0","2","1","0","0","1","0","0","0","3","0","0","0","0","0","2","0","8","1","3","0","0","2","5","0","0","0","0","0","0","0","6","1","0","0","2","0","0","0","0","0","1","1","0","0","4","1","0","0","0","0","0","0","0","0","0","0","0","0","0","0","0","0","0","0","0","0","0","0","0","0","0","0","0","0","0","0","0","0","0","0","0","0","0","0","0","0","0","0","0","0","0","0","0","0","0","0","0","0","0","0","0","0","0","0","0","0","0","0","0","0","1","0","0","0","0","0","0","0","0","0","0","0","0","0","0","0","0","0","0","0","0","0","0","0","0","0","0","0","0","0","0","1","0","0","0","0","0","2","0","0","1","0","0","0","0","0","0","0","0","0","0","0","0","0","0","0","0","0","0","0","0","0","0","0","0","0","0","0","0","0","0","0","0","0","0","0","0","0","0","0","0","0","0","1","0","230","10","2","3","0","1","0","0","0","0","0","0","2","0","0","13","2","0","0","0","2","0","0","4","0","0","0","3","0","2","0","0","0","0","0","1","0","1","0","0","0","1","0","0","2","1","0","2","0","0","0","7","0","0","0","0","0","0","1","3","3"
"37-707 Aniak","32","2","1","0","2","0","0","0","1","0","0","0","1","0","0","3","0","0","0","0","0","0","2","0","0","0","0","0","0","0","0","0","3","0","0","0","2","0","0","0","1","0","0","0","1","0","1","0","1","0","0","0","0","0","0","1","0","0","1","1","0","0","0","0","0","0","1","0","0","0","0","0","0","0","0","0","0","0","0","0","0","0","0","0","0","0","0","0","0","0","0","0","0","0","0","0","0","0","0","0","0","0","0","0","0","0","0","0","0","0","0","2","0","0","0","0","0","0","0","0","0","0","0","0","0","0","0","0","0","0","0","0","0","0","0","0","0","0","0","0","0","0","0","0","0","0","0","0","0","0","0","0","0","0","0","0","0","0","0","0","1","2","0","0","0","0","0","0","0","0","0","0","0","0","0","0","0","0","0","0","0","0","0","0","0","0","0","0","0","0","0","0","0","0","0","0","0","0","0","0","0","0","0","0","0","0","0","0","0","28","1","1","0","0","0","0","0","0","0","0","0","1","0","0","3","0","1","0","0","0","0","0","0","0","0","0","2","0","0","0","1","0","0","0","0","0","0","0","0","0","0","0","0","1","0","0","0","0","0","0","2","0","0","0","1","0","0","1","0","2"
"37-708 Chignik","7","0","0","0","0","0","0","0","0","0","0","0","0","0","0","0","0","0","0","0","0","0","0","0","0","0","0","0","0","0","0","0","1","0","0","0","1","0","0","0","0","0","0","0","0","0","0","0","0","0","0","0","0","0","0","0","0","0","0","0","0","0","0","0","0","0","0","0","0","0","0","0","0","0","0","0","0","0","0","0","0","0","0","0","0","0","0","0","0","0","0","0","0","0","0","0","0","0","0","0","0","0","0","0","0","1","0","0","0","0","0","0","0","0","0","0","0","0","0","0","0","0","0","0","0","0","0","0","0","0","0","0","0","0","0","0","0","0","0","0","0","0","0","0","0","0","0","0","0","0","0","0","0","0","0","0","0","0","0","0","0","0","0","0","1","0","0","0","0","0","0","0","0","0","0","0","0","0","0","0","0","0","0","0","0","0","0","0","0","0","0","0","0","0","0","0","0","0","0","0","0","0","0","0","0","0","0","0","0","4","0","0","0","0","0","0","0","0","0","0","0","0","0","0","0","0","0","0","0","0","0","0","0","0","0","0","0","0","0","0","0","0","0","0","0","0","0","0","0","0","0","0","0","0","0","0","0","0","0","0","0","0","0","0","0","0","0","1","0","0"
"37-709 Chuathbaluk","3","0","0","0","1","1","0","1","0","0","0","0","0","0","0","0","0","0","0","0","0","0","0","0","0","0","0","0","1","0","0","0","1","0","0","0","0","0","0","0","0","0","0","0","0","0","0","0","0","0","0","0","0","0","0","0","0","0","0","0","0","0","0","0","0","0","0","0","0","0","0","0","0","0","0","0","0","0","0","0","0","0","0","0","0","1","0","0","0","0","0","0","0","0","0","0","0","0","0","0","0","0","0","0","0","0","0","0","0","0","0","0","0","0","0","0","0","0","0","0","0","0","0","0","0","0","0","0","0","0","0","0","0","0","0","0","0","0","0","0","0","0","0","0","0","0","0","0","0","0","0","0","0","0","0","0","0","0","0","0","0","0","0","0","0","0","0","0","0","0","0","0","0","0","0","0","0","0","0","0","0","0","0","0","0","0","0","0","0","0","0","0","0","0","0","0","0","0","1","0","0","0","0","0","0","0","0","0","0","5","1","0","0","0","0","0","0","0","0","0","0","0","0","0","0","0","0","0","0","0","0","0","1","0","0","0","1","0","0","0","0","0","0","0","0","0","0","0","0","0","0","0","0","0","0","0","0","0","0","0","0","0","0","0","0","0","1","0","0","0"
"37-710 Clark's Point","6","0","0","0","0","0","0","0","1","0","0","0","0","0","0","0","0","0","2","0","0","0","0","0","0","0","0","0","0","0","0","1","0","0","0","0","1","0","0","0","0","0","0","0","0","0","0","0","0","0","0","0","0","0","0","0","0","0","0","0","0","0","0","0","0","0","0","0","0","0","0","0","0","0","0","0","0","0","0","0","0","0","0","0","0","0","0","0","0","0","0","0","0","0","0","0","0","0","0","0","0","1","0","0","0","0","0","0","0","0","0","0","0","0","0","0","0","0","0","0","0","0","0","0","0","0","0","0","0","0","0","0","0","0","0","0","0","0","0","0","0","0","0","0","0","0","0","0","0","0","0","0","0","0","0","0","0","0","0","0","0","0","0","0","0","0","0","0","0","0","0","0","0","0","0","0","0","0","0","0","0","0","0","0","0","0","0","0","0","0","0","0","0","0","0","0","0","0","0","0","0","0","0","0","0","0","0","0","0","4","0","0","0","0","0","0","0","0","0","0","0","1","0","0","0","0","0","0","0","0","0","0","0","0","0","0","1","0","0","0","0","0","0","0","0","0","0","0","0","0","0","0","0","0","0","0","0","0","0","0","1","0","0","0","0","0","0","0","0","0"
"37-712 Cold Bay","6","0","0","0","0","0","0","0","0","0","0","0","0","0","0","0","0","0","0","0","0","0","0","0","0","0","0","0","0","0","0","0","0","0","0","0","0","0","0","0","0","0","0","0","0","0","0","0","0","0","0","0","0","0","0","0","0","0","0","0","0","0","0","0","0","0","0","0","0","0","0","0","0","0","0","0","0","0","0","0","0","0","0","0","0","0","0","0","0","0","0","0","0","0","0","0","0","0","0","0","0","0","0","0","0","0","0","0","0","0","0","0","0","0","0","0","0","0","0","0","0","0","0","0","0","0","0","0","0","0","0","0","0","0","0","0","0","0","0","0","0","0","0","0","0","0","0","0","0","0","0","0","0","0","0","0","0","0","0","0","0","0","0","0","0","0","0","0","0","0","0","0","0","0","0","0","0","0","0","0","0","0","0","0","0","0","0","0","0","0","0","0","0","0","0","0","0","0","0","0","0","0","0","0","0","0","0","0","0","11","0","0","0","0","0","0","0","0","0","0","0","0","0","0","0","0","0","0","0","0","0","0","0","0","0","0","0","0","0","0","0","0","0","0","0","0","1","0","0","0","0","0","0","0","0","1","0","0","0","0","0","0","0","0","0","0","0","1","0","0"
"37-713 Crooked Creek","11","0","0","0","0","0","0","0","0","0","0","0","0","0","0","2","0","0","0","0","0","0","0","0","0","0","0","0","0","0","0","0","0","0","0","0","0","0","0","0","0","0","0","0","0","0","0","0","0","0","0","0","0","0","0","0","0","0","0","0","0","0","0","0","0","0","0","0","0","0","0","0","0","0","0","0","0","0","0","0","0","0","0","0","0","0","0","0","0","0","0","0","0","0","0","0","0","0","0","0","0","0","0","0","0","0","0","0","0","1","0","0","0","0","0","0","0","0","0","0","0","0","0","0","0","0","0","1","0","0","0","0","0","0","0","0","0","0","0","0","0","0","0","0","0","0","0","0","0","0","0","0","0","0","0","0","0","0","0","0","0","0","0","0","0","0","0","0","0","0","0","0","0","0","0","0","0","0","0","0","0","0","0","0","0","0","0","0","0","0","0","0","0","0","0","0","0","0","0","0","0","0","0","0","0","0","0","0","0","3","0","0","0","0","0","0","0","0","0","0","0","0","0","0","0","0","0","0","0","0","0","0","0","0","0","0","1","0","0","0","0","0","0","0","0","0","0","0","0","0","0","0","0","0","0","0","0","0","0","0","0","0","0","0","0","0","0","0","0","0"
"37-714 Dillingham","186","9","2","1","9","2","0","2","3","0","1","2","0","0","0","4","0","0","1","0","0","0","4","0","1","0","1","0","0","0","6","2","6","0","1","2","6","0","0","0","0","1","0","0","7","1","0","0","3","0","1","0","0","0","0","1","0","1","2","1","0","0","0","1","0","0","0","0","0","0","0","0","0","1","0","0","0","0","0","1","0","1","0","0","0","0","0","0","0","0","0","0","1","0","0","0","0","0","2","0","0","0","1","0","0","0","0","0","0","1","0","1","1","0","0","0","0","0","0","0","0","0","0","0","0","0","0","0","0","0","0","0","0","1","0","0","0","0","1","0","0","0","0","0","0","0","0","0","0","0","0","0","0","0","0","0","0","1","0","0","0","0","2","0","0","0","0","0","0","0","0","0","0","0","0","0","0","0","1","0","0","0","0","0","0","0","0","0","0","0","0","0","0","0","0","0","0","0","1","0","2","0","0","0","0","0","0","0","0","175","5","2","3","0","2","0","1","0","0","0","0","3","0","0","24","0","0","0","0","2","0","0","4","0","0","0","4","0","9","1","0","0","0","0","1","0","0","0","0","0","2","0","1","1","0","1","0","0","0","0","7","0","0","0","4","0","1","6","1","1"
"37-716 Egegik","0","0","0","0","0","0","0","0","0","0","0","0","0","0","0","0","0","0","0","0","0","0","0","0","0","0","0","0","0","0","0","0","0","0","0","0","0","0","0","0","0","0","0","0","0","0","0","0","0","0","0","0","0","0","0","0","0","0","1","0","0","0","0","0","0","0","0","0","0","0","0","0","0","0","0","0","0","0","0","0","0","0","0","0","0","0","0","0","0","0","0","0","0","0","0","0","0","0","0","0","0","0","0","0","0","0","0","0","0","0","0","0","0","0","0","0","0","0","0","0","0","0","0","0","0","0","0","0","0","0","0","0","0","0","0","0","0","0","0","0","0","0","0","0","0","0","0","0","0","0","0","0","0","0","0","0","0","0","0","0","0","0","0","0","0","0","0","0","0","0","0","0","0","0","0","0","0","0","0","0","0","0","0","0","0","0","0","0","0","0","0","0","0","0","0","0","0","0","0","0","0","0","0","0","0","0","0","0","0","7","0","0","0","0","0","0","0","0","0","0","0","0","0","0","3","0","0","0","0","0","0","0","0","0","0","0","0","0","0","0","0","0","0","0","0","0","0","0","0","0","0","0","0","0","0","0","0","0","0","0","0","0","0","0","0","0","0","0","0","0"
"37-718 Ekwok","8","0","0","0","0","0","0","0","0","0","0","0","0","0","0","0","0","0","0","0","0","0","0","0","0","0","0","0","0","0","0","0","0","0","0","0","0","0","0","0","0","0","0","0","0","0","0","0","0","0","0","0","0","0","0","0","0","0","1","0","0","0","0","0","0","0","0","0","0","0","0","0","0","0","0","0","0","0","0","0","0","1","0","0","0","0","0","0","0","0","0","0","0","0","0","0","0","0","0","0","0","0","0","0","0","0","0","0","0","0","0","0","0","0","0","0","0","0","0","0","0","0","0","0","0","0","0","0","0","0","0","0","0","0","0","0","0","0","0","0","0","0","0","0","0","0","0","0","0","0","0","0","0","0","0","0","0","0","0","0","0","0","0","0","0","0","0","0","0","0","0","0","0","0","0","0","0","0","0","0","0","0","0","0","0","0","0","0","0","0","0","0","0","0","0","0","0","0","0","0","1","0","0","0","0","0","0","0","0","17","1","0","0","0","0","0","0","0","0","0","0","1","0","0","1","0","0","0","0","0","0","0","1","0","0","0","1","0","0","0","0","0","0","0","0","0","0","0","0","0","0","0","0","0","0","0","0","0","0","0","0","0","0","0","1","0","0","0","0","0"
"37-719 Goodnews Bay","13","1","0","0","5","1","0","0","4","0","0","0","0","0","1","0","0","0","1","1","0","0","1","0","0","0","0","0","0","0","0","0","1","0","0","0","1","0","0","1","0","0","0","0","0","0","0","0","0","0","0","0","0","0","0","2","0","0","0","0","0","0","0","0","0","0","0","0","0","0","0","0","0","0","0","0","0","0","0","0","0","0","0","0","0","0","0","0","1","0","0","0","0","0","0","0","0","0","0","0","0","0","0","0","0","0","0","0","0","0","0","0","0","0","0","0","0","0","0","0","0","0","0","0","0","0","0","0","0","0","0","0","0","0","0","0","0","0","0","0","0","0","0","0","0","0","0","0","0","0","0","0","0","0","0","0","0","0","0","0","0","1","0","0","0","0","0","0","1","0","0","0","0","0","0","0","1","0","0","0","0","0","0","0","0","0","0","0","0","0","0","0","0","0","0","0","0","0","0","0","0","0","0","0","0","0","0","0","0","5","0","0","2","0","0","0","1","0","0","0","0","1","0","0","0","0","0","0","1","0","0","0","3","0","0","1","2","0","0","0","0","0","0","0","0","0","0","0","0","0","0","0","1","0","0","0","0","0","0","1","0","0","0","0","0","0","0","1","0","2"
"37-720 King Cove","14","1","0","0","0","1","0","0","0","0","0","0","0","0","1","0","0","0","0","0","0","0","0","0","0","0","0","0","0","1","0","0","1","0","0","0","0","0","0","0","0","0","0","0","2","0","0","0","0","0","1","0","0","0","0","0","0","0","3","0","0","0","0","0","0","0","0","0","0","0","0","0","0","0","0","0","0","0","0","0","0","0","0","0","0","0","0","0","0","0","0","0","0","0","0","0","0","0","0","0","1","0","0","0","0","0","0","0","0","0","0","0","0","0","0","0","0","0","0","0","0","0","0","0","0","0","0","0","0","0","0","0","0","0","0","0","0","0","0","0","0","0","0","0","0","0","0","0","0","0","0","0","0","0","0","0","0","0","0","0","0","0","0","0","0","0","0","0","0","0","0","0","0","0","0","0","0","0","0","0","0","0","0","1","0","0","0","0","0","0","0","0","1","0","0","0","0","0","0","0","0","0","0","0","0","0","0","0","0","68","0","0","0","0","0","0","0","0","0","0","0","0","0","0","3","0","0","0","0","0","0","0","0","0","0","1","1","0","0","0","0","0","0","0","1","0","0","0","0","0","0","0","0","0","0","0","0","0","0","0","1","0","0","0","1","0","0","1","3","3"
"37-722 King Salmon","26","1","1","0","0","0","0","1","3","0","0","0","0","0","0","1","0","0","1","0","0","1","0","0","0","0","0","0","0","0","3","0","1","0","0","0","1","0","0","0","0","0","0","0","1","0","0","0","0","0","0","0","0","0","0","0","0","0","2","0","0","0","0","0","0","0","0","0","0","1","0","0","0","0","0","0","0","0","0","0","0","0","0","0","0","0","0","0","0","0","0","0","0","0","0","0","0","0","0","0","0","0","0","0","0","0","0","0","0","0","0","0","0","0","0","0","0","0","0","0","0","0","0","0","0","0","0","0","0","0","0","0","0","0","0","0","0","0","0","0","0","0","0","0","0","0","0","0","0","0","0","0","0","0","0","0","0","0","0","0","0","0","0","0","0","0","0","0","0","0","0","0","0","0","0","0","0","0","0","0","0","0","0","0","0","0","0","0","0","0","0","0","0","0","0","0","0","0","0","0","0","0","0","0","0","0","0","0","0","63","0","0","0","0","0","0","0","0","0","0","0","0","0","0","5","1","0","0","0","1","0","0","2","0","0","0","4","0","2","0","0","0","0","0","0","0","0","0","1","0","0","0","0","0","0","0","0","0","0","0","1","0","0","0","0","0","0","2","2","0"
"37-724 Koliganek","21","0","0","0","5","0","0","0","1","0","0","0","0","0","0","0","0","0","1","0","0","0","1","0","0","0","0","0","0","0","0","0","0","0","0","0","0","0","0","0","0","0","0","0","1","1","0","0","0","0","0","0","0","0","0","0","0","0","3","0","0","0","0","0","0","0","0","0","0","0","0","0","0","0","0","0","0","0","0","0","0","0","0","0","0","0","0","0","0","0","0","0","0","0","0","0","0","0","0","0","0","0","0","0","0","0","0","0","0","0","0","0","0","0","0","0","0","0","0","0","0","0","0","0","0","0","0","0","0","0","0","0","0","0","0","0","0","0","0","0","0","0","0","0","0","0","0","0","0","0","0","0","0","0","0","0","0","0","0","0","0","0","0","0","0","0","0","0","0","0","0","0","0","0","0","0","0","0","0","0","0","0","0","0","0","0","0","0","0","0","0","0","0","0","0","0","0","0","0","0","0","0","0","0","0","0","0","0","0","29","1","0","0","0","0","0","0","0","0","0","0","1","0","0","1","0","0","0","0","0","0","0","3","0","1","0","2","0","0","0","0","0","0","0","0","0","0","0","0","0","0","0","0","0","0","0","0","0","0","0","0","0","0","0","0","0","0","0","0","0"
"37-726 Lake Iliamna No. 1","19","2","0","0","2","0","0","0","0","0","0","0","0","0","0","1","0","0","0","0","0","0","0","0","0","0","0","0","0","1","1","0","0","0","0","0","1","0","0","0","0","0","0","0","2","0","0","0","0","0","0","0","0","0","0","0","0","0","0","0","0","0","0","0","0","0","0","0","0","0","0","0","0","0","0","0","0","0","0","0","0","0","0","0","0","0","0","0","0","0","0","0","0","0","0","0","0","0","0","0","0","0","0","0","0","0","0","0","0","0","0","0","0","0","0","0","0","0","0","0","0","0","0","0","0","0","0","0","0","0","0","1","0","0","0","0","0","0","0","0","0","0","0","0","0","0","0","0","0","0","0","0","0","0","0","0","0","0","0","0","0","0","0","0","0","0","0","0","0","0","0","0","0","0","0","0","0","0","0","0","0","0","0","0","0","0","0","0","0","0","0","0","0","0","0","0","0","0","0","0","0","0","0","0","0","0","0","0","0","43","1","0","0","0","1","0","0","0","1","0","0","1","0","0","9","1","0","0","0","1","0","0","2","0","0","0","2","0","0","0","0","0","0","0","0","0","3","0","0","0","0","0","0","2","0","2","1","0","0","0","3","0","0","0","0","0","0","0","0","0"
"37-728 Lake Iliamna No. 2","17","0","0","0","0","0","0","0","0","0","0","0","0","0","0","0","0","0","1","0","0","0","0","0","1","0","0","0","0","0","1","0","1","0","0","0","1","0","0","0","0","0","0","0","1","0","0","0","0","0","1","0","0","0","0","0","0","0","5","0","0","0","0","0","0","0","0","0","0","1","0","0","0","0","0","0","0","0","0","0","0","1","0","0","0","0","0","0","0","0","0","1","0","0","0","0","0","0","0","1","0","0","0","0","0","0","0","0","0","0","0","0","0","0","0","0","0","0","0","0","0","0","0","0","0","0","0","1","0","0","0","0","0","0","0","0","0","0","0","0","0","0","0","0","0","0","0","0","0","0","0","0","0","0","0","0","0","0","0","0","1","2","0","0","1","0","0","0","0","0","0","0","0","0","0","0","0","0","0","0","0","0","0","0","0","0","0","0","0","0","0","0","0","0","0","0","0","0","0","0","0","0","0","0","0","0","0","0","0","17","1","1","0","0","1","0","0","0","0","1","0","1","0","0","2","1","1","0","0","0","0","0","2","0","1","1","0","0","0","0","0","0","0","0","0","0","1","0","0","0","0","0","1","1","0","1","0","0","0","0","1","0","0","0","0","0","0","1","2","2"
"37-730 Levelock","11","0","0","0","1","0","0","0","0","0","0","0","0","0","0","0","0","0","0","0","0","1","0","0","0","0","0","0","0","0","0","0","0","0","0","0","0","1","0","0","0","0","0","0","1","0","0","0","0","0","0","0","0","0","0","0","0","0","1","0","0","0","0","0","0","0","0","0","0","0","0","0","0","0","0","0","0","0","0","0","0","0","0","0","0","0","0","0","0","0","0","0","0","0","0","0","0","0","0","0","0","0","0","0","0","0","0","0","0","0","0","0","0","0","0","0","0","0","0","0","0","0","0","0","0","0","0","0","0","0","0","0","0","0","0","0","0","0","0","0","0","0","0","0","0","0","0","0","0","0","0","0","0","0","0","0","0","0","0","0","0","1","0","0","0","0","0","0","0","0","0","0","0","0","0","0","0","0","0","0","0","0","0","0","0","0","0","0","0","0","0","0","0","0","0","0","0","0","0","0","0","0","0","0","0","0","0","0","0","3","0","0","0","0","0","0","0","0","0","0","0","0","0","0","1","0","0","0","0","0","0","0","0","0","0","0","1","0","0","0","0","0","0","0","0","0","0","0","0","0","0","0","0","0","0","0","0","0","0","0","1","0","0","0","0","0","0","0","0","1"
"37-731 Lower Kalskag","10","1","0","0","1","0","0","0","2","0","1","0","1","0","1","0","0","0","0","0","0","0","0","0","0","0","0","0","1","0","2","0","1","1","1","0","2","0","0","0","0","0","0","0","0","0","1","0","0","0","0","0","0","1","0","3","0","0","0","0","0","0","0","0","0","0","0","0","0","1","0","0","0","0","0","0","0","0","0","0","0","0","0","0","0","0","0","0","0","0","0","1","0","0","0","0","0","0","0","0","1","0","0","0","0","0","0","0","0","0","0","0","0","0","0","0","0","0","0","0","0","0","0","0","0","0","0","0","0","0","0","0","0","0","0","0","0","0","0","0","0","0","0","0","0","0","0","0","0","0","0","0","0","0","0","0","0","0","0","0","0","0","0","0","1","0","0","0","1","0","0","0","0","0","0","0","0","0","0","0","0","0","0","0","0","0","0","0","0","0","0","0","0","0","0","0","0","0","0","0","0","1","0","0","0","0","0","0","0","8","0","0","0","0","1","0","1","0","1","0","0","0","0","0","3","2","1","0","0","0","2","0","1","0","0","0","0","0","0","0","0","0","0","0","1","0","1","0","0","0","0","0","1","0","0","0","0","0","0","0","1","0","0","0","0","0","0","1","0","0"
"37-732 Manokotak","14","2","0","1","1","0","0","0","2","0","0","0","0","0","0","0","0","0","1","0","0","0","0","0","0","0","0","0","0","0","0","0","0","0","0","0","1","0","0","0","0","0","0","0","0","0","1","0","1","0","0","0","0","0","0","0","0","0","2","0","0","0","0","0","0","0","0","0","0","0","0","0","0","0","0","0","0","0","0","0","0","0","0","0","0","0","0","0","0","0","0","0","0","0","0","0","0","0","0","0","0","0","0","0","0","0","0","0","0","0","0","0","0","0","0","0","0","0","0","0","0","0","0","0","0","0","0","0","0","0","0","0","0","0","0","0","0","0","0","0","0","0","0","0","0","0","0","0","0","0","0","1","0","0","0","0","0","0","0","0","0","0","0","0","0","0","0","0","0","0","0","0","0","0","0","0","0","0","0","0","0","0","0","0","0","0","0","0","0","0","0","0","0","0","0","0","0","0","0","0","0","0","0","0","0","0","0","0","0","44","1","2","0","0","1","0","3","0","0","0","0","0","1","0","3","0","1","0","1","0","1","0","3","0","1","0","3","1","1","0","0","0","0","0","0","1","0","0","0","0","1","0","1","0","0","1","0","0","0","0","2","0","0","0","2","0","0","0","0","2"
"37-734 Naknek","29","0","0","0","2","0","0","0","3","0","0","1","1","0","0","4","0","0","0","0","0","1","0","0","0","0","0","0","0","0","2","0","1","0","0","1","0","0","0","0","0","0","0","0","0","0","0","0","0","0","0","0","1","0","0","0","0","0","4","0","0","0","0","0","0","0","0","0","0","0","0","0","0","0","0","0","0","0","0","0","0","0","0","0","0","0","0","0","0","0","0","0","0","0","0","0","0","0","0","0","0","0","0","0","0","0","0","0","0","0","0","1","0","0","0","0","0","0","0","0","0","0","0","0","0","0","0","0","0","0","0","0","0","0","0","0","0","0","0","0","0","0","0","0","0","0","0","0","0","0","0","0","0","0","0","0","0","0","0","0","0","0","0","0","0","0","0","0","0","0","0","0","0","0","0","0","0","0","0","0","0","0","0","0","0","0","0","0","0","0","0","0","0","0","0","0","0","0","0","0","0","0","0","0","0","0","0","0","0","66","1","1","0","0","1","0","0","0","0","0","0","0","0","0","7","1","0","0","1","4","0","0","2","0","1","0","1","0","1","0","0","0","0","0","0","0","0","0","0","0","1","0","0","1","0","0","0","0","0","0","0","0","0","0","0","0","0","1","0","1"
"37-736 New Stuyahok","39","0","0","0","0","0","0","0","0","0","0","0","0","0","0","0","0","0","0","0","0","0","0","0","0","0","0","0","0","0","0","0","0","0","0","0","0","0","0","0","0","0","0","0","0","0","0","0","0","0","0","0","0","0","0","0","0","0","0","0","0","0","0","0","0","0","0","0","0","0","0","0","0","0","0","0","0","0","0","0","0","0","0","0","0","0","0","0","0","0","0","0","0","0","0","0","0","0","0","0","0","0","0","0","0","0","0","0","0","0","0","0","0","0","0","0","0","0","0","0","0","0","0","0","0","0","0","0","0","0","0","0","0","0","0","0","0","0","0","0","0","0","0","0","0","0","0","0","0","0","0","0","0","0","0","0","0","0","0","0","0","2","0","0","0","0","0","0","0","0","0","0","0","0","0","0","0","0","0","0","0","0","0","0","0","0","0","0","0","0","0","0","0","0","0","0","0","0","0","0","0","0","0","0","0","0","0","0","0","8","0","0","0","0","0","0","0","0","0","0","0","0","0","0","0","0","0","0","0","0","0","0","0","0","0","0","0","0","0","0","0","0","0","0","0","0","0","0","0","0","0","0","0","0","0","0","0","0","0","0","0","0","0","0","0","0","0","1","3","0"
"37-738 Nondalton","10","1","0","0","1","0","0","0","2","1","0","0","0","0","0","0","0","0","1","0","0","0","2","0","1","0","0","0","0","2","1","0","2","0","0","0","0","0","0","1","0","0","0","0","0","0","0","0","0","0","0","0","0","0","0","0","0","0","0","0","0","0","0","0","0","0","0","0","0","0","0","0","0","0","0","0","0","0","0","0","0","0","0","0","0","0","0","0","0","0","0","0","0","0","0","0","0","0","0","0","0","0","0","0","0","0","0","0","0","0","0","0","0","0","0","0","0","0","0","0","0","0","0","0","0","0","0","0","0","0","0","0","0","0","0","0","0","0","0","0","0","0","0","0","0","0","0","0","0","0","0","0","0","0","0","0","0","0","0","0","0","0","0","0","0","0","0","0","0","0","0","0","0","0","0","0","0","0","0","0","0","0","0","0","0","0","0","0","0","0","0","0","0","0","0","0","0","0","0","0","0","0","0","0","1","0","0","0","0","6","0","0","1","0","1","0","0","0","0","0","0","0","0","0","3","0","0","0","0","0","0","0","0","0","0","0","1","0","0","0","0","0","0","0","0","0","0","0","0","0","0","0","0","0","0","1","0","0","0","0","0","0","0","0","0","0","0","0","0","5"
"37-740 Pedro Bay","2","0","0","0","1","0","0","0","0","0","0","0","0","0","0","0","0","0","0","0","0","0","0","0","0","0","0","0","0","0","0","0","0","0","0","0","0","0","0","0","0","0","0","0","0","0","0","0","0","0","0","0","0","0","0","0","0","0","1","0","0","0","0","0","0","0","0","0","0","0","0","0","0","0","0","0","0","0","0","0","0","0","0","0","0","0","0","0","0","0","0","0","0","0","0","0","0","0","1","0","0","0","0","0","0","0","0","0","0","0","0","1","0","0","0","0","0","0","0","0","0","0","0","0","0","0","0","0","0","0","0","0","0","0","0","0","0","0","0","0","0","0","0","0","0","0","0","0","0","0","0","0","0","0","0","0","0","0","0","0","0","0","0","0","0","0","0","0","0","0","0","0","0","0","0","0","0","0","0","0","0","0","0","0","0","0","0","0","0","0","0","0","0","0","0","0","0","0","0","0","0","0","0","0","0","0","0","0","0","7","0","0","0","0","0","0","0","0","0","0","0","0","0","0","1","0","0","0","0","0","0","0","0","0","0","0","0","0","0","0","0","0","0","0","0","0","0","0","0","0","0","0","0","0","0","0","0","0","0","0","0","0","0","0","0","0","0","0","0","0"
"37-742 Port Heiden","8","0","0","0","0","0","0","0","0","0","0","0","0","0","0","0","0","0","1","0","0","0","0","0","0","0","0","0","0","0","0","0","2","0","0","0","0","0","0","0","0","0","0","0","1","0","0","0","0","1","0","0","0","0","0","0","0","0","0","0","0","0","0","0","0","0","0","0","0","0","0","0","0","0","0","0","0","0","0","0","0","0","0","0","0","0","0","0","0","0","0","0","0","0","0","0","0","0","0","0","0","0","0","0","0","0","0","0","0","0","0","0","0","0","0","0","0","0","0","0","0","0","0","0","0","0","0","0","0","0","0","0","0","0","0","0","0","0","0","0","0","0","0","0","0","0","0","0","0","0","0","0","0","0","0","0","0","0","0","0","0","1","0","0","0","0","0","0","0","0","0","0","0","0","0","0","0","0","0","0","0","0","0","0","0","0","0","0","0","0","0","0","0","0","0","0","0","0","0","0","0","0","0","0","0","0","0","0","0","8","0","0","0","0","0","0","0","0","0","0","0","0","0","0","1","0","0","0","0","0","0","0","0","0","0","0","0","0","0","0","0","0","0","0","0","0","0","0","0","0","0","0","0","0","0","0","0","0","0","0","1","0","0","0","0","0","0","0","0","0"
"37-744 Sand Point","28","0","0","0","1","0","0","0","0","0","0","0","0","0","0","0","0","0","0","0","0","0","0","0","0","0","0","0","0","0","2","0","0","0","0","1","1","0","0","0","0","0","0","0","0","0","0","0","0","0","0","0","0","0","0","0","0","0","1","0","0","0","0","0","0","0","0","0","0","0","0","0","0","0","0","0","1","0","0","0","0","0","0","0","0","0","0","0","0","0","0","0","0","0","0","0","0","0","0","0","0","0","0","0","0","0","0","0","0","0","0","1","0","0","0","0","0","0","0","0","0","0","0","0","0","0","0","0","0","0","0","0","0","0","0","0","0","0","0","0","0","0","0","0","0","0","0","0","0","0","0","0","0","0","0","0","0","0","0","0","0","1","1","0","0","0","0","0","0","0","0","0","0","0","0","0","0","0","0","0","0","0","0","0","0","0","0","0","0","0","0","0","0","0","0","0","0","0","0","0","0","0","0","0","0","0","0","0","0","72","1","0","0","0","0","0","0","0","0","0","0","0","0","0","3","0","0","0","0","1","0","0","1","0","0","0","0","0","0","0","0","0","0","0","1","0","0","0","0","0","0","0","1","0","0","1","0","0","0","0","1","0","0","0","1","0","0","2","0","0"
"37-746 Sleetmute","5","0","0","1","3","0","0","0","0","0","0","0","0","0","0","0","0","0","2","0","0","0","0","0","0","0","0","0","0","0","0","0","1","0","0","0","0","0","0","0","0","0","0","0","1","0","0","0","0","0","0","0","0","0","0","1","0","0","0","0","0","0","0","0","0","1","0","0","0","0","0","0","0","0","0","0","0","0","1","1","0","0","0","0","0","0","0","0","0","0","0","0","0","0","0","0","0","0","0","0","0","0","0","0","0","0","0","0","0","0","0","0","0","0","0","0","0","0","0","0","0","0","0","0","0","0","0","0","0","0","0","0","0","0","0","0","0","0","0","0","0","0","0","0","0","0","0","0","0","0","0","0","0","0","0","0","0","0","0","0","0","0","0","0","0","0","1","0","0","0","0","0","0","0","0","0","0","0","0","0","0","0","0","0","0","0","0","0","0","0","0","0","0","0","0","0","0","0","0","0","0","0","0","0","0","0","0","0","0","2","0","0","0","0","1","0","0","0","0","0","0","0","0","0","1","0","0","0","0","0","0","0","1","0","0","0","0","0","1","0","0","0","0","0","0","0","0","0","0","0","0","0","0","0","0","0","0","0","0","0","0","0","0","0","0","0","0","0","0","0"
"37-748 South Naknek","5","0","0","0","0","0","0","0","1","0","0","0","0","0","0","0","0","0","0","0","0","0","0","0","0","0","0","0","0","0","0","0","0","0","0","0","0","0","0","0","0","0","0","0","0","0","0","0","0","0","0","0","0","0","0","0","0","0","1","0","0","0","0","0","0","0","0","0","0","0","0","0","0","0","0","0","0","0","0","0","0","0","0","0","0","0","0","0","0","0","1","0","0","0","0","0","0","0","0","0","0","0","0","0","0","0","0","0","0","0","0","0","0","0","0","0","0","0","0","0","0","0","0","0","0","0","0","0","0","0","0","0","0","0","0","0","0","0","0","0","0","0","0","0","0","0","0","0","0","0","0","0","0","0","0","0","0","0","0","0","0","1","1","0","0","0","0","0","0","0","0","0","0","0","0","0","0","0","0","0","0","0","0","0","0","0","0","0","0","0","0","0","0","0","0","0","0","0","0","0","0","0","0","0","0","0","0","0","0","3","1","0","0","0","0","0","0","0","0","0","0","0","0","0","1","0","0","0","0","0","0","0","0","0","0","0","0","0","0","0","0","0","0","0","0","0","0","0","0","0","0","0","0","0","0","0","0","0","0","0","0","0","0","0","0","0","0","2","0","1"
"37-750 St. George Island","1","1","0","0","0","0","0","0","0","0","0","0","0","0","0","0","0","0","0","0","0","0","0","0","0","0","0","0","0","0","0","0","0","0","0","0","0","0","0","0","0","0","0","0","0","0","0","0","0","0","0","0","0","0","0","0","0","0","1","0","0","0","0","0","0","0","0","0","0","0","0","0","0","0","0","0","0","0","0","0","0","0","0","0","0","0","0","0","0","0","0","0","0","0","0","0","0","0","0","0","0","0","0","0","0","0","0","0","0","0","0","0","0","0","0","0","0","0","0","0","0","0","0","0","0","0","0","0","0","0","0","0","0","0","0","0","0","0","0","0","0","0","0","0","0","0","0","0","0","0","0","0","0","0","0","0","0","0","0","0","0","0","0","0","0","0","0","0","0","0","0","0","0","0","0","0","0","0","0","0","0","0","0","0","0","0","0","0","0","0","0","0","0","0","0","0","0","0","0","0","0","0","0","0","0","0","0","0","0","1","0","0","1","0","0","0","0","0","0","0","0","0","0","0","0","0","0","0","0","0","0","0","1","0","0","0","0","0","0","0","0","0","0","0","0","0","0","0","0","0","0","0","0","0","0","0","0","0","0","0","0","0","0","0","0","0","0","1","0","0"
"37-752 St. Paul Island","53","1","2","0","5","0","0","0","2","0","0","2","0","0","2","1","0","0","0","0","0","0","1","0","0","0","0","0","0","0","3","0","1","0","0","0","1","0","0","0","1","0","0","0","0","0","0","0","0","0","0","0","0","0","0","0","0","0","3","0","0","0","0","0","0","0","1","0","0","1","0","0","0","0","0","0","0","0","0","0","0","0","0","0","0","0","0","0","0","0","0","0","0","0","0","0","0","0","0","0","0","0","0","0","0","0","0","0","0","0","0","0","0","0","0","0","0","0","0","0","0","0","0","0","0","0","0","0","0","0","0","0","0","0","0","0","0","0","0","0","0","0","0","0","0","0","0","0","0","0","0","0","0","0","0","0","0","0","0","0","0","3","0","0","0","0","0","0","0","0","0","0","0","0","0","0","0","0","0","0","0","0","0","0","0","0","0","0","0","0","0","0","0","0","0","0","0","0","0","0","0","0","0","0","0","0","0","0","0","12","0","0","0","0","0","0","0","0","0","0","1","0","0","0","1","0","0","0","1","0","0","0","1","0","0","1","1","0","0","0","0","0","0","0","0","0","0","0","0","0","1","0","0","1","0","0","0","0","1","0","1","0","0","0","0","0","0","2","0","0"
"37-754 Togiak","15","2","0","0","4","0","1","0","4","1","0","0","3","0","0","1","0","0","2","1","0","0","1","0","0","0","0","0","0","0","1","0","4","0","0","0","2","0","0","0","0","0","0","0","3","1","2","0","0","0","0","0","0","0","0","0","0","0","2","0","0","0","0","0","0","0","0","0","0","1","0","0","0","0","0","0","0","0","0","0","0","0","0","0","0","0","0","0","0","0","0","0","1","0","0","0","0","0","1","0","0","0","0","0","0","0","0","0","1","0","0","1","0","0","0","0","0","0","0","0","0","0","0","0","0","0","0","0","0","0","1","0","0","0","0","0","0","1","0","0","0","0","0","0","0","0","0","0","0","0","0","1","0","0","0","0","0","0","0","0","0","0","0","0","0","0","0","0","0","0","0","0","0","0","0","0","0","0","0","0","0","0","0","0","0","0","0","0","0","1","0","0","1","0","0","0","0","1","0","0","0","0","0","0","0","0","0","0","0","37","2","0","1","0","0","0","1","0","0","0","0","2","1","0","2","0","1","0","1","0","2","0","7","1","0","0","9","0","1","0","0","0","0","0","0","0","1","0","0","0","0","0","0","1","0","1","0","0","0","0","1","0","1","1","0","0","1","3","0","10"
"37-756 Tyonek","25","0","0","0","0","0","0","0","3","0","0","0","0","0","0","0","0","0","0","0","0","0","0","0","0","0","0","0","0","0","0","0","0","0","0","0","0","0","0","0","0","0","0","0","1","0","0","0","0","0","0","0","0","0","0","0","0","0","0","0","0","0","0","0","0","0","0","0","0","0","0","0","0","0","0","0","0","0","0","0","0","0","0","0","0","0","0","0","0","0","0","0","0","0","0","0","0","0","0","0","0","0","0","0","0","0","0","0","0","0","0","0","0","0","0","0","0","0","0","0","0","0","0","0","0","0","0","0","0","0","0","0","0","0","0","0","0","0","0","0","0","0","0","0","0","0","0","0","0","0","0","0","0","0","0","0","0","0","0","0","0","0","0","0","0","0","0","0","0","0","0","0","0","0","0","0","0","0","0","0","0","0","0","0","0","0","0","0","0","0","0","0","0","0","0","0","0","0","0","0","0","0","0","0","0","0","0","0","0","7","0","0","0","0","0","0","0","0","0","0","0","0","0","0","0","0","0","0","0","0","0","0","0","0","0","0","0","0","0","0","0","0","0","0","0","0","1","0","0","0","0","0","0","0","0","0","0","0","0","0","0","0","0","0","0","0","0","0","0","0"
"37-758 Upper Kalskag","17","0","0","0","3","0","0","0","0","0","0","0","0","0","0","1","0","0","1","0","0","0","3","0","0","0","0","0","0","2","1","0","1","0","0","0","0","0","0","0","0","0","0","0","1","0","1","0","1","0","0","0","0","0","0","0","0","0","1","0","0","0","0","0","0","0","0","0","0","0","0","0","0","0","0","0","0","0","0","0","0","0","0","0","0","0","0","0","0","0","0","0","0","0","0","0","0","0","0","0","0","0","0","0","0","0","0","0","0","0","0","0","0","0","0","0","0","0","0","0","0","0","0","0","0","0","0","0","0","0","0","0","0","0","0","0","0","0","0","0","0","0","0","0","0","0","0","0","0","0","0","0","0","0","0","0","0","0","0","0","0","0","0","0","0","0","0","0","0","0","0","0","0","0","0","0","0","0","0","0","0","0","0","0","0","0","0","0","0","0","0","0","0","0","0","0","0","1","0","0","0","0","0","0","0","0","0","0","0","11","0","0","0","0","2","0","0","0","0","0","0","1","0","0","1","0","0","0","0","0","0","0","0","0","0","0","0","0","0","0","0","0","0","0","0","0","0","0","1","0","0","0","0","1","0","0","0","0","0","0","1","0","0","0","1","0","0","0","2","2"
"38-800 Akiachak","47","4","0","0","5","0","0","1","2","0","0","0","0","0","0","0","0","0","2","0","0","1","2","0","0","0","1","0","0","2","0","0","0","0","0","0","3","0","0","0","0","0","0","0","3","0","0","0","0","0","1","0","0","0","0","0","1","0","4","0","0","0","1","0","0","0","0","0","0","0","0","0","0","0","0","0","0","0","0","2","0","1","0","0","0","1","0","0","0","0","0","0","0","0","0","0","0","0","1","0","2","1","1","0","0","0","0","0","0","0","0","0","0","0","0","0","0","0","0","0","0","0","0","0","0","0","0","0","0","0","0","0","0","0","0","0","0","0","0","0","0","0","0","0","0","0","0","0","0","0","0","0","0","0","1","0","0","0","0","0","0","0","0","0","0","0","0","0","0","0","0","0","0","0","0","0","0","0","0","0","0","0","0","0","0","0","0","0","0","0","0","2","0","0","0","0","0","0","0","0","0","0","0","0","0","0","0","0","0","44","1","0","2","0","0","0","1","0","0","0","0","0","0","0","3","0","1","0","0","1","0","0","4","1","0","0","3","0","0","0","0","0","0","0","0","0","0","0","0","0","0","0","0","0","0","0","0","0","0","0","0","0","0","0","1","0","0","1","3","3"
"38-802 Akiak","27","0","0","0","1","0","0","0","0","0","0","0","0","0","1","1","0","0","0","0","0","0","0","0","0","0","0","0","0","0","0","0","0","0","0","0","2","0","0","0","0","0","0","0","0","0","1","0","1","0","0","0","0","0","0","0","0","0","7","0","0","0","0","0","0","0","0","0","0","0","0","0","0","0","0","0","0","0","0","1","0","0","0","0","0","0","0","0","0","0","0","0","0","0","0","0","0","0","0","0","0","0","0","0","0","0","0","0","0","0","0","2","0","0","0","0","0","0","0","0","0","0","0","0","0","0","0","0","0","0","0","0","0","0","0","0","0","0","0","0","0","0","0","0","0","0","0","0","0","0","0","0","0","0","0","0","0","0","0","0","0","1","0","0","0","0","0","0","0","0","0","0","0","0","0","0","0","0","0","0","0","0","0","0","0","0","0","0","0","0","0","0","0","0","0","0","0","0","0","0","0","0","0","0","0","0","0","0","0","28","2","0","1","0","0","0","0","0","0","0","0","0","0","0","0","0","0","0","0","0","0","0","0","0","0","1","0","0","0","0","0","0","0","0","0","0","1","0","0","0","1","0","0","0","0","0","0","0","0","0","1","0","0","0","1","0","0","3","6","0"
"38-806 Atmautluak","17","2","0","0","0","0","0","0","1","0","0","0","0","0","0","0","0","0","0","0","0","0","0","0","0","0","0","0","0","0","0","0","0","0","1","0","1","0","0","0","0","0","0","0","0","0","0","0","0","0","0","0","0","0","0","0","0","0","5","0","0","0","0","0","0","0","0","0","0","0","0","0","0","0","0","0","0","0","0","0","0","0","0","0","0","0","0","0","0","0","0","0","0","0","0","0","0","0","0","0","0","0","0","0","0","0","0","0","0","0","0","0","0","0","0","0","0","0","0","0","0","0","0","0","0","0","0","0","0","0","0","0","0","0","0","0","0","0","0","0","0","0","0","0","0","0","0","0","0","0","0","0","0","0","0","0","0","0","0","0","0","0","0","0","0","0","0","0","0","0","0","0","0","0","0","0","0","0","0","0","0","0","0","0","0","0","0","0","0","0","0","0","0","0","0","0","0","0","0","0","0","0","0","0","0","0","0","0","0","5","1","0","0","0","0","0","0","0","0","0","0","0","0","0","0","0","0","0","1","1","0","0","1","0","0","0","1","0","0","0","0","0","0","0","0","0","0","0","0","0","0","0","0","0","0","0","1","0","0","0","0","0","0","0","0","0","0","2","3","2"
"38-808 Bethel No. 1","177","5","3","0","24","1","0","4","4","1","0","1","1","0","0","5","3","0","6","0","0","2","8","0","1","0","0","0","0","4","8","1","6","0","0","0","18","1","0","0","0","0","0","0","4","1","8","0","1","0","0","0","1","0","0","0","1","0","7","2","0","0","2","0","0","0","1","0","0","0","0","0","0","0","0","1","0","0","1","1","0","0","0","0","0","1","1","0","0","0","0","0","1","0","0","0","0","0","0","1","1","0","1","0","0","1","0","0","0","0","0","0","3","0","0","0","0","0","0","0","0","0","0","0","0","0","0","0","0","0","0","1","0","0","0","0","0","0","0","0","0","0","0","0","0","0","0","0","0","0","0","1","0","0","0","0","0","0","0","0","0","1","0","0","0","0","0","0","0","0","0","0","0","0","0","0","0","0","0","0","0","0","0","0","0","0","0","1","0","0","0","1","0","0","0","0","0","0","0","0","0","0","0","0","0","0","0","0","0","141","5","2","16","1","0","0","1","0","4","0","1","0","3","0","17","2","3","0","0","2","1","0","21","0","3","0","11","0","0","0","2","0","0","1","0","0","1","0","0","0","1","0","0","0","0","0","0","0","0","0","3","0","0","0","4","0","0","1","2","2"
"38-810 Bethel No. 2","170","10","3","1","18","0","0","0","4","0","0","1","0","0","2","4","1","0","5","0","0","5","8","0","1","0","1","0","0","0","9","1","1","0","0","1","13","0","1","0","0","0","0","0","6","0","7","0","4","0","0","0","2","0","0","0","1","0","2","0","0","0","1","0","0","0","1","0","1","1","1","0","1","0","0","0","0","0","1","0","0","1","1","1","0","0","0","0","1","0","0","0","0","0","0","1","0","0","1","1","3","0","0","0","0","0","0","0","0","0","0","2","2","0","0","0","0","0","0","0","0","0","1","0","0","0","0","0","1","0","0","0","0","0","0","0","0","0","0","0","0","0","0","0","0","0","0","0","0","0","0","1","0","1","0","0","0","0","0","0","0","1","0","0","0","0","0","0","0","0","0","0","0","0","0","0","0","0","0","0","0","0","0","0","0","0","0","0","0","0","0","0","0","0","0","0","0","0","0","0","0","0","0","0","0","0","0","0","0","157","6","2","13","0","1","1","1","0","1","0","0","0","0","0","16","2","3","0","1","3","0","0","24","1","3","2","8","1","0","0","1","0","0","1","1","0","2","0","1","2","0","0","1","2","0","0","0","0","0","0","1","0","0","0","0","0","0","3","2","4"
"38-812 Chefornak","51","0","0","1","3","1","0","0","1","0","0","0","0","0","0","1","0","0","1","0","0","0","2","0","0","0","0","0","0","0","0","0","0","0","0","0","2","0","0","0","0","0","0","0","1","1","0","0","0","0","0","0","0","0","0","0","1","0","4","0","0","0","0","0","0","1","0","0","0","0","0","0","0","0","0","0","0","1","0","1","0","0","0","0","0","0","0","0","0","0","0","1","0","0","0","0","0","0","0","0","0","0","0","0","0","0","0","0","0","0","0","0","0","0","0","0","0","0","0","0","0","0","0","0","0","0","0","0","0","0","0","1","0","0","0","0","0","0","0","0","0","0","0","0","1","0","0","0","0","0","0","0","0","0","0","0","0","0","0","0","0","1","0","0","0","0","0","0","0","0","0","0","0","0","0","0","0","0","0","0","0","0","0","0","0","0","0","0","0","0","0","0","0","0","0","0","0","0","0","0","0","0","0","0","0","0","0","0","0","14","0","0","0","0","0","0","0","0","0","0","0","0","1","0","0","0","0","0","0","0","0","0","1","0","0","0","0","0","0","0","0","0","0","0","0","0","0","0","0","0","0","0","0","0","0","1","0","0","0","0","0","0","0","0","0","0","0","0","2","0"
"38-818 Eek","32","1","0","0","3","1","0","0","0","0","0","0","1","0","0","0","1","0","0","0","0","0","0","0","1","0","0","0","0","0","0","0","0","0","0","0","1","0","0","0","0","0","0","0","3","0","0","0","0","0","0","0","0","0","0","0","0","0","3","0","0","0","0","0","0","0","0","0","0","0","0","0","1","0","0","0","0","0","0","0","0","0","0","0","0","1","1","0","0","0","0","1","0","0","0","0","0","0","1","0","0","0","0","0","0","0","0","0","0","0","0","0","0","0","0","0","0","0","0","0","0","0","0","0","0","0","0","0","0","0","0","0","0","0","0","0","0","0","0","0","0","0","0","0","0","0","0","0","0","0","0","0","0","0","0","0","0","0","0","0","0","0","0","0","1","0","0","0","0","0","0","0","0","0","0","0","0","0","0","0","0","0","0","0","0","0","0","0","0","0","0","0","0","0","0","0","0","0","0","0","0","0","0","0","0","0","0","0","0","27","2","0","2","0","0","0","0","0","0","0","0","0","0","0","1","0","2","0","0","0","0","0","1","0","0","0","1","0","0","0","0","0","0","0","0","0","1","0","0","0","1","0","0","0","0","0","0","0","0","0","0","0","0","0","0","0","0","1","2","1"
"38-822 Kasigluk","22","1","0","0","12","0","0","0","2","0","0","0","1","0","0","0","1","0","0","1","0","0","1","0","0","0","0","0","0","0","1","0","0","0","0","0","0","0","0","0","0","0","0","0","0","0","0","0","0","1","0","0","0","0","0","0","0","0","4","0","0","0","0","0","0","0","0","0","0","1","0","0","0","0","0","0","0","0","0","0","0","0","0","0","0","0","0","0","0","0","0","0","0","0","0","0","0","0","0","0","0","0","0","0","0","0","0","0","0","0","0","0","0","0","0","0","0","0","0","0","0","0","0","0","1","0","0","0","0","0","0","0","0","0","0","0","0","0","0","0","0","0","0","0","0","0","0","0","0","0","0","0","0","0","0","0","0","0","0","0","0","0","0","0","0","0","0","0","0","0","0","0","0","0","0","0","0","0","0","0","0","0","0","0","0","0","0","0","0","0","0","0","0","0","0","0","0","0","0","0","0","0","0","0","0","0","0","0","0","5","0","0","2","0","0","0","0","0","0","0","0","0","0","0","0","0","0","0","0","0","0","0","1","0","0","0","1","0","0","0","0","0","2","0","0","0","0","0","0","0","0","0","1","1","0","0","0","0","0","0","1","0","0","0","0","0","0","0","1","1"
"38-824 Kipnuk","30","0","0","2","2","0","0","0","1","0","0","0","0","0","0","0","0","0","0","0","0","1","2","0","1","0","0","0","0","1","1","0","0","0","0","0","2","0","1","0","0","0","0","0","1","0","4","0","0","0","0","0","0","0","0","0","0","0","4","0","0","0","0","0","0","0","0","0","0","0","0","0","0","0","0","0","0","0","0","0","0","0","0","0","0","0","0","0","0","0","0","0","0","0","0","0","0","0","0","0","0","0","0","0","0","0","0","0","0","1","0","0","0","0","0","0","0","0","0","0","0","0","0","0","0","0","0","0","0","0","0","0","0","0","0","0","0","0","0","0","0","0","0","0","0","0","0","0","0","0","0","0","0","0","0","0","0","0","0","0","0","0","0","0","0","0","0","0","0","0","0","0","0","0","0","0","0","0","0","0","0","0","0","0","0","0","0","0","0","0","0","0","0","0","0","0","0","0","0","0","0","0","0","0","0","0","0","0","0","25","1","0","4","1","0","1","2","0","1","1","0","1","0","0","3","0","2","0","0","0","1","0","2","0","2","2","2","0","0","0","0","0","0","0","0","0","0","0","0","0","0","0","0","1","0","0","0","0","0","0","0","0","0","0","0","0","0","0","2","5"
"38-826 Kongiganak","13","0","1","0","4","0","1","0","4","0","1","0","0","0","0","1","0","1","3","0","0","0","1","0","1","0","0","0","0","1","0","0","0","0","0","0","3","0","0","0","0","0","0","0","1","0","3","0","1","0","0","0","0","0","0","0","0","0","1","1","0","0","0","0","0","0","0","0","0","0","0","0","0","0","0","0","0","0","0","0","0","0","0","0","1","0","0","0","0","0","0","0","1","0","0","1","0","0","0","0","0","0","0","0","0","1","0","0","0","0","0","0","0","0","0","0","0","0","0","0","0","0","0","0","0","0","0","0","0","0","0","0","0","0","0","0","0","0","0","0","0","0","0","0","0","0","0","0","0","0","0","0","0","0","0","0","0","0","0","0","0","0","0","0","0","0","0","0","0","0","0","0","0","0","0","0","0","0","0","0","0","0","0","0","0","0","0","0","0","1","0","1","1","0","0","0","0","1","0","0","0","0","0","0","0","0","0","0","0","6","2","0","2","0","0","0","0","0","1","0","0","0","0","0","2","0","0","0","0","0","2","0","8","1","1","0","3","0","1","0","0","0","0","0","0","0","3","1","0","1","2","0","1","0","0","0","0","0","0","0","0","0","0","0","1","0","0","3","2","1"
"38-828 Kwethluk","26","1","0","1","19","0","0","0","9","0","0","0","3","0","0","1","0","0","4","1","0","1","6","0","1","0","0","0","0","1","1","0","1","0","0","0","4","0","0","0","0","0","0","0","2","0","2","0","0","0","0","0","0","0","0","0","0","0","5","0","0","0","1","0","0","0","1","0","0","0","0","0","0","0","0","0","0","0","0","1","0","0","0","0","0","2","0","0","0","0","0","0","0","0","0","0","0","0","2","0","0","0","0","0","0","0","0","0","0","0","0","0","0","0","0","0","0","0","0","0","0","0","0","0","0","0","0","0","0","0","0","0","0","0","0","0","0","0","0","0","0","0","0","0","0","0","0","0","0","0","0","0","0","0","0","0","0","0","0","0","0","0","0","0","0","0","0","0","0","0","0","0","0","0","0","0","0","0","0","0","0","0","0","0","0","0","0","0","0","0","0","1","0","0","0","0","0","0","0","0","0","0","0","0","0","0","0","0","0","13","1","0","4","0","1","0","0","0","0","0","0","0","0","0","3","0","1","0","1","1","1","0","4","0","0","0","2","0","0","0","0","0","1","1","0","0","0","0","0","0","0","0","0","0","0","0","0","0","0","0","0","0","0","0","1","0","0","0","1","0"
"38-830 Kwigillingok","14","1","0","0","1","1","0","0","1","0","0","0","1","0","0","0","0","0","1","0","0","0","0","0","0","1","0","0","0","0","0","0","0","0","0","0","2","0","0","0","0","0","0","0","1","0","1","0","0","0","0","0","0","0","0","0","0","0","1","0","0","0","0","0","0","0","0","0","0","0","0","0","0","0","0","0","0","0","0","0","0","0","0","0","0","0","0","0","0","0","0","0","0","0","0","0","0","0","0","0","0","0","0","0","0","0","0","0","0","0","0","0","0","0","0","0","0","0","0","0","0","0","0","0","0","0","0","0","0","0","0","0","0","0","0","0","0","0","0","0","0","0","0","0","0","0","0","0","0","0","0","0","0","0","0","0","0","0","0","0","0","0","0","0","0","0","0","0","0","0","0","0","0","0","0","0","0","0","0","0","0","0","0","0","0","0","0","0","0","0","0","0","0","0","0","0","0","0","0","0","0","0","0","0","0","0","0","0","0","19","0","0","1","0","0","0","0","0","0","0","0","0","0","0","3","0","3","0","1","1","0","0","11","0","1","1","5","0","0","0","0","0","0","0","0","0","0","0","0","0","1","0","1","0","0","0","0","0","0","0","1","0","0","0","0","0","0","0","1","5"
"38-836 Mekoryuk","16","0","0","0","2","0","1","0","0","0","1","0","0","0","0","2","0","0","1","0","0","0","1","0","0","0","0","0","0","0","1","0","1","0","0","0","2","0","0","0","0","0","0","0","0","1","0","0","0","0","0","0","0","0","0","0","0","0","1","0","0","0","0","0","0","0","0","0","0","0","0","0","0","0","0","0","0","0","0","0","0","0","0","0","0","0","0","0","0","0","0","0","0","0","0","0","0","0","1","0","1","0","0","0","0","0","0","0","0","0","0","0","0","0","0","0","0","0","0","0","0","0","0","0","0","0","0","0","0","0","0","0","0","0","0","0","0","0","0","0","0","0","0","1","0","0","0","0","0","0","0","0","0","0","1","0","0","0","0","0","0","0","0","0","0","0","0","0","0","0","0","0","0","0","0","0","0","0","0","0","0","0","0","0","0","0","0","0","0","0","0","0","0","0","0","0","0","0","0","0","0","0","0","0","0","0","0","0","0","21","1","0","0","0","0","0","1","0","0","0","0","0","0","0","1","0","1","0","0","0","0","0","3","0","0","0","2","0","0","0","0","0","0","0","0","0","0","0","0","0","0","0","0","0","0","0","0","0","0","0","0","0","0","0","0","0","0","1","0","4"
"38-838 Napakiak","17","4","0","0","6","1","0","0","1","0","0","1","0","0","0","0","0","0","0","0","0","0","0","0","0","0","0","0","0","0","0","1","0","0","0","0","0","0","0","0","0","0","0","0","3","0","2","0","0","0","0","0","0","0","0","0","0","0","3","0","0","0","0","0","0","0","0","0","0","0","1","0","0","0","0","1","0","0","0","0","0","0","0","0","0","0","0","0","0","0","0","0","0","0","0","0","0","0","0","0","0","0","0","0","1","0","0","0","0","0","0","0","0","0","0","0","0","0","0","0","0","0","0","0","0","0","0","0","0","0","0","0","0","0","0","0","0","0","0","0","0","0","0","0","0","0","0","0","0","0","0","0","0","0","0","0","0","0","0","0","0","1","0","0","0","0","0","0","0","0","0","0","0","0","0","0","0","0","0","0","0","0","0","1","0","0","0","0","0","0","0","0","0","0","0","0","0","0","0","0","0","0","0","0","0","0","0","0","0","11","0","0","2","0","0","0","2","0","0","0","0","0","0","0","3","0","0","0","1","0","0","0","2","0","0","0","1","0","0","0","0","0","0","0","0","0","0","0","0","0","1","0","0","0","0","0","0","0","0","0","0","0","0","0","0","0","0","2","1","1"
"38-840 Napaskiak","15","0","1","0","9","1","0","1","4","0","0","0","3","0","0","0","0","0","0","0","0","0","2","0","0","0","0","0","0","0","1","0","0","0","1","0","0","0","0","0","0","1","0","0","1","0","4","0","1","0","0","0","0","0","0","0","0","0","0","1","0","0","0","0","0","0","0","0","0","0","0","0","0","0","0","0","0","0","1","1","0","1","0","1","0","0","0","0","0","0","0","0","0","0","0","0","0","0","0","0","1","0","0","0","0","0","0","0","0","1","0","0","0","0","0","0","0","0","0","0","0","0","0","0","0","0","0","1","0","0","0","1","0","0","0","0","0","0","0","0","0","0","0","0","0","0","0","0","0","0","0","0","0","0","0","0","0","0","0","0","0","0","0","0","0","0","0","0","0","0","0","0","0","0","0","0","0","0","0","0","0","0","0","0","0","0","0","1","0","0","0","0","0","0","0","0","0","0","0","0","0","0","0","0","0","0","0","0","0","1","0","0","3","0","0","0","0","0","0","0","0","0","0","0","0","1","1","0","0","0","1","0","4","0","0","0","0","0","0","0","0","0","0","0","0","0","0","0","0","0","0","0","0","0","0","0","0","0","0","0","0","0","0","0","1","0","0","0","0","1"
"38-842 Newtok","4","0","0","1","3","0","1","0","3","0","0","0","0","0","0","0","0","0","1","1","0","0","1","0","0","0","0","0","0","0","1","0","1","0","0","0","4","0","0","0","0","0","0","0","0","1","0","0","0","0","0","0","0","0","0","0","0","0","1","1","0","0","1","0","0","0","1","0","0","0","0","0","0","0","0","1","0","1","0","0","0","0","0","0","0","0","0","0","0","0","0","0","0","0","0","0","0","0","0","0","0","1","0","0","0","0","0","0","0","0","0","1","0","0","0","0","0","0","0","2","0","0","0","0","0","0","0","0","0","0","0","0","0","0","0","0","0","0","0","0","0","0","0","0","0","0","0","0","0","0","0","0","0","0","0","0","1","0","0","0","0","0","0","0","0","0","0","0","0","0","0","0","0","0","0","0","0","0","0","0","0","0","0","0","0","0","0","0","0","0","0","1","0","0","0","0","0","0","0","0","0","0","0","0","0","0","0","0","0","2","0","0","1","0","1","0","1","0","0","0","0","0","0","0","1","0","2","0","1","0","1","0","1","0","0","0","0","0","0","0","0","0","0","0","0","0","2","0","0","0","0","0","2","0","0","0","0","0","0","0","0","0","0","0","3","0","0","0","0","4"
"38-844 Nightmute","10","0","0","0","0","0","0","0","0","0","0","0","0","0","0","0","0","0","0","0","0","0","0","0","0","0","0","0","0","0","0","0","0","0","0","0","1","0","0","0","0","0","0","0","0","0","0","0","0","0","0","0","0","0","0","0","0","0","1","0","0","0","0","0","0","0","0","0","0","0","0","0","0","0","0","0","0","0","0","0","0","0","0","0","0","0","0","0","0","0","0","0","0","0","0","0","0","0","0","0","0","0","0","0","0","0","0","0","0","0","0","0","0","0","0","0","0","0","0","0","0","0","0","0","0","0","0","0","0","0","0","0","0","0","0","0","0","0","0","0","0","0","0","0","0","0","0","0","0","0","0","0","0","0","0","0","0","0","0","0","0","0","0","0","0","0","0","0","1","0","0","0","0","0","0","0","0","0","0","0","0","0","0","0","0","0","0","0","0","0","0","0","0","0","0","0","0","0","0","0","0","0","0","0","0","0","0","0","0","7","0","0","0","0","0","0","0","0","0","0","0","0","0","0","0","0","0","0","0","0","0","0","2","0","0","0","1","0","0","0","0","0","0","0","0","0","1","0","0","0","0","0","1","0","0","0","0","0","0","0","0","0","0","0","1","0","0","2","4","2"
"38-846 Nunapitchuk","24","2","0","0","0","0","0","0","2","0","0","0","2","0","0","1","0","0","1","0","0","1","0","0","1","0","1","0","0","0","1","0","1","0","0","0","2","0","0","0","0","0","0","0","1","0","0","0","0","0","0","0","0","0","0","0","0","0","4","2","0","0","0","0","0","0","0","0","0","0","0","1","0","1","0","0","2","0","0","0","0","0","0","1","0","0","0","0","0","0","0","1","0","0","0","0","0","0","1","0","0","0","0","0","0","0","0","0","0","0","0","0","0","0","0","0","0","0","0","1","0","0","0","0","0","0","0","0","0","0","0","0","0","0","0","0","0","0","0","0","0","0","0","0","0","0","0","0","0","0","0","0","0","1","0","0","0","0","0","0","0","1","0","0","0","0","0","0","0","0","0","0","0","0","0","0","0","0","0","0","0","0","0","0","0","0","0","0","0","0","0","0","0","0","0","0","0","1","0","0","0","0","0","0","0","0","0","0","0","23","4","0","1","0","0","0","2","0","0","0","0","0","0","0","3","0","0","0","0","0","0","0","1","0","0","0","1","0","0","0","0","0","1","0","0","0","1","0","0","0","1","0","0","0","0","0","0","0","0","0","0","0","0","0","1","0","0","0","2","0"
"38-848 Quinhagak","42","2","0","0","3","0","0","0","4","0","0","0","2","0","0","1","1","0","0","0","0","0","1","0","0","0","0","0","2","0","0","0","1","0","0","0","0","0","0","0","0","0","0","0","0","1","1","0","0","0","0","0","0","0","0","0","1","0","5","0","0","0","0","0","0","0","0","0","0","0","0","0","1","0","0","0","0","0","0","0","0","0","0","0","0","1","0","0","0","0","0","0","0","0","0","0","0","0","1","0","0","0","0","0","0","0","0","1","0","1","0","0","0","0","0","0","0","0","0","0","0","0","0","0","0","0","0","0","0","0","0","0","0","0","0","0","0","0","0","0","1","0","0","0","0","0","0","0","0","0","0","0","0","0","0","0","0","0","0","0","0","1","0","0","0","0","0","0","0","0","0","0","0","0","0","0","1","0","0","0","0","0","0","0","0","0","0","0","0","0","0","0","0","0","0","0","0","0","0","0","0","0","0","0","0","0","0","0","0","21","1","0","2","0","0","0","1","0","1","0","0","0","0","0","4","0","1","0","0","0","1","1","7","0","0","1","4","0","0","0","0","0","0","0","0","0","1","0","0","0","0","0","3","0","0","0","0","0","0","0","0","0","0","0","0","0","0","1","4","5"
"38-852 Toksook Bay","35","1","1","0","6","2","1","0","3","0","1","0","1","0","0","1","0","0","5","1","0","0","2","1","0","0","0","0","0","2","1","0","3","0","1","0","5","0","1","0","0","0","0","0","1","1","2","0","0","0","1","0","1","0","0","1","0","0","3","0","0","0","3","0","0","2","4","0","0","0","0","0","0","0","0","0","0","0","0","1","0","1","0","0","0","0","0","0","0","0","0","0","0","0","0","0","0","0","0","0","0","0","0","0","0","1","0","0","0","1","0","0","0","0","0","1","0","0","0","0","0","0","0","0","0","0","0","0","0","0","0","1","0","0","0","0","0","0","0","0","0","0","1","0","1","0","0","0","0","0","0","0","0","0","0","0","0","0","0","0","0","0","0","0","0","0","0","0","0","0","0","0","0","0","0","0","0","0","0","0","0","0","0","0","0","0","0","0","0","0","0","0","0","0","0","0","0","0","0","0","0","0","0","0","0","0","0","0","0","27","2","0","7","1","2","0","0","1","2","0","0","1","0","0","1","0","1","0","0","0","1","0","10","1","0","0","6","0","0","0","0","0","0","0","0","0","1","0","0","0","0","0","2","0","0","0","0","0","0","1","2","0","0","0","2","0","0","3","0","5"
"38-854 Tuluksak","0","0","0","0","1","0","0","0","0","0","0","0","0","0","0","0","0","0","0","0","0","0","1","0","0","0","0","0","0","0","0","0","0","0","0","0","0","0","0","0","0","0","0","0","0","0","0","0","0","0","0","0","0","0","0","0","0","0","0","0","0","0","0","0","0","0","0","0","0","0","0","0","0","0","0","0","0","0","0","0","0","0","0","0","0","0","0","0","0","0","0","0","0","0","0","0","0","0","0","0","0","0","0","0","0","0","0","0","0","0","0","0","0","0","0","0","0","0","0","0","0","0","0","0","0","0","0","0","0","0","0","0","0","0","0","0","0","0","0","0","0","0","0","0","0","0","0","0","0","0","0","0","0","0","0","0","0","0","0","0","0","0","0","0","0","0","0","0","0","0","0","0","0","0","0","0","0","0","0","0","0","0","0","0","0","0","0","0","0","0","0","0","0","0","0","0","0","0","0","0","0","0","0","0","0","0","0","0","0","0","1","0","0","0","0","0","0","0","0","0","0","0","0","0","0","0","0","0","0","0","0","0","0","0","0","0","0","0","0","0","0","0","0","0","0","0","0","0","0","0","0","0","0","0","0","0","0","0","0","0","0","0","0","0","0","0","0","0","0","0"
"38-856 Tuntutuliak","28","2","0","0","6","2","0","1","3","0","1","0","0","0","0","2","0","0","3","0","0","0","1","0","1","0","0","0","0","1","0","0","0","0","0","0","0","0","0","0","0","0","0","0","4","1","6","0","0","0","0","0","0","0","0","0","0","0","3","0","1","0","0","0","0","0","0","0","0","0","0","0","0","1","0","0","0","0","0","0","0","0","0","0","0","0","0","0","0","0","0","0","0","0","0","0","0","0","0","0","0","0","0","0","0","0","0","0","0","0","0","0","0","0","0","0","0","0","0","0","0","0","0","0","0","0","0","0","0","0","0","1","0","0","0","0","0","1","0","0","0","0","0","0","0","0","0","0","0","0","0","0","0","0","0","0","0","0","0","0","0","1","0","0","0","0","0","0","0","0","0","0","0","0","0","0","0","0","0","0","0","0","0","0","0","0","0","0","0","0","0","1","0","0","0","0","0","0","0","0","0","0","0","0","0","0","0","0","0","15","1","0","3","0","2","0","2","0","2","0","0","1","0","0","2","0","2","0","0","0","2","0","7","0","0","0","1","0","0","0","2","0","0","0","0","0","0","0","0","0","1","0","0","0","0","0","0","0","0","1","0","0","0","0","0","0","0","0","2","0"
"38-858 Tununak","17","2","1","0","10","1","0","0","2","0","1","0","0","0","0","0","0","0","2","0","0","1","4","0","0","0","0","0","0","1","1","0","0","0","0","0","2","0","0","0","0","0","0","0","0","0","0","0","1","0","0","0","0","1","0","0","0","0","3","0","0","0","2","1","0","0","1","0","0","0","1","0","1","0","0","0","0","0","0","0","0","0","0","0","1","0","0","0","0","0","0","1","0","0","0","0","0","0","0","0","0","0","0","0","0","0","0","0","0","0","0","0","0","0","0","0","0","0","0","0","0","0","0","0","0","0","0","0","0","0","0","0","0","0","0","0","0","0","0","0","0","0","0","0","0","0","0","0","0","0","0","0","0","0","0","0","0","0","0","0","0","0","0","0","0","0","0","0","0","0","0","0","0","0","0","0","0","0","0","0","0","0","0","0","0","0","0","0","0","0","0","1","0","0","0","0","0","0","0","0","0","0","0","0","0","0","0","0","0","7","1","0","1","0","0","0","0","0","0","0","0","0","1","0","0","0","1","0","0","0","0","0","2","0","0","0","2","0","0","0","0","0","0","0","0","0","0","0","0","0","0","0","0","0","0","0","0","0","0","0","0","0","0","0","2","0","0","0","1","4"
"39-900 Alakanuk","14","1","0","0","5","0","1","0","3","0","0","0","0","0","1","0","0","0","0","0","0","0","4","1","0","0","0","0","0","1","0","0","0","0","0","0","5","0","0","0","0","0","0","0","1","0","2","0","0","0","0","0","0","0","0","0","0","0","8","0","0","0","0","0","0","0","1","0","0","0","0","0","0","0","0","0","0","0","0","0","0","0","0","0","0","1","0","0","0","0","0","0","0","0","0","0","0","0","0","0","2","0","0","0","0","1","0","0","0","1","0","0","0","0","0","0","0","0","0","0","0","0","0","0","0","0","0","0","0","0","0","0","0","0","0","0","0","0","0","0","0","0","0","0","0","0","0","0","0","0","0","0","0","0","0","0","0","0","0","0","0","1","0","0","0","0","0","0","0","0","0","0","0","0","0","0","0","0","0","0","0","0","0","0","0","0","0","0","0","0","0","0","0","0","0","0","0","0","0","0","0","0","0","0","0","0","0","0","0","9","0","0","6","0","1","0","0","0","0","1","0","0","1","0","0","0","1","0","0","0","0","0","3","0","0","0","4","0","0","0","0","0","0","0","0","0","0","1","0","0","0","0","0","0","0","0","0","0","0","0","1","0","0","0","2","0","0","0","1","2"
"39-902 Brevig Mission","29","3","0","0","4","2","0","0","5","0","0","1","1","0","0","0","0","0","0","0","1","0","1","0","0","0","0","0","0","0","0","0","0","0","0","0","1","0","0","0","0","0","0","0","1","0","1","0","0","0","0","0","0","0","0","0","0","0","3","0","0","0","0","0","0","0","0","0","0","0","0","0","0","0","0","0","0","1","1","0","0","0","0","0","0","0","0","1","0","0","0","0","0","0","0","0","0","0","0","0","0","0","0","0","0","0","0","0","0","0","0","0","0","0","0","0","0","0","0","0","0","0","0","0","0","0","0","0","0","0","0","0","0","0","0","0","0","1","0","0","0","0","0","0","0","0","0","0","0","0","0","0","0","0","0","0","0","0","0","0","0","0","0","0","0","0","0","0","0","0","0","0","0","0","0","0","0","0","0","0","0","0","0","0","0","0","0","0","0","0","0","0","0","0","0","0","0","0","0","0","0","0","0","0","0","0","0","0","0","19","2","0","4","0","0","0","1","0","0","0","0","0","0","0","1","1","0","0","0","1","1","0","6","0","0","0","1","0","0","0","0","0","0","0","0","0","0","0","0","0","1","0","0","0","0","0","0","0","0","0","0","0","0","0","0","0","0","1","3","3"
"39-906 Diomede","3","0","0","0","0","0","0","0","0","0","0","0","0","0","0","0","0","0","0","0","0","0","0","0","0","0","0","0","0","0","0","0","0","0","0","0","1","0","0","0","0","0","0","0","1","0","1","0","0","0","0","0","0","0","0","0","0","0","1","0","0","0","0","0","0","0","0","0","0","0","0","0","0","0","0","0","0","0","0","0","0","0","0","0","0","0","0","0","0","0","0","0","0","0","0","0","0","0","0","0","0","0","0","0","0","0","0","0","0","0","0","0","0","0","0","0","0","0","0","0","0","0","0","0","0","0","0","0","0","0","0","0","0","0","0","0","0","0","0","0","0","0","0","0","0","0","0","0","0","0","0","0","0","0","0","0","0","0","0","0","0","0","0","0","0","0","0","0","0","0","0","0","0","0","0","0","0","0","0","0","0","0","0","0","0","0","0","0","0","0","0","0","0","0","0","0","0","0","0","0","0","0","0","0","0","0","0","0","0","0","0","0","0","0","0","0","0","0","0","0","0","0","0","0","0","0","2","0","0","0","0","0","0","0","0","0","0","0","0","0","0","0","0","0","0","0","0","0","0","0","0","0","0","0","0","0","0","0","0","1","0","0","0","0","0","0","0","0","0","0"
"39-908 Elim","16","1","0","0","7","0","0","1","3","0","0","0","0","0","0","0","0","0","0","0","0","0","0","0","0","0","0","0","0","0","0","0","0","0","0","0","0","0","0","0","0","0","0","0","2","1","1","0","0","1","0","0","0","0","0","0","0","0","1","0","0","0","0","0","0","0","0","0","0","0","0","0","0","0","0","0","0","0","0","1","0","0","0","0","0","0","0","0","1","0","0","1","0","0","0","0","0","0","0","1","1","0","0","0","0","0","0","0","1","0","0","0","0","0","0","0","0","0","0","0","0","0","0","0","0","0","0","0","0","0","0","0","0","0","0","0","0","0","0","0","0","0","0","0","0","0","0","0","0","0","0","0","0","0","0","0","0","0","0","0","0","0","0","0","1","0","0","0","0","0","0","0","0","0","0","0","0","0","0","0","0","0","0","0","0","0","0","0","0","0","0","0","0","0","0","0","0","0","0","0","0","0","0","0","0","0","0","0","0","24","1","0","3","0","0","0","0","0","1","0","0","1","0","0","1","0","3","0","1","1","1","0","10","0","2","0","4","0","0","0","0","0","1","0","0","0","0","0","0","0","0","0","0","1","0","0","0","0","0","0","3","0","0","1","2","0","0","0","1","0"
"39-910 Emmonak","51","4","0","0","11","0","0","0","1","0","0","0","1","0","0","0","0","0","1","1","0","0","1","0","0","0","0","0","0","0","0","0","0","0","0","0","4","0","0","0","0","0","0","0","0","1","1","0","0","0","1","0","0","0","0","1","0","0","8","0","1","0","0","0","0","0","0","0","0","0","0","0","0","0","0","0","0","0","0","0","0","0","0","0","0","0","0","0","0","0","0","0","0","0","0","0","0","0","0","0","0","0","0","0","0","0","0","0","0","0","0","1","0","0","0","0","0","0","0","0","0","0","0","0","0","0","0","0","0","0","0","0","0","0","0","0","0","0","0","0","0","0","0","0","0","0","0","0","0","0","0","0","0","0","0","0","0","0","0","0","0","1","0","0","0","0","0","0","0","0","0","0","0","0","0","0","0","0","0","0","0","0","0","0","0","0","0","0","0","0","0","0","0","0","0","0","0","0","0","0","0","0","0","0","0","0","0","0","0","28","2","0","7","0","0","0","0","0","0","0","0","0","0","0","1","0","1","0","0","0","0","0","3","2","1","0","2","0","0","0","0","0","0","0","0","0","0","0","0","0","0","0","0","0","0","0","0","0","0","0","0","0","0","0","2","0","0","3","1","5"
"39-912 Gambell","33","2","0","1","5","1","0","0","2","0","0","0","0","0","0","1","0","0","2","0","0","1","2","0","0","0","0","0","0","0","1","1","2","0","0","0","2","0","0","0","0","0","0","0","3","0","0","0","0","0","0","0","1","1","0","0","0","0","7","0","0","0","0","0","0","0","0","0","0","0","0","0","0","0","0","1","0","0","0","1","0","0","0","0","0","0","0","0","0","0","0","0","1","0","0","0","0","0","0","0","0","1","0","0","0","0","0","0","0","0","0","0","0","0","0","0","0","0","0","0","0","0","0","0","0","0","0","0","0","0","0","0","0","0","0","0","0","1","0","0","0","0","0","0","0","0","0","0","0","0","0","0","0","0","0","0","0","0","0","0","0","0","0","0","0","0","0","0","0","0","0","0","0","0","0","0","0","0","0","0","0","0","0","0","0","0","0","0","1","0","0","0","0","0","0","0","0","0","0","0","0","0","0","0","0","0","0","0","0","38","2","0","4","0","0","0","1","0","0","0","0","0","1","1","5","0","0","0","1","0","2","0","4","0","0","0","1","0","0","0","0","0","0","0","0","0","0","0","0","0","1","0","1","0","0","0","0","0","0","0","2","0","0","0","1","0","0","2","1","4"
"39-914 Golovin","15","0","0","0","2","0","0","1","1","0","0","0","1","0","0","0","0","0","1","0","0","1","1","0","0","0","0","0","0","0","0","0","1","0","0","1","2","0","0","0","0","0","0","0","1","0","1","0","0","0","0","0","0","0","0","0","0","0","0","0","0","0","0","0","0","0","0","0","0","0","0","0","0","0","0","0","0","0","0","0","0","0","0","0","0","0","0","0","0","0","0","0","0","0","0","0","0","0","0","0","0","0","0","0","0","0","0","0","0","0","0","0","0","0","0","0","0","0","0","0","0","0","0","0","0","0","0","0","0","0","0","0","0","0","0","0","0","0","0","0","0","0","0","0","0","0","0","0","0","0","0","0","0","0","0","0","0","0","0","0","0","0","0","0","0","0","0","0","0","0","0","0","0","0","0","0","0","0","0","0","0","0","0","0","0","0","0","0","0","0","0","0","0","0","0","0","0","0","0","0","0","0","0","0","0","0","0","0","0","8","3","1","1","0","1","0","0","0","0","0","0","0","0","0","1","0","0","0","0","0","0","0","1","0","0","1","1","0","1","0","0","0","0","0","0","0","0","0","0","0","0","0","0","0","0","0","0","0","0","0","0","0","0","0","1","0","0","0","0","0"
"39-916 Hooper Bay","52","2","1","0","6","0","0","1","3","0","0","0","1","0","0","0","0","0","4","0","0","0","1","0","0","0","0","0","0","1","0","0","0","0","0","0","6","0","0","0","0","0","0","0","1","1","2","0","0","0","1","0","0","0","0","0","0","0","7","1","0","0","0","0","0","0","0","0","0","0","0","0","0","0","0","0","0","0","0","0","0","0","0","0","0","1","0","0","0","0","0","0","0","0","0","0","0","0","0","0","0","0","0","0","0","0","0","0","0","0","0","0","0","0","0","0","0","0","0","0","0","0","0","0","0","0","0","0","0","0","0","0","0","0","0","0","0","0","0","0","0","0","0","0","0","0","0","0","0","0","0","0","0","0","0","0","0","0","0","0","0","0","0","0","0","0","0","0","0","0","0","0","0","0","0","0","0","0","0","0","0","0","0","0","0","0","0","0","0","0","0","0","0","0","0","0","0","0","0","0","0","0","0","0","0","0","0","0","0","44","1","0","4","0","2","0","2","0","0","0","0","1","0","0","2","0","0","0","0","0","0","0","2","0","0","0","1","0","0","0","0","0","0","0","0","0","1","1","0","0","1","0","2","0","0","0","0","0","0","1","0","0","0","0","1","0","0","2","1","6"
"39-918 Kotlik","47","1","0","0","1","0","0","0","2","1","0","1","0","0","0","0","0","0","1","0","0","0","1","0","0","0","0","0","0","0","0","0","0","0","0","0","0","0","0","0","0","0","0","0","0","0","4","0","0","0","0","0","0","0","0","0","0","0","3","0","0","0","0","0","0","0","0","0","0","0","1","0","0","0","0","0","0","0","0","0","0","0","0","0","0","0","0","0","0","0","0","1","0","0","0","0","0","0","0","0","1","0","0","0","0","0","0","0","0","0","0","0","0","0","0","0","0","0","0","0","0","0","0","0","0","0","0","0","0","0","0","0","0","0","0","0","0","0","0","0","0","0","0","0","0","0","0","0","0","0","0","0","0","0","0","0","0","0","0","0","0","0","0","0","0","0","0","0","0","0","0","0","0","0","0","0","0","0","0","0","0","0","0","0","0","0","0","0","0","0","0","1","0","0","0","0","0","0","0","0","0","0","0","0","0","0","0","0","0","30","0","0","2","0","0","0","0","0","0","0","0","0","0","0","2","0","0","0","0","1","0","0","2","0","0","0","0","0","0","0","0","0","0","0","0","0","0","0","0","0","0","0","0","0","0","0","0","0","0","0","2","0","0","0","0","0","0","0","4","0"
"39-920 Koyuk","21","1","1","0","4","0","0","0","2","0","0","0","0","0","0","0","0","0","1","0","0","0","0","0","1","0","0","0","0","0","0","0","0","0","0","0","1","0","0","0","0","0","0","0","1","0","2","0","0","0","0","0","0","0","0","0","0","0","2","0","0","0","0","0","0","0","0","0","0","0","0","0","0","0","0","0","0","1","0","0","0","0","0","0","0","0","0","0","0","0","0","0","0","0","0","0","0","0","0","0","0","0","0","0","0","0","0","0","0","0","0","0","0","0","0","0","0","0","0","0","0","0","0","0","0","0","0","0","0","0","0","0","0","0","0","0","0","0","0","0","0","0","0","0","0","0","0","0","0","0","0","0","0","0","0","0","0","0","0","0","0","0","2","0","0","0","0","0","0","0","0","0","0","0","0","0","0","0","0","0","0","0","0","0","0","0","0","0","0","0","0","0","0","0","0","0","0","0","0","0","0","0","0","0","0","0","0","0","0","35","2","0","3","0","1","0","0","0","0","0","0","0","0","0","0","0","0","0","0","0","0","0","4","0","0","0","6","0","1","0","0","0","0","0","0","0","0","0","0","0","1","0","1","0","0","0","0","0","0","0","0","0","0","0","2","0","0","1","0","3"
"39-921 Marshall","20","1","0","0","4","0","0","0","0","0","0","0","0","0","0","0","0","0","0","0","0","0","2","0","0","0","0","0","0","0","0","0","0","0","0","0","2","0","0","0","0","0","0","0","1","1","0","0","0","0","0","0","0","0","0","0","0","0","2","0","1","0","1","0","0","0","1","0","0","0","0","0","0","0","0","0","0","0","0","0","0","0","0","0","0","0","0","0","0","0","0","0","0","0","0","0","0","0","0","0","0","0","0","0","0","0","0","0","0","0","0","0","0","0","0","0","0","0","0","0","0","0","0","0","0","0","0","0","0","0","0","1","0","0","0","0","0","0","0","0","0","0","0","0","0","0","0","0","0","0","0","0","0","0","0","0","0","0","0","0","0","0","0","0","0","0","0","0","0","0","0","0","0","0","0","0","0","0","0","0","0","0","0","0","0","0","0","0","0","0","0","0","0","0","0","0","0","1","0","0","0","0","0","0","0","0","0","0","0","23","0","1","2","0","1","0","1","0","1","0","0","0","0","0","2","0","0","0","1","0","1","0","4","1","0","0","5","0","0","0","0","0","0","0","0","0","1","0","0","0","0","0","0","0","0","0","0","0","0","0","1","0","0","0","0","0","0","1","1","1"
"39-922 Mountain Village","24","3","2","0","10","0","0","0","7","0","0","0","2","0","0","1","0","0","1","0","0","0","5","0","0","0","0","0","0","0","0","0","0","0","0","0","3","0","0","0","0","0","0","0","3","1","3","0","1","0","0","0","0","0","0","0","0","0","3","0","0","0","1","0","0","0","0","0","0","0","1","0","0","0","0","1","0","0","0","1","0","0","0","0","0","0","0","0","0","0","0","0","0","0","0","0","0","0","0","0","0","0","0","0","0","0","0","0","0","0","0","0","0","0","0","0","0","0","0","0","0","0","0","0","0","0","0","0","0","0","0","1","0","0","0","0","0","0","0","0","0","0","0","0","0","0","0","0","0","0","0","0","0","0","0","0","0","0","0","0","0","0","0","0","0","0","0","0","0","0","0","0","0","0","0","0","1","0","0","0","0","0","0","0","0","0","0","0","0","0","0","1","0","0","0","0","0","0","0","0","0","0","0","0","0","0","0","0","0","15","1","0","3","0","2","0","2","0","0","0","0","0","0","0","6","1","1","0","0","1","0","0","8","0","0","0","3","0","1","0","1","0","0","0","0","0","0","0","0","0","1","0","1","1","0","0","1","0","0","0","1","0","0","0","2","0","0","1","1","2"
"39-924 Nome No. 1","92","4","1","0","7","0","1","1","3","0","0","0","0","0","0","5","0","0","2","0","0","2","4","0","0","0","0","0","0","0","8","1","2","0","0","1","6","0","0","0","0","0","0","0","8","1","4","0","0","0","0","0","1","0","0","0","1","0","3","2","0","0","2","0","0","0","1","0","0","0","0","0","0","0","0","0","0","0","0","0","0","0","0","0","0","0","0","0","0","0","1","0","0","0","0","0","0","0","2","0","0","0","0","0","0","1","0","0","0","0","0","1","0","0","0","0","0","0","0","0","0","0","0","0","0","0","0","0","0","0","0","0","0","0","0","0","0","0","0","0","0","0","0","0","0","0","0","0","0","0","0","0","0","0","0","0","0","0","0","0","0","2","0","0","0","0","0","0","0","0","0","0","0","0","0","0","0","0","0","0","0","0","0","0","0","1","0","0","0","0","0","0","0","0","0","0","0","0","0","0","0","0","0","0","0","0","0","0","0","91","2","0","1","0","1","0","0","0","1","1","0","0","0","0","12","1","0","0","0","1","0","0","5","0","0","1","3","0","1","0","1","0","0","0","0","0","3","0","0","0","0","0","0","0","0","0","0","0","0","0","1","0","0","0","1","0","0","2","1","2"
"39-926 Nome No. 2","151","13","3","0","26","1","0","1","11","0","0","1","5","0","0","2","2","0","6","1","0","0","6","0","1","0","0","0","0","0","13","3","3","0","0","4","17","0","0","1","0","0","0","0","7","1","9","0","1","0","0","0","0","0","0","0","1","0","5","1","0","0","5","0","0","0","1","0","0","0","1","0","0","1","0","0","0","0","0","2","0","1","0","0","0","0","0","0","1","0","1","0","0","1","0","0","0","0","2","0","1","0","0","0","0","1","0","0","1","1","0","3","1","0","0","0","0","0","0","0","0","0","0","0","0","0","0","0","0","0","0","1","0","0","0","1","0","0","0","0","0","0","0","0","1","0","0","0","0","0","0","0","0","0","0","0","0","0","0","0","1","3","2","0","0","0","0","0","0","0","0","0","0","0","0","0","0","0","0","1","0","0","0","0","0","0","0","0","0","1","0","1","0","0","0","0","0","0","0","0","0","0","0","1","0","0","0","0","0","133","6","0","8","0","1","0","0","0","1","0","0","0","0","0","31","1","4","0","0","3","4","0","25","0","0","2","6","0","2","0","0","0","0","1","2","0","2","0","0","1","5","0","0","1","0","0","0","0","0","1","1","0","0","0","2","0","0","0","1","3"
"39-928 Nunam Iqua","11","0","0","0","5","1","0","0","1","0","0","0","0","0","0","0","0","0","0","0","0","0","0","0","0","0","0","0","0","0","0","0","0","0","0","0","0","0","0","0","0","0","0","0","0","0","0","0","0","0","0","0","1","0","0","0","0","0","1","1","0","0","0","0","0","0","0","0","0","0","0","0","0","0","0","0","0","0","0","0","0","0","0","0","0","0","0","0","0","0","0","0","0","0","0","0","0","0","0","0","0","0","0","0","0","0","0","0","0","0","0","1","0","0","0","0","0","0","0","0","0","0","0","0","0","0","0","0","0","0","0","0","0","0","0","0","0","0","0","0","0","0","0","0","0","0","0","0","0","0","0","0","0","0","0","0","0","0","0","0","0","0","0","0","0","0","0","0","0","0","0","0","0","0","0","0","0","0","0","0","0","0","0","0","0","0","0","1","0","0","0","1","0","0","0","0","0","0","0","0","0","0","0","0","0","0","0","0","0","5","0","0","2","0","0","0","0","0","0","0","0","0","0","0","1","0","0","0","0","1","0","1","1","0","0","0","1","0","0","0","0","0","0","0","0","0","0","0","0","0","0","0","0","0","0","0","0","0","0","0","0","0","0","0","0","0","0","1","0","0"
"39-930 Pilot Station","22","1","0","0","9","1","1","0","2","0","1","1","1","0","0","0","0","0","6","0","0","0","1","0","0","0","0","0","0","0","0","0","0","0","1","0","7","0","1","0","0","0","0","0","0","0","1","0","0","0","0","0","0","0","0","0","0","0","3","0","0","0","2","0","0","0","0","0","0","0","0","0","0","0","0","1","2","0","0","0","0","0","0","0","0","0","0","0","0","0","0","0","1","0","0","0","0","0","0","0","1","0","0","0","0","0","0","0","0","0","0","0","0","0","0","0","0","0","0","0","0","0","0","0","0","0","0","0","0","0","0","1","0","0","0","0","0","0","0","0","0","0","0","0","0","0","0","0","0","0","0","0","0","0","0","0","0","0","0","0","0","0","0","0","1","0","0","0","0","0","0","0","0","0","0","0","0","0","0","1","0","0","0","0","0","0","0","0","0","0","0","0","0","0","0","0","0","0","0","0","0","0","0","0","0","0","0","0","0","6","1","0","3","0","0","0","0","0","1","0","0","0","0","0","0","0","2","0","1","0","0","0","2","1","0","0","2","0","0","0","0","0","0","0","1","0","0","0","0","0","0","0","1","0","0","0","0","0","0","0","0","0","0","0","0","0","0","0","0","4"
"39-931 Russian Mission","18","1","1","0","1","0","0","0","0","0","0","0","0","0","0","0","0","0","1","0","0","0","1","0","0","0","0","0","0","0","0","0","0","0","0","0","0","0","0","0","0","0","0","0","0","0","0","0","0","0","0","0","0","0","0","0","0","0","4","0","0","0","0","0","0","0","0","0","0","0","0","0","0","0","0","0","0","0","0","0","0","0","0","0","0","0","0","0","0","0","0","0","0","0","0","0","0","0","0","0","0","0","0","0","0","0","0","0","0","0","0","0","0","0","0","0","0","0","0","0","0","0","0","0","0","0","0","0","0","0","0","0","0","0","0","1","0","0","0","0","0","0","0","0","0","0","0","0","0","0","0","0","0","0","0","0","0","0","0","0","0","2","0","0","0","0","0","0","0","0","0","0","0","0","0","0","0","0","0","0","0","0","0","0","0","0","0","0","0","0","0","1","0","0","0","0","0","0","0","0","0","0","0","0","0","0","0","0","0","19","0","0","1","0","0","0","0","0","0","0","0","0","0","0","1","0","0","0","0","0","0","0","0","0","0","0","1","0","0","0","0","0","0","0","0","0","0","0","0","0","0","0","0","0","0","0","0","0","0","0","0","0","0","0","1","0","0","2","2","1"
"39-932 Savoonga","48","3","0","0","12","2","0","0","3","0","1","2","0","0","0","4","1","0","4","1","0","1","2","0","0","0","0","0","0","1","0","0","6","0","0","0","0","0","0","0","0","0","0","0","1","1","1","0","0","0","0","0","0","0","0","0","0","0","5","0","1","0","3","0","0","0","0","0","0","0","0","0","0","1","0","2","0","0","0","1","0","1","0","0","0","0","0","0","0","0","0","0","0","0","0","0","0","0","0","0","0","0","0","0","0","0","0","0","0","0","0","0","0","0","0","2","0","0","0","0","0","0","0","0","0","0","0","0","0","0","0","0","0","0","0","0","0","0","0","0","0","0","0","0","0","0","0","0","0","0","0","0","0","1","0","0","0","0","0","0","0","0","0","0","0","0","0","0","0","0","0","0","0","0","0","0","0","0","0","0","0","0","0","0","0","0","0","0","0","0","0","1","0","0","0","0","0","0","1","0","0","0","0","0","0","0","0","0","0","15","5","2","5","0","2","0","1","0","0","0","0","0","0","0","1","0","1","0","0","0","1","1","2","0","0","0","0","0","0","0","0","2","0","0","0","0","1","0","0","0","0","0","1","0","0","0","0","0","0","0","0","0","0","0","1","0","0","1","0","4"
"39-934 Scammon Bay","24","7","1","0","3","0","0","0","4","0","0","0","2","0","0","0","0","0","2","0","0","0","1","0","0","0","0","0","0","1","1","0","0","0","1","0","4","0","0","0","0","0","0","0","1","0","1","0","2","0","0","0","0","0","0","0","1","0","1","0","0","0","0","0","0","0","0","0","0","0","0","0","0","0","0","0","0","0","0","0","0","0","0","0","1","1","0","0","0","0","0","0","0","0","0","0","0","0","0","0","0","0","0","0","0","0","0","0","0","0","0","0","0","0","0","1","0","0","0","0","0","0","0","0","0","0","0","0","0","0","0","0","0","0","0","0","0","0","0","0","0","0","0","0","0","0","0","0","0","0","0","0","0","0","0","0","0","0","0","0","0","0","0","0","0","0","0","0","0","0","0","0","0","0","0","0","0","0","0","0","0","0","0","0","0","0","0","0","0","0","0","0","0","0","0","0","0","0","0","0","0","0","0","0","0","0","0","0","0","11","0","0","4","0","0","1","0","1","0","0","0","1","1","0","0","1","3","0","0","0","0","0","7","0","1","0","5","0","1","0","0","0","0","0","0","0","0","0","0","0","1","0","1","0","0","1","0","0","0","0","0","0","0","0","3","0","0","0","0","5"
"39-936 Shaktoolik","9","0","0","0","1","0","1","0","0","0","0","1","1","0","1","1","0","0","0","0","0","0","2","0","0","0","0","0","0","0","0","0","0","0","0","0","0","0","0","0","0","0","0","0","1","0","1","0","0","0","0","0","1","0","0","0","0","0","1","0","0","0","0","0","0","0","0","0","0","0","0","0","0","1","0","0","0","0","0","0","0","0","0","0","0","0","0","0","0","0","0","0","0","0","0","0","0","0","0","0","0","0","0","0","0","0","0","0","0","0","0","0","0","0","0","0","0","0","0","0","0","0","0","0","0","0","0","0","0","0","0","0","0","0","0","0","0","0","0","0","0","0","0","0","0","0","0","0","0","0","0","0","0","0","0","0","0","0","0","0","0","0","0","0","0","0","0","0","0","0","0","0","0","0","0","0","0","0","0","0","0","0","0","0","0","0","0","0","0","0","0","0","0","0","0","0","0","0","0","0","0","0","0","0","0","0","0","0","0","13","2","1","3","0","0","0","0","0","0","0","0","0","0","0","4","0","1","0","0","1","0","0","3","0","0","0","0","0","1","0","0","0","0","0","0","0","1","0","0","0","0","0","0","0","0","0","0","0","0","0","0","0","0","0","2","0","0","2","0","1"
"39-938 Shishmaref","78","6","1","0","9","0","1","0","4","0","0","0","0","0","0","1","0","0","4","0","0","0","5","0","2","0","0","0","0","2","0","0","2","0","0","0","3","0","0","0","0","0","0","0","5","0","2","0","0","0","1","0","0","1","0","0","2","0","3","0","0","1","0","0","0","0","0","0","0","0","0","0","0","0","0","1","0","0","0","0","0","0","0","0","0","0","0","0","0","0","0","0","0","0","0","0","0","0","0","0","0","0","0","0","0","0","0","0","0","0","0","0","0","0","0","0","0","0","0","1","0","0","0","0","0","0","0","0","0","0","0","0","0","0","0","0","0","0","0","0","0","0","0","0","0","0","0","0","0","0","0","0","0","0","0","0","0","0","0","0","0","0","0","0","0","0","0","0","0","0","0","0","0","0","0","0","0","0","0","0","0","0","0","0","0","0","0","0","0","0","0","1","0","0","0","0","0","0","0","0","0","0","0","0","0","0","0","0","0","16","1","0","4","0","0","0","0","0","0","0","0","0","0","0","1","1","1","0","0","1","0","0","5","0","0","1","2","0","0","0","0","0","0","0","0","0","0","0","0","0","0","0","0","0","0","0","0","0","0","1","1","0","0","0","2","0","0","2","0","0"
"39-940 St. Mary's","49","2","5","0","7","0","0","0","3","0","0","0","1","0","0","0","0","0","3","0","0","0","2","0","0","0","0","0","0","1","1","0","2","0","0","0","3","0","0","0","1","0","0","0","2","0","2","0","0","0","0","0","0","0","0","0","0","0","4","0","0","0","0","0","0","0","0","0","0","0","0","0","0","0","0","0","0","0","0","0","0","0","0","0","0","0","0","0","0","0","0","0","0","0","0","0","0","0","0","0","0","0","0","0","0","0","0","0","0","0","0","0","0","0","0","0","0","0","0","0","0","0","0","0","0","0","0","0","0","0","0","0","0","0","0","0","0","0","0","0","0","0","0","0","0","0","0","0","0","0","0","0","0","0","0","0","0","0","0","0","0","0","0","0","0","0","0","0","0","0","0","0","0","0","0","0","0","0","0","0","0","0","0","0","0","0","0","0","0","0","0","0","0","0","0","0","0","0","0","0","0","0","0","0","0","0","0","0","0","17","1","0","1","0","0","0","0","0","0","0","0","0","0","0","1","1","0","0","0","0","0","0","0","0","0","0","2","0","0","0","0","0","0","0","1","0","0","0","0","0","0","0","0","0","0","0","0","0","0","0","1","0","0","0","0","0","0","2","1","1"
"39-942 St. Michael","12","0","0","0","3","0","0","0","1","0","0","0","0","0","0","0","0","0","1","0","0","0","0","0","0","0","0","0","0","1","1","0","0","0","0","0","0","0","0","0","0","0","0","0","2","0","0","0","0","0","0","0","0","0","0","0","0","0","2","0","1","0","0","0","0","0","0","0","0","0","0","0","0","0","0","0","0","0","0","1","0","0","0","0","0","0","0","0","0","0","0","0","0","0","0","0","0","0","0","0","1","0","0","0","0","0","0","0","0","1","0","0","0","0","0","0","0","0","0","0","0","0","0","0","0","0","0","0","0","0","0","0","0","0","0","0","0","0","1","0","0","0","0","0","0","0","0","0","0","0","0","0","0","0","0","0","0","0","0","0","0","0","0","0","0","0","0","0","0","0","0","0","0","0","0","0","0","0","0","0","0","0","0","0","0","0","0","0","0","1","0","0","0","0","0","0","0","0","0","0","0","0","1","0","0","0","0","0","0","11","1","2","2","0","0","0","1","0","0","0","0","0","1","0","5","0","1","0","0","0","0","0","3","0","0","0","0","0","0","0","0","0","0","0","0","0","0","0","0","0","0","0","0","2","0","0","0","0","0","1","0","0","0","0","0","0","0","3","0","2"
"39-944 Stebbins","9","0","0","0","6","0","0","0","3","0","0","0","0","0","0","0","0","0","1","0","0","0","0","1","0","0","0","0","0","1","0","0","0","0","0","0","2","1","0","0","0","0","0","0","2","0","4","0","0","0","0","0","0","0","0","0","0","0","2","0","0","0","1","0","0","0","0","0","0","0","0","1","0","0","0","0","0","1","0","1","0","0","0","0","0","0","0","0","1","0","0","0","0","0","0","0","0","0","0","0","1","0","0","0","0","0","0","0","0","0","0","0","0","0","0","0","0","0","0","0","0","0","0","0","0","0","0","0","0","0","0","0","0","0","0","0","0","0","0","0","0","0","0","0","0","0","0","0","0","0","0","0","0","0","0","0","0","0","0","0","0","0","0","0","0","0","0","0","0","0","0","0","0","0","0","0","0","0","0","0","0","0","0","0","0","0","0","0","0","0","0","0","0","0","0","0","0","0","0","0","0","0","0","0","0","0","0","0","0","7","1","0","4","0","0","0","0","0","0","1","0","0","0","0","3","0","4","0","0","1","1","0","1","0","0","0","1","0","0","0","2","0","0","0","1","0","1","0","0","0","1","0","2","0","0","0","0","0","0","0","1","0","0","0","1","0","0","0","1","1"
"39-946 Teller","5","2","1","0","4","0","0","0","1","0","0","0","0","0","0","0","0","0","1","0","0","1","0","0","1","0","0","0","0","0","0","0","0","0","0","0","2","0","0","0","0","0","0","0","0","0","0","0","1","0","0","0","0","0","0","0","0","0","1","0","0","0","0","0","0","0","0","0","0","0","0","0","0","0","0","0","0","0","0","0","0","0","0","0","0","0","0","0","0","0","0","0","0","0","0","0","0","0","0","0","0","0","0","0","0","0","0","0","0","0","0","0","0","0","0","0","0","0","0","0","0","0","0","0","0","0","0","0","0","0","0","0","0","0","0","0","0","0","0","0","0","0","0","0","1","0","0","0","0","0","0","0","0","0","0","0","0","0","0","0","0","0","0","0","0","0","0","0","0","0","0","0","0","0","0","0","0","0","0","0","0","0","0","0","0","0","0","0","0","0","0","0","0","0","0","0","0","0","0","0","0","0","0","0","0","0","0","0","0","7","0","1","1","0","0","0","0","0","0","0","0","0","0","0","1","0","0","0","1","0","1","0","0","0","0","0","1","0","1","0","0","0","0","0","0","0","0","0","0","0","0","0","0","0","0","0","0","0","0","0","0","0","0","0","0","0","0","0","1","0"
"39-948 Unalakleet","66","5","0","0","11","1","0","0","3","0","1","0","0","0","0","3","0","0","0","0","0","2","5","0","1","0","0","0","0","1","2","0","1","0","0","0","5","0","0","0","0","0","0","0","3","1","6","0","1","0","1","0","0","0","0","1","0","0","3","1","0","0","0","0","0","0","0","0","0","0","1","0","0","0","0","0","0","0","0","0","0","0","0","0","0","0","0","0","0","0","0","0","0","0","0","0","0","0","0","0","0","1","1","0","0","0","0","0","0","0","0","0","0","0","0","0","0","0","0","0","0","0","0","0","0","0","0","0","0","0","0","0","0","0","0","0","0","0","1","0","0","0","0","0","0","0","0","0","0","0","0","0","0","0","0","0","0","0","0","0","0","0","0","0","0","0","0","0","0","0","0","0","0","0","0","0","0","0","0","0","0","0","0","0","0","0","0","0","0","0","0","1","0","0","0","0","0","0","0","0","0","0","0","0","0","0","0","0","0","51","3","0","8","0","1","0","0","0","0","0","0","0","1","0","4","0","0","0","0","2","0","0","5","0","1","1","3","0","0","0","0","0","0","1","0","0","3","0","0","0","3","0","1","0","0","0","0","0","0","0","0","0","0","0","0","0","0","1","0","3"
"39-950 Wales","1","0","0","0","1","0","0","1","0","0","0","0","0","0","0","0","0","0","0","0","0","0","0","0","0","0","0","0","0","0","0","0","0","0","0","0","0","0","0","0","0","0","0","0","0","0","1","0","0","0","1","0","0","0","0","0","0","0","0","0","0","0","0","0","0","0","0","0","0","0","0","0","0","0","0","0","0","0","0","0","0","0","0","0","0","0","0","0","0","0","0","0","0","0","0","0","0","0","0","0","0","0","0","0","0","0","0","0","0","0","0","0","0","0","0","0","0","0","0","0","0","0","0","0","0","0","0","0","0","0","0","0","0","0","0","0","0","0","0","0","0","0","0","0","0","0","0","0","0","0","0","0","0","0","0","0","0","0","0","0","0","0","0","0","0","0","0","0","0","0","0","0","0","0","0","1","0","0","0","0","0","0","0","0","0","0","0","0","0","0","0","0","0","0","0","0","0","0","0","0","0","0","0","0","0","0","0","0","0","2","0","0","0","0","0","0","0","0","0","0","0","0","0","0","0","0","0","0","0","0","0","0","0","0","0","0","0","0","0","0","0","0","0","0","0","0","0","0","0","0","0","0","0","0","0","0","0","0","0","0","0","0","0","0","0","0","0","0","0","0"
"39-952 White Mountain","19","2","0","0","8","0","0","0","1","0","0","0","2","0","0","1","0","0","0","0","0","1","0","0","0","0","0","0","0","0","1","0","2","0","0","1","3","0","0","0","0","0","0","0","0","1","1","0","0","0","1","0","0","0","0","0","0","0","3","0","0","0","0","0","0","0","1","0","0","0","0","0","0","0","0","0","0","0","0","0","0","0","0","0","0","0","0","0","0","0","0","0","0","0","0","0","0","0","0","0","0","0","0","0","0","0","0","0","0","0","0","0","0","0","0","0","0","0","0","0","0","0","0","0","0","0","0","0","0","0","0","0","0","0","0","0","0","0","0","0","0","0","0","0","0","0","0","0","0","0","0","0","0","0","0","0","0","0","0","0","0","0","0","0","0","0","0","0","0","0","0","0","0","0","0","0","0","0","0","0","0","0","0","0","0","0","0","0","0","0","0","0","0","0","0","0","0","0","0","0","0","0","0","0","0","0","0","0","0","13","2","0","3","0","0","0","0","0","0","0","0","0","0","0","0","0","0","0","1","0","0","0","2","0","0","0","0","0","0","0","0","0","0","0","0","0","0","0","0","0","0","0","0","0","0","0","0","0","0","0","0","0","0","0","0","0","0","0","0","0"
"40-002 Ambler","10","2","0","0","2","0","0","0","0","0","0","0","0","0","0","0","0","0","1","0","0","0","1","0","0","0","0","0","0","0","0","0","0","0","1","0","0","0","0","0","0","0","0","0","0","1","0","0","0","0","0","0","0","0","0","0","0","0","0","0","0","0","0","0","0","0","0","0","0","0","0","0","0","0","0","0","0","0","0","0","0","0","0","0","0","1","0","0","0","0","0","0","0","0","0","0","0","0","0","0","0","0","0","0","0","0","0","0","0","0","0","0","0","0","0","0","0","0","0","0","0","0","0","0","0","0","0","0","0","0","0","0","0","0","0","0","0","0","0","0","0","0","0","0","0","0","0","0","0","0","0","0","0","0","0","0","0","0","0","0","0","0","0","0","0","0","0","0","0","0","0","0","0","0","0","0","0","0","0","0","0","0","0","0","0","0","0","0","0","0","0","0","0","0","0","0","0","0","0","0","0","0","0","0","0","0","0","0","0","13","1","0","0","0","0","0","0","0","0","0","0","0","0","0","0","0","1","0","0","0","0","0","1","0","0","0","1","0","0","0","0","0","0","0","0","0","1","0","0","0","0","0","0","0","0","0","0","0","0","0","0","0","0","0","3","0","0","3","0","1"
"40-004 Anaktuvuk Pass","20","2","0","0","1","0","0","0","2","0","0","0","0","0","0","0","0","0","0","0","0","0","0","0","0","0","0","0","0","0","1","0","0","0","0","0","0","0","0","0","0","0","0","0","0","0","1","0","0","0","0","0","0","0","0","0","0","0","0","0","0","0","0","0","0","0","0","0","0","0","0","0","0","0","0","0","0","0","0","0","0","0","0","0","0","0","0","0","0","0","0","0","0","0","0","0","0","0","0","0","0","0","0","0","0","0","0","0","0","0","0","0","1","0","0","0","0","0","0","0","0","0","0","0","0","0","0","0","0","0","0","0","0","0","0","0","0","0","0","0","0","0","0","0","0","0","0","0","0","0","0","0","0","0","0","0","0","0","0","0","0","0","0","0","0","0","0","0","0","0","0","0","0","0","0","0","0","0","0","0","0","0","0","0","0","0","0","0","0","0","0","0","0","0","0","0","0","0","0","0","0","0","0","0","0","0","0","0","0","17","0","0","0","0","1","0","0","0","0","0","0","0","0","0","4","0","0","0","0","0","0","0","1","0","0","0","0","0","0","0","0","0","0","0","0","0","0","0","0","0","0","0","0","0","0","0","0","0","0","0","1","0","0","0","2","0","0","2","1","1"
"40-006 Atqasuk","6","0","0","0","1","0","0","0","0","0","0","0","0","0","0","0","0","0","0","0","0","0","0","0","0","0","0","0","0","0","0","0","0","0","0","0","0","0","0","0","0","0","0","0","0","0","0","0","0","0","0","0","0","0","0","0","0","0","1","1","0","0","0","0","0","0","0","0","0","0","0","0","0","0","0","0","0","0","0","0","0","0","0","0","0","0","0","0","0","0","0","0","0","0","0","0","0","0","0","0","0","0","0","0","0","0","0","0","0","0","0","0","0","0","0","0","0","0","0","0","0","0","0","0","0","0","0","0","0","0","0","0","0","0","0","0","0","0","0","0","0","0","0","0","0","0","0","0","0","0","0","0","0","0","0","0","0","0","0","0","0","0","0","0","0","0","0","0","0","0","0","0","0","0","0","0","0","0","0","0","0","0","0","0","0","0","0","0","0","0","0","0","0","0","0","0","0","0","0","0","0","0","0","0","0","0","0","0","0","16","0","0","1","0","0","0","0","0","0","0","0","0","0","0","1","0","1","0","0","0","0","0","3","0","0","0","2","0","0","0","0","0","0","0","0","0","0","0","0","0","0","0","0","0","0","0","0","0","0","0","1","0","0","0","1","0","0","1","0","1"
"40-008 Utqiagvik","63","1","0","1","17","0","0","0","4","0","0","0","1","0","0","1","1","0","1","0","0","0","4","0","0","0","0","0","0","0","2","1","0","1","0","0","7","0","0","0","1","0","0","0","3","0","1","0","0","0","0","0","0","0","0","0","1","0","2","0","0","0","0","0","0","0","1","0","0","0","0","0","0","2","0","0","0","0","0","0","0","0","1","0","1","0","0","0","0","0","0","0","0","0","0","0","0","0","1","0","1","0","0","0","0","0","0","0","0","0","0","0","0","0","0","0","0","0","0","0","0","0","0","0","1","0","0","0","0","0","0","0","0","0","0","0","0","0","0","0","0","0","0","0","0","0","0","0","0","0","0","0","1","0","0","0","0","0","0","0","0","0","0","0","0","0","0","0","0","0","0","0","0","0","0","0","0","0","0","0","0","0","0","0","0","0","0","0","0","0","0","0","0","0","0","0","0","0","0","0","0","0","0","0","0","0","0","0","0","87","0","0","4","0","0","0","1","0","1","0","0","0","1","0","5","1","0","0","0","1","1","0","6","0","0","0","2","0","0","0","0","0","0","0","2","0","2","0","0","0","3","0","0","1","0","0","0","0","0","1","1","0","1","0","4","0","0","0","2","0"
"40-010 Browerville","151","4","1","0","29","0","1","0","12","0","0","1","0","0","0","8","1","0","8","1","0","1","9","0","0","0","0","0","1","0","3","0","10","0","2","2","11","0","0","0","0","0","0","0","7","3","4","0","2","1","2","0","0","1","0","1","2","0","5","2","1","0","2","0","0","0","1","0","1","1","0","0","0","0","0","0","0","0","0","2","0","1","0","0","0","0","0","0","0","0","1","0","0","0","0","0","0","0","1","0","0","0","0","0","0","1","0","0","0","1","0","2","0","1","0","0","0","0","0","0","0","0","0","0","0","0","0","0","0","0","0","0","0","0","0","0","0","0","0","0","0","0","0","0","0","0","0","0","0","0","0","0","0","0","0","0","0","0","0","0","0","1","1","0","0","0","0","0","0","1","0","0","0","0","0","0","0","0","0","0","0","0","0","0","0","0","0","0","0","0","0","0","0","0","0","0","0","0","0","0","0","0","1","0","0","0","0","0","0","193","5","0","15","0","8","1","0","0","2","1","0","3","1","0","11","4","5","0","1","2","2","0","12","0","1","2","11","0","2","0","2","0","0","1","0","0","3","0","0","0","6","0","3","2","0","0","0","0","0","1","4","0","0","1","25","0","1","3","3","4"
"40-012 Buckland","14","1","0","1","3","0","0","0","1","0","0","1","1","0","0","1","1","0","1","0","0","0","1","0","1","0","0","0","0","0","0","0","1","0","0","0","2","0","0","0","0","0","0","0","0","0","1","0","0","0","0","0","0","0","0","0","0","0","3","0","0","0","1","0","0","0","2","0","0","0","0","0","0","0","0","1","0","0","0","1","0","0","0","0","0","0","0","0","0","0","0","0","0","0","0","0","0","0","0","0","0","0","0","0","0","0","0","0","0","0","0","0","0","0","0","0","0","0","0","0","0","0","0","0","0","0","0","0","0","0","0","0","0","0","0","0","0","0","0","0","0","0","0","0","0","0","0","0","0","0","0","0","0","0","0","0","0","0","0","0","0","1","1","0","0","0","0","0","1","0","0","0","0","0","0","0","0","0","0","0","0","0","0","0","0","0","0","0","0","0","0","0","0","0","0","0","0","0","0","0","0","0","0","0","0","0","0","0","0","20","1","1","1","0","1","0","0","0","0","0","1","1","1","0","0","0","1","0","1","0","1","0","2","0","0","0","4","0","0","0","0","0","0","0","0","0","0","0","1","0","0","0","0","0","0","0","0","0","0","0","0","0","0","0","3","0","0","0","0","2"
"40-014 Deering","8","0","0","0","3","0","0","0","1","0","0","0","0","0","0","0","0","0","1","0","0","0","0","0","0","0","0","0","0","0","1","0","1","0","0","0","1","0","1","0","0","0","0","0","0","0","1","0","0","0","0","0","0","0","0","0","0","0","0","0","0","0","1","0","0","0","0","0","0","0","0","0","0","0","0","0","0","0","0","0","0","2","0","0","0","0","0","0","0","0","0","1","0","0","0","0","0","0","0","0","0","0","0","0","0","0","0","0","0","0","0","0","0","0","0","0","0","0","0","0","0","0","0","0","0","0","0","0","0","0","0","0","0","0","0","0","0","0","0","0","0","0","0","0","0","0","0","0","0","0","0","0","0","0","0","0","0","0","0","0","0","0","0","0","0","0","0","0","0","0","0","0","0","0","0","0","0","0","0","0","0","0","0","0","0","0","0","0","0","1","0","0","0","0","0","0","0","0","0","0","0","0","0","0","0","0","0","0","0","6","0","0","0","0","0","0","0","0","0","0","0","0","0","0","0","0","0","0","0","0","0","0","1","0","1","0","0","0","0","0","0","0","0","0","0","0","2","0","0","0","0","0","0","0","0","0","0","0","0","0","0","0","0","0","3","0","0","0","0","1"
"40-016 Kaktovik","11","0","0","0","0","0","0","0","0","0","0","0","0","0","0","0","0","0","0","0","0","0","0","0","0","0","0","0","0","0","0","0","0","0","0","0","0","0","0","0","0","0","0","0","1","0","0","0","1","0","0","0","0","0","0","0","0","0","0","0","0","0","0","0","0","0","0","0","0","0","0","0","0","0","0","0","0","0","0","0","0","0","0","0","0","0","0","0","0","0","0","0","0","0","0","0","0","0","0","0","0","0","0","0","0","0","0","0","0","0","0","0","0","0","0","0","0","0","0","0","1","0","0","0","0","0","0","0","0","0","0","0","0","0","0","0","0","0","0","0","0","0","0","0","0","0","0","0","0","0","0","0","0","0","0","0","0","0","0","0","0","1","0","0","0","0","0","0","0","0","0","0","0","0","0","0","0","0","0","0","0","0","0","0","0","0","0","0","0","0","0","0","0","0","0","0","0","0","0","0","0","0","0","0","0","0","0","0","0","45","0","0","2","0","0","0","0","0","0","0","0","0","0","0","5","0","0","0","0","0","0","0","1","0","0","0","2","0","0","0","0","0","0","0","0","0","0","0","0","0","0","0","0","0","0","0","0","0","0","0","0","0","0","0","2","0","0","0","1","0"
"40-018 Kiana","24","0","0","0","0","0","0","0","0","0","0","0","0","0","0","0","0","0","0","0","0","0","0","0","0","0","0","0","0","0","0","0","0","0","0","0","0","0","0","0","0","0","0","0","0","0","0","0","0","0","0","0","0","0","0","0","0","0","5","0","0","0","0","0","0","0","0","0","0","0","0","0","0","0","0","0","0","0","0","0","0","0","0","0","0","0","0","0","0","0","0","0","0","0","0","0","0","0","0","0","0","0","0","0","0","0","0","0","0","0","0","1","0","0","0","0","0","0","0","0","0","0","0","0","0","0","0","0","0","0","0","0","0","0","0","0","0","0","0","0","0","0","0","0","0","0","0","0","0","0","0","0","0","0","0","0","0","0","0","0","0","0","0","0","0","0","0","0","0","0","0","0","0","0","0","0","0","0","0","0","0","0","0","0","0","0","0","0","0","0","0","0","0","0","0","0","0","0","0","0","0","0","0","0","0","0","0","0","0","28","0","0","0","0","0","0","0","0","0","0","0","0","0","0","0","0","0","0","0","0","0","0","0","0","0","0","0","0","0","0","0","0","0","0","0","0","0","0","0","0","0","0","0","0","0","0","0","0","0","0","0","0","0","0","0","0","0","1","1","0"
"40-020 Kivalina","10","0","0","0","1","0","0","0","1","0","0","0","0","0","0","0","0","0","1","0","0","0","0","0","0","0","0","0","0","0","1","0","1","0","0","0","1","0","0","0","0","0","0","0","0","0","3","0","0","0","0","0","0","0","0","0","0","0","4","0","0","0","0","0","0","0","0","0","0","0","0","0","0","1","0","0","0","0","0","0","0","1","0","0","1","0","0","0","0","0","0","0","0","0","0","0","0","0","0","0","0","0","0","0","0","0","0","0","0","0","0","2","0","0","0","0","0","0","0","0","0","0","0","0","0","0","0","0","0","0","0","1","0","0","0","0","0","0","0","0","0","0","0","0","0","0","0","0","0","0","0","1","0","0","0","0","0","0","0","0","0","1","0","1","0","0","0","0","0","0","0","0","0","0","0","0","0","0","0","0","0","0","0","0","0","0","0","0","0","0","0","0","0","0","0","0","0","0","0","0","0","0","0","0","0","0","0","0","0","22","1","1","0","0","0","0","0","0","0","0","0","0","0","0","0","0","0","0","0","0","0","0","0","0","0","0","0","0","0","0","0","0","0","0","0","0","0","0","0","0","0","0","0","0","0","1","0","0","0","0","0","0","0","0","0","0","0","1","2","2"
"40-022 Kobuk","16","0","0","0","1","0","0","0","0","0","0","0","0","0","0","1","0","0","0","0","0","0","0","0","0","0","0","0","0","0","0","0","0","0","0","0","0","0","0","0","0","0","0","0","0","0","0","0","0","0","0","1","0","0","0","0","1","0","0","0","0","0","0","0","0","0","0","0","0","0","0","0","0","0","0","0","0","0","0","0","0","0","0","0","0","0","0","0","0","0","0","0","0","0","0","0","0","0","0","0","0","0","0","0","0","0","0","0","0","0","0","0","0","0","0","0","0","0","0","0","0","0","0","0","0","0","0","0","0","0","0","0","0","0","0","0","0","0","0","0","0","0","0","0","0","0","0","0","0","0","0","0","0","0","0","0","0","0","0","0","0","0","0","0","0","0","0","0","0","0","0","0","0","0","0","0","0","0","0","0","0","0","0","0","0","0","0","0","0","0","0","1","0","0","0","0","0","0","0","0","0","0","0","0","0","0","0","0","0","14","0","0","0","0","0","0","0","0","0","0","0","0","0","0","0","0","0","0","0","0","0","0","0","0","0","0","0","0","0","0","0","0","0","0","0","0","0","0","0","0","0","0","0","0","0","0","0","0","0","0","0","0","0","0","0","0","0","0","2","1"
"40-024 Kotzebue","159","17","1","1","39","4","0","0","8","0","2","2","0","0","0","2","0","0","4","1","0","1","12","0","4","0","0","0","0","2","3","0","5","0","0","0","7","0","0","0","0","0","1","0","3","0","1","0","1","0","0","0","2","0","0","0","1","0","6","2","0","0","2","0","0","1","1","0","0","0","1","0","1","1","0","0","0","0","0","1","0","0","0","0","1","0","0","0","0","0","0","1","0","0","0","0","0","0","1","1","2","0","0","0","0","0","0","1","0","0","0","0","0","0","0","0","0","0","0","1","0","0","0","0","0","0","0","2","0","0","0","0","0","0","0","0","0","0","0","0","0","0","0","0","1","0","0","0","0","0","0","0","0","0","0","0","0","0","0","0","0","1","3","0","0","0","0","0","0","0","0","0","0","0","0","0","0","0","0","0","0","1","1","0","1","0","0","0","0","0","0","0","0","0","0","0","0","0","0","0","0","0","0","1","0","0","0","0","0","122","4","5","4","0","3","1","0","0","0","0","0","1","1","0","17","2","4","0","1","2","2","0","20","0","2","0","12","0","4","0","0","0","0","0","1","0","5","0","1","2","4","0","3","1","1","1","0","0","0","0","2","0","0","0","14","0","0","6","6","2"
"40-026 Noatak","8","1","0","0","1","0","0","0","3","0","0","0","0","0","0","0","0","0","0","1","0","0","2","0","0","0","0","0","0","0","0","0","0","0","0","0","1","0","0","0","0","0","0","0","1","0","0","0","0","0","0","0","1","0","0","0","0","0","5","0","0","0","0","0","0","0","0","0","0","0","0","0","0","1","0","0","0","0","0","1","0","0","0","0","0","0","0","0","1","0","0","0","0","0","0","0","0","0","0","0","0","0","0","0","0","0","0","1","0","0","0","1","0","0","0","1","0","0","0","0","0","0","0","0","0","0","0","0","0","0","0","1","0","0","0","0","0","0","0","0","0","0","0","0","0","0","0","0","0","0","0","0","0","0","0","0","0","0","0","0","0","1","0","0","0","0","0","0","0","0","0","0","0","0","0","0","0","0","0","0","0","0","0","0","0","0","0","0","0","0","0","0","0","0","0","0","0","0","0","0","0","0","0","0","0","0","0","0","0","35","0","0","4","0","1","0","0","0","1","0","0","1","0","0","6","0","0","0","0","0","0","0","7","0","0","1","5","0","0","0","0","0","0","0","0","0","1","0","0","0","1","0","0","1","0","0","0","0","0","0","0","0","0","1","2","0","0","2","0","4"
"40-028 Noorvik","17","2","0","0","4","0","0","0","2","0","0","0","0","0","0","0","0","0","1","0","0","0","0","0","0","0","0","0","0","0","0","0","0","0","1","0","1","0","0","0","0","0","0","0","0","0","0","0","1","0","0","0","0","0","0","0","0","0","1","1","0","0","0","0","0","0","0","0","0","0","0","0","0","0","0","1","0","0","0","1","0","0","0","0","0","0","0","0","0","0","0","0","0","0","0","0","0","0","0","0","0","0","0","0","0","0","0","0","0","0","0","2","0","0","0","0","0","0","0","0","0","0","0","0","0","0","0","0","0","0","0","0","0","0","0","0","0","0","0","0","0","0","0","0","0","0","0","0","0","0","0","0","0","0","0","0","0","0","0","0","1","0","0","0","0","0","0","0","0","0","0","0","0","0","0","0","0","0","0","0","0","0","0","0","0","0","0","0","0","0","0","0","0","0","0","0","0","0","0","0","0","0","0","0","0","0","0","0","0","34","1","1","2","0","1","0","0","0","0","0","0","0","0","0","4","1","1","0","0","0","1","0","1","0","1","1","3","0","0","0","0","0","0","0","0","0","1","0","0","0","1","0","0","0","0","0","0","0","1","0","0","0","0","0","2","0","0","2","1","0"
"40-030 Nuiqsut","13","1","0","0","2","0","0","0","1","0","0","0","0","0","0","0","0","0","0","0","0","0","1","0","0","0","0","0","0","0","0","0","0","0","0","0","0","0","0","0","0","0","0","0","0","0","0","0","0","0","0","0","0","0","0","0","0","0","2","0","0","0","0","0","0","0","0","0","0","0","1","0","0","0","0","0","0","0","0","0","0","0","0","0","0","0","0","0","0","0","0","0","1","0","0","0","0","0","0","0","0","0","0","0","0","0","0","0","0","0","0","0","0","0","0","0","0","0","0","0","0","0","0","0","0","0","0","0","0","0","0","0","0","0","0","0","0","0","0","0","0","0","0","0","0","0","0","0","0","0","0","0","0","0","0","0","0","0","0","0","0","1","0","0","0","0","0","0","0","0","0","0","0","0","0","0","0","0","0","0","0","0","0","0","0","0","0","0","0","0","0","0","0","0","0","0","0","0","0","0","0","0","0","0","0","0","0","0","0","12","0","0","0","0","0","0","0","0","0","0","0","0","0","0","1","0","0","0","0","0","0","0","0","0","0","0","1","0","0","0","0","0","0","0","0","0","0","0","0","0","0","0","0","0","0","0","0","0","0","0","0","0","0","0","1","0","0","2","0","4"
"40-032 Point Hope","41","0","0","0","0","0","0","0","0","0","0","0","0","0","0","0","0","0","0","0","0","0","0","0","0","0","0","0","0","0","0","0","0","0","0","0","0","0","0","0","0","0","0","0","0","0","0","0","0","0","0","0","0","0","0","0","0","0","6","0","0","0","1","0","0","0","0","0","0","0","0","0","0","0","0","0","0","0","0","0","0","0","0","0","0","0","0","0","0","0","0","0","0","0","0","0","0","0","1","0","0","0","0","0","0","0","0","0","0","0","0","1","0","0","0","0","0","0","0","0","0","0","0","0","0","0","0","0","0","0","0","0","0","0","0","0","0","0","0","0","0","0","0","0","0","0","0","0","0","0","0","1","0","0","0","0","0","0","0","0","0","0","0","0","0","0","0","0","0","0","0","0","0","0","0","0","0","0","0","0","0","0","0","0","0","0","0","0","0","0","0","0","0","0","0","0","0","0","0","0","0","0","0","0","0","0","0","0","0","65","0","0","0","0","0","0","0","0","0","0","0","0","0","0","0","0","0","0","0","0","0","0","0","0","0","0","0","0","0","0","0","0","0","0","0","0","0","0","0","0","0","0","0","0","0","0","0","0","0","0","0","0","0","0","1","0","0","1","2","0"
"40-034 Point Lay","2","1","0","0","0","0","0","0","1","0","0","0","0","0","0","0","0","0","0","0","0","1","0","0","1","0","0","0","0","1","0","0","0","0","1","0","0","0","0","0","0","0","0","0","1","1","0","0","0","0","0","0","0","0","0","0","0","0","1","0","0","0","0","0","0","0","0","0","0","0","0","0","0","0","0","0","0","0","0","0","0","0","0","0","0","0","0","0","0","0","0","0","0","0","0","0","0","0","0","0","0","0","0","0","0","0","0","0","0","0","0","0","0","0","0","0","0","0","0","0","0","0","0","0","0","0","0","1","0","0","0","0","0","0","0","0","0","0","0","0","0","0","0","0","0","0","0","0","0","0","0","0","0","0","0","0","0","0","0","0","1","0","0","0","0","0","0","0","0","0","0","0","0","0","0","0","0","0","0","0","0","0","0","0","0","0","0","1","0","0","0","0","0","0","0","0","0","0","0","0","0","0","0","0","0","0","0","1","0","10","0","0","0","0","1","0","0","0","0","0","0","0","0","0","0","0","0","0","0","0","0","0","0","0","0","0","2","0","0","0","0","0","0","0","0","0","0","0","0","0","0","0","0","0","0","0","1","0","0","0","1","0","0","0","0","0","0","0","0","0"
"40-036 Selawik","8","1","0","1","0","0","0","0","0","0","0","1","1","0","1","0","0","0","0","0","0","0","0","0","1","0","0","0","0","0","1","0","1","0","0","0","0","0","0","0","0","0","0","0","1","0","1","0","0","0","0","0","1","0","0","0","0","0","2","0","0","0","0","0","0","0","0","0","0","0","0","0","0","0","0","0","0","0","0","0","0","0","0","0","0","0","0","0","0","1","0","0","0","0","0","0","0","0","0","0","0","0","0","0","0","0","0","0","0","1","0","0","0","0","0","0","0","0","0","0","0","0","0","0","0","0","0","0","0","0","0","0","0","0","0","0","0","0","0","0","0","0","0","0","0","0","0","0","0","0","0","0","0","0","0","0","0","0","0","0","0","0","0","0","0","0","0","0","0","0","0","0","0","0","0","0","0","0","0","0","0","0","0","0","0","0","0","0","0","0","0","0","0","0","0","0","0","0","0","0","0","0","0","0","0","0","0","0","0","37","1","0","3","0","2","0","0","0","1","0","0","1","0","0","0","0","1","1","0","0","0","0","1","0","0","0","2","0","0","0","0","0","0","0","0","0","1","0","0","0","0","0","1","0","0","0","1","0","0","0","0","0","0","0","1","0","0","0","0","1"
"40-038 Shungnak","12","0","0","1","5","0","1","0","1","0","0","0","0","0","0","0","0","0","1","0","0","0","0","0","0","0","0","0","0","1","0","0","0","0","0","0","1","0","1","0","0","0","0","0","2","1","1","0","1","0","1","0","0","0","0","0","0","0","1","0","0","0","0","0","0","0","0","0","0","0","0","0","0","0","0","0","0","0","0","0","0","0","0","0","0","1","0","0","0","0","0","0","0","0","0","0","0","0","0","0","0","0","0","0","0","0","0","0","0","0","0","0","0","0","0","0","0","0","0","0","0","0","0","0","0","0","0","0","0","0","0","0","0","0","0","0","0","0","0","0","0","0","0","0","0","0","0","0","0","0","0","0","0","0","0","0","0","0","0","0","0","0","0","0","0","0","0","0","0","0","0","0","0","0","0","0","0","0","0","0","0","0","0","0","0","0","0","0","0","0","0","0","0","0","0","0","0","0","0","0","0","0","0","0","0","0","0","0","0","13","0","0","0","0","0","0","0","0","0","0","0","0","0","0","0","0","0","0","1","0","0","0","1","0","0","0","0","0","0","0","0","0","0","0","0","0","0","0","0","0","0","0","0","0","0","0","0","0","0","0","0","0","0","0","0","0","0","0","0","3"
"40-040 Wainwright","18","1","1","0","4","0","0","0","0","0","0","0","0","0","0","0","0","0","0","0","0","0","0","0","0","0","0","0","0","1","0","0","0","0","0","0","1","0","1","0","0","0","0","0","0","0","3","0","1","0","0","0","0","0","0","0","0","0","1","0","0","0","0","0","0","0","0","0","0","0","0","0","0","0","0","0","0","0","1","0","0","0","0","0","0","0","0","0","0","0","0","0","0","0","0","0","0","0","0","0","0","0","0","0","0","0","0","0","0","0","0","2","0","0","0","0","0","0","0","0","0","0","0","0","0","0","0","0","0","0","0","0","0","0","0","0","0","0","0","0","0","0","0","0","0","0","0","0","0","0","0","0","0","0","0","0","0","0","0","0","0","0","0","0","0","0","0","0","0","0","0","0","0","0","0","0","0","0","0","0","0","0","0","0","0","0","0","0","0","0","0","0","0","0","0","0","0","0","0","0","0","0","0","0","0","0","0","0","0","62","0","0","3","0","0","0","0","0","0","0","0","0","1","0","3","0","2","0","1","2","0","0","3","0","0","1","2","0","0","0","0","0","0","1","2","0","2","0","1","0","0","0","0","1","0","0","0","0","0","1","2","0","0","0","3","0","0","0","0","1"
"District 1 - Absentee","934","40","5","1","29","0","2","4","8","0","1","7","1","0","1","35","3","0","19","0","0","20","38","2","3","2","1","1","0","2","69","7","12","0","1","12","32","1","3","0","1","0","0","0","8","4","1","0","2","1","0","0","0","0","0","2","0","0","13","5","1","0","2","0","0","0","1","0","0","1","0","0","0","1","0","0","0","0","0","0","0","2","2","1","0","0","0","0","1","0","0","0","0","0","0","0","0","0","9","0","0","0","1","1","0","1","0","0","0","1","0","7","1","0","0","2","0","0","0","1","0","0","0","0","1","0","0","0","0","0","0","0","0","0","0","0","0","0","1","1","0","1","0","0","0","1","0","0","0","0","0","4","0","0","0","1","1","0","0","0","0","6","10","1","0","0","0","2","1","0","0","0","0","0","0","0","0","0","0","1","0","0","0","0","0","1","1","0","0","0","0","0","1","0","1","0","0","0","0","0","0","0","0","0","0","0","0","0","0","1318","11","4","1","0","1","1","0","0","0","0","0","0","0","0","124","3","4","0","2","15","1","0","39","0","9","3","14","0","12","0","1","0","0","10","0","0","10","0","1","1","3","0","1","4","0","0","0","0","1","0","2","0","1","0","14","0","1","15","3","8"
"District 1 - Early Voting","7","1","0","0","1","0","0","0","0","0","0","1","0","0","0","0","0","0","0","0","0","0","0","0","0","0","0","0","0","0","1","0","1","0","0","0","1","0","0","0","0","0","0","0","0","0","0","0","0","0","0","0","0","0","0","0","0","0","0","0","0","0","0","0","0","0","0","0","0","0","0","0","0","0","0","0","0","0","0","0","0","0","0","0","0","0","0","0","0","0","0","0","0","0","0","0","0","0","0","0","0","0","0","0","0","0","0","0","0","0","0","0","0","0","0","0","0","0","0","0","0","0","0","0","0","0","0","0","0","0","0","0","0","0","0","0","0","0","0","0","0","0","0","0","0","0","0","0","0","0","0","0","0","0","0","0","0","0","0","0","0","0","0","0","0","0","0","0","0","0","0","0","0","0","0","0","0","0","0","0","0","0","0","0","0","0","0","0","0","0","0","0","0","0","0","0","0","0","0","0","0","0","0","0","0","0","0","0","0","3","0","0","0","0","0","0","0","0","0","0","0","0","0","0","0","0","0","0","0","0","0","0","0","0","0","0","0","0","0","0","1","0","0","0","0","0","3","0","0","0","0","0","0","0","0","0","0","0","0","0","0","0","0","0","0","0","0","0","0","0"
"District 1  - Question","96","10","4","0","10","1","0","2","7","0","0","1","0","0","0","6","0","0","1","0","0","2","5","0","0","0","0","0","0","0","5","0","1","0","0","0","6","0","0","0","0","0","0","0","8","0","2","0","0","0","1","0","0","0","0","0","0","0","3","2","0","0","2","0","0","0","1","0","0","0","0","0","0","0","0","0","1","0","0","1","0","0","0","0","0","0","0","0","0","0","0","0","0","0","0","0","0","0","2","1","1","0","0","0","0","2","0","0","0","0","0","1","1","0","0","1","0","0","1","0","0","0","0","0","0","0","0","0","0","0","0","0","0","1","0","0","0","0","1","0","0","0","0","0","0","0","0","0","0","0","0","0","0","0","0","0","0","0","0","0","0","1","0","1","0","0","0","0","1","0","0","0","0","0","0","0","0","0","0","0","0","0","0","0","0","0","0","0","0","0","0","0","0","0","0","0","0","0","0","0","0","0","0","0","0","0","0","0","0","217","4","0","0","0","0","0","0","0","1","0","0","0","1","0","28","4","3","0","1","3","1","0","10","1","0","1","6","0","1","0","0","0","0","0","1","0","6","0","0","0","2","0","1","0","0","0","0","0","0","0","3","0","0","0","6","0","0","2","1","1"
"District 10 - Absentee","835","26","4","0","12","0","0","7","11","0","0","4","2","0","1","30","5","0","8","0","1","6","44","0","2","0","0","0","0","0","67","1","9","0","1","17","43","1","2","0","0","0","0","0","10","2","2","0","0","0","0","0","1","0","1","0","3","0","7","1","1","0","1","0","0","1","1","0","0","0","1","0","0","0","0","0","0","0","1","2","0","2","1","0","0","0","0","1","0","0","1","0","0","0","0","0","0","0","2","0","0","0","1","0","0","0","0","1","0","0","0","7","1","0","0","1","0","0","0","0","0","0","0","0","0","1","0","0","1","0","0","0","0","0","0","1","0","0","0","0","0","0","1","0","1","0","0","0","0","0","0","1","0","0","0","1","0","0","0","0","0","7","3","0","0","0","0","0","2","0","0","0","0","0","0","1","0","0","0","1","0","1","0","0","0","1","0","0","0","0","0","0","0","0","0","0","0","0","0","0","0","0","0","0","0","0","0","0","0","571","11","2","1","0","0","0","1","0","0","0","0","0","0","0","74","0","0","0","0","12","0","0","15","0","4","0","9","0","3","1","0","0","1","4","0","0","5","0","1","0","2","0","0","1","0","0","0","0","2","0","2","0","0","0","4","0","0","22","6","3"
"District 10 - Early Voting","493","14","1","0","16","1","0","2","3","1","0","3","0","0","1","20","1","0","5","0","0","5","18","0","1","0","0","0","0","0","44","4","9","0","0","12","43","1","1","0","1","0","0","0","6","2","1","0","0","0","1","0","0","0","0","0","3","0","3","1","0","0","1","0","0","0","0","0","0","1","0","0","0","1","0","0","0","0","0","1","0","1","0","0","0","0","0","0","1","0","0","0","0","0","0","0","0","0","2","0","0","0","0","0","0","2","0","0","0","0","0","1","1","0","0","0","0","0","1","0","0","1","0","0","0","0","0","1","0","0","0","0","0","0","0","0","0","0","0","0","1","0","0","0","0","0","0","0","0","0","0","0","0","0","0","2","0","0","0","0","0","3","1","0","0","0","0","0","0","0","0","0","0","0","0","0","0","0","0","1","0","0","0","0","0","0","0","0","0","0","0","0","0","0","0","0","0","0","0","0","0","0","0","0","0","0","0","0","0","647","6","3","2","0","0","0","0","0","0","0","0","0","2","0","74","1","0","0","0","8","1","1","26","0","4","0","7","0","7","0","0","0","0","1","0","0","4","1","3","2","4","0","0","3","0","0","0","0","1","0","1","0","0","0","0","0","0","4","2","2"
"District 10  - Question","60","2","0","0","1","1","1","1","2","0","1","0","0","0","0","3","0","0","4","1","0","0","3","0","0","0","0","0","0","1","4","1","3","0","0","4","0","0","1","0","0","0","0","0","1","0","1","0","0","0","2","0","0","0","0","0","0","0","1","0","0","0","0","0","0","0","1","0","0","0","0","0","1","0","0","0","0","0","0","0","0","1","0","0","1","0","0","0","0","0","0","0","0","0","0","0","0","0","0","0","0","0","1","2","0","1","0","0","0","1","0","2","1","0","0","0","0","0","0","0","0","0","1","0","0","1","0","0","0","0","0","0","0","0","1","0","0","0","0","0","0","0","0","0","0","0","0","0","0","0","0","0","0","0","0","0","0","0","0","0","0","0","1","1","0","0","0","0","1","0","0","1","0","0","0","0","0","0","0","0","0","0","0","0","0","0","0","0","0","0","0","0","0","0","0","0","0","0","0","0","0","0","0","0","0","0","0","0","0","96","1","0","0","0","0","0","0","0","0","0","0","0","2","0","17","1","0","0","0","3","0","0","6","0","1","0","4","0","1","0","0","0","0","1","0","0","3","0","0","0","0","0","0","0","0","0","0","0","0","0","0","0","0","0","0","0","0","2","0","2"
"District 11 - Absentee","1121","33","7","0","10","1","1","8","21","0","0","3","0","0","1","36","4","0","10","0","1","14","32","0","4","1","1","0","0","1","103","9","17","0","0","24","48","0","2","0","0","0","1","0","8","0","1","0","1","0","0","0","0","0","0","0","1","0","13","0","0","0","2","0","0","0","2","0","0","0","0","0","1","0","0","0","0","0","0","0","0","0","1","1","0","0","1","0","0","0","0","0","0","0","0","0","0","0","4","0","0","0","1","0","0","2","0","0","0","0","0","6","0","0","0","0","1","0","0","1","0","2","1","0","1","0","0","0","0","0","0","0","0","0","0","1","0","0","0","1","2","0","1","0","0","1","0","0","0","0","0","3","1","0","0","0","0","2","0","0","1","5","4","1","0","0","0","0","1","1","0","0","0","0","2","0","0","0","0","0","0","0","0","0","0","0","3","0","0","0","0","0","0","0","0","0","0","0","0","0","0","0","0","0","0","0","0","0","0","720","8","2","0","0","3","0","0","0","2","0","0","0","0","0","95","2","0","0","3","11","3","0","36","0","4","0","10","0","4","1","0","0","0","4","0","0","2","0","0","0","8","0","1","3","0","0","0","0","0","0","1","0","0","0","5","0","0","31","3","2"
"District 11 - Early Voting","560","19","2","1","13","0","0","3","18","0","0","3","1","0","1","22","3","0","8","0","0","8","31","0","2","0","0","0","1","0","59","2","6","0","0","13","28","0","3","0","1","0","0","0","7","1","2","0","0","0","0","0","1","1","0","0","2","0","2","1","0","0","0","0","0","0","1","0","0","0","0","0","0","0","0","0","0","0","0","0","0","2","0","0","0","0","0","0","0","0","0","0","0","0","0","0","0","0","2","0","1","0","1","0","0","0","0","0","0","0","0","4","1","0","0","0","0","0","0","0","0","0","0","0","0","1","0","0","0","0","0","0","0","0","1","0","1","0","0","0","0","0","0","0","0","0","0","0","0","0","0","5","0","0","0","1","0","1","0","0","0","0","4","0","0","0","0","0","1","0","0","0","0","0","0","0","0","0","0","0","0","0","0","0","0","0","0","0","0","1","0","1","0","0","0","0","0","0","0","0","0","0","0","0","0","0","0","0","0","731","6","1","2","0","3","0","0","0","1","0","0","0","1","0","78","3","2","0","0","8","3","0","18","1","4","1","15","0","9","0","0","0","0","6","0","0","10","0","0","1","4","0","2","0","0","0","0","0","0","0","2","0","2","1","3","0","0","9","1","2"
"District 11  - Question","57","1","0","0","0","0","0","0","2","0","1","0","1","0","1","5","0","0","1","0","0","0","5","0","0","0","0","0","0","0","2","1","0","0","0","1","7","0","0","0","0","0","0","0","3","0","0","0","0","0","0","0","0","0","0","0","1","0","0","0","0","0","0","0","0","0","0","0","0","0","0","0","0","0","0","0","0","0","0","0","0","0","0","0","0","0","0","0","0","0","0","0","0","0","0","0","0","0","0","0","0","0","0","0","0","0","0","0","0","0","0","0","1","0","0","0","0","0","0","0","0","0","0","0","0","0","0","0","0","0","0","0","0","0","0","0","0","0","1","0","0","0","0","0","2","0","0","0","0","0","0","0","0","0","0","0","0","0","0","0","0","0","2","0","0","0","0","0","0","0","0","0","0","0","0","0","0","0","0","0","0","0","0","0","0","0","0","0","0","0","0","0","0","0","0","0","0","0","1","0","0","0","0","0","0","0","0","0","0","91","5","0","2","0","0","0","0","0","1","0","0","0","1","0","14","1","2","0","0","2","0","1","5","1","0","0","6","0","3","1","0","0","0","0","0","0","2","0","0","0","2","1","0","0","0","0","0","0","0","0","0","0","0","0","0","0","0","0","0","1"
"District 12 - Absentee","887","22","5","0","9","0","0","2","13","0","0","2","1","0","0","35","1","0","11","2","0","12","30","0","4","1","2","0","1","0","79","7","17","0","2","27","53","0","0","0","0","3","0","0","7","1","4","0","1","1","0","0","0","0","0","1","0","0","7","1","0","0","0","0","0","0","0","0","0","1","0","0","0","0","0","0","0","0","0","1","0","1","1","0","1","0","0","0","0","1","0","1","2","0","0","0","0","0","3","0","2","0","0","0","0","2","0","0","0","0","0","2","2","1","0","0","0","0","1","0","0","0","0","0","0","0","0","0","0","0","0","0","0","0","1","0","0","0","0","0","0","0","0","0","2","0","0","0","0","0","0","0","1","0","0","0","1","0","0","0","0","1","7","2","0","0","0","0","1","0","0","1","0","0","1","0","0","0","0","0","0","0","0","0","0","2","0","0","0","0","0","0","0","0","0","0","0","0","0","0","0","0","0","0","0","0","0","0","0","512","3","1","2","0","1","2","1","0","2","0","0","3","0","0","61","4","0","0","0","12","2","0","17","0","3","0","13","0","9","0","0","0","0","1","1","0","10","0","1","0","3","0","0","1","0","0","0","0","0","1","7","1","0","1","2","0","0","9","0","4"
"District 12 - Early Voting","540","19","6","0","12","2","0","4","7","0","0","2","2","0","0","18","2","1","12","0","0","6","20","0","4","1","0","0","0","0","63","8","19","0","3","13","36","0","1","0","1","1","1","0","3","1","1","0","2","0","1","0","0","0","0","0","0","0","4","1","0","0","0","0","0","0","0","0","0","0","0","0","0","0","0","0","0","0","0","0","0","0","0","0","0","0","0","0","0","0","1","0","0","0","0","0","0","0","5","0","0","0","0","0","0","0","0","0","0","1","0","1","2","0","0","1","0","0","0","0","0","0","0","0","0","0","0","0","0","0","0","0","0","0","0","1","0","0","0","0","0","0","0","0","0","0","0","0","0","0","0","0","0","0","0","0","0","0","1","0","0","0","2","0","0","0","0","0","0","0","0","0","0","0","0","0","0","0","0","0","0","0","0","0","1","0","0","0","0","0","0","0","0","0","0","0","0","0","1","0","0","0","0","0","0","0","0","0","0","607","6","1","0","0","6","0","0","0","0","0","1","3","0","0","63","3","1","0","1","8","6","0","11","0","2","0","17","0","4","0","0","0","0","1","0","0","3","0","0","0","1","0","0","5","0","0","0","0","1","0","7","0","0","0","3","0","0","2","2","1"
"District 12  - Question","48","11","0","0","5","0","0","0","1","0","0","0","0","0","1","1","0","0","5","0","1","0","3","0","0","0","0","0","1","1","1","1","3","0","0","1","4","0","0","0","0","0","0","0","3","0","0","0","0","0","1","0","0","0","0","0","0","1","1","0","0","0","0","0","0","0","0","0","0","0","0","0","0","1","0","0","0","0","0","0","0","1","0","0","0","0","0","0","1","0","0","0","0","0","0","0","0","0","1","1","0","0","0","0","0","0","0","0","0","0","0","0","0","0","0","0","0","0","0","0","0","0","0","0","0","0","0","0","0","0","0","0","0","1","0","0","0","0","0","0","0","0","1","0","0","0","0","0","0","0","0","0","0","0","0","0","0","0","0","0","0","0","1","0","1","0","0","0","0","0","0","0","1","0","0","0","0","0","0","0","0","0","0","0","1","0","0","0","0","0","0","0","0","0","0","0","0","0","0","0","1","0","0","0","0","0","0","0","0","70","3","1","1","0","2","0","2","0","0","0","1","4","0","0","9","3","0","0","2","2","1","0","6","1","0","1","6","0","4","0","0","0","1","1","0","0","1","0","0","0","1","0","0","2","0","1","0","0","0","1","0","0","0","1","1","0","0","3","0","2"
"District 13 - Absentee","724","21","4","0","13","1","0","9","7","0","1","3","2","0","1","21","0","1","9","2","0","10","30","0","0","1","1","0","0","1","73","7","17","0","0","22","42","0","2","0","0","2","0","1","8","1","1","0","1","2","0","0","1","0","0","3","1","0","5","5","1","0","0","0","0","0","0","0","1","1","1","0","0","2","1","0","0","0","0","1","0","1","0","0","1","0","0","0","1","0","0","0","0","0","0","0","0","0","2","1","0","0","0","0","0","1","0","0","0","0","0","5","1","0","0","0","0","0","1","0","0","0","0","0","1","0","0","1","0","0","0","1","0","0","0","1","0","0","0","0","1","0","1","0","0","0","0","0","0","0","0","2","0","0","0","0","0","0","0","0","0","1","5","0","1","0","0","1","2","0","0","0","0","0","0","0","0","0","1","0","0","0","0","1","0","0","0","0","0","0","0","0","0","0","0","0","0","0","1","0","1","0","0","0","0","0","0","0","0","431","3","1","1","0","0","0","0","0","0","0","0","3","0","0","46","1","0","0","1","3","2","0","16","0","2","1","14","0","4","0","0","0","0","1","0","0","2","0","0","0","5","0","0","3","0","0","0","0","0","0","4","1","0","0","1","0","0","9","5","0"
"District 13 - Early Voting","416","17","4","0","19","0","0","0","5","0","0","2","2","0","0","18","3","0","7","1","0","10","15","0","1","0","0","0","1","2","39","3","25","0","1","11","23","0","3","0","0","2","0","0","6","0","1","0","0","0","0","0","1","0","0","0","1","0","2","3","0","0","0","0","0","0","0","0","0","0","0","0","0","1","0","0","0","0","0","0","0","1","1","0","1","0","0","0","0","0","1","0","0","0","0","2","0","0","3","1","0","0","0","0","0","1","0","0","0","0","0","1","1","0","0","0","0","0","2","0","0","0","0","0","0","0","0","0","0","0","0","0","0","0","0","0","0","1","1","0","0","0","0","0","0","0","0","0","0","0","0","1","0","0","0","1","0","0","0","0","1","0","3","0","0","0","0","0","1","0","0","0","0","0","0","1","0","1","0","0","0","0","0","0","0","0","0","1","0","0","1","0","0","0","0","0","0","0","1","0","0","0","0","0","0","0","0","0","0","538","5","0","3","0","2","1","0","0","0","0","0","3","0","0","56","2","1","0","3","9","3","0","23","0","5","2","17","0","6","0","0","0","1","1","0","0","2","0","2","0","4","0","0","3","0","0","0","0","0","0","6","0","0","1","3","0","0","7","7","2"
"District 13  - Question","71","11","1","0","5","0","0","2","4","0","0","0","0","0","1","0","0","0","3","1","0","0","3","0","0","0","0","0","0","0","8","0","3","0","0","1","7","0","0","0","0","1","0","0","6","0","0","0","1","0","0","0","0","0","1","0","1","0","0","0","0","0","0","0","0","0","0","0","0","0","0","0","0","0","0","1","0","0","0","0","0","0","0","0","0","0","0","0","0","0","0","1","0","0","0","0","0","0","2","1","1","0","0","0","0","1","0","0","0","0","0","1","0","0","0","0","0","0","0","0","0","1","0","0","0","0","0","0","0","0","0","1","0","0","0","0","0","0","1","0","0","0","0","0","0","0","0","0","0","0","0","0","2","0","0","0","0","0","0","0","0","0","0","0","0","0","0","0","0","0","0","0","0","0","0","0","0","0","0","0","0","0","0","0","0","0","0","0","0","0","0","0","0","0","0","0","0","0","0","0","1","0","0","0","0","0","0","0","0","126","5","0","1","0","2","0","0","0","0","0","0","1","0","0","17","2","0","0","0","2","2","0","5","0","0","0","7","0","3","0","0","0","0","2","0","0","3","0","0","0","2","1","0","3","0","1","0","0","0","0","4","0","1","0","2","0","0","2","2","5"
"District 14 - Absentee","915","23","8","0","24","2","0","4","16","0","3","0","0","0","1","20","2","0","9","1","0","17","34","0","1","0","1","0","1","2","96","8","10","0","1","19","57","0","2","0","0","0","1","0","4","1","4","0","2","0","2","0","0","0","0","2","0","0","11","1","0","0","1","0","0","0","0","0","0","0","0","0","0","0","0","0","0","0","0","1","0","1","0","0","0","1","0","0","0","0","0","1","0","0","1","0","0","0","4","1","0","2","1","1","0","2","0","2","0","1","0","6","0","0","0","0","0","0","0","0","0","0","0","2","0","0","0","0","0","0","1","1","0","0","0","1","0","0","0","1","0","0","0","1","1","0","0","0","0","0","0","1","0","0","0","0","0","2","0","0","0","3","13","0","1","0","1","0","5","0","0","0","0","0","0","0","0","0","0","0","0","1","0","0","0","0","0","1","0","0","0","1","0","0","0","0","0","0","0","0","0","0","0","0","0","0","0","0","0","347","2","3","4","0","2","1","0","0","0","0","0","0","0","0","45","2","3","0","0","5","2","0","21","0","1","0","10","0","4","0","0","0","0","0","1","1","7","1","0","0","5","0","1","0","0","0","1","0","0","1","0","0","0","0","4","0","0","10","3","6"
"District 14 - Early Voting","672","22","6","0","19","1","0","4","8","0","0","2","1","0","0","19","0","1","12","1","0","14","26","0","2","0","1","0","0","1","81","8","10","0","3","20","24","0","2","0","0","0","0","0","9","1","0","0","0","0","1","0","0","0","0","0","0","0","4","0","0","0","0","0","0","0","0","0","0","0","0","0","0","0","0","0","0","0","0","1","0","0","0","1","0","0","0","0","0","0","0","1","1","0","0","0","0","0","2","0","0","0","0","0","0","0","0","0","0","0","0","3","3","0","0","0","0","0","0","0","0","0","0","0","0","0","0","0","0","0","0","0","0","0","0","0","0","0","1","0","0","0","1","0","1","0","0","0","1","0","0","1","0","0","1","1","0","0","0","1","0","0","12","0","0","0","0","0","0","0","0","0","1","0","0","0","0","0","0","0","0","0","0","0","0","0","0","0","0","0","0","0","0","0","0","0","0","0","1","0","0","0","0","0","0","0","0","0","0","457","6","2","3","0","1","0","0","0","0","0","0","0","0","0","61","0","2","0","0","6","1","0","23","0","1","2","7","0","8","2","0","0","0","5","1","0","1","0","1","0","6","0","0","0","0","0","1","0","1","0","4","0","1","1","6","1","0","6","4","5"
"District 14  - Question","91","11","5","0","15","0","0","0","8","0","1","1","0","0","1","3","1","0","7","1","0","3","8","0","2","2","1","0","1","0","6","1","4","0","0","0","9","0","0","0","0","0","0","0","3","3","4","0","1","2","1","0","0","0","0","0","0","0","2","0","0","0","0","0","0","0","0","0","0","0","0","0","0","0","0","1","0","0","0","0","0","1","0","0","0","0","0","0","0","1","0","0","0","0","0","0","0","0","1","0","0","0","0","0","0","1","0","0","0","0","0","1","0","1","0","0","0","0","0","0","0","0","0","0","0","0","0","0","0","0","0","0","0","0","0","0","0","0","0","1","0","0","1","0","0","0","0","0","0","0","0","0","1","0","0","0","0","0","0","0","1","3","0","0","0","0","0","0","0","0","0","0","0","0","0","0","0","0","0","0","0","0","0","0","0","0","0","0","0","0","0","0","1","0","0","0","0","0","0","0","0","0","0","0","0","0","0","0","0","132","4","2","4","0","0","0","1","0","0","0","0","1","0","0","22","2","2","0","0","1","2","1","12","0","3","0","6","0","0","0","1","0","0","0","0","0","5","0","0","2","0","0","2","0","0","1","0","0","0","0","1","0","0","0","3","0","0","3","0","8"
"District 15 - Absentee","909","26","6","0","32","0","0","12","7","0","0","4","1","0","1","18","2","0","16","0","0","12","32","0","2","0","1","0","0","0","75","4","11","0","1","11","42","0","0","1","1","0","0","0","8","3","0","0","0","0","1","0","2","0","0","0","2","0","10","3","0","0","1","0","0","0","0","1","1","1","0","0","0","0","0","0","0","0","0","0","0","0","0","1","0","0","0","0","0","0","0","1","0","0","0","0","0","0","9","1","0","2","0","0","0","2","0","0","0","0","0","7","5","0","0","0","0","0","1","0","0","0","0","0","1","1","0","0","1","0","0","0","0","0","0","0","0","0","0","1","2","0","0","0","0","1","0","0","1","0","0","3","1","0","0","1","0","0","0","0","0","3","3","0","0","0","0","0","2","0","0","0","0","0","0","0","0","0","0","0","0","0","0","0","0","0","0","0","0","1","0","2","0","0","0","0","0","0","0","0","0","0","0","0","0","0","0","0","0","624","6","3","4","0","1","0","0","0","1","0","0","0","0","0","86","7","0","0","0","7","4","1","22","0","2","1","10","0","11","0","0","0","0","1","1","0","4","0","2","0","1","0","0","1","0","0","0","0","0","0","2","0","0","1","6","0","0","17","5","1"
"District 15 - Early Voting","548","21","3","0","30","0","0","6","7","0","0","1","1","0","0","29","2","0","14","0","0","8","18","0","2","0","0","0","0","1","57","8","6","0","3","8","26","0","1","0","0","0","1","0","4","1","1","0","1","0","0","0","1","0","0","1","0","0","6","2","0","0","0","0","0","0","0","0","0","1","0","0","0","2","0","0","0","0","0","0","0","0","1","0","0","0","1","1","0","0","0","0","0","0","0","0","0","0","4","2","0","0","0","0","0","0","0","0","0","0","0","4","0","0","0","0","0","0","0","0","0","0","1","0","0","0","0","0","0","0","0","0","0","0","0","0","0","0","0","0","0","0","0","0","1","0","0","0","0","1","0","0","0","0","0","0","0","0","0","0","0","0","1","0","1","0","0","0","0","0","0","0","0","0","1","0","0","0","1","0","0","0","0","0","0","0","0","0","0","0","0","0","0","0","0","0","0","0","0","0","0","0","0","0","0","0","0","0","0","722","3","0","2","0","1","0","2","0","1","0","1","0","0","0","76","3","5","0","0","11","2","0","27","0","1","0","7","0","5","0","0","0","0","1","0","0","5","0","2","1","3","0","0","3","0","0","0","0","0","0","3","0","1","0","6","0","0","5","2","1"
"District 15  - Question","60","6","0","0","5","0","0","0","0","0","1","1","0","0","1","3","0","0","4","0","0","1","4","0","0","1","0","0","0","1","2","0","0","0","0","0","5","0","0","0","0","0","0","0","4","1","2","0","1","0","1","0","0","0","0","0","0","0","0","0","0","0","0","0","0","0","1","0","0","1","1","0","0","0","0","0","0","0","0","0","0","0","0","0","0","0","0","0","0","0","0","0","0","0","0","0","0","0","0","0","0","0","0","1","0","0","0","0","0","0","0","1","1","0","0","0","0","0","0","0","0","0","0","0","1","0","0","0","0","0","0","0","0","0","0","0","0","0","1","0","0","0","0","0","1","0","0","0","0","0","0","0","0","0","0","0","0","0","0","0","0","0","0","0","0","0","0","0","0","0","0","0","0","0","1","0","0","0","0","0","0","0","0","0","0","0","0","0","0","0","1","0","0","0","0","0","0","0","1","0","0","0","0","0","0","0","0","0","0","95","4","1","4","0","1","1","0","0","0","0","0","1","0","0","23","2","0","0","0","1","2","0","12","0","0","0","5","0","0","0","0","0","0","1","0","0","1","0","0","0","2","0","0","0","0","0","0","0","0","0","0","0","0","0","4","0","0","3","1","3"
"District 16 - Absentee","1081","28","3","0","24","0","0","6","8","0","1","4","0","0","0","33","2","1","18","0","1","7","40","0","0","2","0","0","0","1","115","7","17","0","2","19","55","1","3","0","0","1","0","0","13","1","3","0","0","1","0","0","0","0","0","1","0","0","11","2","0","0","1","0","0","1","1","0","0","0","0","0","2","2","0","0","0","0","1","0","0","2","0","1","0","0","1","0","2","0","0","0","0","0","0","0","0","0","4","0","0","1","0","0","0","0","0","1","1","1","0","9","2","0","0","0","0","0","1","1","0","2","0","0","0","0","0","0","0","0","0","0","0","1","1","0","0","0","0","1","1","0","0","0","0","0","0","0","1","0","0","1","2","0","0","0","0","0","0","0","0","7","6","0","0","0","0","0","1","0","0","0","0","1","0","0","0","0","0","0","0","1","0","0","1","0","0","1","0","0","0","1","0","0","0","0","0","0","0","0","0","0","0","0","0","0","0","0","0","510","9","1","2","1","1","2","1","0","0","0","0","1","1","0","60","5","2","0","0","7","1","0","15","0","1","1","7","0","7","1","1","0","0","5","1","0","6","0","0","2","3","0","1","2","0","0","0","0","0","0","2","0","0","0","6","0","0","12","4","1"
"District 16 - Early Voting","726","27","6","0","24","0","0","6","10","0","0","2","0","0","0","25","8","1","13","0","2","8","39","0","3","0","0","0","2","2","87","8","10","0","1","11","34","1","0","2","0","0","0","0","8","2","0","0","0","0","0","0","1","0","0","0","0","0","2","1","0","0","1","0","0","0","1","0","0","0","0","0","0","0","0","0","1","0","0","0","0","1","0","1","0","0","1","0","0","0","0","0","1","0","0","0","0","0","3","0","1","0","1","0","0","1","0","0","0","0","0","1","1","0","0","0","0","0","2","0","0","0","0","0","0","1","0","0","0","0","0","0","0","0","1","1","0","0","0","0","2","0","0","0","0","0","0","0","0","0","0","3","0","0","0","0","0","0","0","0","0","2","3","0","0","0","0","0","0","0","0","0","0","0","0","1","0","0","0","0","0","0","0","0","0","0","0","0","0","0","0","1","0","0","0","0","0","0","0","1","0","0","0","0","0","0","0","0","0","550","8","2","4","0","0","0","0","0","1","0","0","0","0","0","56","2","2","0","0","11","1","1","17","0","2","2","9","0","15","0","0","0","0","3","1","0","8","0","4","0","2","0","1","1","0","1","0","0","0","1","4","0","0","1","6","0","0","10","2","4"
"District 16  - Question","62","5","0","0","7","0","0","0","2","0","0","0","1","0","1","3","1","0","1","0","0","2","5","0","1","0","0","0","0","1","7","0","2","0","0","1","5","0","1","0","0","1","0","0","1","1","1","0","0","0","0","0","0","0","0","0","1","0","2","0","0","0","0","0","0","0","0","0","1","0","0","0","0","0","0","0","0","0","0","0","0","2","1","0","0","0","0","0","0","0","0","0","0","0","0","0","1","0","2","2","0","0","0","0","0","0","0","0","0","0","0","0","0","0","0","0","0","0","0","0","0","0","0","0","0","0","0","0","1","0","0","0","0","0","1","0","0","0","1","0","0","0","0","0","0","0","0","0","0","0","0","0","0","0","0","0","0","0","0","0","0","1","1","0","0","0","0","1","1","0","0","0","0","0","0","0","0","0","0","0","0","0","1","1","0","0","0","0","0","0","0","0","0","0","0","0","0","0","0","0","0","0","0","0","0","0","0","0","0","105","1","0","3","0","1","1","1","0","1","0","0","2","0","0","18","2","1","0","1","3","0","0","4","0","0","0","4","0","2","0","2","0","0","0","0","0","2","0","0","0","4","0","0","1","0","0","0","0","0","0","0","0","0","2","3","0","0","1","1","3"
"District 17 - Absentee","1162","31","4","1","25","1","1","6","13","0","3","2","3","0","1","29","3","0","18","1","0","13","28","0","3","1","0","0","0","0","131","5","12","0","0","27","50","0","5","0","0","0","1","0","9","5","2","0","0","0","0","0","0","0","0","0","0","0","7","3","0","0","0","0","0","0","0","0","0","1","1","0","0","0","0","0","0","0","0","0","0","2","1","0","0","0","1","0","1","0","0","1","0","0","0","0","0","0","2","1","0","0","0","1","0","0","0","1","0","1","0","5","2","0","0","1","0","0","1","1","0","1","0","0","1","1","0","0","0","0","1","0","0","0","1","0","0","0","1","2","0","0","0","0","0","0","0","0","0","0","0","4","0","0","0","0","0","0","0","0","0","8","6","1","1","0","0","1","3","1","0","0","0","0","1","0","0","0","0","2","0","0","0","0","0","0","0","0","0","0","0","2","1","0","0","0","0","0","0","0","0","0","0","0","0","0","0","0","0","439","14","0","4","0","0","1","0","0","0","0","0","0","0","0","51","0","1","0","1","8","1","0","24","0","2","0","7","0","4","2","0","0","0","0","0","0","5","0","1","0","2","0","2","2","0","0","0","0","0","0","2","0","1","0","5","1","0","12","2","6"
"District 17 - Early Voting","984","25","7","0","38","0","1","5","11","0","1","5","1","0","1","33","4","1","24","0","2","11","37","0","1","0","0","0","0","2","107","6","17","0","3","16","54","0","0","1","2","0","0","0","6","4","3","0","2","0","0","0","0","0","0","0","1","0","6","1","1","0","1","1","0","1","1","0","0","0","1","0","0","0","0","0","0","0","0","0","0","1","0","1","0","0","1","1","0","1","0","0","0","0","0","0","0","0","3","1","0","1","0","0","0","2","0","0","0","1","0","2","0","0","0","1","0","0","1","1","0","0","0","0","0","1","0","0","0","0","0","0","0","0","1","0","0","0","0","0","0","0","0","0","1","0","0","0","0","0","0","0","0","0","1","0","0","0","0","0","0","1","7","0","0","0","0","0","1","0","0","0","0","0","1","0","0","0","1","0","0","0","1","0","0","1","1","0","0","0","1","0","0","0","0","0","0","0","0","0","0","0","0","0","0","0","0","0","0","463","4","0","1","0","1","0","0","0","0","0","1","1","0","0","49","1","1","0","1","13","2","0","30","0","1","1","12","0","10","0","0","0","0","1","0","0","6","0","0","0","4","0","1","1","0","0","0","0","1","1","4","0","1","2","9","0","0","4","2","10"
"District 17  - Question","111","5","1","0","12","1","0","1","2","0","1","0","1","0","0","7","0","0","12","0","0","2","8","0","0","0","0","0","0","1","10","0","3","0","1","0","7","0","0","0","0","0","0","0","3","2","1","0","1","1","1","0","0","0","0","0","2","0","1","2","0","0","0","0","0","0","0","0","2","0","0","0","0","0","0","0","0","0","2","0","0","0","0","0","0","0","1","0","0","0","0","0","0","0","0","0","0","0","0","0","0","0","0","0","0","0","0","0","0","0","0","2","0","0","0","1","0","0","0","0","0","0","0","0","0","1","0","0","0","0","0","0","0","0","0","1","0","0","0","0","1","0","0","0","0","0","0","0","0","0","0","1","0","0","0","0","0","0","0","0","0","3","1","1","1","0","0","1","0","0","0","0","0","0","1","0","0","0","0","0","0","0","0","0","0","0","0","0","0","0","0","0","0","0","0","0","0","0","0","0","0","0","0","0","0","1","0","0","0","98","0","1","2","0","2","0","2","0","1","0","0","0","0","0","23","0","0","0","0","2","2","0","4","1","1","1","6","0","2","0","1","0","0","0","0","0","2","1","0","0","2","0","4","0","0","0","0","0","0","0","0","0","0","0","5","0","0","4","0","11"
"District 18 - Absentee","511","13","1","0","16","2","0","1","6","0","1","2","2","0","1","19","2","0","8","0","0","8","17","1","2","0","0","0","1","1","42","2","5","0","0","11","42","1","1","0","0","0","0","0","8","0","4","0","1","0","1","0","0","0","1","0","0","0","10","1","0","0","1","0","0","0","0","0","0","0","0","0","0","0","0","1","0","0","0","0","0","0","1","0","0","0","0","0","0","0","1","0","0","0","0","1","0","0","2","2","0","0","0","0","0","3","0","0","0","1","0","4","1","0","0","0","0","0","0","0","0","0","0","0","1","1","0","0","0","0","0","0","0","0","0","0","0","0","0","0","1","0","2","0","0","0","0","0","0","0","0","2","0","0","0","1","0","0","0","0","0","2","0","0","0","0","0","0","0","0","0","0","0","0","1","0","0","0","0","0","0","0","0","0","0","0","0","1","0","0","0","0","0","0","0","0","0","0","0","0","0","0","0","0","0","0","0","0","0","571","9","1","1","0","2","1","1","0","0","0","0","0","0","0","82","3","1","0","2","10","6","0","47","0","0","0","14","1","11","1","1","0","0","2","0","0","9","0","0","1","1","0","0","2","1","0","0","0","0","0","2","0","0","1","4","0","0","5","1","2"
"District 18 - Early Voting","177","6","0","0","8","0","0","0","0","0","0","0","1","0","0","9","1","0","4","1","0","2","5","0","0","0","0","0","0","0","15","4","1","0","0","1","15","0","0","1","1","0","0","0","2","1","0","0","0","0","0","0","1","0","0","0","0","0","2","0","0","0","0","0","0","0","0","0","0","0","0","0","0","0","0","0","0","0","0","0","0","0","0","0","0","0","0","0","0","1","0","0","0","0","0","0","0","0","5","0","0","0","0","0","0","0","0","0","0","1","0","1","0","0","0","0","0","0","0","0","0","0","0","0","0","0","0","0","0","0","0","0","0","0","0","0","0","0","0","0","0","0","0","0","0","0","0","0","0","0","0","1","0","0","0","0","0","0","0","0","0","1","5","0","0","0","0","0","0","0","0","0","0","0","0","0","0","0","0","0","0","0","0","0","0","1","0","0","0","0","0","0","0","0","0","0","0","0","0","0","0","0","0","0","0","0","0","0","0","172","0","0","1","0","0","0","1","0","0","0","0","0","0","0","17","1","0","0","0","5","1","0","17","0","2","0","2","0","5","0","0","0","0","1","0","0","3","0","0","0","1","0","0","1","0","0","0","0","1","0","1","0","0","0","0","0","0","0","1","1"
"District 18  - Question","131","14","3","0","10","0","0","1","2","0","2","0","0","0","1","7","0","0","7","1","0","0","4","0","0","0","0","0","0","0","4","0","3","0","0","2","3","0","1","0","0","0","0","0","10","1","4","0","2","0","2","0","0","0","1","0","1","0","2","1","0","0","0","0","0","0","0","0","0","0","0","0","0","0","0","0","0","0","0","0","0","0","0","0","1","1","0","0","0","0","0","0","0","0","0","0","0","0","4","1","1","2","0","0","0","1","0","0","0","0","0","3","0","0","0","1","0","0","0","0","1","0","0","1","0","0","0","1","0","0","0","0","0","0","0","0","0","0","0","0","0","0","0","0","0","0","0","0","0","0","0","1","1","0","0","0","0","2","0","0","0","1","1","0","0","0","0","0","0","0","0","0","0","0","0","0","0","0","0","0","0","0","0","0","0","0","0","0","0","0","0","0","0","0","0","0","0","0","0","0","0","0","0","0","0","0","0","1","0","361","9","2","4","0","1","0","0","0","1","0","0","2","4","0","75","8","0","0","0","17","1","0","51","0","2","0","12","0","8","1","1","0","0","1","0","0","10","0","0","0","1","0","0","0","0","2","0","0","0","0","3","0","0","1","5","0","0","3","1","3"
"District 19 - Absentee","532","28","2","0","13","0","0","4","15","0","2","2","1","0","1","17","1","0","7","0","0","8","23","0","3","0","0","0","0","1","48","4","9","0","1","14","23","0","3","0","0","0","0","0","10","1","1","0","3","0","0","0","1","0","0","0","1","0","4","0","0","0","0","1","0","0","1","0","0","0","0","0","0","1","0","0","0","0","0","0","0","0","0","0","0","0","0","0","1","0","1","1","0","0","0","0","0","0","1","0","0","0","0","0","0","1","0","0","0","0","0","1","2","0","0","0","0","0","0","1","0","1","0","0","0","0","0","0","0","0","0","0","0","0","0","0","0","0","0","3","0","0","0","0","0","0","0","0","0","0","0","1","0","0","0","0","0","0","0","0","0","6","6","0","1","0","0","0","1","1","0","0","0","0","0","0","0","0","0","1","0","0","0","0","0","1","0","0","0","0","0","3","0","0","0","1","0","0","0","0","0","0","0","0","0","0","0","1","0","204","10","2","3","0","1","0","0","0","0","0","0","0","0","0","28","4","0","0","1","7","2","0","11","1","2","0","15","0","5","0","0","0","0","0","0","0","2","0","1","0","3","0","2","0","0","0","0","0","0","0","2","0","0","1","1","0","0","3","1","10"
"District 19 - Early Voting","336","11","1","0","5","0","0","2","13","0","1","1","1","0","1","10","0","0","4","0","1","2","21","0","1","0","0","0","0","2","51","3","6","0","0","9","25","0","2","0","0","0","0","0","2","2","0","0","0","1","0","0","2","0","0","1","1","0","1","0","0","0","0","0","0","0","2","0","0","1","0","0","0","0","0","0","0","0","0","0","0","0","0","0","0","1","0","0","0","0","0","1","0","0","0","1","0","0","1","0","0","0","0","0","0","0","0","0","0","0","0","1","0","0","0","0","0","0","0","0","0","0","0","1","3","0","0","0","0","0","0","0","0","0","0","1","0","0","0","0","0","0","0","0","0","0","0","0","0","0","0","0","0","0","0","0","0","0","0","0","0","4","4","1","1","0","0","0","0","0","0","0","0","0","0","0","0","0","0","0","0","0","0","0","0","1","0","1","0","0","0","0","0","0","0","0","0","0","1","0","0","0","0","0","0","0","0","0","0","202","4","1","0","0","0","0","0","0","1","0","0","0","0","0","26","2","0","0","1","4","0","1","5","0","1","1","10","0","6","0","1","0","1","2","0","0","1","0","0","0","4","0","1","1","0","0","0","0","0","0","1","0","0","0","2","0","0","2","3","1"
"District 19  - Question","123","6","1","0","3","0","0","1","11","0","0","0","1","0","1","3","0","0","0","0","0","1","7","0","0","1","0","0","0","0","4","1","2","0","0","2","1","0","0","0","0","0","1","0","2","2","0","0","1","0","3","0","0","0","0","1","0","0","3","1","0","0","0","0","0","0","0","0","0","1","1","0","0","0","0","0","0","0","1","1","0","0","0","0","0","0","0","0","0","0","0","0","0","0","0","0","0","0","2","0","0","1","0","0","0","1","0","0","1","0","0","0","0","1","0","0","0","0","0","0","0","0","0","0","0","0","0","0","0","0","0","0","0","0","0","0","0","0","0","0","0","0","0","0","0","0","1","0","0","0","0","0","0","0","0","0","0","1","0","0","0","2","2","0","0","0","0","0","0","0","0","0","0","0","0","0","1","0","0","0","0","0","0","0","0","0","0","0","0","0","0","0","0","0","0","0","0","0","0","0","0","0","0","0","0","0","0","0","0","117","4","0","0","0","1","0","1","0","0","1","0","0","0","0","17","0","0","1","2","0","2","0","4","0","1","1","7","2","3","1","1","0","0","3","1","0","1","1","0","0","4","0","3","0","1","0","3","0","1","0","3","0","0","0","2","0","0","3","2","7"
"District 2 - Absentee","1771","57","15","0","39","1","0","5","12","0","0","6","2","0","2","52","4","0","26","3","0","16","54","0","7","3","0","0","0","1","178","17","26","0","2","28","101","1","4","1","0","1","0","0","7","4","2","0","4","0","1","0","0","0","0","0","9","0","17","7","0","0","3","0","0","0","0","0","2","2","0","0","0","1","0","1","0","0","0","3","0","0","3","0","1","0","2","1","1","0","0","0","1","0","0","0","1","0","13","3","1","1","2","0","0","7","0","0","0","1","0","4","4","0","0","1","0","0","2","0","0","0","0","0","2","0","0","1","0","0","0","3","0","1","1","0","0","0","0","0","0","0","0","2","1","0","0","0","0","0","0","0","0","0","0","0","0","0","0","0","0","13","13","1","1","0","0","1","1","0","0","0","0","1","3","1","0","0","1","1","0","1","0","0","0","2","1","0","0","0","0","0","0","0","0","0","0","0","0","0","0","0","0","0","0","0","0","1","0","1590","9","1","3","0","4","1","0","0","1","0","1","0","2","0","185","4","2","0","4","30","2","0","83","0","9","7","25","0","22","0","0","0","0","9","0","0","11","0","0","1","2","0","0","4","0","0","1","0","1","1","3","0","0","0","8","0","1","25","3","18"
"District 2 - Early Voting","25","1","1","0","3","0","0","0","0","0","0","0","0","0","0","0","0","0","0","0","0","1","1","0","0","1","0","0","0","0","2","1","1","0","0","0","1","0","0","0","0","0","0","0","1","0","0","0","1","0","0","0","0","0","0","0","0","0","0","0","0","0","0","0","0","0","0","0","0","0","0","0","0","0","0","0","0","0","0","0","0","1","0","0","0","0","0","0","0","0","0","0","0","0","0","0","0","0","0","0","0","0","0","0","0","0","0","0","0","0","0","0","0","1","0","0","0","0","0","0","0","0","0","0","0","0","0","0","0","0","0","0","0","0","0","0","0","0","0","0","0","0","1","0","0","0","0","0","0","0","0","0","0","0","0","0","0","0","0","0","0","0","0","0","0","0","0","0","0","0","0","0","0","0","0","0","0","0","0","0","0","0","0","0","2","0","0","0","0","0","0","0","0","0","0","0","0","0","0","0","0","0","0","0","0","0","0","0","0","24","0","0","1","0","0","0","0","0","0","0","0","0","0","0","0","0","0","0","0","1","0","0","0","0","1","0","0","0","2","0","0","0","0","0","0","0","1","0","0","0","0","0","0","0","0","0","0","0","0","0","0","0","0","0","0","0","0","0","0","1"
"District 2  - Question","49","0","0","0","11","0","1","1","2","0","0","0","0","0","0","4","0","0","4","0","0","0","4","0","0","0","0","0","1","0","12","0","2","0","0","0","2","0","0","0","0","0","0","0","3","0","0","0","1","0","0","0","0","0","0","1","1","0","2","2","0","0","0","0","1","0","0","0","0","0","0","0","0","0","0","0","0","0","0","0","0","0","0","0","0","0","0","0","0","1","0","1","0","0","0","0","0","0","0","0","1","1","0","0","0","0","0","0","0","0","0","1","0","0","0","0","0","0","0","0","0","0","0","0","0","0","0","0","0","0","0","0","0","0","0","0","0","0","0","0","1","0","0","0","0","0","0","0","0","0","0","1","0","0","0","0","0","0","0","0","0","0","3","0","0","0","0","1","0","0","0","0","0","0","0","1","0","0","0","0","0","0","0","0","0","0","0","0","0","0","0","0","1","0","0","0","0","0","0","0","0","0","0","0","0","0","0","0","0","95","2","3","1","0","0","0","0","0","0","0","1","0","3","0","20","0","0","0","0","0","1","0","12","0","1","0","3","0","0","0","1","0","0","1","0","0","1","0","0","0","0","0","0","0","1","0","1","0","0","1","0","0","0","0","0","0","0","2","0","5"
"District 20 - Absentee","795","20","5","0","12","2","0","5","22","1","4","4","1","0","1","26","2","0","13","1","0","10","19","0","0","1","0","0","0","1","96","5","22","0","6","27","36","0","1","0","1","0","0","0","9","3","0","0","4","0","0","0","0","0","0","1","0","0","7","3","0","0","0","0","0","0","1","0","0","0","0","0","0","0","0","0","1","0","1","0","0","0","0","0","0","0","0","0","0","0","0","0","0","0","0","0","0","0","2","0","0","1","0","0","0","1","0","1","0","0","0","2","1","0","0","0","0","0","0","0","0","0","0","0","0","0","0","0","1","0","0","0","0","2","0","0","0","0","0","0","1","0","0","0","1","0","0","0","0","0","0","0","1","0","0","0","0","0","0","0","0","3","6","0","0","0","0","0","1","0","0","0","0","0","0","0","0","0","0","0","1","0","0","0","0","0","0","1","0","0","0","2","0","0","0","1","0","0","0","1","0","0","0","0","0","0","0","0","0","447","5","0","2","0","1","1","3","0","0","0","0","0","1","0","51","0","5","0","1","10","0","0","22","0","1","0","14","0","7","0","1","0","0","0","0","0","8","0","1","1","3","0","0","0","0","0","0","0","0","0","5","0","0","0","3","0","0","6","5","3"
"District 20 - Early Voting","425","23","3","0","12","0","0","4","11","0","1","1","2","0","1","21","5","0","10","1","0","6","24","0","1","1","0","0","1","2","52","4","16","1","3","17","29","1","2","0","0","2","0","0","1","0","3","0","0","0","0","0","0","0","0","0","0","0","3","3","0","0","0","0","0","0","1","0","0","0","0","0","0","0","0","0","0","0","0","0","0","0","1","0","0","0","0","0","0","1","0","0","0","0","0","1","0","0","1","0","0","0","0","0","0","0","0","0","0","0","0","2","2","0","0","1","0","0","0","0","0","0","0","0","0","0","0","0","1","0","2","0","0","0","0","0","0","0","0","0","0","0","0","0","0","0","0","0","0","0","0","2","0","0","0","0","0","0","0","0","1","0","8","0","1","0","0","1","1","0","0","0","0","1","0","0","0","0","0","1","0","0","0","0","0","0","0","0","0","0","0","0","0","0","0","0","0","0","1","0","0","0","0","0","0","0","0","0","0","422","6","1","1","0","0","0","1","0","1","0","0","1","0","0","50","3","0","0","1","8","4","0","14","1","1","1","14","1","16","0","0","0","0","2","0","0","8","0","2","0","1","0","0","0","0","3","0","0","2","0","3","0","1","0","1","0","0","3","1","4"
"District 20  - Question","83","9","0","0","8","0","0","2","7","0","0","1","0","0","1","6","0","0","3","2","0","1","2","0","1","0","0","0","0","1","12","2","6","0","0","1","5","0","1","0","1","0","0","0","6","0","0","0","0","0","0","0","0","0","1","1","1","0","2","0","0","0","0","0","0","0","0","0","0","0","0","0","0","1","0","0","0","0","0","0","0","0","0","0","0","0","1","0","0","0","0","0","0","0","0","0","0","0","1","0","0","0","0","0","0","0","0","0","0","0","0","3","0","0","0","0","0","0","0","0","0","0","0","0","0","0","0","0","0","0","0","1","0","0","0","1","0","0","0","0","0","0","0","0","0","1","0","0","0","0","0","0","0","0","0","0","0","0","0","0","1","1","2","0","0","0","0","0","0","0","0","1","0","0","0","0","0","0","0","1","0","0","0","0","0","0","0","0","0","0","0","0","0","0","0","0","0","0","0","0","0","0","0","0","0","0","0","0","0","102","7","1","3","0","3","1","0","0","1","0","0","0","1","0","18","1","0","0","0","1","1","0","10","1","0","0","12","0","2","0","0","0","0","1","1","0","2","0","1","0","2","0","2","0","0","0","0","0","0","0","11","0","0","0","0","0","0","2","0","5"
"District 21 - Absentee","1133","36","5","0","15","1","0","9","10","0","0","1","1","0","0","38","6","0","13","2","0","14","44","1","0","0","0","0","0","3","99","2","22","0","2","31","61","0","1","0","0","2","1","0","8","1","1","0","1","1","0","0","1","0","0","1","0","0","7","5","0","0","0","0","0","0","1","0","0","1","1","0","0","1","0","0","0","0","0","0","0","0","0","0","1","0","1","0","0","0","0","0","0","0","0","0","0","0","7","1","0","0","0","0","0","0","0","0","0","1","0","2","2","0","0","1","0","0","0","1","0","0","1","0","0","0","0","1","0","0","0","0","0","0","0","1","0","0","0","1","0","0","2","0","2","0","0","0","0","0","0","0","0","0","0","0","0","0","0","0","2","9","17","0","1","0","0","3","2","0","0","0","0","1","1","0","0","0","0","0","0","0","0","1","0","1","3","0","0","0","0","2","0","0","0","1","0","0","1","0","0","0","1","1","0","0","0","0","0","615","4","2","4","0","0","1","2","0","0","0","0","1","0","0","71","5","0","0","2","14","1","0","21","0","4","2","15","0","7","0","1","0","2","6","0","0","8","0","0","1","2","0","1","1","0","1","0","0","0","1","4","0","1","0","3","0","0","7","7","3"
"District 21 - Early Voting","538","26","3","0","9","0","0","2","11","0","1","2","0","0","0","27","2","0","14","0","0","5","24","0","4","2","1","0","0","3","51","2","17","0","0","8","35","0","1","0","0","0","0","0","4","0","1","0","1","1","0","0","0","1","1","1","0","0","0","4","0","0","0","0","0","0","0","0","0","0","0","0","0","0","0","0","0","0","0","0","0","0","0","0","1","0","0","0","0","0","0","0","0","0","0","0","0","0","2","1","0","0","0","0","0","0","0","0","0","0","0","1","0","0","0","0","0","0","0","0","0","1","0","0","1","0","0","0","0","0","0","0","0","0","1","0","0","0","0","1","0","0","0","0","0","0","0","0","0","0","0","0","1","0","0","1","0","0","0","0","0","4","8","0","1","0","0","0","1","0","0","0","0","0","0","0","0","0","0","1","0","0","1","0","0","0","0","0","0","0","0","1","0","0","0","0","0","0","0","0","0","0","0","0","0","0","0","0","0","549","3","1","1","0","2","0","0","0","0","0","0","0","0","0","60","1","1","0","1","8","1","0","18","0","1","1","12","0","14","0","0","0","0","1","0","0","4","0","0","0","4","0","0","4","0","1","0","0","2","1","6","0","0","0","2","0","0","4","3","5"
"District 21  - Question","100","5","1","0","5","0","0","0","3","0","0","2","3","0","0","3","0","0","3","1","0","2","7","1","0","0","0","0","0","0","8","4","5","0","1","3","5","0","0","0","1","0","0","0","4","2","1","0","0","0","2","0","1","0","0","1","0","0","3","0","0","0","0","0","0","1","0","0","0","1","0","0","0","0","0","0","0","0","0","0","0","0","0","0","0","0","0","0","0","0","0","1","1","0","0","0","0","0","1","0","0","0","0","0","0","0","0","0","0","0","0","0","1","0","0","1","0","0","1","0","0","0","0","0","1","0","0","0","0","0","0","1","0","0","0","0","0","0","0","0","0","0","0","0","0","1","0","0","0","0","0","0","0","0","0","0","0","1","0","0","0","1","0","0","0","0","0","0","1","0","0","0","0","0","0","0","0","0","0","1","0","0","0","0","0","0","0","0","0","0","0","0","0","0","0","0","0","0","0","0","0","0","0","0","0","0","0","0","0","118","6","2","0","1","0","0","0","0","0","1","0","1","1","0","13","1","0","0","0","0","3","0","14","0","2","0","12","1","3","1","0","0","0","0","1","0","3","0","0","0","2","0","1","0","0","2","1","0","0","0","5","0","0","0","3","0","0","4","0","8"
"District 22 - Absentee","470","21","3","1","21","2","0","3","9","0","0","3","0","0","1","11","2","0","7","0","0","8","20","0","4","2","0","0","0","1","29","1","8","0","1","11","46","0","4","0","1","1","0","0","7","0","3","0","0","1","1","0","2","0","0","0","1","0","3","4","0","0","1","0","0","0","0","0","0","1","0","0","0","1","0","0","1","0","0","0","0","0","0","0","0","0","0","1","0","0","0","1","0","0","0","0","0","0","2","0","0","0","0","0","0","1","0","0","0","1","0","2","0","0","0","0","0","0","0","0","0","0","0","0","1","0","0","0","0","0","0","0","0","0","0","0","0","0","1","1","0","0","0","0","2","1","0","0","1","0","0","1","0","0","0","1","0","1","0","0","0","2","4","0","0","0","0","1","0","0","0","0","0","0","0","0","0","0","0","0","0","0","1","0","0","0","1","0","0","0","1","0","1","0","0","0","0","0","0","0","0","0","0","0","0","0","0","0","0","341","5","1","2","0","1","0","0","0","1","0","0","0","0","0","37","0","0","0","0","4","1","1","20","0","1","1","12","0","10","0","0","0","0","3","1","0","6","0","0","1","5","0","1","0","0","1","0","0","0","0","0","0","0","0","7","0","0","7","3","6"
"District 22 - Early Voting","298","13","2","1","14","2","1","0","7","0","1","1","3","0","0","7","1","0","8","2","0","5","15","0","1","0","0","0","0","0","21","3","5","0","0","8","21","0","0","0","0","0","0","0","1","1","2","1","0","0","1","0","1","0","0","0","0","0","1","0","0","0","0","0","0","0","0","0","0","0","0","0","0","0","0","0","0","0","0","0","0","0","0","0","0","0","0","0","0","0","0","0","1","0","0","0","0","0","2","1","0","0","0","0","0","0","0","0","0","1","0","0","0","0","0","0","0","0","0","0","0","0","0","0","0","0","0","0","0","0","0","0","0","0","0","1","0","0","0","0","0","0","0","0","0","0","0","0","0","0","0","1","0","0","0","0","0","0","0","0","0","3","4","1","0","0","0","0","1","0","0","0","0","0","0","0","0","0","0","0","0","0","0","0","0","1","1","0","0","0","0","1","0","0","0","0","0","0","0","0","0","0","0","0","0","0","0","0","0","358","2","3","4","0","1","0","1","0","0","0","0","1","0","0","28","1","2","0","0","5","0","1","17","1","0","2","6","0","1","0","0","0","1","0","0","1","4","0","0","0","2","0","2","1","0","0","0","0","1","0","2","0","0","0","1","0","0","3","1","3"
"District 22  - Question","54","9","1","0","3","0","0","0","3","0","0","1","1","0","0","6","1","0","3","0","0","0","6","0","0","0","2","0","1","0","6","0","1","0","1","1","5","0","0","0","0","0","0","0","2","2","4","0","0","0","0","0","1","0","0","1","0","0","1","0","0","0","1","0","0","0","0","0","0","0","0","0","1","0","0","0","1","0","0","0","0","0","0","0","0","0","0","0","0","0","0","0","0","0","0","0","0","0","0","0","0","0","0","0","0","0","0","0","0","0","0","0","0","0","0","0","0","0","0","0","0","0","0","0","0","0","0","0","0","0","0","2","0","0","0","0","0","0","0","0","0","0","0","0","0","0","0","0","0","0","0","0","0","0","0","0","0","0","0","0","0","0","0","0","0","0","0","0","0","0","0","0","0","0","0","0","1","0","0","0","0","0","0","1","0","0","0","0","0","0","0","0","0","0","0","0","0","0","0","0","0","0","0","0","0","0","0","0","0","97","6","2","7","0","0","0","2","0","1","0","0","0","3","0","18","2","1","0","0","3","0","0","11","0","1","0","3","0","4","0","0","0","0","0","0","0","7","0","0","0","4","0","1","2","0","0","0","0","0","0","1","0","0","0","6","0","0","3","2","4"
"District 23 - Absentee","952","31","5","0","20","1","0","5","10","0","0","3","1","0","2","29","3","0","9","0","0","20","43","0","1","2","1","0","0","1","74","6","16","0","0","22","52","0","3","0","0","1","1","0","17","3","6","0","2","0","4","0","2","0","0","0","0","0","8","2","0","0","1","1","0","0","0","0","0","0","0","0","0","0","1","0","0","0","0","1","0","0","2","0","1","0","0","0","0","0","0","0","0","0","0","0","1","0","6","2","0","1","5","2","0","0","0","0","0","2","0","17","1","0","0","1","0","0","1","1","0","1","0","1","2","1","0","0","1","0","0","0","0","1","2","0","0","0","0","0","0","0","0","0","1","0","0","0","0","0","0","2","1","1","0","1","0","2","0","0","0","3","4","0","0","0","0","1","3","0","0","0","0","0","0","0","1","0","0","0","0","0","0","0","0","1","1","0","0","0","1","1","0","0","0","0","0","0","0","0","0","0","0","0","0","0","0","0","0","977","8","5","1","0","0","0","1","0","0","0","0","0","1","0","102","5","2","0","2","18","4","0","49","0","6","3","17","0","27","1","0","0","0","10","6","0","14","0","2","0","8","0","2","2","0","0","0","0","0","0","3","0","1","0","4","0","0","15","3","1"
"District 23 - Early Voting","838","32","1","0","27","2","0","9","10","0","0","4","2","0","1","40","4","0","19","1","0","14","29","0","0","2","1","0","0","2","76","3","9","0","0","23","48","0","0","0","1","0","0","0","12","0","3","0","0","2","3","0","1","0","1","0","2","0","12","4","0","0","2","1","0","0","1","0","0","2","2","0","0","3","0","0","0","0","0","1","0","0","0","1","0","0","0","1","0","1","0","0","0","0","0","0","0","0","10","3","0","0","0","0","0","2","0","0","0","1","0","7","4","0","0","0","0","0","0","1","0","0","0","0","1","0","0","0","0","0","0","0","0","1","0","1","0","0","0","0","0","0","0","0","0","0","0","0","0","0","0","7","1","0","0","1","1","0","0","0","1","1","2","1","0","0","0","1","0","0","0","0","0","0","0","0","0","0","0","0","0","0","0","0","0","0","1","1","0","0","0","0","1","0","1","0","0","0","0","0","0","0","0","0","0","0","0","0","0","1745","17","3","11","0","2","0","0","0","0","0","1","0","0","0","189","3","2","0","1","26","5","1","65","0","5","0","31","0","24","0","0","0","0","11","0","1","9","1","2","1","15","0","1","4","0","0","0","0","2","1","4","0","2","0","8","0","0","12","7","1"
"District 23  - Question","53","9","1","0","7","0","0","0","1","0","0","0","0","0","0","2","0","0","0","0","0","1","5","0","0","1","0","0","0","0","1","0","0","0","0","0","10","0","0","0","0","0","0","0","1","0","0","0","1","0","0","0","0","0","0","0","0","0","1","0","0","0","2","0","0","0","0","0","0","0","0","0","0","1","0","0","0","0","0","1","0","0","0","0","0","0","0","0","0","0","0","0","0","0","0","0","0","0","1","0","2","0","0","1","0","0","0","0","0","0","0","1","3","0","0","0","0","0","0","0","0","0","0","0","0","0","0","0","0","0","1","0","0","1","0","0","0","0","0","1","0","0","0","0","0","0","0","0","0","0","0","0","1","0","0","0","0","1","0","0","1","1","1","0","0","0","0","0","0","0","0","0","0","0","0","0","0","0","0","0","0","0","0","0","0","0","0","0","0","0","0","1","0","0","0","0","0","0","0","0","0","0","1","0","0","0","0","0","0","122","2","1","9","0","0","0","0","0","0","0","0","1","0","0","28","1","1","0","0","6","1","0","15","0","0","1","3","0","2","0","0","0","0","3","0","0","4","0","0","1","2","0","0","0","0","0","0","0","0","0","1","0","0","0","2","0","0","0","1","1"
"District 24 - Absentee","615","19","5","0","32","0","1","4","8","0","0","1","0","0","0","30","3","0","8","1","0","8","16","0","4","1","0","0","0","0","43","4","17","0","1","11","33","0","0","0","0","0","0","0","7","1","0","0","0","1","1","0","0","0","1","1","1","0","9","4","0","0","2","0","0","0","1","0","0","4","0","0","0","0","0","0","0","0","0","1","0","1","0","0","0","0","0","0","1","0","0","1","0","0","2","0","0","0","8","1","0","0","2","0","0","1","0","0","0","1","0","9","3","0","0","0","0","0","0","0","1","0","0","0","0","2","0","0","0","0","0","1","0","0","0","0","0","0","1","0","0","0","0","1","1","0","0","0","0","0","0","5","0","0","2","0","0","0","0","0","0","2","6","0","0","0","0","1","0","0","0","0","0","0","0","0","0","0","0","0","0","0","0","0","0","1","0","2","0","0","0","1","0","0","0","0","0","0","1","0","0","0","0","0","0","0","0","0","0","835","8","3","5","0","1","0","0","0","0","0","0","0","0","0","84","3","1","0","1","17","2","0","31","1","6","1","20","0","14","0","0","0","0","5","0","0","8","0","0","1","9","0","1","2","0","0","0","0","0","0","5","0","2","1","9","0","0","14","2","1"
"District 24 - Early Voting","672","29","12","1","26","0","0","3","16","0","0","3","0","0","0","27","3","0","14","0","0","4","36","1","4","0","1","0","0","0","57","3","11","1","1","15","19","1","1","0","0","1","0","0","9","1","1","0","3","0","1","0","0","0","1","0","0","0","3","3","0","0","1","0","0","0","0","0","0","1","0","0","0","0","0","0","0","0","1","0","0","0","1","3","0","0","0","0","0","0","0","0","1","0","0","1","0","0","7","0","0","1","1","1","0","1","0","0","1","0","0","8","7","1","0","0","0","0","1","0","0","0","0","0","0","1","0","0","1","0","1","1","0","0","2","1","1","0","0","0","0","0","0","0","1","0","0","0","0","0","0","1","2","0","0","0","0","0","0","0","0","1","6","0","0","0","0","0","1","1","0","1","0","0","0","0","0","0","0","0","0","0","0","0","0","0","0","0","0","0","0","0","1","0","1","0","0","0","1","0","0","0","0","0","0","0","0","0","0","1789","7","0","3","0","1","1","0","0","0","0","0","0","0","0","154","8","1","0","0","22","3","0","34","1","7","2","30","0","39","1","0","0","0","14","1","0","17","0","4","0","9","0","0","4","0","0","0","0","1","1","1","1","3","0","33","0","1","12","4","4"
"District 24  - Question","50","3","1","0","5","0","0","0","0","0","0","0","1","0","0","4","0","0","4","0","0","1","4","0","0","0","0","0","0","0","7","1","2","0","0","1","1","0","0","0","0","0","0","0","1","0","0","0","0","1","0","0","0","0","0","0","0","0","6","0","0","0","0","0","0","0","0","0","0","0","0","0","0","0","0","0","0","0","0","0","0","0","0","0","1","0","0","0","0","1","0","0","0","0","0","0","0","0","2","0","0","0","1","0","0","0","0","0","0","1","0","1","0","0","0","0","0","0","0","0","0","0","0","0","1","0","0","0","0","0","0","0","0","1","1","0","0","0","0","0","0","0","0","0","0","1","0","0","0","0","0","0","3","1","0","0","0","0","0","0","0","0","0","0","0","0","1","0","0","0","0","0","0","0","0","0","0","0","0","0","0","0","0","0","0","0","0","0","0","0","0","0","0","0","0","0","0","0","0","0","0","0","0","0","0","0","0","0","0","141","1","0","1","0","0","0","0","0","1","0","0","0","1","0","26","1","2","0","0","3","1","0","8","0","0","2","6","0","7","1","0","0","0","1","0","0","1","0","0","1","3","0","0","1","0","0","0","0","0","0","3","0","1","0","8","0","0","4","1","0"
"District 25 - Absentee","463","10","1","0","17","0","0","1","4","0","0","2","2","0","1","14","2","0","10","0","0","5","17","0","1","0","0","0","0","1","42","3","9","0","0","13","29","0","0","0","0","0","0","0","3","2","0","0","1","0","1","0","0","0","0","0","0","0","9","2","0","0","0","0","0","0","0","0","0","1","0","0","0","1","0","0","0","0","0","0","0","0","1","0","0","1","0","0","0","0","0","0","0","0","0","0","0","0","7","1","0","0","1","0","0","0","0","1","0","0","0","3","1","0","0","0","0","0","0","0","0","0","0","0","1","0","0","0","0","0","0","0","0","0","0","0","0","0","0","0","2","0","0","0","0","1","0","0","1","0","0","4","0","0","0","1","1","0","0","0","0","3","6","0","3","0","0","1","0","0","0","0","0","0","0","0","0","0","0","0","0","0","0","0","0","0","1","0","0","0","0","0","0","0","0","0","0","0","0","0","0","0","0","0","0","0","0","0","0","686","1","2","5","0","1","0","1","0","0","0","0","1","0","0","81","2","1","0","1","8","1","0","25","0","0","1","12","0","6","2","0","0","0","3","2","0","6","0","0","0","4","0","1","2","0","0","0","0","0","0","5","0","0","0","5","0","0","13","6","5"
"District 25 - Early Voting","717","23","11","0","43","3","0","3","10","0","4","6","1","0","0","41","2","0","20","0","0","17","34","0","2","1","0","0","1","0","89","8","12","0","2","16","39","0","1","0","0","0","1","0","10","1","2","0","1","0","2","0","0","0","1","1","1","0","18","2","0","0","1","0","0","0","2","0","0","2","0","0","1","1","0","0","0","0","0","0","0","1","1","0","0","0","0","0","0","0","1","1","1","0","0","0","1","0","5","2","0","0","1","0","0","2","0","2","0","1","0","2","1","0","0","0","0","0","0","0","0","0","1","0","1","0","0","0","0","0","0","1","0","2","0","0","0","0","0","1","0","0","0","0","2","2","0","0","0","0","0","1","0","0","0","0","1","1","1","0","0","3","5","0","0","0","0","1","0","0","0","0","0","0","0","0","0","0","0","0","0","0","1","0","0","0","1","0","0","0","1","1","0","0","0","0","0","0","0","0","0","0","0","0","0","0","0","0","0","1825","8","0","3","0","0","0","1","0","1","0","0","0","2","0","157","5","4","0","0","19","0","0","61","1","6","1","24","1","27","1","0","0","0","10","1","0","9","0","3","0","18","0","1","1","0","0","0","0","1","1","0","0","0","1","17","0","0","9","3","2"
"District 25  - Question","47","5","3","0","8","1","0","0","3","0","0","0","1","0","0","1","0","0","5","0","0","0","4","0","0","0","0","0","0","0","2","0","0","0","0","1","4","0","1","0","0","0","0","0","2","0","0","0","1","1","1","0","0","0","0","0","0","0","3","1","0","0","0","0","0","0","0","0","0","1","0","0","0","0","0","0","0","0","0","0","0","0","0","0","0","0","0","0","0","0","0","0","0","0","0","0","0","0","3","0","0","1","1","0","0","2","0","0","0","1","0","1","0","0","0","0","0","0","0","0","0","0","0","0","0","0","0","0","0","0","0","0","0","0","0","0","0","0","0","0","0","0","0","0","0","0","0","0","0","0","0","2","0","0","0","0","0","0","0","0","0","0","1","0","0","0","0","0","0","0","0","0","0","0","1","0","0","0","0","0","0","0","0","0","0","0","1","0","0","0","0","0","0","0","0","0","0","0","0","0","0","0","0","0","0","0","0","0","0","218","4","0","1","0","2","0","2","0","0","0","0","0","0","0","33","1","0","0","0","1","2","0","18","1","1","0","10","0","9","0","1","0","0","1","1","0","1","0","0","0","5","0","1","0","1","0","0","0","0","0","5","0","0","0","3","0","1","2","0","2"
"District 26 - Absentee","322","13","1","0","7","0","0","2","3","0","0","1","0","0","0","15","2","1","4","0","0","2","15","0","2","0","0","0","0","0","25","0","5","0","0","7","20","0","0","0","0","0","0","0","3","2","0","0","0","0","1","0","0","0","0","0","0","0","5","2","0","0","0","0","0","0","1","0","0","0","0","0","0","2","0","0","0","0","0","0","0","0","0","0","0","0","0","0","0","0","0","0","0","0","0","0","0","0","0","1","0","0","0","0","0","1","0","0","0","1","0","0","1","0","0","0","0","0","0","2","0","0","0","0","0","0","0","0","0","0","0","0","0","1","0","0","0","0","0","0","0","0","0","0","0","0","0","0","0","0","0","1","1","0","0","0","0","0","0","0","0","2","2","0","0","0","0","0","1","0","0","0","0","0","0","0","0","0","0","0","0","0","0","0","1","0","0","0","0","0","0","0","0","0","0","0","0","0","0","0","0","0","0","0","0","0","0","0","0","694","0","0","0","0","1","0","0","0","0","0","0","0","0","0","92","1","1","0","1","18","1","0","36","0","2","0","17","0","13","0","0","0","0","3","1","0","8","0","0","0","3","0","3","0","0","0","0","0","0","0","0","0","0","1","2","0","0","5","2","4"
"District 26 - Early Voting","335","9","0","0","19","0","0","2","6","0","0","1","0","0","0","18","2","0","14","0","0","8","18","0","1","1","0","0","0","1","24","4","10","0","2","8","28","0","2","0","0","0","1","0","2","0","2","0","0","0","0","0","1","0","0","0","3","0","6","1","0","0","1","0","0","0","0","0","0","1","0","0","1","0","0","0","0","0","0","0","0","0","3","0","0","0","1","0","0","0","1","0","1","0","0","0","0","0","5","0","0","0","1","0","0","1","0","0","0","2","0","3","2","0","0","0","0","0","0","0","0","0","0","0","1","0","0","0","0","0","0","0","0","0","0","0","0","0","0","0","0","0","0","0","0","0","0","0","0","0","0","0","0","1","0","0","0","0","0","0","0","1","1","2","0","0","0","0","0","0","0","0","0","0","0","0","1","0","0","1","0","0","0","0","0","0","0","0","0","0","1","0","0","0","0","0","0","0","1","0","0","0","0","0","0","0","0","0","0","1728","3","1","0","0","1","1","1","0","0","0","0","0","3","0","186","5","3","0","1","26","2","0","78","0","7","0","18","0","16","1","1","0","0","11","2","0","13","0","1","0","1","0","0","2","0","0","0","0","1","0","1","0","0","0","10","0","0","7","2","3"
"District 26  - Question","41","3","1","0","6","0","0","0","1","0","0","0","0","0","0","3","0","0","1","0","0","0","2","0","0","0","0","0","0","0","4","0","2","0","0","3","4","0","1","0","0","0","0","0","2","0","0","0","0","0","0","0","0","0","0","1","0","0","2","1","0","0","1","0","0","0","0","0","0","0","0","0","0","0","0","0","0","0","0","1","0","0","0","0","0","0","0","0","0","0","0","0","1","0","0","0","0","0","1","0","0","0","0","0","0","2","0","0","0","0","0","1","0","0","0","1","0","0","0","0","0","0","0","0","0","0","0","1","0","0","0","0","0","1","0","0","0","0","0","0","0","0","0","0","0","0","0","0","0","0","0","0","0","0","1","0","1","0","0","0","0","1","0","0","1","0","0","0","0","0","0","0","0","0","0","0","0","0","0","0","0","0","0","0","0","0","0","0","0","0","0","0","0","0","0","0","0","0","0","0","0","0","0","0","0","0","0","0","0","238","0","1","1","0","1","0","0","0","0","0","0","0","2","0","26","0","0","0","0","4","1","0","18","0","2","1","10","0","7","0","1","0","0","0","1","0","7","0","0","0","1","0","1","0","0","0","0","0","0","0","4","0","0","0","2","0","0","2","2","1"
"District 27 - Absentee","259","10","3","0","2","0","1","2","4","0","0","1","0","0","0","8","1","0","1","1","0","9","21","0","0","0","0","0","0","0","29","3","5","0","0","8","26","0","2","1","0","1","0","0","2","1","0","0","1","0","0","0","0","0","0","0","0","0","8","0","0","0","0","0","1","0","0","0","0","1","0","0","0","1","0","0","0","0","0","0","0","0","0","0","0","0","1","0","0","0","0","0","0","0","1","0","0","0","3","1","0","0","0","0","0","0","0","0","0","1","0","3","0","3","0","1","0","0","0","0","0","0","0","1","0","0","0","0","0","0","0","0","0","0","0","0","0","0","1","0","0","0","0","1","0","0","0","0","0","0","0","0","0","0","0","1","0","1","0","0","1","2","2","0","0","0","0","0","0","0","0","0","0","0","0","0","0","0","0","0","0","0","0","0","0","0","0","0","0","0","0","0","0","0","0","0","0","0","0","0","0","0","0","0","0","0","0","0","0","678","4","0","1","0","2","0","0","0","1","0","0","0","0","0","74","3","1","0","0","9","2","0","25","0","3","1","25","0","9","0","0","0","0","5","0","0","3","0","3","1","9","0","0","2","0","0","0","0","0","0","2","0","4","0","1","0","0","6","0","0"
"District 27 - Early Voting","381","5","0","0","13","0","0","1","7","0","0","2","1","0","2","12","3","0","5","1","0","8","25","1","4","0","1","0","1","2","29","3","1","0","0","9","33","1","1","0","0","0","0","0","5","0","0","0","1","0","1","0","1","0","0","0","2","0","4","3","0","0","0","0","1","0","0","0","0","1","1","0","0","0","0","0","0","0","0","0","0","1","1","0","0","0","0","0","0","1","1","1","0","0","0","0","0","0","7","1","0","0","0","0","0","1","0","0","0","2","0","5","0","1","0","0","0","0","0","0","0","0","0","0","0","0","0","0","0","0","0","0","0","1","0","0","0","0","0","0","1","0","0","0","1","2","0","0","1","1","0","2","0","0","0","1","0","1","0","0","0","0","3","0","0","0","0","0","0","0","0","0","0","0","1","0","0","0","0","0","0","0","0","0","0","0","0","0","0","0","0","0","0","0","0","0","0","0","0","0","0","0","0","0","0","0","0","0","0","1681","7","0","3","0","2","1","0","0","1","0","0","0","1","0","192","5","5","0","2","31","0","0","50","0","6","1","32","0","23","3","0","0","0","8","1","0","18","1","2","3","17","1","0","1","0","0","1","0","1","2","4","0","2","1","6","1","0","5","6","4"
"District 27  - Question","29","3","1","0","3","0","0","0","4","0","1","1","0","0","2","2","1","0","1","0","0","1","2","0","0","0","0","0","0","0","4","0","3","0","0","2","6","0","0","0","0","0","0","0","3","0","2","0","0","0","0","0","0","0","0","0","1","0","2","0","0","0","0","0","0","1","0","0","0","0","0","0","0","0","0","0","0","0","1","0","0","0","0","0","0","0","0","0","0","0","0","0","0","0","0","0","0","0","2","1","0","0","0","0","0","1","0","0","0","2","0","0","0","0","0","0","0","0","0","0","0","0","0","0","0","0","0","0","0","0","0","0","0","0","0","0","1","0","0","0","0","0","0","0","1","0","0","0","0","1","0","1","0","0","0","2","0","0","0","0","0","0","1","0","0","0","0","0","0","0","0","0","0","0","0","0","0","0","0","0","0","0","0","0","0","0","0","0","0","0","0","0","1","0","0","0","0","0","0","0","0","0","0","0","0","0","0","0","0","265","2","2","0","0","0","0","0","0","0","0","0","0","1","0","48","2","2","0","2","5","1","0","20","1","0","0","20","0","5","1","0","0","0","2","0","0","3","0","0","2","10","2","1","1","0","0","0","0","0","0","2","0","0","2","1","0","0","2","0","2"
"District 28 - Absentee","336","8","4","0","6","0","1","3","8","0","1","1","0","0","0","10","2","0","5","0","0","14","11","0","0","1","0","0","0","0","24","2","9","0","0","6","18","1","1","2","0","0","0","0","2","1","2","0","0","0","0","0","0","0","0","0","0","0","3","0","0","0","0","0","0","0","0","0","1","0","0","0","0","0","0","0","0","0","0","0","0","2","0","0","0","0","0","0","0","0","0","0","0","0","0","0","0","0","1","0","2","0","0","1","0","2","0","0","0","1","0","4","2","0","0","0","0","0","0","0","0","0","0","0","0","0","0","0","0","0","1","0","0","1","1","0","0","0","0","1","0","0","1","0","0","0","0","0","0","0","0","3","0","0","0","0","0","1","0","0","0","1","0","0","0","0","0","1","2","0","0","0","0","0","0","0","0","0","0","1","0","0","0","0","0","0","0","0","0","0","0","1","0","0","0","0","0","0","0","0","0","0","0","0","0","0","1","0","0","678","2","1","0","0","0","0","1","0","1","0","0","0","0","0","78","4","0","0","0","15","1","0","31","0","3","1","17","0","13","0","0","0","1","0","0","0","5","1","2","0","2","0","1","5","0","0","0","0","0","2","7","0","0","0","1","0","0","4","2","0"
"District 28 - Early Voting","455","16","6","0","17","0","0","2","16","0","0","2","1","0","0","22","5","0","11","1","0","2","24","0","3","1","1","0","1","0","39","5","6","0","1","17","30","0","0","0","1","0","0","0","6","3","0","0","0","0","0","0","0","0","0","1","1","0","10","0","0","0","0","0","0","0","0","0","0","2","0","0","0","0","0","0","1","0","0","1","0","1","1","0","1","0","0","0","0","0","2","0","0","0","0","0","0","0","8","1","0","0","0","1","0","0","0","1","0","1","0","9","2","0","0","0","0","0","2","0","0","0","0","0","2","0","0","1","0","0","0","0","0","0","1","0","0","0","0","0","0","0","0","0","0","0","0","0","0","0","0","2","1","0","0","0","0","1","0","0","0","2","4","0","0","0","0","1","1","0","0","0","0","0","0","0","0","0","0","0","0","0","0","0","0","0","0","0","0","0","0","0","0","0","0","0","1","0","1","0","0","0","0","0","0","0","0","0","0","1830","8","1","3","0","0","0","1","0","0","0","0","0","0","0","185","6","2","1","0","20","2","0","55","0","7","4","37","1","31","0","0","0","0","8","2","0","18","0","0","0","12","0","1","2","0","3","0","0","1","0","16","0","2","1","10","0","0","12","4","1"
"District 28  - Question","35","5","0","0","9","0","0","0","2","0","0","0","0","0","1","2","0","0","2","0","0","1","1","0","0","0","0","0","0","0","5","0","4","0","0","0","1","0","0","0","0","0","0","0","2","1","1","0","0","0","0","0","0","0","0","0","0","0","2","1","1","0","0","0","0","0","0","0","0","1","0","0","0","0","0","0","0","0","1","1","0","0","0","1","0","0","0","0","0","1","0","0","0","0","0","0","0","0","2","0","0","0","1","0","0","0","0","0","2","0","0","2","0","0","0","0","0","0","0","0","0","0","0","1","0","0","0","0","0","0","0","0","0","0","0","0","0","0","0","0","0","0","0","0","0","0","0","0","0","0","0","2","0","0","0","0","0","0","0","1","0","1","1","0","0","0","0","0","0","0","0","0","0","0","0","0","0","0","0","0","0","0","0","0","0","0","0","0","0","0","0","1","0","0","0","0","0","0","0","0","0","0","0","0","0","0","0","0","0","235","3","0","3","0","3","1","0","0","0","0","0","0","0","0","34","1","0","0","0","6","0","0","14","1","1","1","10","0","7","0","1","0","0","1","0","0","7","0","0","0","1","0","0","1","0","1","0","0","1","0","4","0","0","0","1","0","0","2","1","1"
"District 29 - Absentee","514","21","5","0","14","0","0","5","12","0","0","1","1","0","2","15","4","0","5","0","0","9","25","0","1","1","0","0","0","1","52","4","13","0","1","19","17","0","0","0","1","0","0","0","6","2","1","0","2","2","0","0","0","0","0","0","0","0","6","1","1","0","0","1","0","0","0","0","0","0","0","0","0","1","0","0","1","0","1","0","0","0","2","0","1","0","0","0","0","0","1","0","0","0","0","0","0","0","9","1","0","1","2","0","0","1","0","1","0","0","0","5","2","1","0","2","0","0","2","1","0","0","0","0","0","0","0","0","1","0","0","0","0","1","1","0","0","0","1","0","1","0","0","0","0","0","0","1","0","0","0","5","0","0","0","0","1","3","0","0","0","6","5","1","0","0","1","0","2","0","0","0","0","0","0","0","1","0","0","0","0","0","0","0","0","0","0","0","0","0","0","0","0","0","0","0","0","0","0","0","1","0","0","0","0","0","0","0","0","923","8","1","2","0","2","0","0","0","0","0","0","0","0","0","121","1","0","0","1","13","2","0","28","0","1","0","16","0","19","0","0","0","0","3","0","0","10","1","3","0","5","0","1","2","0","0","0","0","0","0","6","0","1","1","3","0","0","14","3","4"
"District 29 - Early Voting","415","15","3","1","8","0","0","4","8","0","0","4","0","0","1","19","1","0","6","1","0","9","15","0","1","1","0","0","1","0","48","3","10","0","0","7","24","0","2","0","1","1","0","0","4","1","1","0","0","0","0","0","0","0","0","3","0","0","9","2","0","0","0","0","0","0","0","0","0","1","0","0","0","1","0","0","0","0","1","0","0","0","0","1","0","0","0","0","0","0","0","1","2","0","0","0","0","0","6","0","0","0","1","0","0","1","0","0","0","1","0","5","2","0","0","0","0","0","0","0","0","0","0","0","0","0","0","0","0","0","0","1","0","1","2","0","1","0","2","0","0","0","0","0","0","0","0","0","0","0","0","3","1","0","0","1","0","0","0","0","1","3","4","3","1","0","0","1","0","0","0","0","0","0","0","0","0","0","0","0","0","0","0","0","0","1","1","0","0","0","0","0","0","0","0","0","0","0","0","0","0","0","0","0","0","0","0","0","0","1734","5","1","0","0","0","1","0","0","1","0","0","0","0","0","162","3","0","0","3","25","2","0","40","0","6","1","37","1","20","0","1","0","0","8","1","1","17","0","1","1","10","0","1","1","0","1","0","0","0","1","18","0","0","0","7","0","1","10","6","5"
"District 29  - Question","42","8","4","0","7","0","0","0","1","0","1","1","0","0","0","3","0","0","0","0","0","1","1","0","0","0","0","0","0","0","3","1","1","0","0","0","2","0","0","0","0","0","0","0","4","1","0","0","1","0","0","0","0","0","0","0","1","0","1","0","0","0","0","1","0","0","1","0","0","0","0","0","0","0","0","0","0","0","0","0","0","0","0","0","1","0","0","0","0","0","0","0","0","0","0","0","0","0","2","0","0","0","1","0","0","0","0","0","0","0","0","0","0","0","0","0","0","0","0","0","0","0","0","0","0","0","1","0","0","0","0","0","0","0","0","0","0","0","0","0","0","0","0","0","0","0","0","1","0","0","0","0","0","0","0","0","0","0","0","0","0","0","0","0","1","0","0","1","0","0","0","0","0","0","0","0","0","0","0","0","0","0","0","0","0","0","0","0","0","0","1","0","0","0","0","0","0","0","0","0","0","0","0","0","0","0","0","0","0","192","2","0","0","0","0","0","0","0","0","0","0","1","0","0","33","1","1","0","2","6","0","0","12","0","0","1","7","0","2","1","0","0","0","0","1","0","2","0","0","0","4","0","2","0","0","0","0","0","1","0","10","0","2","0","2","0","0","5","0","1"
"District 3 - Absentee","1249","30","5","0","16","1","0","11","23","0","1","3","0","0","1","35","5","0","16","1","0","13","50","0","0","0","0","0","0","0","144","10","17","0","2","35","42","0","4","1","0","0","0","0","10","0","0","0","0","0","2","0","0","0","0","0","2","0","8","4","0","0","2","0","0","0","0","0","0","0","0","0","0","0","0","1","0","0","1","0","0","0","1","0","0","0","0","0","0","1","0","0","0","0","1","0","0","0","5","3","1","0","0","2","0","1","0","0","0","2","0","6","4","0","0","1","0","0","1","0","0","0","0","0","1","0","0","0","0","0","0","0","0","1","0","0","0","0","0","1","0","0","0","0","1","2","0","0","0","0","0","4","0","0","0","1","0","0","0","0","0","4","18","0","0","0","0","0","2","0","0","0","1","0","0","0","1","0","1","0","0","0","0","0","0","1","2","1","0","0","0","2","0","0","0","0","0","0","1","0","0","0","0","0","0","0","0","0","0","655","6","3","0","0","4","0","0","0","0","0","0","0","0","0","75","5","2","0","3","12","0","0","23","0","1","0","8","0","9","0","0","0","0","10","0","0","7","0","0","1","8","1","0","3","2","0","0","0","0","0","1","0","0","1","6","0","0","8","10","2"
"District 3 - Early Voting","1546","57","6","0","19","1","0","8","23","0","1","5","0","1","0","41","3","0","10","0","0","21","33","0","4","2","0","1","1","1","134","11","14","0","0","21","57","0","2","1","0","0","0","0","13","6","1","0","2","0","1","0","2","0","1","0","0","0","13","2","1","0","1","0","0","1","0","0","0","1","0","0","0","1","0","0","0","0","1","1","0","0","0","0","0","0","0","0","0","0","1","1","0","0","1","0","0","0","5","3","0","1","2","0","0","2","0","0","0","1","0","5","5","0","0","0","0","0","0","0","0","1","0","0","2","0","0","0","0","0","0","0","0","0","0","0","0","0","0","1","1","0","0","0","1","0","0","0","0","0","0","5","1","0","0","0","1","0","0","0","0","6","8","1","0","0","0","2","1","0","0","0","0","0","0","0","0","0","0","0","0","0","0","0","0","0","0","0","0","0","0","0","0","0","1","0","0","0","0","0","0","0","0","0","0","0","0","1","0","1098","16","4","4","0","1","0","0","0","1","0","1","0","0","0","138","2","0","0","4","22","4","0","27","0","2","4","16","0","22","0","0","0","0","7","0","0","8","1","1","0","9","0","2","0","0","0","0","0","1","1","3","0","2","1","5","0","0","14","6","1"
"District 3  - Question","79","11","0","0","3","0","0","3","2","0","0","2","0","0","1","4","2","0","1","0","0","2","10","0","0","1","0","0","0","0","4","2","2","0","0","1","3","0","0","0","0","0","0","0","2","3","1","0","0","0","0","0","0","0","0","0","0","0","3","0","0","0","1","0","0","0","1","0","0","0","0","0","0","0","0","0","0","0","0","0","0","0","0","0","0","0","1","0","0","0","0","0","0","0","0","0","0","0","0","1","0","0","0","0","0","1","0","1","0","0","0","3","1","0","0","0","0","0","0","1","0","1","0","0","2","0","0","0","0","0","0","0","0","0","0","0","0","0","0","0","0","0","0","0","0","1","0","0","0","1","0","1","0","0","0","0","0","0","0","0","0","1","0","0","0","0","0","0","0","0","0","0","0","0","0","0","1","0","0","0","0","0","0","0","0","0","0","1","0","0","0","0","0","0","0","0","0","0","0","0","0","0","1","0","0","0","0","0","0","91","4","0","0","0","1","0","0","0","1","0","0","0","2","0","13","3","1","0","2","0","0","0","5","0","0","0","3","0","4","0","0","0","0","0","1","0","2","0","0","0","3","0","0","2","0","0","0","0","0","0","0","0","0","0","1","0","0","1","2","3"
"District 31 - Absentee","383","20","3","0","20","0","0","0","10","0","0","1","1","0","0","13","1","0","5","0","0","11","18","0","3","1","0","0","0","0","25","2","7","0","0","4","28","1","0","0","1","1","0","0","11","1","2","0","0","0","0","0","1","0","0","0","0","0","7","2","0","0","0","0","0","0","0","0","0","0","0","0","0","1","0","1","0","0","0","0","0","1","1","1","0","0","0","0","1","0","0","0","1","0","1","0","0","0","2","0","0","1","0","0","0","0","0","0","0","0","0","5","0","0","0","0","0","0","0","0","0","0","0","0","0","0","0","0","0","0","0","0","0","0","0","0","1","0","0","1","0","0","1","0","0","0","0","0","0","0","0","1","0","0","1","1","0","0","0","0","0","1","2","0","1","0","0","0","2","0","0","0","0","0","0","0","0","0","1","0","0","0","0","0","0","0","0","0","0","0","0","0","0","0","0","0","0","0","0","0","0","0","0","0","0","0","0","0","0","402","2","0","2","1","1","0","1","0","1","0","0","0","0","0","50","3","1","0","1","10","3","0","20","0","2","0","9","0","6","1","0","0","0","1","0","0","2","0","0","0","3","0","0","1","1","1","1","0","0","0","2","0","1","0","7","0","0","14","2","4"
"District 31 - Early Voting","612","24","4","0","45","0","1","3","11","0","1","5","5","0","2","25","1","0","13","1","0","10","38","0","3","0","1","0","1","3","63","6","15","0","0","9","40","1","1","0","1","0","0","0","10","2","5","0","1","1","0","0","1","0","1","1","0","0","10","1","0","0","0","0","0","0","1","0","0","0","0","0","0","2","0","0","0","0","0","0","0","0","1","0","0","0","0","0","0","0","0","0","1","0","0","1","0","0","2","0","1","0","0","0","0","2","0","0","0","0","0","5","3","0","0","0","0","0","0","0","0","0","0","0","0","0","0","0","0","0","0","0","0","0","1","1","0","0","0","1","0","0","0","0","0","0","0","0","0","0","0","1","0","0","0","0","0","1","0","0","0","7","10","1","0","0","0","0","1","0","0","0","0","0","1","0","0","0","0","0","0","0","0","0","0","0","0","0","0","0","0","2","0","0","0","0","0","0","0","0","0","0","0","0","0","0","0","0","0","668","13","4","13","0","2","0","1","0","1","0","0","1","1","0","75","4","1","0","0","10","5","1","53","0","4","2","17","0","10","0","0","0","0","2","2","0","8","0","0","1","6","1","1","3","0","0","0","0","1","0","2","0","0","0","5","0","0","10","1","14"
"District 31  - Question","68","10","3","0","8","0","0","0","3","0","0","0","0","0","0","7","0","0","4","0","0","0","0","0","1","0","0","0","0","0","1","0","1","0","0","1","8","0","0","0","0","0","0","0","5","1","4","0","1","1","0","0","0","0","0","1","0","0","1","1","0","0","0","0","0","0","0","0","0","0","0","0","0","0","0","0","0","0","0","0","0","0","0","0","0","0","0","0","0","0","0","0","0","0","0","0","0","0","1","0","0","0","0","0","0","0","0","0","0","0","0","0","0","0","0","0","0","0","0","0","0","0","0","0","0","0","0","0","0","0","0","0","0","0","0","0","0","0","0","0","0","0","0","0","1","0","0","0","0","0","0","1","0","0","0","0","0","0","0","0","0","0","1","0","0","0","0","1","0","0","0","0","0","0","0","0","0","0","0","0","0","0","0","0","0","0","0","0","0","0","0","0","0","0","0","0","0","0","0","0","0","0","0","0","0","0","0","0","0","112","6","2","6","0","0","0","1","0","0","0","0","0","0","0","18","1","3","0","0","3","2","0","14","0","1","1","3","0","4","1","0","0","0","0","0","0","2","0","0","1","1","0","0","2","0","0","0","0","0","0","1","0","0","0","2","0","0","2","1","3"
"District 32 - Absentee","286","11","2","0","9","1","0","0","1","0","0","2","3","0","0","9","1","0","10","0","0","3","19","0","2","1","0","0","0","1","19","2","6","0","0","6","16","0","0","0","0","0","0","0","6","1","0","0","0","0","0","0","0","0","0","0","0","0","2","0","0","0","0","0","0","0","0","0","0","0","0","0","0","0","0","0","1","0","0","0","0","0","0","0","0","0","0","0","0","0","0","0","0","0","0","0","0","0","1","0","0","0","0","0","0","0","0","1","1","0","0","1","3","0","0","0","0","0","0","0","1","0","0","0","0","0","0","0","2","0","0","0","0","0","0","1","0","0","0","0","0","0","0","0","0","0","0","0","0","0","0","1","0","1","1","0","1","1","0","0","0","3","2","0","0","0","0","0","0","0","0","0","0","0","0","0","0","0","0","0","0","0","0","0","0","0","1","0","0","2","1","0","0","0","0","0","0","0","0","0","0","0","0","0","0","0","0","0","0","399","4","1","1","0","0","0","0","0","0","0","1","0","0","0","41","1","1","0","2","8","2","0","30","1","1","0","22","0","15","0","0","0","0","5","1","0","10","0","0","1","8","0","0","1","0","0","0","0","0","0","0","0","0","0","5","0","0","5","1","3"
"District 32 - Early Voting","250","15","1","0","21","0","1","0","13","0","0","2","0","0","0","10","0","0","10","0","0","2","18","0","1","1","0","0","1","1","16","0","4","0","0","7","16","0","0","0","0","1","1","0","1","0","1","0","1","0","0","0","0","1","1","0","1","0","1","1","0","0","1","0","0","0","0","0","0","0","0","0","0","0","1","0","0","0","0","0","0","0","0","0","0","0","0","0","0","0","0","0","1","0","0","0","0","0","2","1","0","0","1","1","0","0","0","0","0","0","0","1","3","0","0","0","0","0","0","0","0","0","0","0","0","0","0","0","0","0","0","0","0","1","0","0","0","0","0","0","0","0","0","0","0","0","0","0","0","0","0","1","0","0","0","0","0","0","0","0","1","1","3","0","0","0","0","1","2","0","0","0","0","0","0","0","0","0","0","0","0","0","0","0","0","1","0","0","0","0","1","0","0","0","0","0","0","0","0","0","0","0","0","0","0","0","0","0","0","478","6","2","2","1","2","1","0","0","2","0","0","0","1","0","57","2","4","0","1","13","1","1","22","0","2","1","19","0","11","0","0","0","0","2","1","0","5","0","1","0","8","0","2","0","0","0","0","0","1","0","3","0","0","0","12","0","0","4","0","2"
"District 32  - Question","74","11","1","0","17","4","0","1","6","1","0","3","1","0","1","8","1","0","2","0","0","1","5","0","0","1","0","0","0","0","1","0","2","0","1","1","2","0","1","0","0","0","0","0","4","2","2","0","1","1","0","0","0","0","0","0","0","0","1","1","0","0","3","0","0","0","0","0","0","0","0","0","0","0","0","0","0","0","0","1","0","0","0","1","0","0","0","0","0","0","0","0","0","0","0","0","0","0","1","1","0","0","0","0","0","1","0","0","0","2","0","3","0","0","0","0","0","0","0","1","0","1","0","2","0","0","0","1","0","0","0","0","0","1","0","0","0","0","0","0","0","0","0","0","0","0","0","0","1","0","0","2","0","0","0","0","0","1","0","0","0","0","1","0","0","0","0","0","0","0","0","0","0","0","0","0","0","0","0","0","0","0","0","0","0","0","0","0","0","0","0","0","0","0","0","0","0","0","0","0","0","0","0","0","1","0","0","0","0","350","11","2","10","0","2","0","0","0","0","0","0","0","3","0","72","3","5","0","4","12","5","0","62","1","2","0","28","0","9","0","0","0","0","1","0","0","10","0","0","5","16","0","0","2","0","0","0","0","1","0","7","0","1","0","30","0","0","4","0","1"
"District 33 - Absentee","325","15","0","0","11","0","1","2","4","0","0","2","1","0","0","19","2","0","6","0","0","9","15","0","0","0","0","0","0","0","29","1","5","0","0","4","17","0","0","0","0","0","0","0","2","2","0","0","0","0","0","0","0","0","0","0","1","0","3","2","0","0","0","0","0","0","0","0","0","0","0","0","0","3","0","0","1","0","0","0","0","0","0","0","0","0","0","0","0","1","0","0","1","0","0","0","0","0","2","0","0","0","1","0","0","2","0","1","0","0","0","5","0","0","0","0","0","0","0","1","0","0","1","0","0","0","0","1","0","0","0","0","0","0","0","0","1","0","1","0","1","0","0","0","0","0","0","0","0","0","0","3","0","0","0","0","0","1","0","0","0","5","2","0","0","0","0","1","0","0","0","0","0","0","0","0","0","0","0","0","0","0","2","0","0","2","0","0","0","0","0","0","0","0","0","0","0","0","0","0","0","0","0","0","0","0","0","0","0","545","7","1","3","0","0","0","0","0","0","0","1","0","1","0","71","2","2","0","2","9","1","0","32","1","1","0","14","0","12","1","0","0","0","7","2","0","9","0","0","1","5","0","0","1","0","1","0","0","0","0","1","0","0","0","7","0","0","5","4","1"
"District 33 - Early Voting","263","12","1","0","27","0","0","3","7","0","1","4","1","0","0","13","2","0","13","0","0","6","21","0","0","0","0","0","0","0","24","2","6","0","0","5","14","0","0","0","0","0","0","0","2","0","1","0","1","0","2","0","0","0","0","0","0","0","7","1","0","0","1","0","0","0","1","0","0","1","0","0","1","1","0","1","0","0","0","0","0","0","0","1","0","0","0","0","0","0","0","0","0","0","0","0","1","0","6","0","0","0","0","1","0","3","0","0","0","1","0","1","0","0","0","0","0","0","0","0","0","0","0","0","0","0","0","0","0","0","0","0","0","0","1","0","0","0","0","0","0","0","0","0","0","0","0","0","0","0","0","3","0","1","0","2","0","0","0","0","0","1","2","0","0","0","0","2","0","1","0","0","0","0","0","0","0","0","0","0","0","0","0","0","0","0","0","0","0","0","0","0","0","0","0","0","0","0","0","0","0","0","0","0","0","0","0","0","0","917","5","0","4","0","0","0","0","0","0","0","0","0","0","0","107","6","1","0","0","21","2","0","55","1","6","3","21","1","15","0","1","0","0","1","0","0","13","0","3","0","7","0","1","3","0","1","0","0","1","0","2","0","0","1","12","0","1","4","3","2"
"District 33  - Question","27","2","1","0","7","0","0","0","2","0","0","1","1","0","0","2","0","0","1","0","0","1","3","0","0","0","0","0","2","0","2","1","1","0","0","0","4","0","0","0","0","0","0","0","1","0","2","0","0","0","0","0","0","0","0","0","0","0","2","0","0","0","0","0","0","0","0","0","0","0","0","0","0","0","0","0","0","0","0","1","0","0","0","0","1","0","0","0","0","0","0","0","0","0","0","0","0","0","0","0","0","0","0","0","0","2","0","0","0","0","0","1","0","0","0","0","0","0","0","0","0","0","0","0","0","1","0","1","0","0","0","0","0","0","0","0","0","1","0","0","0","0","0","0","0","0","0","0","0","0","0","0","0","0","0","0","0","0","0","0","0","0","0","0","0","0","0","0","0","0","0","1","0","0","0","0","0","0","0","0","0","0","0","0","0","0","0","0","0","0","0","0","0","0","0","0","0","0","0","0","0","0","0","0","0","0","0","0","0","155","1","1","1","1","1","0","0","0","0","0","0","0","1","0","17","1","0","0","0","2","1","0","20","0","0","1","8","0","2","0","0","0","0","2","0","0","1","0","0","0","1","0","0","0","0","0","0","0","0","1","4","0","0","0","4","0","0","0","4","3"
"District 34 - Absentee","525","14","2","0","8","0","0","3","6","0","1","0","0","0","0","22","2","0","10","0","0","10","18","1","1","0","0","0","0","0","55","4","8","0","0","13","35","0","3","0","2","0","0","0","3","1","1","0","0","0","1","0","1","0","1","0","1","0","5","2","1","0","0","0","0","0","0","0","1","0","0","0","0","0","0","2","0","0","0","2","0","0","2","2","0","1","0","0","0","0","0","0","1","0","0","0","0","0","3","2","1","0","0","0","0","1","0","0","0","0","0","2","3","1","0","1","0","0","0","0","0","1","0","0","0","1","0","0","0","0","2","1","0","1","0","0","0","0","1","0","0","0","0","1","0","0","0","1","1","0","0","3","0","1","0","0","0","0","0","0","0","1","5","0","0","0","0","1","0","0","0","0","0","0","0","0","0","0","0","0","0","0","0","0","0","1","2","0","0","0","0","0","0","0","0","0","0","0","0","0","0","0","0","0","0","0","0","0","0","562","5","2","4","0","0","1","0","1","0","0","0","0","0","0","54","2","1","0","0","16","0","1","33","0","1","0","11","0","7","0","0","0","1","12","1","0","9","0","2","0","4","0","0","2","0","0","0","0","1","0","1","0","0","0","2","0","0","16","4","3"
"District 34 - Early Voting","703","25","4","1","18","1","0","5","11","0","0","3","0","0","1","45","2","0","18","1","0","9","20","1","2","1","0","0","0","0","122","7","9","1","1","13","51","0","3","0","0","0","0","0","13","4","1","0","1","0","1","0","0","0","0","1","4","0","9","3","0","0","0","0","0","0","1","0","0","0","0","0","0","0","1","0","0","1","0","1","0","1","0","0","0","0","0","0","0","0","0","0","1","0","0","0","0","0","9","0","0","0","0","0","0","2","0","0","0","1","0","3","2","0","0","0","0","0","1","1","0","0","0","0","1","0","0","0","0","0","0","0","0","0","0","0","0","0","0","0","0","0","0","0","0","0","0","0","1","0","0","4","0","0","0","2","0","0","0","0","0","2","9","1","1","0","0","1","2","0","0","0","1","0","0","1","0","0","0","1","0","0","0","0","0","0","0","1","0","0","0","1","0","0","0","0","0","0","1","0","0","0","0","0","0","0","0","0","0","1021","3","2","1","0","1","0","0","0","1","0","0","0","2","0","126","4","1","0","0","23","2","1","74","0","5","0","21","1","25","2","0","0","0","4","0","0","19","1","1","1","6","0","0","1","0","1","0","0","2","0","1","0","0","1","6","0","0","7","2","6"
"District 34  - Question","93","9","3","0","6","0","0","2","6","0","0","5","0","0","0","10","0","0","9","1","0","0","5","0","1","0","0","0","0","0","3","0","2","0","0","2","2","0","0","1","0","0","0","0","8","1","1","0","1","0","1","0","2","0","0","1","0","0","5","0","0","0","0","1","0","0","0","0","0","1","0","0","0","0","0","0","0","0","0","0","0","1","0","0","0","0","0","0","0","0","0","0","0","0","0","0","0","0","4","0","1","0","1","0","0","2","0","0","0","0","0","0","0","0","0","0","0","0","0","1","0","0","0","0","0","0","0","0","0","0","0","0","0","1","0","0","0","0","0","0","0","0","0","0","0","0","0","0","0","0","0","2","0","0","0","0","0","0","0","0","0","0","0","0","0","0","0","0","0","0","0","0","0","0","0","0","0","0","0","0","0","0","0","0","0","0","0","0","0","0","0","0","0","0","0","0","0","0","0","0","0","0","0","0","0","0","0","0","0","295","1","2","0","0","3","0","2","0","0","0","0","2","0","0","62","5","2","0","2","8","1","0","39","0","4","0","19","0","9","0","0","0","0","1","0","0","6","0","2","0","3","0","1","0","0","0","0","0","1","1","5","0","0","0","5","0","0","4","3","0"
"District 35 - Absentee","577","20","4","0","15","0","0","2","8","0","0","0","1","0","0","17","4","0","9","1","0","7","23","0","3","0","0","0","0","0","69","5","5","0","1","7","30","0","0","0","0","1","0","0","5","1","1","0","1","0","0","0","1","0","0","0","1","0","6","2","0","0","0","0","0","1","0","0","0","1","0","0","0","0","1","0","1","0","0","0","0","0","0","0","0","0","1","0","0","0","0","1","0","0","0","0","0","0","0","0","0","0","1","0","0","3","0","0","0","0","0","5","1","0","0","0","0","0","0","0","0","0","0","0","0","1","0","1","0","0","0","1","0","0","0","1","0","0","1","1","2","0","0","0","1","1","0","0","0","0","0","1","0","0","0","1","1","1","0","0","0","4","9","0","3","0","0","1","5","0","0","1","0","0","0","0","0","0","0","0","0","0","0","0","0","0","0","0","0","0","0","0","0","0","0","0","0","0","0","1","0","0","1","0","0","0","0","0","0","401","4","0","0","0","0","0","1","0","0","0","0","0","0","0","47","3","0","0","1","9","0","0","20","0","3","0","9","0","5","0","0","0","0","5","1","0","7","0","1","1","7","0","1","0","0","1","0","0","0","0","0","0","0","0","1","0","0","5","2","4"
"District 35 - Early Voting","947","30","7","1","18","2","1","9","24","1","1","2","1","0","2","50","3","0","12","4","0","20","54","1","3","0","1","0","0","0","153","8","15","0","2","39","55","0","1","0","6","0","0","0","6","2","1","1","1","0","1","0","4","0","1","0","1","0","6","0","0","0","0","1","0","1","1","0","0","0","1","0","0","1","0","0","1","0","0","2","0","0","1","0","0","1","0","0","0","0","0","0","1","0","1","1","1","0","7","2","0","0","0","0","0","0","0","1","0","0","0","4","4","1","0","0","0","0","0","0","0","0","0","0","1","0","0","0","0","0","0","0","0","0","1","0","0","0","0","0","0","0","1","0","0","0","0","0","1","0","0","4","0","0","0","1","0","0","0","0","0","7","18","2","0","0","0","4","3","0","0","1","0","0","0","0","1","0","0","0","0","0","0","0","1","1","1","1","0","0","0","0","0","0","0","0","0","0","0","0","0","0","0","0","0","0","0","0","0","787","10","3","1","0","2","1","1","0","2","0","0","0","0","0","109","4","0","0","2","26","2","0","23","0","4","0","16","0","21","0","1","0","0","9","0","0","8","1","1","2","17","1","1","5","0","0","0","0","2","0","2","0","1","1","4","0","0","8","9","4"
"District 35  - Question","68","3","1","0","2","0","0","1","6","0","0","0","0","0","0","3","1","0","2","1","0","0","5","0","1","0","2","0","0","0","4","1","2","0","1","1","7","0","0","0","0","0","0","0","0","1","0","0","0","0","1","0","0","0","0","0","2","0","5","0","0","0","1","0","0","0","0","0","0","0","0","0","0","1","0","0","0","0","0","0","0","0","0","0","1","0","0","0","0","0","0","0","0","0","0","0","0","0","0","0","0","0","0","0","0","0","0","0","0","0","0","1","0","0","0","0","0","0","0","0","0","0","0","0","1","0","0","0","0","0","0","0","0","0","1","0","0","0","1","0","0","0","0","0","0","0","0","0","0","0","0","0","0","1","0","0","0","0","0","0","0","0","1","0","0","0","0","1","0","0","0","0","0","0","0","0","0","0","0","0","0","0","0","0","0","0","1","0","0","0","0","0","1","0","0","0","0","0","0","0","0","0","0","0","0","0","0","0","0","116","3","0","1","0","1","0","0","0","0","0","1","0","1","0","27","0","1","0","1","5","0","0","7","1","0","0","13","0","2","0","0","0","0","0","0","0","4","0","0","0","4","0","0","0","0","0","0","0","1","1","1","0","0","0","0","0","0","1","1","0"
"District 38 - Absentee","219","11","0","0","20","1","0","1","4","0","0","0","4","0","0","6","1","0","8","0","0","5","7","0","1","0","0","0","0","0","12","0","6","0","1","6","15","0","0","0","0","0","0","0","1","1","2","0","0","0","1","0","0","0","0","0","0","0","4","0","0","0","1","0","0","0","0","0","0","0","1","0","3","1","0","0","0","0","0","0","0","0","0","0","0","0","0","0","0","0","0","1","0","0","0","1","0","0","1","2","0","0","0","3","0","0","0","0","0","0","0","3","1","0","0","0","1","0","0","0","0","0","0","0","0","0","0","0","0","0","0","0","0","0","0","0","0","0","0","0","0","0","0","0","0","0","0","0","0","0","0","0","0","0","0","0","1","0","0","0","0","0","1","0","0","0","0","0","0","0","0","0","0","0","0","0","0","0","0","0","0","0","0","0","0","0","0","0","0","0","0","0","0","0","0","0","0","0","1","0","0","0","0","0","0","0","0","0","0","105","3","2","5","0","0","0","1","0","0","0","0","0","1","0","14","1","1","0","1","5","0","0","9","0","1","0","3","0","7","0","0","0","0","0","0","0","2","0","0","0","2","0","0","1","0","1","0","0","0","2","1","0","0","0","1","0","0","4","1","3"
"District 38 - Early Voting","6","1","0","0","1","0","0","1","2","0","0","0","0","0","0","2","0","0","0","0","0","0","1","0","0","0","0","0","0","0","0","0","0","0","0","0","1","0","0","0","0","0","0","0","2","1","1","0","0","0","0","0","0","0","0","0","0","0","0","0","0","0","0","0","0","0","0","0","0","0","0","0","0","0","0","0","0","0","0","0","0","1","0","0","0","0","0","0","0","0","0","0","0","0","0","0","0","0","0","0","0","0","0","0","0","0","0","0","0","0","0","0","0","0","0","0","0","0","0","0","0","0","0","0","0","0","0","0","0","0","0","0","0","0","0","0","0","0","0","0","0","0","0","0","0","0","0","0","0","0","0","0","0","0","0","0","0","0","0","0","0","0","0","0","0","0","0","0","0","0","0","0","0","0","0","0","0","0","0","0","0","0","0","0","0","0","0","0","0","0","0","0","0","0","0","0","0","0","0","0","0","0","0","0","0","0","0","0","0","4","1","0","1","0","1","0","0","0","0","0","0","0","0","0","1","0","0","0","0","0","0","0","1","0","0","0","1","0","0","0","0","0","0","0","0","0","0","0","0","0","0","0","0","0","0","0","0","0","0","0","0","0","0","0","0","0","0","0","0","0"
"District 38  - Question","45","6","0","0","10","1","0","1","3","0","0","0","1","0","1","1","1","0","2","1","1","0","3","0","0","1","1","0","1","1","1","0","1","0","0","0","3","0","0","0","0","0","0","0","3","0","4","0","1","0","1","0","0","0","0","0","1","0","1","1","0","0","1","0","0","0","0","0","0","0","0","0","0","0","0","1","0","0","0","1","0","0","0","1","0","0","0","0","0","0","0","0","0","0","0","0","0","0","0","0","0","0","0","0","0","0","0","0","0","0","0","0","0","0","0","0","0","0","0","0","0","0","0","0","0","0","0","0","0","0","0","0","0","0","1","0","0","0","0","0","0","0","0","0","0","0","0","0","0","0","0","1","0","1","0","0","0","0","0","0","0","2","0","0","0","0","0","0","0","0","0","0","0","0","0","0","0","0","0","1","0","0","0","0","0","0","1","0","0","0","0","0","0","0","0","0","0","0","0","0","0","0","0","0","0","0","0","0","0","77","3","3","13","0","1","0","0","0","0","0","1","1","0","0","12","1","4","0","0","4","1","0","11","2","1","0","6","0","2","0","1","0","0","0","0","0","0","0","0","0","2","0","0","0","0","1","0","0","0","1","2","0","0","0","4","0","0","2","1","4"
"District 4 - Absentee","909","22","3","0","6","2","0","3","8","0","0","1","1","0","1","20","1","0","13","0","0","1","26","0","1","0","0","0","0","1","109","10","15","0","3","30","47","0","0","0","0","3","1","0","6","2","1","0","1","0","0","0","0","0","0","0","0","0","4","2","0","0","1","0","1","1","0","0","1","0","0","0","0","0","0","0","0","0","0","1","0","0","0","0","0","0","0","1","1","0","1","0","0","0","0","1","0","0","2","1","0","0","0","0","0","0","0","0","1","0","0","2","1","0","0","0","0","0","0","1","0","0","0","1","1","0","0","0","0","0","0","0","0","0","0","2","0","0","0","0","1","0","1","0","1","0","0","0","0","0","0","0","0","1","1","0","0","0","0","0","1","4","12","0","2","0","0","0","2","1","0","0","0","0","0","0","0","0","0","0","0","0","0","0","0","0","1","1","0","0","0","0","0","0","0","0","0","0","0","0","0","0","0","0","0","0","0","0","0","271","4","0","0","0","1","0","1","0","0","0","0","1","0","0","36","2","1","0","0","6","0","0","9","0","1","0","0","0","4","0","0","0","0","2","1","0","5","0","0","0","1","0","0","2","1","0","0","0","0","0","0","0","0","0","3","0","0","8","4","1"
"District 4 - Early Voting","1892","57","9","0","24","3","0","12","14","0","1","7","0","0","1","49","7","0","22","2","1","22","52","1","4","3","1","0","1","1","285","13","36","0","0","38","66","0","2","2","0","2","1","0","17","4","3","0","2","0","3","0","1","0","1","0","1","0","10","4","0","0","3","0","0","0","0","0","1","4","1","0","0","0","0","1","0","0","2","0","0","4","1","1","0","0","1","1","1","0","1","1","0","0","0","1","0","0","7","0","0","0","0","0","0","0","0","0","0","0","0","5","7","0","0","1","0","0","0","0","0","0","0","0","2","0","0","0","0","0","0","0","1","0","1","0","1","0","0","0","0","0","0","0","3","0","0","0","0","0","0","4","0","0","0","0","0","2","0","0","1","10","24","0","3","0","0","0","0","0","0","0","0","0","2","1","1","0","0","0","0","0","0","0","1","0","3","1","0","0","1","1","0","0","0","0","0","0","1","0","2","0","0","1","0","0","0","0","0","792","12","5","5","0","1","0","1","0","0","0","0","1","1","0","96","4","1","0","2","18","1","0","22","0","1","2","10","0","18","2","0","0","1","5","1","0","6","0","2","0","2","0","0","5","0","2","0","0","4","0","11","0","0","0","5","0","0","15","6","8"
"District 4  - Question","115","6","2","0","9","0","0","2","1","0","0","0","0","0","1","9","0","0","2","2","0","2","4","0","1","0","0","0","1","0","7","1","7","0","0","3","11","0","0","0","0","0","0","0","1","3","0","0","1","0","0","0","1","0","0","1","0","0","2","5","0","0","1","0","0","0","0","0","0","1","0","0","0","0","0","0","0","0","0","0","0","1","0","0","0","0","0","0","1","0","0","2","0","0","1","0","0","0","0","1","0","1","0","0","0","0","0","0","0","0","0","2","0","0","0","0","0","0","0","1","0","0","0","0","1","0","0","0","0","0","0","0","0","0","0","0","0","0","0","0","0","0","0","0","2","0","0","0","0","0","0","1","0","0","1","0","0","0","0","1","0","1","1","0","0","0","0","0","2","0","0","0","0","0","0","0","0","0","0","1","0","0","0","0","0","0","0","0","0","0","0","0","0","0","0","0","0","0","0","1","0","0","1","0","0","0","0","0","1","113","6","0","2","0","5","0","0","0","0","0","0","0","0","0","19","1","0","0","1","3","2","0","8","0","2","2","3","0","3","0","0","0","0","0","1","0","6","0","0","0","3","0","1","2","0","1","0","0","0","1","6","0","0","0","0","0","0","5","2","3"
"District 40 - Absentee","157","4","1","0","9","0","0","3","5","0","0","0","0","0","0","2","1","0","3","0","0","4","8","0","0","0","0","0","1","0","18","0","1","0","0","3","5","0","0","0","0","0","0","0","1","0","1","0","0","1","1","0","0","0","0","1","0","0","8","0","0","0","0","0","0","0","0","0","0","0","1","0","0","0","0","0","0","0","0","1","0","0","0","0","0","0","0","0","0","0","0","1","0","0","0","0","0","0","2","1","0","2","0","0","0","0","0","0","0","0","0","0","0","0","0","0","0","0","0","0","0","0","0","0","1","0","0","0","0","0","0","0","0","0","0","0","0","0","0","0","0","0","0","0","0","0","0","0","0","0","0","0","0","0","0","0","0","0","0","0","0","0","0","0","0","0","0","0","0","0","0","0","0","0","0","0","0","0","0","1","0","0","0","0","0","0","1","0","0","0","0","0","0","0","0","0","0","0","0","0","0","0","0","0","0","0","0","0","0","124","4","0","3","0","2","1","1","0","0","0","0","0","1","0","22","1","0","0","0","4","1","0","8","0","1","0","6","0","2","0","0","0","1","0","1","0","2","0","1","0","1","0","0","0","0","0","0","0","0","0","0","0","0","0","4","0","0","4","3","2"
"District 40 - Early Voting","16","1","0","0","0","0","0","0","1","0","1","1","0","0","0","1","0","0","0","0","0","0","1","0","0","0","0","0","0","0","0","0","0","0","0","0","0","0","0","0","0","0","0","0","0","0","2","0","0","0","0","0","0","0","0","0","0","0","0","0","0","0","1","0","0","0","1","0","0","0","0","0","0","0","0","0","0","0","0","0","0","0","0","0","0","0","0","0","0","0","0","0","0","0","0","0","0","0","0","0","0","0","1","0","0","0","0","0","0","0","0","0","0","0","0","0","0","0","0","0","0","0","0","0","0","0","0","0","0","0","0","0","0","0","0","0","0","0","0","0","0","0","0","0","0","0","0","0","0","0","0","0","0","0","0","0","0","0","0","0","0","0","0","0","0","0","0","0","0","0","0","0","0","0","0","0","0","0","0","0","0","0","0","0","0","0","0","0","0","0","0","0","0","0","0","0","0","0","0","0","0","0","0","0","0","0","0","0","0","14","1","0","0","0","0","0","0","0","0","0","0","0","0","0","0","0","0","0","0","0","0","0","1","0","0","0","0","0","0","0","0","0","0","0","0","0","0","0","0","0","0","0","0","0","0","0","0","0","0","0","0","0","0","0","1","0","0","1","0","1"
"District 40  - Question","53","1","0","0","1","1","1","0","2","0","1","0","1","0","0","1","0","0","3","2","0","1","3","0","1","0","0","0","0","0","1","0","1","0","0","0","2","0","0","0","0","0","0","0","2","0","3","0","0","0","0","0","0","0","0","0","0","0","4","0","0","0","0","0","0","0","0","0","0","0","1","0","0","0","0","0","0","0","0","0","0","0","0","0","0","0","1","0","0","0","0","0","0","0","0","0","0","0","1","0","0","0","0","0","0","0","0","0","0","1","0","0","0","0","0","1","0","0","0","0","0","0","0","0","0","0","0","0","0","0","0","0","0","0","0","0","0","0","0","0","0","0","0","0","1","0","0","0","0","0","0","0","0","0","0","0","0","0","0","0","0","1","0","1","0","0","0","0","1","0","0","0","0","0","0","0","0","0","0","0","0","0","0","0","0","0","0","0","0","0","0","0","0","0","0","0","0","0","0","0","0","0","0","0","0","0","0","0","0","88","3","0","3","0","1","2","1","0","0","0","0","0","0","0","8","0","2","0","2","0","2","0","8","0","2","2","8","0","2","0","0","0","1","0","1","1","1","0","0","1","2","0","0","0","0","0","1","0","0","1","1","0","0","2","6","0","0","2","1","3"
"District 5 - Absentee","1039","27","8","0","15","2","1","5","16","0","2","4","1","0","1","28","2","0","13","3","0","17","27","0","2","1","1","0","0","1","116","10","31","0","0","27","52","0","3","0","0","2","0","0","8","4","1","0","5","0","1","0","1","1","1","1","0","0","7","5","1","0","1","0","0","0","0","0","0","0","0","0","0","1","1","1","0","0","2","1","0","1","0","0","0","0","0","0","0","0","0","0","0","0","0","0","0","0","18","3","0","1","0","0","0","1","0","2","0","2","0","9","1","2","0","0","0","0","0","1","1","2","0","0","1","0","0","0","0","0","0","0","0","2","0","0","1","0","1","1","0","0","0","2","2","0","0","1","0","0","0","5","2","0","0","2","1","1","2","0","1","7","15","2","2","0","0","2","2","0","0","0","0","0","0","2","0","0","0","0","0","0","0","0","0","1","1","1","0","0","0","0","0","0","0","0","0","0","0","0","0","0","0","0","2","0","0","0","0","1146","4","4","2","0","3","0","0","0","0","1","0","0","1","0","148","4","4","0","1","18","9","0","46","0","4","3","19","0","15","0","0","0","0","5","3","0","19","0","1","0","6","0","2","3","0","3","0","0","1","3","12","0","0","1","1","0","0","28","7","8"
"District 5 - Early Voting","18","0","0","0","0","0","0","0","1","0","0","0","0","0","0","0","0","0","0","0","0","1","0","0","0","1","0","0","0","0","0","1","0","0","0","0","4","0","0","0","0","0","0","0","1","0","0","0","0","0","0","0","0","0","0","0","0","0","0","0","0","0","0","0","0","0","0","0","0","0","0","0","0","0","0","0","0","0","0","0","0","0","0","0","0","0","0","0","0","0","0","0","0","0","0","0","0","0","0","0","0","0","0","0","0","0","0","0","0","0","0","0","0","0","0","0","0","0","0","0","0","0","0","0","0","0","0","0","0","0","0","0","0","0","0","0","0","0","0","0","0","0","0","0","0","0","0","0","0","0","0","0","0","0","0","0","0","0","0","0","0","0","0","0","0","0","0","0","0","0","0","0","0","0","0","0","0","0","0","0","0","0","0","0","0","0","0","0","0","0","0","0","0","0","0","0","0","0","0","0","0","0","0","0","0","0","0","0","0","29","0","0","0","0","0","0","0","0","0","0","0","0","0","0","0","0","0","0","1","1","0","0","0","0","0","0","0","0","0","0","0","0","0","1","0","0","0","0","0","0","0","0","0","0","0","0","0","0","0","0","1","0","0","0","1","0","0","0","1","0"
"District 5  - Question","45","3","0","0","2","0","0","0","5","0","1","0","0","0","1","1","0","0","8","1","0","2","2","0","0","0","0","0","0","0","3","4","4","0","0","1","4","0","0","0","0","1","0","0","2","0","0","0","2","0","0","0","0","0","0","2","0","0","4","0","0","0","0","0","0","0","0","0","0","0","0","0","0","0","0","0","0","0","0","0","0","0","0","0","0","0","0","0","0","0","0","0","0","0","0","0","0","0","3","0","0","0","0","0","0","0","0","0","0","0","0","1","1","0","0","0","0","0","0","0","0","0","0","0","0","0","0","0","0","0","0","0","0","0","0","0","0","0","0","0","0","0","0","0","0","0","0","0","0","0","0","0","0","0","0","0","0","0","0","0","0","1","0","0","0","0","0","1","0","0","0","1","0","0","0","1","0","0","0","0","0","0","0","0","0","0","0","0","0","0","1","0","0","0","0","0","0","0","0","0","0","0","0","0","0","0","0","0","0","164","2","2","1","0","1","0","1","0","0","0","0","2","0","0","32","2","1","0","0","4","2","0","9","0","2","0","9","0","3","0","0","0","0","0","0","0","3","0","0","0","3","0","0","1","0","1","0","0","0","0","7","0","0","0","2","0","0","1","1","3"
"District 6 - Absentee","856","23","1","0","9","1","1","8","9","0","0","4","1","0","1","25","1","1","7","1","0","9","29","0","0","0","1","0","0","0","103","9","19","0","1","28","43","1","0","0","0","1","0","0","4","1","2","0","0","0","0","0","0","0","0","0","0","0","7","0","0","0","1","0","0","1","1","0","0","1","0","0","0","1","3","1","0","0","1","0","0","0","0","0","1","0","0","1","0","0","0","0","0","0","3","0","0","0","4","1","0","0","1","0","0","3","0","0","0","1","0","3","1","0","0","0","2","0","0","1","0","0","0","0","0","0","0","0","1","0","0","1","0","0","1","0","0","0","1","1","0","0","0","0","0","0","0","0","0","0","0","1","1","0","0","0","1","0","0","0","0","6","14","0","1","0","0","0","2","0","0","0","0","0","0","0","0","1","0","0","0","1","0","0","0","0","2","0","0","0","0","0","0","0","0","0","0","0","0","0","0","0","0","0","0","0","0","0","0","895","5","3","3","0","0","0","0","0","0","0","1","0","0","0","90","2","1","0","0","9","0","0","23","1","2","0","15","0","14","0","0","0","0","1","1","0","9","0","0","0","3","0","0","2","0","0","0","0","1","0","2","0","0","0","1","0","0","21","9","1"
"District 6 - Early Voting","1270","36","6","0","24","0","1","8","6","0","1","3","1","0","5","53","7","0","14","1","1","25","23","0","2","1","0","0","0","0","189","17","16","0","3","32","52","0","0","0","0","0","0","0","6","0","1","0","0","0","0","0","1","0","0","0","1","0","17","6","0","0","0","1","0","0","0","0","0","1","0","0","1","0","0","0","0","0","0","0","0","0","1","0","0","0","2","0","0","0","2","2","0","0","0","0","0","0","8","4","1","0","2","1","0","0","0","1","0","0","0","6","2","0","0","1","0","0","0","0","0","0","0","0","3","1","0","0","0","0","1","0","0","1","1","0","0","0","1","2","0","0","0","0","0","0","0","0","0","0","0","7","0","1","0","0","0","0","0","1","0","12","22","3","1","0","0","0","3","0","0","0","0","0","1","1","0","0","0","2","0","0","0","0","0","0","1","1","0","0","1","1","0","0","0","0","0","0","0","0","0","0","0","1","0","0","0","0","0","1792","8","2","3","0","0","1","0","0","0","0","0","1","1","0","154","5","7","0","1","15","1","0","40","0","8","1","18","0","23","0","0","0","0","3","0","0","3","0","6","0","5","0","1","1","0","0","0","0","0","0","5","1","0","0","5","0","0","14","9","1"
"District 6  - Question","57","4","1","0","1","0","0","0","0","0","0","0","0","0","0","2","1","0","3","0","0","2","3","0","1","0","0","0","0","0","7","0","1","0","0","1","2","0","1","0","0","0","0","0","0","0","2","0","0","0","0","0","0","0","0","0","0","0","1","1","0","0","0","0","0","0","0","0","0","1","0","0","0","0","0","1","0","0","0","0","0","0","0","0","0","0","0","0","0","0","0","0","0","0","0","0","0","0","0","1","0","0","0","0","0","1","0","0","0","0","0","2","1","0","0","0","0","0","0","0","0","0","0","0","0","0","0","0","0","0","0","0","0","0","0","0","0","0","0","0","0","0","0","0","0","0","0","0","0","0","0","3","0","0","0","0","0","0","0","0","0","2","0","0","0","0","0","0","0","0","0","0","0","0","0","0","0","0","0","0","0","0","0","0","0","0","0","0","0","0","1","0","0","0","0","0","0","0","0","0","0","0","0","0","0","0","0","0","0","172","1","1","1","0","0","0","0","0","2","0","0","0","0","0","30","1","1","0","0","2","0","0","12","0","0","0","5","0","1","0","1","0","0","1","0","0","1","0","0","0","2","0","0","0","0","0","0","0","0","0","0","0","0","0","1","0","0","1","0","0"
"District 7 - Absentee","386","17","1","0","15","1","0","3","3","0","0","2","1","0","1","17","1","0","9","1","0","5","15","0","0","1","0","0","0","1","38","1","3","0","1","8","24","1","0","1","0","1","0","0","3","1","3","0","0","0","0","0","1","0","1","0","0","0","7","3","0","0","1","0","0","0","0","0","0","0","0","0","0","0","0","1","0","0","1","0","0","1","0","0","1","0","0","1","0","0","0","0","0","0","0","0","0","0","6","0","1","0","0","0","0","0","0","0","0","0","0","5","0","1","0","1","0","0","0","0","0","0","0","0","0","0","0","0","0","0","0","1","0","0","0","0","0","0","0","0","0","0","0","0","0","0","0","0","0","1","0","0","1","0","0","1","0","1","0","0","0","2","3","0","1","0","0","0","0","0","0","0","0","0","0","0","1","0","0","0","0","0","0","1","0","0","0","0","0","0","0","0","0","0","0","0","0","0","0","0","0","0","0","0","0","0","0","0","0","864","3","2","3","0","0","0","0","0","0","0","0","0","0","0","98","2","0","0","0","17","2","0","33","0","2","0","13","0","17","0","1","0","0","3","0","0","8","0","2","2","2","0","0","1","0","0","0","0","1","0","1","0","0","0","1","0","0","8","8","3"
"District 7 - Early Voting","663","25","6","0","24","0","1","6","8","0","1","5","1","0","0","32","2","0","12","1","0","11","38","0","3","1","1","0","0","0","44","5","4","0","0","9","34","0","2","0","0","0","0","0","11","3","4","0","1","0","0","0","0","0","0","0","0","0","13","4","0","0","2","0","0","0","0","0","0","2","0","0","0","3","0","1","0","0","1","1","0","0","1","0","0","0","0","0","0","0","0","1","0","0","0","0","0","0","6","1","1","0","0","0","0","3","0","0","0","0","0","7","2","0","0","0","0","0","0","0","0","0","0","0","0","0","0","0","0","0","0","0","0","0","0","0","1","0","0","0","0","0","0","2","2","0","0","1","0","0","0","7","0","0","0","2","0","1","0","0","0","1","6","0","0","0","0","0","1","0","0","0","0","0","0","0","0","0","0","0","0","0","0","0","0","0","0","0","0","0","0","0","0","0","0","0","0","0","0","0","0","0","0","0","0","0","0","0","0","2084","7","3","1","0","0","0","0","0","0","0","0","0","0","0","224","6","3","0","2","21","6","0","86","0","6","2","37","1","26","1","0","0","0","6","1","0","12","0","1","1","8","0","4","9","0","0","0","0","3","0","12","0","1","0","14","0","0","20","1","5"
"District 7  - Question","23","1","2","0","6","0","0","0","1","0","0","0","0","0","0","1","0","0","1","0","0","0","0","0","0","0","0","0","1","0","4","0","0","0","0","0","5","0","0","0","0","0","0","0","1","1","0","0","0","0","0","0","0","0","0","0","0","0","0","0","0","0","0","0","0","0","0","0","0","0","1","0","0","0","0","0","0","0","0","0","0","0","0","1","0","0","0","1","0","0","0","1","0","0","0","0","0","0","2","1","0","0","0","0","0","0","0","0","0","0","0","0","0","0","0","1","0","0","0","0","0","0","0","0","0","0","0","0","0","0","0","0","0","0","0","0","0","0","0","0","0","0","0","0","1","0","0","0","0","0","0","0","0","0","0","0","0","0","0","0","0","0","0","0","0","0","0","0","0","0","0","0","0","0","0","0","0","0","0","0","0","0","0","0","0","0","1","0","0","0","0","2","0","0","0","0","0","0","0","0","0","0","0","0","0","0","0","0","0","163","3","0","0","0","0","0","2","0","0","0","0","0","0","0","20","0","3","0","0","2","1","0","16","0","0","0","9","0","4","1","0","0","0","2","0","0","3","0","0","0","2","0","0","0","0","0","0","0","0","0","2","0","0","1","1","0","0","2","0","1"
"District 8 - Absentee","548","13","8","1","14","0","1","5","7","0","2","0","0","0","0","13","5","0","6","0","1","9","20","0","5","0","0","0","0","0","62","4","9","0","1","15","28","0","0","0","0","0","1","0","8","0","0","0","2","2","0","0","0","0","0","0","0","0","7","0","0","0","1","0","0","0","1","0","1","1","0","0","0","0","0","0","0","0","0","0","0","0","0","0","0","0","1","1","0","0","0","1","2","0","0","0","0","0","7","0","0","2","0","0","0","0","0","0","0","1","0","1","2","0","0","0","0","0","0","0","0","0","0","0","0","0","0","0","0","0","0","2","0","0","0","0","1","0","1","0","0","0","0","0","0","0","0","0","0","0","0","2","0","0","1","0","0","0","0","0","0","1","3","1","0","0","0","1","1","0","0","0","0","0","0","0","0","0","0","0","0","0","0","0","0","0","0","0","0","0","0","0","0","0","0","0","0","0","0","0","0","0","0","0","0","0","0","0","0","1170","6","1","2","0","0","0","0","0","0","0","0","0","0","0","83","3","2","0","1","21","1","0","42","1","4","1","28","0","9","1","0","0","0","4","0","0","4","0","0","0","8","0","0","1","0","0","0","0","2","0","2","0","1","0","14","0","1","16","6","2"
"District 8 - Early Voting","467","18","3","0","22","0","0","4","6","0","0","0","0","0","0","13","2","0","4","0","0","13","18","0","0","0","0","0","0","0","50","0","6","0","1","8","20","1","0","0","0","0","0","0","3","2","1","0","0","0","0","0","1","0","0","0","1","0","9","1","0","0","1","0","0","0","0","0","0","2","0","0","0","0","0","0","0","0","0","0","0","0","0","0","0","0","0","0","0","0","0","0","0","0","0","0","0","0","5","1","1","0","1","0","0","0","0","0","0","0","0","3","1","0","0","2","0","0","0","0","0","0","0","0","1","0","0","0","0","0","0","0","0","1","0","0","0","0","0","0","0","0","0","0","1","1","0","0","0","0","0","1","0","0","0","0","0","0","0","0","1","4","4","0","0","0","0","0","0","0","0","0","0","0","0","0","0","0","1","0","0","0","0","0","0","0","0","0","0","0","1","0","0","0","0","0","0","0","0","0","0","0","0","0","0","0","0","0","0","1995","4","1","1","0","0","0","0","0","2","0","0","1","1","0","211","1","3","0","1","18","2","1","61","1","9","2","37","0","26","0","1","0","0","5","0","0","18","0","2","0","5","0","2","5","0","0","1","0","3","1","4","0","0","1","28","0","0","11","3","3"
"District 8  - Question","13","0","0","0","0","0","0","0","0","0","0","0","1","0","0","2","0","0","0","0","0","1","1","0","0","0","0","0","0","1","1","0","1","0","0","0","0","0","0","0","0","0","0","0","1","0","0","0","1","0","0","0","0","0","0","0","1","0","1","0","0","0","0","0","0","0","0","0","0","0","0","0","0","1","0","0","0","0","0","0","0","0","0","0","0","0","0","0","0","0","0","0","0","0","0","0","0","0","1","0","0","0","0","0","0","0","0","0","0","0","0","0","0","0","0","0","0","0","0","0","0","0","0","0","0","0","0","0","0","0","0","0","0","0","0","0","0","0","1","0","0","0","0","0","0","0","0","0","0","0","0","1","0","0","0","0","0","0","0","0","0","0","1","0","0","0","0","0","0","0","0","0","0","0","0","0","0","0","0","0","0","0","0","0","0","0","0","0","0","0","0","0","0","0","0","0","0","0","0","0","0","0","0","0","0","0","0","0","0","115","2","0","1","0","0","1","0","0","2","0","0","0","0","0","16","1","1","0","0","2","0","0","7","0","0","0","5","0","3","0","0","0","0","0","0","0","1","0","0","0","2","0","0","2","0","0","0","0","0","0","2","0","0","1","2","0","0","1","0","0"
"District 9 - Absentee","1442","44","3","0","40","2","0","5","14","0","1","6","3","0","0","36","5","0","16","1","0","20","60","0","4","0","0","0","0","1","130","6","14","0","2","33","56","2","3","0","2","0","2","0","13","2","3","0","2","1","0","0","0","0","0","0","0","0","3","2","0","0","3","0","0","0","0","0","0","5","0","0","0","0","0","0","1","0","0","1","0","0","2","0","0","0","0","0","0","0","2","0","0","0","0","0","0","0","10","1","0","0","2","0","0","1","0","2","0","2","0","6","2","0","0","1","0","0","0","0","0","0","0","0","1","0","0","0","0","0","1","0","0","0","0","2","0","0","0","0","1","0","1","1","0","0","0","0","0","0","0","0","1","0","0","0","0","0","0","0","0","2","14","1","2","0","0","1","0","0","0","0","0","1","0","0","0","0","1","1","0","0","0","0","0","1","3","1","0","0","0","0","0","0","0","0","0","0","0","1","0","0","0","0","0","0","0","0","0","942","11","2","3","0","0","0","0","0","1","0","0","0","0","0","111","4","4","0","3","22","3","0","36","1","1","0","14","0","19","1","0","0","0","4","2","0","3","0","0","0","7","0","1","2","1","0","0","0","0","0","1","0","0","0","6","0","0","31","6","1"
"District 9 - Early Voting","760","20","6","0","17","0","0","5","9","0","2","3","0","0","0","28","1","0","14","0","0","11","24","0","3","0","0","0","0","0","72","5","4","0","1","11","28","0","1","0","1","0","0","0","5","1","0","0","0","0","0","0","0","0","0","0","1","0","2","1","0","0","1","0","0","0","0","0","0","2","0","0","0","0","0","0","0","0","0","0","0","0","0","1","0","0","0","0","0","0","0","1","0","0","0","0","0","0","2","3","0","1","0","0","0","0","0","0","0","0","0","0","0","1","0","0","0","0","0","0","0","1","0","0","1","0","0","0","0","0","0","0","0","1","1","0","0","0","0","0","0","0","0","0","0","0","0","1","0","0","0","1","0","0","1","2","0","0","0","0","0","2","6","0","0","0","0","0","0","0","0","0","0","0","0","0","0","0","0","0","0","1","0","0","0","0","0","2","0","0","0","0","0","0","0","0","0","0","0","0","0","0","0","0","0","0","0","0","0","868","5","0","3","0","0","1","0","0","0","0","0","0","0","0","82","2","1","0","1","20","2","1","25","1","4","0","16","1","15","0","0","0","0","8","1","0","2","0","3","0","9","0","0","4","0","0","0","0","1","0","1","0","0","0","5","0","0","8","3","1"
"District 9  - Question","54","8","2","0","6","1","0","0","1","0","0","0","0","0","0","6","0","0","2","0","0","0","2","0","1","0","0","0","0","0","5","2","0","0","0","2","3","0","0","0","0","0","0","0","2","0","0","0","0","0","0","0","0","0","0","0","0","0","1","2","0","0","0","0","0","0","0","0","0","0","0","0","0","0","0","1","0","0","0","0","0","0","0","0","0","0","0","0","0","0","0","0","0","0","0","0","0","0","1","0","1","0","0","0","0","1","0","0","0","0","0","1","0","0","0","0","0","0","1","1","0","0","1","0","0","0","0","0","0","0","0","0","0","0","0","0","0","0","0","0","0","0","0","0","1","0","0","0","0","0","0","0","0","0","0","0","0","0","0","0","0","0","2","0","1","0","0","0","0","0","0","0","0","0","0","0","0","1","0","0","0","0","0","0","0","0","0","0","0","0","0","0","0","0","0","0","0","0","0","0","0","0","0","0","0","1","0","0","0","84","1","0","1","0","0","0","0","0","0","0","0","0","1","0","20","5","0","0","0","1","1","0","7","0","0","0","3","0","3","0","0","0","0","0","1","0","3","0","0","0","0","0","0","0","0","0","0","0","0","0","3","0","0","0","4","0","0","1","0","0"
"HD99 Fed Overseas Absentee","242","4","1","0","6","0","0","0","2","0","0","0","1","0","0","2","0","0","6","0","0","0","17","0","3","0","0","0","0","0","28","0","3","0","0","4","18","0","0","0","0","0","0","0","0","0","0","0","0","0","0","0","0","0","0","0","0","0","1","1","0","0","0","0","0","0","0","0","0","1","0","0","0","0","0","0","0","0","1","0","0","0","1","0","1","0","0","0","0","0","0","0","0","0","0","0","0","0","0","0","0","0","0","0","0","0","0","0","0","0","0","0","0","0","0","0","0","0","0","0","0","0","0","0","0","0","0","0","0","0","0","0","0","0","0","0","0","0","0","0","0","0","0","0","0","0","0","0","0","0","0","0","0","0","0","0","0","0","0","0","0","2","3","0","0","0","0","0","1","0","0","0","0","0","0","0","0","0","0","0","0","0","0","0","0","0","0","0","0","0","0","0","0","0","0","0","0","0","0","0","0","0","0","0","0","0","0","0","0","40","0","0","0","0","0","0","0","0","0","0","0","0","0","0","2","0","0","0","0","0","0","0","3","0","0","0","3","0","0","0","0","0","0","0","1","0","1","0","0","0","0","0","0","0","0","0","0","0","0","0","0","0","0","0","1","0","0","0","1","0"
"House District 30 - Judicial District 3","834","28","5","0","31","2","0","5","17","0","0","2","1","0","0","26","2","0","11","1","1","16","32","0","5","0","0","0","0","2","74","2","12","0","0","24","32","0","1","0","1","0","1","0","13","0","3","0","1","0","0","0","2","0","0","0","0","0","15","5","0","0","1","0","0","0","2","0","0","1","0","0","0","1","0","0","0","0","0","0","0","1","1","0","0","0","0","0","0","0","0","0","0","0","0","0","0","0","13","1","1","0","2","1","1","2","0","0","0","2","0","3","4","0","0","0","0","0","0","1","0","0","0","0","1","0","0","0","0","0","0","0","0","0","1","1","0","0","0","0","0","0","0","0","1","0","0","0","0","0","0","8","0","1","0","0","0","0","0","0","2","5","7","2","0","0","0","0","1","0","0","0","0","0","0","0","0","0","0","0","0","0","0","0","0","3","0","0","0","0","0","3","0","0","0","0","0","0","0","2","0","0","0","0","0","0","0","0","0","2492","2","7","1","0","2","1","0","0","0","0","0","0","1","0","221","3","2","0","1","42","4","2","100","1","9","1","36","1","47","0","1","0","0","8","1","0","19","1","2","2","15","0","1","3","0","0","0","0","0","0","6","0","3","0","14","0","0","28","5","12"
"House District 30 - Judicial District 4","185","8","2","0","5","0","0","2","2","0","0","1","0","0","0","8","2","0","0","0","0","3","6","0","0","0","0","0","0","0","32","3","8","0","1","4","8","0","1","0","0","0","0","0","1","0","0","0","0","0","0","0","0","0","0","0","0","0","0","2","0","0","0","0","0","0","0","0","0","0","0","0","0","0","0","0","0","0","0","0","0","0","1","0","0","0","0","1","1","0","0","0","0","0","0","0","0","0","0","0","1","0","0","0","0","0","0","1","0","0","0","1","0","0","0","0","0","0","0","0","0","0","0","0","0","0","0","0","0","0","0","0","0","0","0","0","0","0","0","1","0","0","0","0","0","0","0","0","0","0","0","0","1","0","0","0","0","0","0","0","0","0","1","0","0","0","0","0","1","0","0","0","0","0","0","0","0","0","0","0","0","1","0","0","0","0","0","1","0","0","0","0","0","0","0","0","0","0","0","0","0","0","0","0","0","0","0","0","0","198","0","0","0","0","0","0","0","0","0","0","0","1","0","0","21","0","1","0","0","6","1","0","7","0","0","0","2","0","4","0","0","0","0","0","0","0","1","0","0","0","0","0","0","0","0","0","1","0","0","0","0","0","0","0","2","0","0","1","0","2"
"House District 36 - Judicial District 3","172","8","2","0","7","0","0","3","2","0","1","0","0","0","0","7","1","0","5","0","0","2","2","0","0","0","0","0","0","0","26","4","7","0","0","6","5","0","0","0","0","1","1","0","1","0","0","0","0","0","0","0","0","0","0","1","0","0","7","1","1","0","0","0","0","0","0","0","0","1","0","0","0","1","0","0","0","0","0","1","0","0","0","0","0","0","0","0","1","0","0","0","0","0","0","0","0","0","1","0","0","0","0","0","0","0","0","0","0","0","0","0","2","0","0","0","0","0","0","1","0","0","0","0","2","0","0","1","0","0","1","1","0","0","0","0","0","0","0","1","0","0","0","0","0","0","0","0","0","0","0","1","0","0","0","1","0","0","0","0","0","2","2","0","0","0","0","0","0","0","0","0","0","0","0","0","0","1","0","0","0","0","0","0","0","0","0","0","0","0","0","0","0","0","0","0","0","0","0","0","0","0","0","0","0","0","0","0","0","323","0","0","1","0","1","0","0","0","0","0","0","1","0","0","45","0","0","0","0","7","0","0","10","0","2","2","2","0","6","0","0","0","0","0","0","0","3","0","1","0","3","0","0","0","0","0","0","0","1","0","4","0","0","0","3","0","0","7","4","1"
"House District 36 - Judicial District 4","742","29","6","2","18","3","0","5","18","2","2","2","2","0","1","32","4","0","10","2","0","8","31","0","1","1","0","0","2","2","105","10","31","0","3","16","38","0","2","1","1","2","0","0","8","1","2","0","2","0","1","0","0","0","0","4","0","0","13","2","0","0","1","0","0","0","0","0","0","1","1","0","1","1","1","1","0","0","0","2","0","2","1","0","0","1","0","1","0","0","1","0","0","0","0","0","0","0","7","0","1","0","3","0","0","5","0","0","0","1","0","7","1","0","0","0","0","0","0","1","0","0","1","1","1","0","0","0","0","0","0","0","0","1","2","0","0","0","0","0","0","0","0","1","1","0","0","0","0","0","0","1","0","0","0","0","0","0","0","0","1","3","12","0","1","0","0","0","2","1","0","0","0","0","0","0","1","0","0","1","0","0","0","0","0","0","1","0","0","0","0","1","0","0","0","0","0","0","0","0","2","0","2","0","0","0","0","1","0","1146","7","4","9","1","1","1","2","0","0","0","0","1","0","0","119","1","2","0","2","24","5","0","39","0","5","2","24","0","29","0","0","0","1","8","1","0","8","1","2","2","9","0","2","2","2","0","0","0","0","3","14","0","0","0","6","0","2","18","6","8"
"House District 37 - Judicial District 3","358","16","5","0","16","3","0","3","11","0","0","3","2","0","0","11","2","0","8","0","0","5","9","1","2","0","0","1","0","0","38","1","13","0","0","8","22","0","2","0","1","1","0","0","9","2","4","0","2","0","0","0","2","0","0","2","0","0","8","2","0","0","3","1","0","0","1","0","0","0","0","0","0","0","1","0","0","0","0","0","0","1","0","0","0","0","0","0","0","1","0","1","0","0","0","0","0","0","1","0","0","1","0","0","0","0","0","0","0","0","0","0","2","0","0","0","0","0","0","0","0","2","0","0","0","0","0","0","0","0","0","1","0","0","0","0","0","0","0","0","1","0","0","0","1","0","0","0","0","0","0","1","0","0","0","0","0","0","0","0","0","0","1","0","1","0","0","0","0","0","0","0","0","0","0","0","0","0","1","0","0","0","0","0","0","0","1","0","0","0","0","1","0","0","0","0","0","0","0","0","2","0","0","0","0","0","0","0","0","460","6","2","3","0","4","0","1","0","0","0","1","3","1","0","55","0","3","1","0","8","4","0","14","0","1","3","21","0","3","0","0","0","0","1","2","0","6","0","0","0","4","0","2","1","0","2","0","0","0","0","10","1","1","0","1","0","1","6","2","8"
"House District 37 - Judicial District 4","62","3","1","0","3","1","0","1","6","0","0","1","0","0","0","0","1","0","2","1","0","0","1","0","0","0","0","0","0","1","2","0","4","0","0","1","5","0","0","0","0","0","0","0","2","0","1","0","0","0","0","0","0","0","0","0","0","0","1","0","0","0","0","0","0","0","0","0","0","0","0","0","0","0","0","0","0","0","0","0","0","0","0","0","0","0","0","0","0","0","0","0","0","0","0","0","0","0","1","0","0","0","0","0","0","0","0","0","0","0","0","0","1","0","0","0","0","0","0","0","0","0","0","0","0","0","0","0","0","0","0","0","0","0","0","0","0","1","1","0","0","0","0","0","0","0","0","0","0","0","0","0","0","0","0","0","0","0","0","0","0","2","2","0","0","0","0","0","0","0","0","0","0","0","0","0","0","0","0","0","0","0","0","0","0","0","0","0","0","0","0","0","0","0","0","0","0","0","0","0","0","0","0","0","0","0","0","0","0","66","1","0","0","0","0","0","0","0","0","0","1","1","0","0","6","1","0","0","1","2","0","0","4","0","0","0","5","0","0","0","0","0","0","0","0","0","1","0","0","0","0","0","0","0","0","0","0","0","0","0","0","0","0","0","0","0","0","1","0","1"
"House District 39 - Judicial District 2","269","13","6","0","20","1","0","1","4","0","3","1","4","0","0","8","2","0","6","0","1","5","17","0","2","1","2","0","0","2","16","0","7","0","0","5","13","0","0","2","1","0","0","0","3","0","2","0","0","0","0","0","1","0","0","0","0","0","5","1","0","0","1","0","1","0","0","0","0","0","0","0","0","0","0","0","0","0","0","1","0","1","1","0","0","0","0","0","0","0","0","1","0","0","0","0","0","0","2","0","2","0","0","0","0","1","0","0","0","0","0","1","0","0","0","0","0","0","1","0","0","0","0","0","0","0","0","0","0","0","0","0","0","1","0","0","0","0","0","0","0","0","0","0","0","0","0","0","0","0","0","0","0","0","0","0","0","0","0","0","0","1","2","1","1","0","0","0","0","0","0","0","0","0","0","0","0","0","0","0","0","0","0","0","0","0","1","0","0","0","0","0","0","0","0","0","0","0","0","0","0","0","0","0","0","0","0","0","0","207","1","0","5","0","2","0","2","0","0","0","0","0","1","0","29","1","4","0","0","5","0","0","26","0","1","0","7","0","4","0","1","0","0","1","0","0","3","0","1","0","2","0","0","1","0","0","0","0","0","1","1","1","0","1","8","0","0","7","3","6"
"House District 39 - Judicial District 4","22","4","0","0","8","0","0","0","1","0","0","1","1","0","0","1","0","0","0","0","0","0","3","0","0","0","0","0","0","0","3","0","0","0","0","0","1","0","0","0","0","0","0","0","3","1","3","0","0","0","0","0","0","0","0","0","0","0","5","0","0","0","0","0","0","0","0","0","0","0","0","0","0","0","0","0","0","0","0","0","0","0","0","0","0","0","0","0","0","0","0","0","0","0","0","0","0","0","0","0","0","0","0","0","0","0","0","0","0","0","0","0","0","0","0","0","0","0","0","0","0","0","0","0","0","0","0","0","0","0","0","0","0","0","0","0","0","0","0","0","0","0","0","0","0","0","0","0","0","0","0","0","0","0","0","0","0","0","0","0","0","0","0","0","0","0","0","0","0","0","0","0","0","0","0","0","0","0","0","1","0","0","0","0","0","0","0","0","0","0","0","1","0","0","0","0","0","0","0","0","0","0","0","0","0","0","0","0","0","34","2","0","5","0","1","0","0","0","0","0","0","0","0","0","6","1","3","0","0","0","2","0","6","0","0","0","1","0","1","0","1","0","1","0","1","0","2","0","0","0","0","0","1","0","0","0","0","0","0","1","1","0","0","0","0","0","0","0","0","3"
"Total","92195","3976","791","37","3982","173","50","683","1890","17","167","528","266","1","187","3755","422","11","1934","140","25","1391","4075","25","359","133","72","4","89","170","8983","690","1964","8","144","1949","5107","26","227","41","104","83","46","1","1632","390","526","5","244","79","130","2","119","14","55","160","170","4","1630","415","39","2","184","17","6","34","108","1","22","173","73","2","55","122","29","53","32","7","53","130","1","131","87","52","52","27","65","29","29","31","47","84","76","1","28","26","18","1","973","185","98","66","123","45","2","211","1","44","27","138","1","797","323","31","1","61","10","1","47","76","14","60","18","20","130","38","1","31","35","1","32","68","3","70","82","34","36","7","75","58","45","1","33","36","103","53","3","17","28","12","1","417","71","36","22","82","29","70","15","9","52","588","937","69","85","1","17","69","141","12","1","25","14","11","59","34","26","16","21","48","1","25","14","17","16","67","73","51","1","17","29","109","43","1","10","7","5","9","56","12","28","7","18","13","17","3","3","15","1","138966","1608","448","896","16","350","86","172","3","139","17","40","176","144","2","15862","652","441","5","269","2421","431","38","6554","55","691","241","3497","33","2527","100","83","4","45","781","168","9","1522","32","198","142","1163","18","214","477","39","123","38","1","128","90","968","9","116","84","1440","9","29","1888","757","849"
