"1","Harris/Walz","Harris/Walz","Harris/Walz","Harris/Walz","Harris/Walz","Harris/Walz","Harris/Walz","Harris/Walz","Harris/Walz","Harris/Walz","Harris/Walz","Harris/Walz","Harris/Walz","Harris/Walz","Kennedy/Shanahan","Kennedy/Shanahan","Kennedy/Shanahan","Kennedy/Shanahan","Kennedy/Shanahan","Kennedy/Shanahan","Kennedy/Shanahan","Kennedy/Shanahan","Kennedy/Shanahan","Kennedy/Shanahan","Kennedy/Shanahan","Kennedy/Shanahan","Kennedy/Shanahan","Kennedy/Shanahan","Oliver/Maat","Oliver/Maat","Oliver/Maat","Oliver/Maat","Oliver/Maat","Oliver/Maat","Oliver/Maat","Oliver/Maat","Oliver/Maat","Oliver/Maat","Oliver/Maat","Oliver/Maat","Oliver/Maat","Oliver/Maat","Trump/Vance","Trump/Vance","Trump/Vance","Trump/Vance","Trump/Vance","Trump/Vance","Trump/Vance","Trump/Vance","Trump/Vance","Trump/Vance","Trump/Vance","Trump/Vance","Trump/Vance","Trump/Vance","Blank","Exhausted","Overvote"
"2","","Kennedy/Shanahan","Kennedy/Shanahan","Kennedy/Shanahan","Kennedy/Shanahan","Oliver/Maat","Oliver/Maat","Oliver/Maat","Oliver/Maat","Overvote","Trump/Vance","Trump/Vance","Trump/Vance","Trump/Vance","","Harris/Walz","Harris/Walz","Harris/Walz","Harris/Walz","Oliver/Maat","Oliver/Maat","Oliver/Maat","Oliver/Maat","Overvote","Trump/Vance","Trump/Vance","Trump/Vance","Trump/Vance","","Harris/Walz","Harris/Walz","Harris/Walz","Harris/Walz","Kennedy/Shanahan","Kennedy/Shanahan","Kennedy/Shanahan","Kennedy/Shanahan","Overvote","Trump/Vance","Trump/Vance","Trump/Vance","Trump/Vance","","Harris/Walz","Harris/Walz","Harris/Walz","Harris/Walz","Kennedy/Shanahan","Kennedy/Shanahan","Kennedy/Shanahan","Kennedy/Shanahan","Oliver/Maat","Oliver/Maat","Oliver/Maat","Oliver/Maat","Overvote","","",""
"3","","","Oliver/Maat","Overvote","Trump/Vance","","Kennedy/Shanahan","Overvote","Trump/Vance","","","Kennedy/Shanahan","Oliver/Maat","Overvote","","","Oliver/Maat","Overvote","Trump/Vance","","Harris/Walz","Overvote","Trump/Vance","","","Harris/Walz","Oliver/Maat","Overvote","","","Kennedy/Shanahan","Overvote","Trump/Vance","","Harris/Walz","Overvote","Trump/Vance","","","Harris/Walz","Kennedy/Shanahan","Overvote","","","Kennedy/Shanahan","Oliver/Maat","Overvote","","Harris/Walz","Oliver/Maat","Overvote","","Harris/Walz","Kennedy/Shanahan","Overvote","","","",""
"01-600 Ketchikan No. 1","181","11","28","0","1","14","27","0","2","0","3","6","0","0","3","1","2","0","3","0","1","0","0","0","2","0","2","0","1","1","0","0","0","0","1","0","0","0","0","0","0","0","193","4","2","3","0","23","2","22","0","5","0","10","0","0","7","0","0"
"01-610 Ketchikan No. 2","268","7","23","0","2","10","19","0","4","2","7","4","3","0","11","1","1","0","1","0","2","0","0","1","2","0","2","0","5","2","1","0","0","0","0","0","2","0","5","1","1","0","363","3","11","1","0","27","1","23","0","6","2","10","0","0","7","3","2"
"01-620 Ketchikan No. 3","139","8","9","0","0","8","11","0","2","0","8","0","0","0","5","1","0","0","1","1","0","0","1","0","2","0","3","0","1","1","0","0","0","0","0","0","0","0","0","0","0","0","298","1","2","1","0","33","1","6","0","3","1","2","0","1","6","4","1"
"01-640 North Tongass No. 1","84","4","14","0","2","1","8","0","0","0","0","1","0","0","3","0","0","0","1","0","0","0","1","0","0","0","0","0","0","0","1","0","1","0","0","0","0","0","0","0","1","0","242","2","3","0","0","22","1","10","1","3","1","4","0","0","1","1","0"
"01-650 North Tongass No. 2","147","12","12","0","1","10","11","0","3","0","4","1","0","0","5","1","0","0","3","0","2","0","2","0","3","1","1","0","2","1","1","0","0","0","1","0","3","0","2","0","0","0","417","3","2","1","0","42","1","24","0","6","1","9","0","0","1","1","3"
"01-660 Saxman","45","4","10","0","1","3","10","0","0","1","0","1","0","0","0","0","2","0","0","0","1","0","0","0","0","0","0","0","0","0","0","0","0","0","0","0","0","0","0","0","0","0","25","2","1","0","0","3","0","4","0","0","0","0","0","0","0","0","1"
"01-670 South Tongass","158","10","20","0","3","8","13","0","0","0","2","0","0","0","4","1","1","0","1","3","0","0","2","0","0","2","3","0","2","1","1","0","0","0","1","0","1","0","1","1","2","0","303","3","1","1","0","34","3","13","0","4","3","14","0","0","8","1","0"
"01-675 Coffman Cove","16","1","1","0","0","1","0","0","0","1","1","0","0","0","1","0","0","0","0","1","0","0","0","0","2","0","0","0","0","1","0","0","0","0","0","0","0","0","0","0","0","0","68","0","0","0","0","9","1","2","0","0","0","0","0","0","2","1","1"
"01-680 Metlakatla","169","19","40","0","3","5","17","1","1","1","5","2","1","0","10","7","1","0","0","0","1","1","1","0","3","2","0","0","1","0","0","0","0","0","0","0","0","0","0","0","1","0","111","0","3","1","0","15","4","9","0","2","0","5","1","0","7","3","4"
"01-690 Wrangell","137","11","11","0","3","11","20","0","1","0","3","2","1","0","6","0","1","0","0","0","2","0","1","0","1","0","1","0","1","0","1","0","0","0","0","0","1","0","0","1","2","0","354","1","2","0","0","43","5","28","0","4","1","14","0","0","4","2","1"
"02-700 Angoon","55","6","8","0","0","1","4","0","1","0","1","0","1","0","5","1","0","0","0","0","2","0","0","0","0","0","0","0","2","0","0","0","0","0","0","0","0","0","0","1","0","0","22","0","0","0","0","2","0","0","0","0","0","1","0","0","0","0","0"
"02-705 Craig","88","5","9","0","0","7","10","0","0","1","0","1","1","0","7","0","1","0","0","0","0","0","1","0","3","0","1","0","0","1","1","0","0","0","0","0","0","0","0","0","0","0","193","4","2","0","0","23","3","15","0","1","1","6","0","0","3","4","4"
"02-720 Hoonah","83","6","5","0","1","3","7","1","1","0","0","1","2","0","8","2","0","0","0","0","1","0","2","0","3","0","1","0","1","0","0","0","0","0","1","0","0","0","0","0","0","0","92","5","1","0","0","11","2","15","0","2","0","1","0","0","3","0","3"
"02-725 Hydaburg","57","3","2","0","1","2","5","0","2","0","0","0","0","0","3","0","1","0","0","0","1","0","0","0","1","0","0","0","1","0","0","0","0","0","0","0","0","0","0","0","0","0","11","2","0","1","0","2","1","0","0","0","0","0","0","0","0","2","0"
"02-730 Kake","76","0","7","0","0","4","10","0","0","1","2","3","2","0","2","0","0","0","0","1","2","0","0","0","1","0","0","0","0","0","0","0","0","0","0","0","0","0","0","0","0","0","39","1","3","1","0","9","2","8","0","1","0","0","0","0","1","3","2"
"02-735 Kasaan","6","0","2","0","0","0","0","0","0","0","0","0","0","0","2","0","0","0","0","0","0","0","0","0","0","0","0","0","1","0","0","0","0","0","1","0","0","0","0","0","0","0","12","0","0","0","0","0","0","1","0","0","0","0","0","0","0","0","0"
"02-740 Klawock","101","3","3","0","1","6","13","0","1","0","1","1","3","1","2","0","1","0","1","0","1","0","1","0","0","1","1","0","1","0","1","0","0","0","0","0","0","0","0","0","0","0","149","1","1","0","0","22","2","18","0","1","0","4","1","0","0","0","2"
"02-750 Pelican-Elfin Cove","10","0","0","0","1","2","2","0","0","0","0","0","0","0","0","0","0","0","0","0","0","0","0","0","2","0","0","0","0","0","0","0","0","0","0","0","0","0","0","0","0","0","18","1","0","0","0","1","1","2","0","0","0","0","0","0","0","0","0"
"02-755 Petersburg-Kupreanof","214","15","9","0","1","18","22","0","1","0","1","1","3","0","6","3","1","0","0","0","0","0","4","0","5","0","4","0","7","2","0","0","0","1","1","0","1","0","0","0","1","0","351","6","6","2","0","72","6","41","0","4","0","13","0","0","10","10","1"
"02-760 Port Alexander","3","0","1","0","0","0","1","0","0","0","0","0","0","0","0","0","0","0","0","0","0","0","0","0","0","0","0","0","0","0","0","0","0","0","0","0","0","0","0","0","0","0","4","0","0","0","0","1","0","0","0","0","0","0","0","1","0","0","0"
"02-765 Sitka No. 1","307","22","26","1","7","25","39","1","2","0","6","3","6","0","6","2","4","0","2","0","3","0","1","0","2","2","4","0","5","0","0","0","0","3","1","0","0","0","0","0","1","0","347","3","5","2","0","54","2","47","0","4","3","5","0","0","8","2","3"
"02-770 Sitka No. 2","311","34","30","0","6","14","49","0","4","0","7","2","3","0","6","4","0","0","3","3","1","0","4","0","5","4","3","0","2","2","1","0","0","0","0","0","0","0","5","1","0","0","264","7","4","2","0","62","4","32","1","2","3","8","1","1","4","5","1"
"02-775 Tenakee Springs","22","0","1","0","0","2","2","0","0","0","0","0","0","0","1","1","0","0","0","0","0","0","0","0","0","0","0","0","0","0","0","0","0","0","0","0","0","0","0","0","0","0","9","0","0","0","0","3","0","0","0","0","0","0","0","0","1","0","0"
"02-780 Thorne Bay","19","3","0","0","0","4","2","0","1","0","0","0","0","0","0","0","0","0","2","1","0","0","0","0","0","0","0","0","1","0","0","0","0","0","1","0","1","0","0","0","0","0","137","0","1","0","0","9","0","6","0","1","0","1","0","0","0","0","0"
"02-785 Yakutat","91","7","4","0","1","7","5","0","0","0","2","1","1","0","1","0","0","0","1","1","0","0","0","0","1","1","0","0","1","0","2","0","0","0","0","0","0","0","1","2","0","0","73","0","0","0","0","9","0","5","0","0","1","4","0","0","0","1","3"
"03-300 Auke Bay","202","13","7","0","4","16","14","0","4","0","3","2","0","0","5","1","0","0","1","0","1","0","0","0","3","3","0","0","1","1","1","0","1","1","0","0","2","0","1","1","0","0","140","2","3","0","0","30","0","6","0","5","1","6","0","0","3","0","0"
"03-305 Lynn Canal","186","5","4","0","1","10","16","0","1","0","5","0","0","0","1","0","1","0","0","0","0","0","1","0","2","0","2","0","1","0","0","0","0","2","0","0","0","0","0","0","1","0","143","1","3","0","0","16","2","6","0","5","1","6","1","0","6","2","0"
"03-310 Melvin Park","170","13","17","0","6","17","35","0","0","0","4","2","0","0","5","1","1","0","1","0","3","0","0","0","6","0","0","0","5","1","0","0","1","1","0","0","0","0","2","0","1","0","180","5","5","5","0","34","3","23","0","7","1","10","1","0","7","3","0"
"03-315 Mendenhall Glacier","257","17","33","0","8","27","41","1","5","0","7","4","2","0","5","0","3","0","4","0","3","0","0","0","3","1","1","0","5","2","1","0","1","2","0","0","2","0","0","0","1","0","360","4","7","2","0","37","3","30","0","12","1","21","0","0","5","6","0"
"03-320 Thunder Mountain","236","25","29","0","5","22","37","0","0","0","7","3","3","0","4","0","0","0","0","2","2","0","3","0","1","1","2","0","1","1","0","0","0","0","2","0","0","0","2","2","1","0","292","5","6","3","0","39","5","25","0","17","4","12","0","0","3","0","0"
"03-325 Gustavus","85","5","3","0","0","5","8","0","0","0","0","1","0","0","0","0","0","0","0","0","0","0","0","0","1","0","0","0","0","2","0","0","1","0","1","0","0","0","0","0","1","0","54","0","1","0","0","6","0","8","0","4","1","1","0","0","0","1","0"
"03-330 Haines No. 1","193","12","24","0","3","25","26","0","2","0","3","2","1","1","1","2","0","0","2","2","0","0","1","0","3","1","3","0","6","1","2","0","0","3","0","0","1","0","2","0","0","0","235","0","3","0","0","41","0","21","0","8","1","9","0","0","4","2","3"
"03-335 Haines No. 2","40","1","1","0","0","4","2","0","0","0","1","0","0","0","0","1","0","0","1","0","0","0","0","0","0","1","0","0","0","0","0","0","0","0","0","0","0","0","1","0","0","0","50","0","0","0","0","2","0","1","0","2","0","1","0","0","0","0","0"
"03-340 Klukwan","14","3","2","0","1","1","5","0","0","0","0","0","0","0","0","0","0","0","0","0","0","0","0","0","0","0","0","0","0","0","0","0","0","1","1","0","0","0","0","0","0","0","8","0","0","0","0","1","0","0","0","0","1","0","0","0","0","3","0"
"03-345 Skagway","180","12","16","0","1","20","29","0","1","0","1","2","2","0","1","1","1","0","0","0","2","0","0","0","3","1","0","0","3","2","0","0","0","0","2","0","1","0","0","1","1","0","77","7","3","1","0","13","3","14","0","2","4","2","0","0","1","2","0"
"04-100 Douglas","286","11","20","0","2","22","31","0","1","2","6","6","1","0","1","3","0","0","2","0","0","0","1","0","1","1","1","0","0","0","0","0","0","2","1","0","0","0","1","0","0","0","85","3","6","0","0","10","2","8","0","3","0","4","0","1","2","3","0"
"04-105 Juneau Airport Area","82","8","17","0","0","4","4","0","0","0","5","1","2","0","1","0","0","0","1","0","0","0","1","0","2","1","1","0","2","1","0","0","0","0","0","0","0","0","0","0","0","0","105","0","3","1","0","21","0","19","0","5","0","9","0","0","2","1","0"
"04-110 Juneau No. 1","212","8","24","0","2","14","22","0","0","0","3","0","1","0","4","1","0","0","0","0","0","0","0","0","1","0","1","0","3","0","1","0","0","0","1","0","2","0","0","0","1","0","78","5","2","1","0","16","3","15","0","0","0","4","0","0","4","3","1"
"04-115 Juneau No. 2","292","11","17","0","2","18","17","0","2","0","4","4","0","0","5","0","0","0","2","0","0","0","0","0","3","0","0","0","1","1","1","0","0","0","2","0","0","0","2","0","0","0","56","1","2","0","0","4","1","3","0","3","0","2","0","0","1","4","0"
"04-120 Juneau No. 3","129","6","4","0","4","12","6","0","1","0","1","2","1","0","3","0","0","0","1","1","1","0","0","0","2","0","0","0","1","0","0","0","0","0","1","0","0","0","1","1","0","0","58","4","1","0","0","7","0","4","0","1","0","1","0","0","2","1","1"
"04-125 Lemon Creek","197","7","32","0","5","12","12","0","4","0","11","9","4","0","1","2","0","0","1","0","3","0","0","0","1","1","5","0","0","1","1","0","0","0","0","0","3","0","1","1","1","0","164","4","14","0","0","24","8","27","2","3","0","5","0","0","3","2","0"
"04-130 Glacier Valley Area","103","13","23","1","3","13","17","0","1","1","8","3","0","0","1","0","1","0","1","0","1","0","0","0","0","0","0","0","1","1","1","0","0","0","0","0","0","0","0","0","0","0","118","7","3","0","0","30","4","16","0","0","0","9","0","1","2","2","3"
"04-135 North Douglas","227","14","12","0","1","21","23","0","2","0","1","1","0","0","2","0","0","0","1","0","0","0","1","0","2","1","0","0","0","2","0","0","0","0","0","0","1","0","1","1","0","0","87","5","2","0","0","13","3","8","0","3","0","4","0","0","3","3","0"
"05-800 Chiniak","16","0","0","0","0","2","2","0","0","0","0","0","1","0","0","0","0","0","0","0","0","0","0","0","1","0","0","0","1","0","0","0","0","0","0","0","0","0","0","0","0","0","26","0","0","0","0","1","0","1","0","0","0","1","0","0","0","2","0"
"05-810 Flats","130","9","5","0","0","13","12","0","1","0","1","0","0","0","2","0","0","0","1","0","0","0","0","0","0","1","0","0","2","0","0","0","1","0","0","0","0","0","3","1","0","0","269","5","2","1","0","53","1","24","0","12","0","8","0","0","3","0","2"
"05-815 Kodiak Island South","6","0","0","1","0","0","0","0","0","0","0","0","0","0","0","0","0","0","0","0","0","0","0","0","0","0","0","0","0","0","0","0","0","0","0","0","0","0","0","0","0","0","8","0","0","0","0","0","0","0","0","0","0","0","0","0","1","0","1"
"05-820 Kodiak No. 1","197","9","12","0","4","8","9","0","1","0","6","8","2","0","4","0","0","0","2","0","1","0","1","0","0","0","0","0","1","1","1","0","1","1","0","0","0","0","0","0","0","0","272","11","8","3","0","29","8","36","0","1","3","3","1","1","1","2","1"
"05-825 Kodiak No. 2","214","6","21","0","7","11","16","0","3","0","6","6","2","0","7","0","0","0","0","1","2","0","0","0","1","1","0","0","2","1","0","0","0","0","1","0","0","0","0","0","0","0","291","9","14","1","0","28","8","15","0","5","2","8","0","0","1","4","2"
"05-830 Mission Road","334","19","38","0","4","34","43","0","5","0","10","6","2","0","7","1","0","0","2","3","1","0","0","0","7","1","3","0","4","1","1","0","0","3","1","0","1","0","2","4","2","0","632","7","9","0","0","83","13","79","0","10","1","23","0","0","6","6","0"
"05-835 Old Harbor","10","0","3","0","0","0","0","0","0","0","1","0","1","0","2","0","0","0","0","0","0","0","0","0","0","0","0","0","0","0","0","0","0","0","0","0","0","0","0","0","0","0","11","1","0","0","0","0","0","1","0","0","0","0","0","0","0","0","0"
"05-840 Ouzinkie","29","0","5","1","0","0","1","0","0","0","0","0","0","0","1","0","0","0","0","1","0","0","0","0","0","0","0","0","0","1","0","0","0","0","1","0","0","0","0","0","0","0","9","0","1","0","0","0","0","5","1","0","0","0","0","0","0","0","1"
"05-845 Port Lions","10","0","0","0","1","0","1","0","0","0","0","0","0","0","1","0","0","0","0","0","0","0","0","0","0","0","0","0","0","1","0","0","0","0","0","0","0","0","0","0","0","0","46","0","0","0","0","3","0","2","0","0","0","0","0","0","2","0","0"
"05-860 Cordova","152","10","20","0","4","7","14","0","3","0","2","0","1","0","3","2","2","0","2","1","0","0","1","0","3","1","1","0","3","0","1","0","0","1","0","0","0","0","0","0","0","0","184","2","2","0","0","19","6","16","0","6","1","7","0","1","6","0","3"
"05-865 Seward-Lowell Point","161","16","12","0","1","11","14","0","2","0","4","3","0","0","3","1","0","0","1","3","1","0","0","0","2","3","1","0","2","1","0","0","0","1","0","0","0","0","0","0","1","0","164","1","3","1","0","28","4","20","0","5","1","2","0","0","6","2","0"
"05-870 Tatitlek","5","1","4","0","0","0","3","0","0","0","0","1","0","0","0","0","0","0","0","0","0","0","1","0","0","0","0","0","0","0","0","0","0","0","0","0","0","0","0","0","0","0","1","0","0","0","0","0","0","0","0","0","0","2","0","1","0","0","0"
"06-200 Anchor Point","150","8","16","0","2","8","29","0","1","1","2","1","0","0","8","2","0","0","1","1","0","0","0","0","3","2","3","0","5","3","1","0","0","0","4","0","1","0","4","0","0","0","595","2","2","2","0","63","1","40","1","14","1","6","0","2","2","3","1"
"06-210 Diamond Ridge","119","8","8","0","0","18","10","0","1","0","2","0","1","0","1","0","0","0","1","0","0","0","0","0","3","2","0","0","3","1","0","0","0","0","0","0","0","0","1","0","0","0","132","1","1","0","0","19","2","6","0","1","0","5","0","0","2","0","1"
"06-220 Fox River","43","2","2","0","0","5","4","0","0","0","0","1","0","0","2","0","2","0","1","2","0","0","0","0","3","0","0","0","1","1","0","0","0","0","0","0","0","0","1","0","0","0","167","0","0","0","0","11","1","2","1","2","0","1","0","0","1","1","1"
"06-230 Homer No. 1","179","14","6","0","3","20","15","0","0","0","6","2","1","0","7","1","0","0","0","1","2","0","0","0","7","2","3","0","3","0","0","0","0","0","0","0","0","0","0","0","2","0","212","1","2","0","0","21","2","23","0","6","0","5","0","0","2","6","1"
"06-240 Homer No. 2","172","9","5","0","3","12","15","0","1","0","1","1","0","0","5","5","0","0","2","1","0","0","3","0","5","0","2","0","2","3","1","0","0","1","1","0","0","0","3","0","1","0","236","3","4","0","0","25","1","9","0","6","0","3","0","1","1","5","0"
"06-250 Kachemak-Fritz Creek","248","20","18","0","1","23","18","0","1","1","3","1","1","0","4","3","1","0","2","4","0","0","0","0","6","1","0","0","3","3","1","0","1","0","1","0","0","0","1","0","0","0","229","2","4","1","0","30","3","23","0","8","0","6","0","0","4","4","0"
"06-260 Kasilof","190","7","7","0","1","11","18","0","4","0","2","0","1","0","4","2","0","0","0","1","1","0","1","0","7","1","0","0","6","3","0","0","0","0","0","0","1","0","1","1","0","0","652","3","5","2","0","73","3","45","1","14","0","9","0","0","4","7","1"
"06-270 Ninilchik","120","6","8","0","0","10","11","0","1","0","0","2","0","0","1","0","1","0","0","1","0","0","1","0","1","0","0","0","2","0","1","0","0","0","0","0","1","0","3","0","1","0","375","1","2","0","0","29","5","27","0","11","0","9","0","1","1","2","0"
"06-280 Seldovia-Kachemak Bay","59","2","2","0","0","2","6","0","0","1","0","1","0","0","1","0","0","0","0","0","0","0","0","0","0","0","0","0","1","0","0","0","0","0","0","0","0","0","0","1","0","0","65","0","1","0","0","5","0","3","0","2","0","4","0","0","3","2","0"
"07-005 Central","104","5","10","0","3","14","15","0","1","0","3","1","0","0","3","2","1","0","0","0","2","0","0","0","2","1","3","0","3","2","0","0","0","1","1","0","1","0","1","0","0","0","421","2","3","2","0","53","7","44","0","7","1","20","0","0","3","3","2"
"07-010 K Beach","96","12","20","0","2","8","24","0","2","0","3","3","0","0","7","0","1","0","0","0","2","0","3","0","3","3","2","0","2","1","1","0","2","3","1","0","0","0","1","0","0","0","511","3","4","2","0","67","6","57","1","7","0","23","0","1","9","4","4"
"07-015 Kenai No. 1","141","12","16","0","2","12","22","0","2","0","5","2","1","0","5","2","0","0","1","0","1","0","0","0","1","1","2","0","2","1","0","0","0","3","3","0","3","0","2","1","0","0","372","4","7","2","0","39","4","45","1","12","0","16","1","3","1","2","2"
"07-020 Kenai No. 2","73","6","8","0","2","4","11","0","0","0","0","2","0","0","2","1","1","0","1","0","0","0","1","0","0","0","2","0","1","0","0","0","0","0","0","0","0","0","0","1","0","0","237","1","2","1","0","25","4","32","0","8","0","11","0","0","4","5","2"
"07-025 Kenai No. 3","64","4","5","0","3","5","8","0","0","0","1","0","0","0","1","0","0","0","0","0","2","0","0","0","1","0","1","0","1","0","0","0","0","0","0","0","0","0","2","0","0","0","182","1","2","0","0","20","0","21","1","6","1","5","0","0","3","0","2"
"07-030 Soldotna","167","11","11","0","1","12","14","0","3","0","2","1","0","0","13","0","0","0","1","0","1","0","1","0","1","0","3","0","4","1","0","0","2","1","3","0","1","0","0","0","0","0","434","5","8","0","0","59","4","51","0","3","2","13","0","2","6","4","1"
"08-035 Bear Creek","172","14","13","0","1","8","22","0","0","0","0","2","0","0","7","4","1","0","0","0","3","0","0","0","1","0","1","0","0","0","0","0","0","1","2","0","0","0","0","0","0","0","260","0","2","1","0","30","4","25","0","5","1","14","0","0","2","1","0"
"08-040 Cooper Landing","54","1","2","0","2","2","4","0","0","0","0","0","0","0","2","1","0","0","0","0","0","0","0","0","1","0","0","0","1","1","0","0","0","0","1","0","0","0","0","0","0","0","56","1","0","0","0","10","1","4","0","1","1","0","0","0","1","0","0"
"08-045 Funny River No. 1","48","4","4","0","0","3","7","0","0","0","2","2","1","0","1","0","1","0","0","0","0","0","0","0","1","0","0","0","2","0","0","0","0","0","0","0","0","0","0","0","0","0","217","1","0","0","0","22","3","11","0","4","0","1","0","1","3","1","0"
"08-050 Funny River No. 2","35","0","1","0","0","0","6","0","1","1","2","0","0","0","2","0","0","0","0","0","1","0","1","0","1","0","0","0","2","0","0","0","0","0","1","1","1","0","0","0","1","0","171","2","0","0","0","21","1","9","0","5","1","4","0","0","1","2","0"
"08-055 Hope","33","0","1","0","0","5","4","0","2","0","0","0","0","0","1","0","0","0","0","0","0","0","0","0","0","0","0","0","0","0","0","0","0","0","0","0","0","0","0","0","0","0","20","0","0","0","0","0","0","2","0","0","0","0","0","0","0","1","0"
"08-060 Mackey Lake","74","4","13","0","1","7","8","0","2","0","3","2","0","0","2","2","0","0","1","0","0","0","1","0","3","1","0","0","1","1","0","0","1","0","0","0","1","0","0","0","0","0","319","1","0","1","0","31","4","23","0","7","0","17","0","0","6","2","0"
"08-065 Moose Pass","60","5","2","0","0","1","2","0","0","0","1","1","0","0","0","0","0","0","0","0","0","0","0","0","3","0","1","0","2","0","0","0","0","0","0","0","0","0","0","0","0","0","68","0","0","0","0","5","0","6","0","1","0","0","0","0","3","0","0"
"08-070 Nikiski","82","2","6","0","2","9","12","0","1","0","2","0","1","0","2","0","1","0","0","2","0","0","1","0","6","0","0","0","2","1","0","0","0","0","1","0","1","0","2","0","0","0","529","2","1","1","0","47","3","37","0","15","1","28","0","0","2","1","0"
"08-075 Salamatof","65","9","13","0","1","9","13","0","1","0","1","0","1","0","2","0","1","0","1","0","0","0","2","0","4","0","0","0","1","1","0","0","0","0","1","0","0","0","1","0","0","0","504","1","5","0","0","46","3","38","0","13","1","23","0","2","4","1","0"
"08-080 Sterling No. 1","87","6","6","0","0","9","11","0","1","0","1","0","1","0","4","1","1","0","0","0","0","0","2","0","3","1","1","0","2","2","0","0","1","0","0","0","0","0","1","0","0","0","438","2","2","0","0","48","1","29","0","11","3","25","0","2","1","3","1"
"08-085 Sterling No. 2","97","5","11","0","0","5","5","0","0","0","2","4","0","0","5","0","0","0","1","0","0","0","0","0","2","2","0","0","1","1","0","0","0","0","0","0","0","0","1","0","0","0","578","2","2","0","0","34","3","24","0","10","0","17","0","0","3","2","1"
"09-105 Girdwood","402","37","46","0","11","43","39","0","2","0","4","3","2","0","9","2","2","0","4","0","0","0","3","0","6","1","3","0","4","0","0","0","3","1","0","0","0","0","2","0","1","0","129","2","4","0","0","26","2","13","0","3","0","6","0","1","10","4","0"
"09-110 Indian","60","1","1","0","0","6","3","0","0","0","0","0","0","0","0","0","0","0","0","0","0","0","0","0","0","0","0","0","1","0","0","0","0","0","0","0","0","0","0","0","0","0","50","0","0","0","0","4","0","1","0","0","0","2","0","0","1","1","0"
"09-115 South Anchorage No. 1","321","14","39","1","8","22","43","1","3","0","9","2","3","0","4","3","2","0","0","1","0","0","4","0","3","2","6","0","4","0","1","0","0","0","1","0","0","0","3","0","2","0","460","6","12","4","0","58","7","42","0","9","1","19","0","1","16","3","0"
"09-120 South Anchorage No. 2","292","15","39","0","7","19","41","0","6","0","9","2","1","0","6","1","1","0","1","1","1","0","3","0","11","1","2","0","6","2","0","0","0","0","0","0","4","0","1","0","0","0","588","5","5","0","0","56","10","37","0","9","4","20","0","0","7","3","0"
"09-125 South Anchorage No. 3","304","17","19","1","5","34","29","1","1","0","4","4","2","0","5","2","0","0","0","1","0","0","0","0","7","2","1","0","5","2","0","0","0","2","4","0","2","0","0","2","0","0","446","6","2","3","0","55","4","30","1","8","2","11","0","0","7","3","1"
"09-130 South Anchorage No. 4","333","10","27","1","5","12","40","0","5","1","9","6","1","0","5","1","0","0","2","1","3","0","2","0","3","4","2","0","2","2","1","0","0","1","1","0","2","0","2","0","1","0","505","9","1","1","0","49","8","36","0","6","3","10","0","0","11","4","1"
"09-135 South Anchorage No. 5","159","11","12","0","4","13","16","1","1","2","4","0","1","0","2","1","0","0","0","0","0","0","0","0","2","1","1","0","4","0","0","0","1","0","1","0","1","0","0","1","1","0","194","1","3","1","0","25","4","11","0","8","0","10","0","0","2","1","0"
"09-140 Stuckagain Heights","63","1","5","0","1","5","6","0","0","1","4","0","0","0","1","0","0","0","0","0","0","0","0","0","1","0","0","0","1","0","0","0","0","0","0","0","0","0","0","0","0","0","53","0","0","1","0","7","1","2","0","2","0","1","0","0","2","1","0"
"09-145 Whittier","18","3","5","0","0","1","2","0","0","0","0","1","0","0","0","0","0","0","0","0","0","0","0","0","1","1","0","0","0","0","0","0","0","0","0","0","0","0","1","0","0","0","37","1","2","0","0","4","1","1","0","0","1","1","0","0","1","0","1"
"10-150 Dimond","215","19","32","0","9","14","36","1","4","3","13","13","3","0","5","3","1","0","0","2","1","0","1","1","6","0","2","0","1","0","0","0","1","1","0","1","0","0","1","0","0","0","283","10","5","5","0","48","8","40","0","7","1","10","1","3","3","7","4"
"10-155 Oceanview No. 1","304","15","36","1","5","21","39","0","2","2","11","13","4","0","3","3","0","0","0","1","0","0","1","0","3","0","4","0","0","1","2","0","0","1","0","0","1","0","2","0","1","0","411","13","12","4","0","46","10","41","0","7","0","13","1","1","7","3","0"
"10-160 Oceanview No. 2","203","11","14","0","1","16","28","0","3","0","9","4","3","0","4","2","2","0","1","0","0","0","1","0","3","1","0","0","4","0","1","0","1","1","2","0","0","0","2","0","0","0","308","5","2","2","0","35","3","21","0","7","1","3","1","1","10","1","1"
"10-165 Oceanview No. 3","251","17","36","0","6","17","54","1","6","2","8","4","1","0","5","0","1","0","1","1","1","0","1","0","7","0","4","0","2","0","2","0","0","3","2","0","1","0","1","0","1","0","374","5","3","3","0","50","10","44","0","12","0","7","0","1","5","8","3"
"10-170 Oceanview No. 4","249","17","19","0","1","14","32","1","5","0","5","3","3","0","7","2","0","0","1","1","1","0","3","0","2","1","1","0","4","0","2","0","0","0","2","0","0","0","0","2","1","0","331","5","10","2","0","41","7","29","0","9","0","12","0","0","5","3","1"
"10-175 Oceanview No. 5","192","14","11","0","1","15","26","0","5","0","6","4","3","0","4","1","0","0","1","0","0","0","0","0","3","0","3","0","2","0","0","0","1","0","0","0","1","0","2","0","0","0","280","11","2","1","0","31","3","30","0","1","1","15","0","0","2","2","1"
"11-205 Hillside No. 1","181","4","22","0","3","11","31","1","3","2","10","3","2","0","3","1","4","0","1","0","0","0","0","0","5","1","0","0","0","1","0","0","0","0","1","0","0","2","1","0","1","0","223","8","5","3","0","31","6","32","0","6","1","14","0","1","2","1","4"
"11-210 Hillside No. 2","339","27","36","0","11","23","49","0","3","0","15","3","5","0","5","0","1","0","3","0","2","0","4","0","3","1","1","0","3","1","2","0","0","1","1","0","1","0","4","2","4","0","473","13","9","2","0","67","7","38","1","11","2","18","1","1","7","3","8"
"11-215 Hillside No. 3","162","11","14","0","4","12","24","0","1","0","5","6","0","0","5","1","0","0","2","0","0","0","2","0","2","2","0","0","6","0","1","0","1","0","0","0","0","0","0","0","0","0","294","5","3","1","0","36","1","16","1","4","1","9","0","0","3","5","0"
"11-220 Hillside No. 4","169","11","11","0","1","14","18","0","3","1","4","5","4","0","1","0","0","0","1","0","0","0","0","0","1","0","0","0","1","1","2","0","0","2","1","0","0","0","0","0","0","0","340","9","2","1","0","35","3","20","0","5","1","13","1","0","3","1","0"
"11-225 Hillside No. 5","252","11","7","0","2","13","16","0","2","1","3","1","1","0","7","0","0","0","1","1","0","0","1","0","7","2","1","0","5","1","2","0","2","0","2","0","0","0","2","0","1","0","360","3","0","0","0","25","4","6","0","3","0","4","0","0","2","0","0"
"11-230 Hillside No. 6","239","13","14","0","2","29","40","0","3","0","5","1","0","0","5","4","1","0","0","1","1","0","1","0","6","0","2","0","1","4","1","0","1","0","1","0","0","0","1","1","2","0","302","2","0","0","0","39","5","17","0","10","1","14","0","0","8","4","0"
"11-235 Hillside No. 7","226","5","14","0","1","26","21","0","2","0","11","0","0","0","4","1","0","0","0","0","1","0","0","0","1","0","0","0","1","0","1","0","0","0","0","0","1","0","3","0","2","0","239","3","2","0","0","28","4","19","0","8","3","14","0","0","6","1","0"
"12-250 Southeast Anchorage No. 1","228","15","36","0","4","19","33","1","1","0","7","7","2","0","6","0","3","0","1","0","1","0","1","0","3","1","0","0","3","1","0","0","2","0","0","0","0","0","2","0","1","0","344","5","14","2","0","54","7","51","0","4","3","10","0","0","2","4","2"
"12-255 Southeast Anchorage No. 2","120","11","18","0","2","7","24","0","0","0","5","4","0","0","2","0","0","0","0","0","0","0","2","0","2","0","2","0","2","0","0","0","1","2","1","0","0","0","1","0","1","0","208","7","4","0","0","22","5","28","0","3","0","2","0","0","1","1","0"
"12-260 Southeast Anchorage No. 3","232","9","28","0","10","15","30","0","1","0","9","7","4","0","3","1","0","0","2","0","1","0","1","0","1","2","0","0","5","1","1","0","1","0","1","0","2","0","3","1","0","0","313","7","8","1","0","21","7","41","0","7","3","12","1","0","1","6","0"
"12-265 Southeast Anchorage No. 4","245","20","14","0","1","22","25","0","4","0","8","11","1","0","5","1","0","0","0","0","3","0","1","0","3","0","2","0","1","1","0","0","0","0","3","0","1","0","1","0","0","0","326","9","9","1","1","36","6","24","0","7","1","8","0","0","6","2","0"
"12-270 Southeast Anchorage No. 5","271","16","25","0","3","21","49","0","0","1","1","12","2","0","5","1","0","0","1","0","5","0","1","0","4","1","1","0","4","3","1","0","0","1","1","0","1","0","1","0","0","0","361","8","13","7","0","43","8","51","1","5","2","18","0","2","8","3","6"
"12-275 Southeast Anchorage No. 6","294","19","20","0","6","20","27","0","4","0","10","5","3","0","3","1","2","0","1","0","0","0","1","0","3","1","3","0","3","1","0","0","0","0","0","0","0","0","1","1","0","0","282","3","1","2","0","31","0","29","0","4","0","12","0","1","3","2","3"
"13-305 South Midtown No. 1","46","7","4","0","1","3","16","0","0","0","4","2","1","0","1","0","1","0","1","0","0","0","0","0","0","0","0","0","0","0","0","0","0","0","0","0","1","0","0","0","0","0","91","3","1","0","0","16","3","16","0","2","0","1","0","0","1","1","0"
"13-310 South Midtown No. 2","318","15","39","0","3","25","41","1","1","0","13","6","3","0","8","2","0","0","2","1","2","0","3","0","6","0","3","0","2","3","0","0","1","0","2","0","0","0","1","2","1","0","428","18","11","4","0","49","10","42","1","2","1","11","0","0","3","1","3"
"13-315 South Midtown No. 3","273","18","35","0","7","19","46","0","5","0","7","8","3","0","4","0","3","0","1","1","1","0","3","0","3","2","3","0","1","2","2","0","1","0","0","0","0","0","2","1","0","0","373","9","13","2","0","37","8","54","0","8","1","14","0","2","2","3","3"
"13-320 South Midtown No. 4","262","22","34","0","6","25","37","0","6","1","10","9","3","0","2","2","2","0","2","0","0","0","2","0","1","0","1","0","1","3","1","0","0","0","2","0","2","0","1","0","2","0","350","8","11","1","0","55","9","44","0","6","2","15","0","0","3","8","3"
"13-325 South Midtown No. 5","356","16","43","1","9","31","50","0","3","2","3","9","2","0","2","1","2","0","2","0","0","0","0","0","2","0","1","0","1","2","1","0","2","1","2","0","2","0","1","1","0","0","271","9","13","4","0","50","4","51","0","9","2","13","0","1","5","5","4"
"14-350 North Midtown No. 1","117","6","7","0","3","10","20","0","2","1","1","4","0","0","3","0","0","0","0","0","1","0","0","0","0","0","1","0","0","0","1","0","2","1","0","0","0","0","0","0","0","0","67","1","0","1","0","13","3","12","0","5","0","4","0","2","0","1","1"
"14-355 North Midtown No. 2","141","9","13","0","4","11","21","0","1","0","3","1","0","0","4","2","1","0","1","0","0","0","0","0","1","0","2","0","2","1","0","0","0","0","1","0","0","0","2","1","1","0","117","1","3","2","0","15","1","19","0","2","0","3","0","0","2","1","0"
"14-360 North Midtown No. 3","95","6","12","0","4","9","9","0","1","0","6","2","0","0","2","0","0","0","2","0","1","0","0","0","1","1","1","0","1","0","1","0","1","1","1","0","2","0","1","0","0","0","118","6","3","0","0","8","3","13","0","2","0","6","0","0","1","1","0"
"14-365 North Midtown No. 4","145","7","20","0","3","12","32","0","0","0","6","6","1","0","3","3","0","0","2","1","0","0","0","0","1","1","1","0","0","0","0","0","0","0","0","0","0","0","1","0","1","0","139","3","6","1","0","18","4","17","0","3","0","7","1","1","2","3","1"
"14-370 North Midtown No. 5","259","22","25","1","8","14","42","0","1","0","6","11","0","0","3","2","2","0","0","3","1","0","0","0","1","0","1","0","3","1","1","0","1","1","2","0","0","0","1","0","0","0","221","4","4","1","0","33","6","36","1","1","2","11","0","0","4","5","6"
"14-375 North Midtown No. 6","166","11","20","1","2","12","18","0","6","1","3","4","0","1","1","2","0","0","0","1","1","0","0","0","3","1","0","0","0","0","0","0","0","0","0","0","1","0","1","0","1","0","170","3","4","0","0","21","5","17","0","5","1","7","0","1","1","6","0"
"14-380 North Midtown No. 7","408","17","26","0","4","28","35","0","4","0","6","4","2","0","2","2","0","0","0","0","0","0","1","0","4","0","2","0","5","1","0","0","0","0","1","0","2","0","1","1","0","0","233","7","1","0","0","23","2","17","0","5","2","8","0","0","9","4","1"
"15-405 Southwest Anchorage No. 1","201","8","14","0","4","13","17","0","4","0","16","5","0","0","7","1","1","0","1","1","0","0","1","0","2","2","1","0","4","0","0","0","1","0","0","0","0","0","1","0","1","0","274","3","10","2","0","26","2","20","0","4","1","9","0","0","5","5","0"
"15-410 Southwest Anchorage No. 2","213","12","25","0","1","18","47","0","4","0","5","6","1","0","4","0","2","0","1","0","0","0","0","0","5","5","1","0","3","3","2","0","0","1","1","0","0","0","0","0","0","0","310","6","8","4","0","36","7","31","0","5","0","7","0","1","10","6","3"
"15-415 Southwest Anchorage No. 3","280","16","32","0","8","19","28","0","4","0","11","9","1","0","6","2","1","0","1","1","0","0","2","0","0","3","3","0","1","1","2","0","0","1","2","0","1","0","1","2","0","0","357","5","14","2","0","52","9","38","0","7","0","13","1","0","5","1","1"
"15-420 Southwest Anchorage No. 4","236","10","41","0","7","15","32","0","4","0","11","4","3","0","5","3","0","0","2","1","1","0","3","0","2","2","0","0","0","2","0","0","0","0","2","0","1","0","4","1","0","0","286","12","7","2","0","42","6","49","0","3","2","12","0","2","3","6","6"
"15-425 Southwest Anchorage No. 5","253","14","17","0","7","20","38","0","2","1","6","3","2","0","2","1","0","0","0","1","0","0","0","1","1","2","0","0","4","1","0","0","0","1","2","0","1","0","1","0","1","0","296","5","4","3","0","36","4","29","1","3","2","13","0","0","9","4","3"
"15-430 Southwest Anchorage No. 6","337","16","27","1","8","17","42","0","2","1","19","4","0","0","3","1","1","0","0","0","2","0","2","0","9","2","3","0","5","3","0","0","0","0","0","0","1","0","3","1","0","0","479","13","9","1","0","71","2","46","0","11","3","17","0","3","8","5","4"
"16-450 West Anchorage No. 1","353","13","17","2","3","20","33","0","3","0","5","3","1","0","2","0","0","0","0","1","0","0","0","0","1","2","0","0","1","2","0","0","1","0","0","0","0","0","0","0","1","0","141","6","0","1","0","15","2","9","0","6","0","6","0","0","7","3","0"
"16-455 West Anchorage No. 2","319","12","26","0","5","21","33","0","3","1","6","5","3","0","4","1","1","0","1","0","1","0","2","0","1","2","1","0","1","0","1","0","0","3","3","0","0","0","2","1","3","0","220","6","8","6","0","33","8","31","0","3","2","13","0","1","3","1","2"
"16-460 West Anchorage No. 3","390","18","33","0","7","34","54","0","5","2","7","4","2","0","0","1","0","0","6","2","4","0","1","0","4","2","0","0","6","3","1","0","0","0","1","0","1","0","0","1","2","0","319","9","19","0","0","37","6","24","0","9","2","23","0","2","9","3","1"
"16-465 West Anchorage No. 4","183","8","17","0","3","7","21","1","3","0","3","1","1","0","3","0","0","0","0","0","1","0","0","0","2","0","1","0","1","1","0","0","0","1","1","0","0","0","2","1","0","0","180","3","2","0","0","13","7","28","0","9","2","22","1","0","5","2","0"
"16-470 West Anchorage No. 5","277","20","33","0","6","22","27","0","4","0","5","6","1","1","4","0","1","0","0","1","0","0","1","0","6","2","4","0","6","0","1","0","0","2","0","0","0","0","2","1","1","0","346","6","6","0","0","41","2","26","1","15","1","23","0","0","6","3","0"
"16-475 West Anchorage No. 6","246","14","30","0","3","18","28","0","0","0","8","4","2","0","3","1","2","0","0","1","1","0","2","0","5","3","1","0","3","2","0","0","1","0","0","0","0","0","0","0","0","0","291","4","5","0","0","36","0","28","0","9","1","10","0","0","5","1","2"
"16-480 West Anchorage No. 7","177","13","21","0","3","16","27","0","4","0","5","1","3","0","4","0","0","0","1","0","0","0","1","0","4","2","2","0","3","2","1","0","0","2","1","0","0","0","2","2","3","0","207","4","8","1","0","23","5","38","1","8","0","16","0","0","3","4","2"
"17-505 Downtown Anchorage No. 1","142","13","10","0","2","15","10","0","1","0","2","1","0","0","4","1","0","0","1","0","0","0","0","0","1","0","1","0","2","4","0","0","1","0","0","0","0","0","0","0","0","0","106","1","2","1","0","12","0","6","0","2","1","1","0","0","3","1","0"
"17-510 Downtown Anchorage No. 2","254","16","15","0","0","18","31","0","1","0","3","3","0","0","3","2","0","0","0","0","1","0","1","0","3","0","2","0","1","0","0","0","0","0","0","0","0","0","0","0","1","0","95","3","2","0","0","17","2","12","0","0","0","2","0","0","4","2","0"
"17-515 Downtown Anchorage No. 3","163","11","9","0","1","6","15","0","2","0","5","2","1","0","1","1","0","0","0","1","0","0","0","0","0","3","1","0","2","1","0","0","0","0","0","0","0","0","0","1","2","0","92","3","1","0","0","9","0","5","0","2","0","2","0","0","4","0","1"
"17-520 Downtown Anchorage No. 4","268","14","32","1","0","25","31","0","3","0","3","5","1","0","1","1","3","0","1","0","0","0","0","0","0","0","2","0","1","0","2","0","0","1","1","0","1","0","1","0","0","0","152","3","10","2","0","17","5","24","0","6","0","12","0","1","4","1","1"
"17-525 Downtown Anchorage No. 5","159","14","24","1","3","16","29","0","4","1","4","1","0","0","2","4","0","0","0","0","2","0","1","0","1","2","1","0","1","1","1","0","1","0","1","0","1","0","1","0","0","0","108","2","3","0","0","9","4","17","0","3","1","5","0","1","1","2","1"
"17-530 Downtown Anchorage No. 6","104","16","25","0","1","9","21","1","0","2","1","2","0","0","1","0","1","0","0","0","0","0","1","0","1","2","1","0","0","0","2","0","0","0","0","0","2","0","0","0","0","0","76","2","2","1","0","13","2","13","0","1","1","4","0","0","1","2","5"
"17-535 Downtown Anchorage No. 7","169","13","23","0","8","11","22","0","3","1","2","2","1","1","3","1","0","0","2","0","1","0","2","0","0","2","1","0","0","2","0","0","0","1","0","0","0","0","0","0","0","0","113","3","5","4","0","21","2","14","0","3","2","6","0","0","1","1","1"
"18-550 Government Hill","165","10","9","0","2","10","24","0","2","0","3","4","0","0","0","1","0","0","2","0","0","0","0","0","1","3","3","0","3","1","0","0","0","0","0","0","0","0","0","0","0","0","119","7","3","0","0","23","0","15","0","0","1","3","0","0","2","3","0"
"18-555 JBER No.1","141","9","9","0","4","10","26","0","1","1","6","5","2","0","5","1","1","0","2","2","1","0","1","0","7","2","3","0","1","0","0","0","2","0","0","0","3","0","3","0","3","0","414","6","2","1","0","65","6","51","0","11","0","20","0","0","3","2","0"
"18-556 JBER No.2","51","3","6","0","2","3","9","0","0","0","2","2","1","0","0","0","0","0","0","0","0","0","2","0","3","1","1","0","0","0","0","0","0","0","1","0","0","0","1","0","1","0","87","0","2","0","0","17","2","26","0","3","2","9","0","0","0","1","0"
"18-560 North Muldoon","109","10","11","0","1","6","14","0","0","1","4","3","1","0","3","1","1","0","2","1","1","0","0","0","1","0","1","0","0","0","0","0","0","0","2","0","1","0","2","1","1","0","129","0","2","1","0","15","1","14","0","1","0","1","0","0","3","5","1"
"18-565 Ship Creek","33","2","3","0","0","2","8","0","0","0","0","0","0","0","0","0","0","0","0","0","0","0","0","0","0","0","0","0","0","0","0","0","0","1","2","0","0","0","0","0","0","0","24","1","0","1","0","3","0","3","0","2","0","1","0","0","0","0","0"
"19-605 Airport Heights No. 1","331","19","29","0","5","18","29","0","3","0","9","2","1","0","2","0","2","0","1","0","2","0","1","0","0","1","0","0","0","3","3","0","1","0","1","0","0","0","1","1","0","0","168","8","6","1","0","29","6","22","0","8","1","3","0","0","2","3","2"
"19-610 Airport Heights No. 2","244","11","13","0","2","14","21","0","2","1","5","1","2","0","5","1","1","0","1","1","1","0","0","0","0","0","0","0","3","3","1","0","0","1","3","0","0","0","1","2","2","0","309","6","5","2","0","30","3","10","0","2","1","5","0","0","2","5","1"
"19-615 Mountainview No. 1","140","12","19","0","3","13","16","0","4","1","1","4","4","0","1","0","1","0","1","0","1","0","0","0","0","2","0","0","0","2","0","0","1","0","3","0","1","0","1","1","0","0","101","3","4","1","0","17","1","22","2","4","4","6","0","1","0","3","1"
"19-620 Mountainview No. 2","123","11","15","0","6","5","12","0","2","0","2","2","2","0","1","0","1","0","1","1","0","0","0","0","0","1","2","0","0","0","1","0","0","0","0","0","0","0","2","0","0","0","118","8","7","2","0","16","4","13","0","2","3","13","0","0","1","1","2"
"19-625 South Mountainview","171","6","7","1","2","12","9","0","1","0","3","3","1","0","3","1","1","0","0","0","0","0","0","0","0","0","1","0","0","1","1","0","0","0","1","0","0","0","1","1","2","0","168","5","4","2","0","21","6","13","0","3","1","7","0","0","1","1","1"
"20-650 University No. 1","95","8","13","0","3","3","20","0","3","0","0","1","2","0","0","0","0","0","0","0","1","0","2","0","2","0","0","0","0","0","1","0","0","0","0","0","0","0","0","0","0","0","76","1","6","0","1","7","2","12","0","0","2","6","0","1","0","1","1"
"20-655 University No. 2","315","23","35","1","6","22","32","0","2","0","11","6","1","0","4","0","2","0","2","1","1","0","2","0","2","1","2","0","6","2","0","0","1","0","0","0","0","0","1","0","1","0","296","12","17","3","0","52","7","30","0","2","0","8","0","1","4","4","2"
"20-660 University No. 3","329","20","36","1","3","22","52","0","3","1","9","7","1","0","5","0","1","1","0","0","1","0","1","0","4","2","1","0","7","0","1","0","0","1","1","0","0","0","1","1","0","0","268","13","11","1","0","37","3","40","0","8","1","8","0","2","3","5","7"
"20-665 University No. 4","164","9","13","0","2","14","15","0","1","1","1","3","2","0","5","0","2","0","1","0","2","0","0","0","1","0","0","0","2","1","1","0","0","0","1","0","0","0","1","0","0","0","122","6","4","0","1","15","3","16","1","5","0","8","0","0","2","2","0"
"20-670 University No. 5","437","20","45","0","7","37","57","2","6","3","12","12","6","0","2","5","8","0","3","0","2","0","1","1","5","0","0","0","7","3","0","0","3","1","2","0","2","0","2","1","1","0","423","13","16","4","0","46","9","55","0","13","2","9","2","3","11","8","5"
"21-705 East Anchorage No. 1","265","18","18","0","4","19","13","0","3","1","6","4","0","0","2","0","0","0","1","0","2","0","1","0","3","3","2","0","4","0","0","0","2","0","1","0","1","0","2","0","0","0","244","7","8","0","0","25","2","15","0","5","1","1","0","0","4","5","2"
"21-710 East Anchorage No. 2","236","25","29","0","5","13","26","1","4","1","5","2","3","1","8","1","0","0","0","0","1","0","2","0","2","0","5","0","3","0","1","0","0","1","1","0","1","0","0","0","0","0","313","5","9","4","0","27","6","40","0","2","0","13","0","1","2","5","0"
"21-715 East Anchorage No. 3","308","11","46","0","9","27","58","0","7","1","5","6","1","0","2","3","2","0","1","0","1","0","1","0","0","0","3","0","1","3","2","0","0","0","3","0","3","0","3","0","1","0","433","8","12","2","0","51","7","56","0","6","2","11","0","0","7","6","8"
"21-720 East Anchorage No. 4","302","18","18","0","6","26","26","0","3","0","7","8","4","0","2","2","1","0","2","0","1","0","0","0","1","1","1","0","3","4","0","0","1","0","1","0","1","0","0","0","0","0","281","6","7","1","0","46","4","39","1","13","2","8","0","2","2","5","2"
"21-725 East Anchorage No. 5","424","12","43","1","7","33","54","1","6","2","9","8","4","0","10","1","2","0","0","0","0","0","2","0","1","1","0","0","4","2","0","0","0","3","1","0","1","1","2","0","0","0","407","5","10","5","1","53","9","54","0","8","2","16","0","3","4","5","0"
"22-750 Northeast Anchorage No. 1","243","14","43","1","5","23","39","0","4","0","4","14","0","0","3","2","0","0","2","2","4","0","1","0","3","2","0","0","3","1","1","0","0","1","2","0","0","0","0","0","0","0","265","9","9","5","1","37","7","50","0","5","2","12","0","1","3","3","0"
"22-755 Northeast Anchorage No. 2","193","13","44","0","2","23","35","0","5","2","10","14","2","0","1","2","0","0","0","0","1","0","2","0","1","1","2","0","2","1","1","0","0","0","0","0","1","0","2","1","0","0","263","5","9","5","0","35","13","47","0","8","1","11","0","2","0","1","5"
"22-760 Northeast Anchorage No. 3","305","15","26","0","5","17","39","0","4","2","10","12","2","0","2","1","0","0","3","1","1","0","2","0","3","0","1","0","4","1","1","0","0","0","2","0","2","0","4","2","2","0","283","13","12","2","0","27","7","36","0","8","5","14","0","3","5","5","4"
"22-765 Northeast Anchorage No. 4","155","11","25","1","2","8","24","0","4","1","7","8","2","0","2","1","0","0","1","0","1","0","0","0","0","1","1","0","1","0","0","0","0","0","1","0","1","0","0","0","0","0","195","9","5","1","0","29","8","34","1","3","2","11","1","2","4","2","9"
"23-805 Chugach Park No. 1","257","15","31","0","5","25","32","0","2","0","5","9","1","0","12","6","2","0","2","0","1","0","3","0","4","2","2","0","8","5","2","0","1","3","1","0","1","0","0","1","2","0","443","6","4","1","0","68","10","52","0","6","0","23","0","0","5","8","0"
"23-810 Eagle River No. 1","143","10","23","0","2","8","21","0","1","0","9","1","3","0","5","0","0","0","1","0","4","0","1","0","3","1","0","0","5","1","2","0","0","0","3","0","0","0","2","0","2","0","263","5","3","1","0","44","4","33","0","6","2","10","1","0","5","3","1"
"23-815 Eagle River No. 2","160","16","15","0","7","16","35","0","0","0","6","5","2","0","6","0","0","0","2","1","0","0","1","0","4","4","1","0","2","1","1","0","0","1","2","0","1","0","1","1","0","0","253","10","7","2","0","33","10","35","0","13","2","13","0","1","7","3","1"
"23-820 Hiland","134","15","13","0","2","15","16","0","2","0","3","3","0","0","4","0","1","0","0","0","1","0","2","0","5","2","1","0","5","3","1","0","0","1","1","0","1","0","2","0","0","0","300","5","7","1","1","30","2","31","0","8","2","10","0","0","2","6","0"
"23-825 Meadow Creek No. 1","168","20","23","0","2","16","31","0","5","0","10","4","1","0","4","0","1","0","0","0","0","0","1","0","4","1","3","1","0","1","0","0","0","1","0","0","1","0","1","1","2","0","289","5","9","2","0","43","6","28","0","10","2","18","0","1","3","4","1"
"23-830 Meadow Creek No. 2","89","4","6","0","2","8","17","0","1","0","0","0","0","0","3","1","0","0","1","1","1","0","0","1","2","1","0","0","2","1","0","0","0","2","2","0","1","0","0","1","1","0","212","3","5","1","0","19","4","15","0","6","0","6","0","1","1","1","1"
"24-850 Chugach Park No. 2","133","9","10","0","3","12","20","1","1","0","4","3","1","0","2","1","2","0","0","0","0","0","2","0","3","1","0","0","7","2","0","0","1","2","0","0","1","0","1","0","1","0","355","8","2","1","0","26","4","27","0","9","1","12","0","1","8","1","1"
"24-855 Chugiak","71","6","6","0","2","6","10","0","2","0","0","0","0","0","0","2","1","0","0","0","0","0","0","0","3","0","1","0","2","0","0","0","1","0","0","0","1","0","2","1","0","0","192","1","2","3","0","20","1","17","0","5","0","8","0","0","1","1","0"
"24-860 Eagle River No. 3","121","7","20","0","5","11","20","0","2","0","5","2","2","0","3","1","0","0","3","0","1","0","2","0","4","3","1","0","3","2","0","0","2","0","1","0","1","0","3","0","1","0","279","3","4","2","0","44","3","22","0","7","3","16","0","0","3","2","0"
"24-865 Eklutna","145","6","11","0","2","14","16","0","3","0","2","0","1","0","7","3","1","0","0","1","0","0","1","0","1","1","0","0","3","3","1","0","1","0","0","0","1","0","2","0","3","0","306","1","2","0","0","40","4","26","0","4","5","19","0","1","1","3","1"
"24-870 Fire Lake","148","9","16","0","2","17","24","0","1","1","7","2","1","0","4","1","0","0","0","0","0","0","0","0","6","1","1","0","1","0","0","0","0","1","2","0","2","0","0","0","1","0","347","4","5","3","0","35","4","47","0","10","1","14","0","1","3","1","2"
"24-875 Peters Creek No. 1","159","14","21","0","3","11","21","0","4","0","5","5","0","0","7","2","1","0","1","2","2","0","3","0","4","3","1","0","2","1","0","0","1","2","0","0","2","0","2","0","2","0","547","8","5","1","0","51","3","37","0","13","2","24","1","1","8","1","0"
"24-880 Peters Creek No. 2","97","10","10","0","0","13","13","0","0","0","5","1","0","0","2","1","1","0","1","0","1","0","0","0","2","1","1","0","2","0","1","0","0","0","1","0","1","0","2","1","0","0","276","0","3","1","0","29","1","23","0","5","1","18","0","0","1","1","0"
"25-305 Butte","179","15","24","0","2","17","28","1","2","0","4","8","1","0","5","4","4","0","1","2","2","0","1","0","3","2","4","0","4","0","1","0","0","0","0","0","5","0","0","1","0","0","656","2","2","0","0","88","6","67","0","15","0","32","1","0","12","6","1"
"25-310 Greater Palmer","93","8","20","0","1","7","20","0","1","0","2","3","0","0","3","3","1","0","0","1","0","0","1","0","2","2","2","0","2","0","1","0","0","0","1","0","1","0","1","0","0","0","272","1","2","1","0","37","4","23","0","11","0","11","0","0","3","0","1"
"25-315 Lazy Mountain","143","13","15","1","1","12","16","0","3","0","1","2","1","0","1","2","1","0","0","0","0","0","1","0","2","1","0","0","2","0","0","0","1","0","1","0","1","0","2","0","1","0","426","0","2","1","0","60","6","41","0","5","0","18","0","0","3","1","1"
"25-320 Palmer City No. 1","115","6","17","0","3","4","22","0","0","0","3","1","0","0","6","2","4","0","0","0","1","0","0","0","3","0","0","0","3","1","1","0","0","1","1","0","2","0","2","0","0","0","268","4","3","0","0","30","1","21","0","7","2","12","1","0","3","1","0"
"25-325 Palmer City No. 2","102","12","26","0","4","14","21","0","1","0","2","2","2","0","3","1","4","0","1","2","1","0","0","0","3","0","2","0","5","3","0","0","0","2","1","0","2","0","0","2","1","0","244","3","2","1","0","33","3","33","0","8","2","10","0","0","2","1","1"
"25-330 Springer Loop","117","7","13","0","3","14","16","0","3","0","2","2","1","0","4","3","0","0","1","2","1","0","0","0","2","1","1","0","3","1","0","0","1","1","1","0","1","0","5","0","0","0","403","7","5","1","0","46","5","43","0","10","0","17","0","1","5","2","0"
"25-335 Walby","82","7","18","0","3","7","15","1","0","1","1","3","1","0","4","1","0","0","2","1","0","0","3","0","1","0","2","0","3","1","0","0","1","0","2","0","1","0","3","0","0","0","356","3","1","0","0","45","2","52","1","12","1","22","0","1","7","3","0"
"26-350 Fairview No. 1","49","3","10","0","0","3","10","0","1","1","0","0","1","0","2","1","1","0","0","0","1","0","0","0","6","3","3","0","2","0","1","0","0","1","1","0","2","0","0","0","0","0","303","1","1","1","0","35","6","39","0","4","1","4","0","0","1","0","0"
"26-355 Fairview No. 2","57","1","2","0","1","8","14","0","1","0","5","2","2","0","1","2","0","0","2","1","1","0","4","0","1","0","0","0","1","1","0","0","0","0","1","0","0","0","0","0","0","0","216","2","0","0","0","26","0","26","0","3","0","10","0","0","1","0","2"
"26-360 Knik Goose Bay No. 1","115","10","14","0","2","23","23","0","0","0","5","3","1","0","8","2","1","0","1","1","1","0","2","0","8","1","4","0","4","3","1","0","0","1","1","0","1","0","0","1","0","0","726","5","4","3","0","91","5","65","0","10","1","21","0","0","6","1","1"
"26-365 Knik Goose Bay No. 2","105","8","8","0","5","10","12","0","0","0","3","2","5","0","2","2","0","0","0","0","0","0","2","0","4","2","1","0","4","0","2","0","0","1","1","0","1","0","0","0","0","0","456","1","3","2","0","65","2","48","0","9","0","14","0","0","3","0","0"
"26-370 Knik Goose Bay No. 3","66","4","3","0","1","10","13","0","1","0","0","2","0","0","3","0","1","0","1","0","0","0","0","0","3","1","1","0","1","0","1","0","0","0","1","0","0","0","1","1","0","0","287","1","1","3","0","46","3","39","0","3","0","11","0","0","1","0","0"
"26-375 Mat-Su Campus","106","9","8","0","1","12","20","0","3","0","3","0","2","0","1","2","0","0","2","0","1","0","0","0","4","0","0","0","3","1","0","0","0","0","2","0","0","0","0","1","0","0","329","2","0","1","0","48","3","32","0","12","1","14","0","0","5","3","2"
"26-380 Snowshoe","118","12","12","0","1","13","17","0","2","0","7","3","1","0","6","1","0","0","2","2","0","0","5","0","4","1","2","0","2","2","0","1","1","1","1","0","0","0","3","1","1","0","591","3","3","1","0","71","4","56","0","7","1","25","0","0","0","3","0"
"27-405 Foothills","85","2","9","0","3","9","14","0","0","0","1","0","0","0","4","0","0","0","0","0","0","0","0","0","3","0","2","1","1","0","3","0","1","1","1","0","1","0","2","2","0","0","426","3","4","0","0","50","2","52","0","11","2","13","1","0","4","2","1"
"27-410 Meadow Lakes No. 1","113","13","16","0","1","13","16","0","3","0","1","3","1","0","6","0","1","0","1","0","0","0","2","0","2","0","4","0","2","0","1","0","0","1","0","0","2","0","1","2","0","0","660","2","0","2","0","73","3","60","2","17","4","30","1","0","3","4","1"
"27-415 Meadow Lakes No. 2","85","7","11","0","5","9","14","0","3","0","4","1","3","0","5","2","0","0","1","3","1","0","1","0","0","0","1","0","3","1","1","0","2","0","0","0","3","0","1","1","1","0","549","3","3","0","0","61","5","53","0","13","2","23","0","1","7","7","0"
"27-420 Wasilla No. 1","94","8","17","0","2","8","16","0","4","1","3","3","3","0","2","1","2","0","0","0","1","0","3","0","0","2","0","0","2","1","0","0","0","0","1","0","0","0","1","2","0","0","398","5","3","1","0","62","1","44","0","9","7","22","2","0","6","3","2"
"27-425 Wasilla No. 2","115","9","9","0","4","13","22","0","3","0","1","2","1","0","5","3","1","0","0","0","4","0","0","0","2","2","3","0","1","3","2","0","0","0","3","0","1","0","0","0","0","0","554","5","3","3","0","60","2","57","0","9","2","27","0","0","8","3","1"
"28-450 Lakes No. 1","78","8","8","0","1","9","15","0","2","1","1","4","2","0","6","0","0","0","1","0","1","0","1","0","2","2","2","0","0","2","1","0","0","1","1","0","1","0","1","0","0","0","319","1","3","0","0","46","3","42","1","7","0","11","0","0","4","2","0"
"28-455 Lakes No. 2","54","3","6","0","0","6","11","0","1","0","3","5","0","0","1","1","1","0","1","2","1","0","1","0","3","0","0","0","0","2","0","0","0","2","0","0","0","0","0","0","1","1","235","0","3","0","0","25","0","25","0","2","0","5","0","0","4","1","0"
"28-460 Seldon No. 1","104","9","12","0","3","13","12","0","0","0","2","1","0","0","4","1","1","0","0","1","0","0","0","0","4","0","0","0","4","2","0","0","1","0","1","0","1","0","2","0","2","0","638","3","5","0","0","62","4","32","1","9","1","11","0","0","3","4","0"
"28-465 Seldon No. 2","126","10","25","0","1","19","27","0","5","0","6","6","1","0","12","2","1","0","1","2","1","0","3","0","4","1","0","0","6","1","1","0","0","2","1","0","1","0","2","3","2","0","488","2","4","0","0","68","5","67","0","12","0","19","0","0","7","4","2"
"28-470 Seward Meridian","67","4","2","0","0","2","10","0","1","0","2","0","1","0","3","2","0","0","2","1","0","0","2","0","1","1","0","0","1","1","1","0","0","0","0","0","0","0","1","0","0","0","230","1","0","2","0","21","4","24","0","2","1","7","0","0","4","2","0"
"28-475 Trunk","132","14","9","0","3","21","21","0","3","0","4","3","0","0","4","2","1","0","3","0","2","0","2","0","7","0","2","0","2","3","0","0","1","0","0","0","2","0","2","0","0","0","371","2","5","1","0","51","4","49","0","11","0","12","0","2","6","1","1"
"28-480 Wasilla Lake","47","3","9","0","3","8","12","0","1","0","1","1","0","0","3","1","0","0","0","1","1","0","1","0","1","1","0","0","2","0","0","0","1","0","0","0","2","0","0","0","1","0","218","2","1","0","0","27","3","28","0","6","2","5","0","0","1","2","0"
"29-505 Farm Loop","114","15","12","0","5","7","23","0","0","0","3","1","2","0","6","6","0","0","2","3","0","0","2","0","2","1","2","0","5","0","0","0","1","0","1","0","1","0","2","1","0","0","586","4","2","1","0","62","7","54","0","16","1","20","0","0","4","2","1"
"29-510 Fishhook","221","18","22","1","2","22","30","0","4","0","7","6","2","0","4","3","2","0","0","1","2","0","4","0","4","1","4","0","4","2","2","0","1","3","0","0","3","0","1","1","0","0","808","9","2","2","0","88","3","66","2","10","5","11","0","2","8","5","0"
"29-515 Kings Lake","115","9","14","0","2","6","19","0","1","0","5","3","0","0","4","1","0","0","1","0","1","0","0","0","4","3","1","0","1","3","1","0","0","1","0","0","1","0","4","0","0","0","529","2","5","3","0","54","3","54","0","12","0","17","0","0","3","2","1"
"29-520 Lakes No. 3","49","4","4","0","1","5","10","0","2","0","4","2","0","0","1","1","0","0","0","0","0","0","0","0","2","1","0","0","1","0","1","0","0","0","0","0","0","0","1","0","1","0","197","1","3","0","0","21","0","25","0","5","0","10","0","0","1","0","0"
"29-525 Sheep Mountain","18","2","0","0","0","2","1","0","0","0","0","0","0","0","2","0","0","0","0","0","0","0","0","0","2","0","0","0","0","0","0","0","1","0","0","0","0","0","0","0","0","0","108","0","0","0","0","6","0","2","0","3","0","1","0","0","1","0","1"
"29-530 Sutton","79","10","9","0","1","10","11","0","1","0","2","2","0","0","1","1","2","0","0","0","1","0","0","0","0","1","1","0","0","1","0","0","0","1","1","0","0","0","0","0","0","0","286","4","3","0","0","30","2","27","0","8","1","4","0","0","2","2","0"
"29-535 Valdez No. 1","110","10","10","0","4","10","8","0","0","0","2","0","0","0","3","2","0","0","0","0","1","0","1","0","1","1","0","0","2","0","0","0","0","0","1","0","0","0","2","0","0","0","225","4","4","0","0","33","6","25","0","3","0","4","0","0","3","0","0"
"29-540 Valdez No. 2","56","4","5","0","1","5","7","0","1","0","2","4","0","0","0","0","0","0","0","0","0","0","0","0","1","0","0","0","1","0","1","0","0","0","0","0","0","0","0","0","0","0","103","5","4","0","0","11","1","7","0","1","0","0","0","0","1","3","0"
"29-545 Valdez No. 3","82","5","6","0","2","6","9","0","2","0","2","0","2","0","3","0","0","0","1","0","0","0","0","0","4","0","0","0","3","0","0","0","0","0","0","0","0","0","1","0","0","0","175","3","2","1","0","32","1","22","2","2","1","3","0","0","4","2","1"
"30-550 Anderson/Clear","20","2","4","0","0","0","1","0","0","0","0","0","0","0","0","0","0","0","0","0","0","0","0","0","0","0","0","0","1","0","0","0","0","0","0","0","0","0","0","0","0","0","90","0","0","0","0","10","0","5","0","4","0","0","0","0","0","0","0"
"30-555 Big Lake","135","10","9","0","1","8","21","0","1","0","3","4","2","0","6","0","0","0","1","0","1","0","1","1","3","0","3","0","4","0","0","0","0","0","2","0","2","0","0","0","2","0","741","6","7","0","0","79","4","83","0","13","1","21","0","1","8","5","5"
"30-560 Cantwell","29","1","2","0","0","1","3","0","0","0","1","2","0","0","1","0","0","0","0","0","0","0","0","0","1","0","0","0","2","0","0","0","0","0","0","0","0","0","0","0","0","0","28","1","2","0","0","6","0","3","0","0","1","1","0","0","1","0","0"
"30-565 Denali Park","44","5","2","0","0","3","3","0","0","0","0","0","0","0","1","0","0","0","0","0","0","0","0","0","0","0","0","0","0","1","0","0","0","0","0","0","0","0","0","0","0","0","6","1","0","0","0","4","0","1","0","0","0","0","0","0","0","1","0"
"30-570 East Schrock","10","1","0","0","0","3","2","0","1","0","0","0","0","0","0","0","0","0","0","0","0","0","0","0","1","0","1","0","0","0","0","0","0","0","0","0","0","0","0","0","0","0","50","0","1","1","0","3","2","8","0","2","1","3","0","0","0","0","0"
"30-575 Healy","83","6","5","0","0","6","6","0","0","0","1","0","0","0","1","0","1","0","0","0","0","0","0","0","0","0","0","0","1","1","1","0","0","1","1","0","0","0","3","1","1","0","187","1","3","1","0","19","3","25","0","4","1","9","0","0","1","1","0"
"30-580 Houston","64","4","9","0","0","4","6","0","2","0","1","1","0","0","2","0","1","0","2","0","0","0","1","0","0","0","0","0","1","2","0","0","0","1","0","0","1","0","0","0","0","0","316","4","4","2","0","44","4","28","0","7","0","11","0","0","0","1","2"
"30-585 Knik Goose Bay No. 4","143","15","17","0","4","10","18","0","0","0","4","1","1","0","2","2","0","0","2","1","1","0","1","0","1","1","2","0","2","1","0","0","0","1","1","0","1","0","1","0","2","0","668","2","5","1","0","82","2","68","0","19","0","26","0","0","6","1","0"
"30-590 Trapper Creek","21","3","2","0","0","1","2","0","0","0","0","0","0","0","2","0","0","0","0","0","0","0","0","0","0","0","0","0","2","0","0","0","0","0","0","0","0","0","0","0","1","0","73","0","0","0","0","3","2","2","0","1","0","0","0","1","1","2","0"
"30-595 Susitna","89","7","7","0","0","2","10","0","0","0","3","0","0","0","3","1","0","0","0","0","0","0","0","0","2","0","1","0","2","1","0","0","0","0","1","0","0","0","1","0","0","0","294","2","2","0","0","30","2","18","0","6","0","10","0","0","3","0","0"
"30-600 Talkeetna","108","6","7","0","1","10","10","0","0","0","2","1","0","0","1","0","0","0","0","1","0","0","0","0","2","0","0","0","2","1","0","0","0","0","0","0","0","0","2","0","0","0","70","0","0","0","0","15","0","11","0","2","0","3","0","0","3","2","0"
"30-605 Willow","163","7","15","0","3","10","16","0","1","1","3","2","1","0","6","1","0","0","1","0","0","0","1","0","2","0","2","0","2","1","0","0","1","1","1","0","0","0","0","0","1","0","604","2","5","2","0","53","2","38","0","11","3","23","1","1","5","3","1"
"31-446 Aurora","258","16","26","0","6","19","32","0","1","0","5","12","1","0","4","3","1","0","4","0","0","0","2","0","2","1","0","0","6","2","0","0","0","0","1","0","2","0","1","2","0","0","352","5","5","1","0","40","6","39","0","9","3","17","0","0","5","3","0"
"31-455 Fairbanks No. 1","318","10","32","0","3","28","45","0","3","1","5","1","1","0","9","1","0","0","1","1","0","0","0","1","5","0","0","0","7","2","1","0","1","1","4","0","1","0","1","0","0","0","326","7","13","1","0","49","3","28","0","7","0","8","0","1","7","6","2"
"31-480 Fairbanks No. 2","250","21","38","0","10","17","42","0","2","2","7","6","0","0","4","2","0","0","3","2","0","0","1","0","1","0","1","0","2","2","1","0","1","2","1","0","1","0","2","1","0","0","337","4","12","2","0","37","4","55","0","9","0","14","0","1","12","3","2"
"31-485 Fairbanks No. 3","229","16","45","0","7","19","37","0","5","2","5","11","1","0","6","0","5","0","0","1","1","0","1","0","3","2","2","0","1","3","2","0","1","0","1","0","2","0","2","0","2","0","286","9","11","3","2","53","8","52","1","8","2","12","0","4","3","3","5"
"32-355 Fairbanks No. 4","205","19","29","0","3","12","35","0","1","0","8","3","1","0","5","2","3","0","0","1","2","1","1","0","3","2","1","0","1","2","0","0","3","0","0","0","2","0","1","0","0","0","324","5","6","4","0","37","9","27","0","6","3","28","0","0","4","4","1"
"32-365 Fairbanks No. 5","165","8","20","0","3","14","28","0","3","0","5","1","1","0","1","3","4","0","1","0","1","0","1","0","4","4","2","1","0","0","1","0","0","0","0","0","2","0","1","0","0","0","225","1","3","3","0","22","3","18","0","15","2","16","0","0","3","2","2"
"32-375 Fort Wainwright","47","6","18","0","1","2","12","0","2","0","4","4","2","0","2","0","0","0","1","0","0","0","1","0","1","2","2","0","0","1","0","0","0","0","0","0","0","0","0","1","0","0","161","2","0","2","0","27","3","43","1","6","2","20","0","0","0","0","1"
"32-385 Badger No. 2","173","10","23","0","5","15","27","0","0","0","9","4","3","0","4","2","0","0","2","0","1","0","0","0","8","3","4","0","3","3","3","0","2","1","2","0","3","0","7","0","3","0","620","9","7","1","0","72","11","68","0","19","3","36","1","2","6","5","0"
"33-130 Badger No. 1","150","21","40","0","5","14","28","1","5","3","3","5","1","0","5","0","3","0","0","2","2","0","0","0","7","0","4","0","6","4","1","0","0","4","0","0","2","0","1","0","0","0","634","7","6","5","0","72","7","75","0","12","2","35","0","3","4","2","2"
"33-135 Chena Lakes","116","9","19","0","3","13","20","0","3","1","4","2","0","0","2","2","1","0","1","1","0","0","1","0","4","0","3","0","0","2","2","0","0","0","1","0","2","0","2","1","0","0","703","4","7","2","0","80","10","83","0","25","3","36","1","2","6","1","1"
"33-155 Moose Creek","16","2","4","0","1","3","2","0","2","0","0","0","1","0","1","2","0","0","0","0","0","0","0","0","0","0","0","0","0","0","0","0","1","0","0","0","0","0","0","0","0","0","91","1","1","0","0","7","0","6","0","3","1","2","0","0","1","0","0"
"33-165 Newby","146","9","17","0","3","16","36","0","1","0","2","5","2","0","1","1","2","0","2","1","0","0","0","0","4","3","3","0","1","0","1","0","0","0","1","0","3","0","4","0","2","0","704","9","8","1","0","88","8","86","0","14","1","47","0","0","9","8","0"
"33-175 North Pole","80","5","22","0","3","16","17","0","4","1","2","7","1","0","5","1","1","0","2","0","3","0","2","0","3","0","1","0","2","0","0","0","0","0","0","0","1","0","3","0","0","0","406","4","3","1","0","46","2","51","0","13","2","24","0","0","2","1","1"
"33-183 Plack","104","10","16","0","3","11","18","0","1","0","4","2","1","0","3","0","1","0","0","0","0","0","3","0","2","2","1","0","2","2","1","0","0","1","1","0","1","0","0","0","3","0","681","2","5","4","0","84","6","93","0","12","5","47","0","0","0","6","0"
"34-235 Eielson","42","2","9","0","1","7","9","0","0","0","3","3","1","0","0","1","0","0","0","0","1","0","0","0","0","0","0","0","0","1","0","0","0","0","1","0","2","0","0","0","0","0","147","3","2","2","0","33","5","44","0","1","0","11","0","0","0","0","1"
"34-238 Eielson Farm Road","6","0","1","0","0","1","1","0","0","0","0","0","0","0","1","0","0","0","0","0","0","0","0","0","0","0","0","0","0","0","0","0","0","0","0","0","0","0","0","0","0","0","39","0","1","0","0","5","0","1","0","1","0","1","0","0","0","0","0"
"34-240 Farmers Loop","328","20","28","0","7","31","30","0","2","0","5","2","1","0","6","3","1","0","3","0","3","0","5","0","4","2","5","0","7","3","0","0","0","0","1","0","0","0","2","0","0","0","304","1","7","2","0","37","3","26","0","2","0","19","0","0","7","4","0"
"34-260 Salcha","73","3","3","0","1","4","9","0","1","0","1","2","0","0","0","0","0","0","0","0","0","0","1","0","3","0","2","0","2","0","0","0","0","1","1","0","0","0","1","0","2","0","328","2","2","1","0","38","1","31","0","7","0","11","0","0","2","2","1"
"34-263 Steele Creek","226","14","20","0","4","24","34","0","3","0","4","2","2","0","4","0","3","0","1","1","3","0","1","0","8","2","7","0","4","1","1","0","2","0","0","0","4","0","4","1","1","0","459","6","3","5","0","69","6","67","0","20","3","19","1","2","3","3","2"
"34-265 Steese","254","13","26","0","2","24","26","0","4","0","4","4","2","0","5","2","1","0","2","1","2","0","4","0","1","1","4","0","2","4","0","0","0","1","3","0","0","0","4","1","3","0","456","5","3","1","0","61","7","41","0","14","2","20","1","1","8","3","4"
"34-270 Summit","221","8","19","0","4","14","28","0","0","1","4","5","1","0","6","0","2","0","1","0","1","0","5","0","5","3","3","0","3","3","1","0","0","2","1","0","0","0","0","0","0","0","372","1","3","1","0","57","1","49","1","12","2","20","0","1","11","6","2"
"34-280 Two Rivers","93","2","9","0","1","11","11","0","1","0","3","1","0","0","1","0","1","0","0","0","0","0","0","0","4","0","1","0","1","0","0","0","0","1","0","0","1","0","2","0","0","0","256","4","0","2","0","44","1","37","0","6","0","6","0","0","3","0","0"
"35-580 Airport","81","5","8","0","0","7","8","0","0","0","2","0","0","0","1","2","0","0","1","0","0","0","0","0","0","1","1","0","1","1","0","0","0","0","0","0","1","0","1","0","0","0","152","2","4","0","0","16","2","20","0","3","0","10","0","0","3","1","1"
"35-582 Chena","466","21","34","0","8","40","54","0","2","2","7","4","3","0","7","3","0","0","1","0","1","0","3","0","4","0","0","0","4","2","1","0","3","4","0","1","2","0","1","0","3","0","530","13","7","1","0","75","4","62","1","16","3","21","0","0","10","7","1"
"35-584 Ester","228","10","22","0","1","24","31","0","3","1","2","1","2","0","0","1","0","0","2","1","1","0","1","0","0","0","1","0","1","1","2","0","0","1","0","0","3","0","0","0","1","0","165","0","0","0","0","18","2","14","0","10","3","8","0","0","2","2","2"
"35-586 Geist","174","13","11","0","4","10","33","0","1","0","8","4","2","0","5","0","1","0","2","0","1","0","1","0","2","1","0","0","3","0","2","0","0","0","0","0","1","0","1","0","0","0","222","4","1","1","0","24","4","21","0","4","1","17","0","0","1","0","0"
"35-587 Lakeview","25","3","1","0","1","4","2","0","0","0","0","0","0","0","0","0","0","0","0","0","1","0","0","0","0","0","0","0","0","0","0","0","0","0","0","0","0","0","0","0","0","0","69","0","0","2","0","6","0","7","0","0","0","2","0","0","0","0","0"
"35-592 Shanly","152","8","12","0","3","17","19","0","2","1","2","4","3","0","0","0","1","0","0","0","1","0","1","0","1","0","0","0","0","1","1","0","0","0","0","0","1","0","2","0","1","0","127","3","3","1","0","17","3","24","0","5","1","9","0","0","2","4","0"
"35-595 University Hills","236","20","26","0","1","32","34","0","2","2","2","1","0","0","2","0","0","0","0","0","1","0","0","0","3","0","0","0","0","3","1","0","1","0","1","0","3","0","1","0","1","0","160","1","0","1","0","37","1","24","0","4","0","7","0","0","8","4","0"
"35-596 University West","398","22","46","0","7","34","57","0","6","1","15","7","2","0","4","1","2","0","4","1","0","0","1","0","5","3","1","0","3","4","0","0","1","1","2","0","3","0","0","4","1","0","455","11","8","4","0","44","13","63","0","9","4","31","0","0","11","2","0"
"36-001 Goldstream No. 1","229","14","14","1","1","17","28","0","3","0","2","1","0","0","3","0","1","0","1","0","1","0","1","0","2","0","2","0","2","1","0","0","1","2","0","0","1","0","1","1","0","0","238","0","4","2","0","24","3","19","0","11","1","7","0","0","7","3","2"
"36-002 Goldstream No. 2","334","21","24","0","0","34","38","1","2","0","3","1","0","0","3","2","0","0","1","1","0","0","0","0","2","1","1","0","6","2","3","0","0","0","1","0","0","0","1","0","0","0","191","4","2","1","0","31","4","29","0","9","0","8","0","0","10","5","2"
"36-010 Allakaket","22","0","11","1","0","0","2","0","0","0","0","0","0","0","0","0","0","0","0","0","0","0","0","0","0","0","0","0","0","0","0","0","0","0","0","0","0","0","0","0","0","0","1","0","0","0","0","0","0","0","0","0","0","0","0","0","1","1","1"
"36-014 Anvik","12","1","1","0","0","0","3","0","0","0","0","0","0","0","0","0","0","0","0","0","0","0","0","0","0","0","0","0","0","0","0","0","0","0","0","0","0","0","0","0","0","0","3","1","1","2","0","0","0","0","0","0","0","1","0","0","0","0","0"
"36-018 Arctic Village","41","0","1","0","0","1","2","0","1","1","0","0","0","1","1","1","0","0","0","0","0","0","0","0","0","0","0","0","0","0","0","0","0","0","0","0","0","0","0","0","0","0","2","0","0","0","0","0","0","1","0","0","0","0","0","0","0","0","0"
"36-022 Beaver","8","0","2","0","0","1","0","0","0","0","0","0","0","0","1","0","0","0","0","0","0","0","0","0","0","0","0","0","0","0","0","0","0","0","0","0","0","0","0","0","0","0","1","1","0","0","1","0","0","0","0","0","0","1","0","0","0","1","0"
"36-026 Bettles","3","1","1","0","0","0","0","0","0","0","0","0","0","0","1","0","0","0","0","0","0","0","0","0","0","0","0","0","0","0","0","0","0","0","0","0","0","0","0","0","0","0","4","0","0","0","0","0","0","1","0","0","0","0","0","0","0","0","0"
"36-034 Central","6","0","0","0","0","1","0","0","0","0","0","0","0","0","1","0","0","0","0","0","0","0","0","0","0","0","0","0","0","0","0","0","0","0","0","0","0","0","0","0","0","0","29","0","0","0","0","3","0","0","0","0","0","0","0","0","0","0","1"
"36-038 Chistochina","12","0","1","0","0","0","0","0","0","0","0","0","0","0","0","0","0","0","0","0","0","0","0","0","1","0","0","0","0","0","0","0","0","0","0","0","0","0","0","0","0","0","49","0","0","0","0","4","0","0","0","0","2","0","0","0","0","0","2"
"36-042 Circle","10","0","4","0","1","0","1","0","0","0","0","0","0","0","0","0","0","0","0","0","0","0","0","0","0","0","0","0","0","0","0","0","0","0","0","0","0","0","0","0","0","0","4","0","0","0","0","0","0","0","0","0","0","0","0","0","0","0","0"
"36-046 Copper Center","57","3","15","0","2","1","8","0","1","0","1","3","1","0","5","2","0","0","1","1","1","0","1","0","0","1","0","0","1","0","0","0","0","0","1","0","1","0","0","0","0","0","190","0","2","0","0","16","1","27","0","4","0","2","0","0","2","2","1"
"36-050 Delta Junction","25","2","0","0","0","4","3","0","0","0","3","2","0","0","2","0","0","0","0","0","0","0","0","0","5","0","0","0","0","0","1","0","0","0","2","0","2","0","0","0","1","0","227","1","1","0","0","27","1","23","0","7","0","13","0","1","2","1","2"
"36-054 Deltana","98","5","5","0","2","6","13","0","1","0","3","0","2","0","4","0","0","0","1","0","0","0","1","0","1","2","1","0","1","0","1","0","0","1","0","0","0","0","1","0","1","0","859","5","4","1","0","75","3","55","0","20","2","17","0","1","5","1","0"
"36-058 Dot Lake","4","0","0","0","0","0","0","0","0","0","0","0","0","0","0","0","0","0","0","0","0","0","0","0","0","0","0","0","0","0","0","0","0","0","0","0","0","0","0","0","0","0","42","0","0","0","0","2","0","1","0","0","0","0","0","0","0","0","0"
"36-062 Eagle","14","2","0","0","0","0","3","0","0","0","0","0","0","0","0","0","0","0","0","0","0","0","0","0","0","0","0","0","0","1","0","0","0","0","0","0","1","0","0","0","0","0","42","0","0","0","0","1","0","0","1","1","0","1","0","0","1","1","0"
"36-066 Fort Yukon","89","3","1","0","0","0","2","0","0","1","2","1","0","0","2","0","0","0","0","0","0","0","0","0","0","0","0","0","0","0","0","0","0","0","0","0","0","0","0","0","0","0","26","0","1","0","0","1","0","1","0","0","0","1","0","0","2","5","2"
"36-070 Gakona","15","2","1","0","0","1","1","0","0","0","0","0","0","0","1","0","0","0","0","0","0","0","0","0","0","0","0","0","1","0","0","0","0","0","0","0","0","0","2","0","0","0","70","1","0","0","0","5","1","5","0","0","0","0","0","0","4","0","0"
"36-074 Galena","49","8","5","0","1","3","4","0","0","1","1","4","0","0","3","0","0","0","0","0","1","0","0","0","0","0","0","0","0","0","0","0","0","0","0","0","0","0","0","0","0","0","40","2","5","0","0","5","3","8","0","1","0","1","0","0","0","1","0"
"36-078 Glennallen","21","3","1","0","1","1","3","0","0","0","0","0","2","0","2","0","0","0","0","1","0","0","0","0","0","0","0","0","2","0","0","0","0","0","1","0","1","0","0","0","0","0","103","0","2","0","0","10","0","18","0","5","0","1","0","0","1","0","0"
"36-082 Grayling","13","0","6","0","0","0","2","0","0","0","1","1","1","0","0","0","0","0","0","0","0","0","1","1","0","0","0","0","0","0","0","0","0","0","1","0","0","0","0","0","0","0","13","0","1","0","0","1","0","1","0","2","0","1","0","1","2","4","2"
"36-086 Holy Cross","15","2","8","0","0","1","2","0","0","0","0","2","0","0","0","0","0","0","0","0","0","0","0","0","0","0","0","0","0","0","0","0","0","0","1","0","0","0","0","0","0","0","6","0","1","1","0","0","0","0","0","0","0","1","0","0","1","0","0"
"36-090 Hughes","16","0","0","0","0","0","1","0","0","0","1","0","0","0","2","0","0","0","0","0","0","0","0","0","0","0","0","0","0","0","0","0","0","0","0","0","0","0","0","0","0","0","7","0","1","0","0","0","0","0","0","0","0","0","0","0","0","2","0"
"36-094 Huslia","49","5","5","0","2","1","1","0","2","0","0","1","1","0","0","1","0","0","0","0","0","0","0","0","0","0","0","0","0","0","0","0","0","0","0","0","0","0","0","0","0","0","15","1","1","0","0","1","1","0","0","1","0","0","0","0","4","2","1"
"36-098 Kaltag","12","1","6","0","3","0","0","0","0","0","2","0","0","0","0","2","0","0","0","0","0","0","0","0","1","0","0","0","0","0","0","0","0","0","0","0","0","0","0","0","0","0","7","0","1","0","0","1","0","1","0","0","0","0","0","0","1","0","2"
"36-102 Kenny Lake","33","2","1","0","0","3","2","0","1","0","0","0","0","0","2","0","0","0","1","0","0","0","0","0","0","1","0","0","2","0","0","0","0","0","2","0","0","0","1","0","0","0","109","1","0","0","0","10","1","6","0","1","0","5","0","0","0","1","0"
"36-106 Koyukuk","14","1","5","0","0","0","3","0","0","0","1","0","0","0","0","1","0","0","0","0","0","0","0","0","0","0","0","0","0","0","0","0","0","0","0","0","0","0","0","0","0","0","1","0","0","0","0","0","0","1","0","0","0","0","0","0","1","0","1"
"36-110 Manley","9","0","0","0","0","0","1","0","0","0","0","0","0","0","0","0","0","0","0","0","0","0","0","0","0","0","0","0","0","0","0","0","0","0","0","0","0","0","0","0","0","0","36","0","0","0","0","0","0","1","0","0","0","0","0","0","0","0","0"
"36-114 McGrath","20","0","1","0","0","0","0","0","1","1","1","2","0","0","0","0","0","0","0","0","0","0","0","0","0","0","0","0","0","0","0","0","0","1","0","0","0","0","0","0","0","0","48","2","1","0","0","4","1","5","0","0","0","1","0","1","3","1","0"
"36-118 Mentasta","20","0","2","0","0","0","1","0","0","0","1","0","0","0","0","0","1","0","1","0","0","0","0","0","0","0","1","0","0","0","0","0","0","0","0","0","1","0","0","0","0","0","8","0","0","0","0","2","0","0","0","0","0","1","0","0","0","0","0"
"36-122 Minto","15","0","0","0","0","0","4","0","0","1","0","1","0","0","2","0","2","0","0","1","0","0","0","0","0","0","0","0","0","0","0","0","0","0","0","0","0","0","0","0","0","0","19","1","2","0","0","0","0","3","0","0","0","0","0","0","0","0","0"
"36-126 Nenana","66","6","13","0","1","4","5","0","1","0","0","2","1","0","2","1","0","0","1","0","0","0","0","0","0","1","1","0","1","1","0","0","1","0","0","0","0","0","1","0","0","0","140","1","4","0","0","23","1","18","0","5","1","6","0","0","3","1","2"
"36-130 Nikolai","11","0","1","0","1","0","0","0","0","0","0","0","1","0","3","0","0","0","0","0","0","0","0","0","0","0","1","0","0","0","0","0","0","0","0","0","0","0","0","0","0","0","5","0","0","0","0","0","0","1","0","0","0","1","0","0","0","1","1"
"36-134 Northway","12","2","5","0","2","0","0","0","0","1","0","0","0","0","0","0","1","0","0","0","1","0","0","0","1","0","1","0","0","0","0","0","0","0","0","0","0","0","0","0","0","0","28","2","6","0","0","0","0","6","0","0","0","0","0","1","0","0","2"
"36-138 Nulato","45","4","3","1","1","0","2","0","0","0","0","1","0","0","4","0","0","0","0","0","0","0","0","0","0","0","0","0","0","0","0","0","0","0","0","0","0","0","0","0","0","0","10","0","0","0","0","0","0","1","0","0","0","0","0","0","0","5","0"
"36-142 Ruby","14","1","0","0","0","0","0","0","0","0","1","1","0","0","0","1","0","0","0","0","0","0","0","0","0","0","0","0","0","0","0","0","0","0","0","0","0","0","0","0","0","0","11","1","0","0","0","0","0","0","0","0","0","0","0","0","0","0","0"
"36-146 Shageluk","6","0","7","0","1","0","2","0","0","0","1","1","0","0","0","0","0","0","1","0","0","0","0","0","0","0","0","0","0","0","0","0","0","0","0","0","0","0","0","0","0","0","1","0","1","0","0","0","0","1","0","0","0","0","0","0","0","0","1"
"36-162 Tanana","49","2","3","0","0","2","0","0","3","0","1","0","0","0","2","0","0","0","0","0","0","0","0","0","0","0","0","0","0","0","0","0","0","0","0","0","0","0","0","0","0","0","14","0","1","0","0","0","0","0","0","0","0","0","0","0","0","2","0"
"36-166 Tetlin","12","0","0","0","0","0","0","0","1","0","0","0","0","0","1","0","0","0","0","0","0","0","0","0","0","0","0","0","0","0","0","0","0","0","0","0","0","0","0","0","0","0","11","0","0","1","0","0","0","4","0","0","0","0","0","0","0","0","0"
"36-170 Tok","60","1","12","1","1","3","7","0","1","0","2","2","0","0","1","0","0","0","1","1","2","0","0","0","6","3","0","0","1","0","1","0","0","0","1","0","1","0","2","0","0","0","311","3","4","1","1","39","3","29","0","8","0","2","0","2","9","0","0"
"36-174 Venetie","25","1","4","0","1","0","1","0","0","0","0","0","0","0","0","0","0","0","0","0","0","0","0","0","0","0","0","0","0","0","0","0","0","0","0","0","0","0","0","0","0","0","9","0","1","1","0","1","0","0","0","0","0","0","0","0","1","0","0"
"37-700 Akutan","20","0","2","0","0","0","1","0","0","0","0","0","0","0","0","0","0","0","0","0","0","0","0","0","0","0","0","0","0","1","0","0","0","0","0","0","0","0","0","0","0","0","14","2","1","1","0","3","0","3","0","0","0","0","0","0","0","0","1"
"37-702 Aleknagik","8","0","4","0","1","0","3","0","0","0","0","0","1","0","1","1","1","0","0","0","0","0","0","0","0","0","0","0","1","0","0","0","0","0","0","0","0","0","0","0","0","0","30","0","0","0","0","3","0","7","0","0","0","3","0","1","1","1","2"
"37-704 Aleutians No. 1","9","0","1","0","0","0","0","0","0","0","0","1","0","0","0","0","0","0","0","0","0","0","0","0","0","0","0","0","0","0","0","0","0","0","0","0","0","0","0","0","0","0","5","0","0","0","0","0","0","1","0","1","0","0","0","0","1","0","0"
"37-706 Aleutians No. 2","179","11","10","0","3","3","9","0","2","0","7","4","0","0","4","1","0","0","0","0","0","0","0","0","0","0","0","0","0","0","0","0","0","1","0","0","0","0","0","0","1","0","232","11","8","2","0","13","2","16","0","2","0","4","0","0","1","5","3"
"37-707 Aniak","32","2","7","0","1","3","4","0","0","0","2","3","0","0","1","1","1","0","0","0","0","0","0","0","0","0","0","0","2","0","0","0","0","0","0","0","0","0","0","0","1","0","29","1","2","0","0","3","1","4","0","0","1","1","0","0","1","2","2"
"37-708 Chignik","7","0","2","0","0","0","1","0","0","0","0","0","0","0","0","0","0","0","0","0","0","0","0","0","0","0","1","0","0","0","0","0","0","0","0","0","0","0","0","0","0","0","4","0","0","0","0","0","0","0","0","0","0","0","0","0","1","0","0"
"37-709 Chuathbaluk","3","1","3","0","0","0","0","0","1","0","0","0","0","0","0","0","0","0","0","0","0","0","0","1","0","0","0","0","0","0","0","0","0","0","0","0","0","0","0","0","0","0","6","1","0","0","0","0","0","2","0","0","0","0","0","1","0","0","0"
"37-710 Clark's Point","6","1","1","0","0","0","3","0","0","0","0","0","0","0","0","0","0","0","0","0","0","0","0","0","0","1","0","0","0","0","0","0","0","0","0","0","0","0","0","0","0","0","4","0","1","0","0","0","0","2","0","0","0","0","0","0","0","0","0"
"37-712 Cold Bay","6","0","0","0","0","0","0","0","0","0","0","0","0","0","0","0","0","0","0","0","0","0","0","0","0","0","0","0","0","0","0","0","0","0","0","0","0","0","0","0","0","0","11","0","1","0","0","0","0","0","0","0","0","1","0","0","1","0","0"
"37-713 Crooked Creek","11","0","0","0","0","2","0","0","0","0","0","0","0","0","0","0","0","0","0","0","0","0","0","0","0","0","1","0","0","0","0","0","0","0","1","0","0","0","0","0","0","0","3","0","0","0","0","0","0","1","0","0","0","0","0","0","0","0","0"
"37-714 Dillingham","194","13","23","0","4","6","11","0","2","0","7","6","1","1","2","1","1","0","0","2","1","0","2","0","2","0","2","0","2","1","0","0","0","0","0","0","1","0","0","0","1","0","177","5","13","1","0","24","0","17","0","9","1","7","0","2","6","1","1"
"37-716 Egegik","0","0","0","0","0","0","0","0","0","0","0","0","0","0","1","0","0","0","0","0","0","0","0","0","0","0","0","0","0","0","0","0","0","0","0","0","0","0","0","0","0","0","7","0","0","0","0","3","0","0","0","0","0","0","0","0","0","0","0"
"37-718 Ekwok","8","0","0","0","0","0","0","0","0","0","0","0","0","0","1","0","0","0","0","0","0","0","1","0","0","0","0","0","0","0","0","0","0","0","0","0","0","0","0","0","0","0","17","1","2","0","0","1","0","2","0","0","0","1","0","0","0","0","0"
"37-719 Goodnews Bay","13","1","11","0","1","0","5","0","0","1","0","2","0","0","0","0","2","0","0","0","0","0","0","0","0","0","0","0","0","0","0","0","0","0","0","0","0","0","0","0","0","0","5","0","3","1","0","0","3","5","0","0","0","0","0","1","1","1","2"
"37-720 King Cove","14","1","2","0","1","0","0","0","0","1","2","0","1","0","3","0","0","0","0","0","0","0","0","0","0","2","0","0","0","0","0","0","0","0","0","0","1","0","0","0","0","0","68","0","0","0","0","3","1","2","0","0","0","2","0","0","1","3","3"
"37-722 King Salmon","29","2","5","0","0","2","2","0","0","0","1","0","0","0","2","0","0","0","1","0","0","0","0","0","0","0","0","0","0","0","0","0","0","0","0","0","0","0","0","0","0","0","63","0","0","0","0","5","1","8","0","3","0","0","0","0","2","2","0"
"37-724 Koliganek","21","0","6","0","0","0","2","0","0","0","1","1","0","0","3","0","0","0","0","0","0","0","0","0","0","0","0","0","0","0","0","0","0","0","0","0","0","0","0","0","0","0","29","1","1","0","0","2","0","5","0","0","0","0","0","0","0","0","0"
"37-726 Lake Iliamna No. 1","20","2","2","0","0","1","1","0","0","1","2","0","0","0","0","0","0","0","0","0","0","0","0","0","0","0","0","0","0","0","0","0","0","0","1","0","0","0","0","0","0","0","45","1","4","2","0","9","1","8","0","0","0","3","0","0","0","0","0"
"37-728 Lake Iliamna No. 2","18","0","2","0","0","0","2","0","1","0","1","0","1","0","5","0","0","0","1","0","1","0","1","0","0","1","0","0","0","0","0","0","0","0","1","0","0","0","0","0","1","0","18","1","4","0","1","3","3","3","0","0","0","1","0","1","1","4","2"
"37-730 Levelock","11","0","1","0","0","1","0","1","0","0","1","0","0","0","1","0","0","0","0","0","0","0","0","0","0","0","0","0","0","0","0","0","0","0","0","0","0","0","0","0","0","0","3","0","0","0","0","1","0","2","0","0","0","0","0","0","0","1","1"
"37-731 Lower Kalskag","12","1","5","1","4","0","3","0","1","0","0","4","0","1","0","0","0","0","1","0","1","0","0","0","0","1","0","0","0","0","0","0","0","0","0","0","0","0","0","0","0","0","8","0","1","3","0","3","3","4","0","0","0","2","0","1","1","0","0"
"37-732 Manokotak","14","2","4","0","0","0","2","0","0","0","0","2","0","0","2","0","0","0","0","0","0","0","0","0","0","0","0","0","0","0","0","0","0","0","0","0","0","0","1","0","0","0","44","1","4","4","0","4","2","9","1","1","0","4","0","1","0","0","2"
"37-734 Naknek","31","0","6","0","2","6","0","0","0","0","0","0","1","0","4","0","0","0","0","0","0","0","0","0","0","0","0","0","1","0","0","0","0","0","0","0","0","0","0","0","0","0","67","1","2","0","0","8","2","7","0","1","0","1","0","0","1","0","1"
"37-736 New Stuyahok","39","0","0","0","0","0","0","0","0","0","0","0","0","0","0","0","0","0","0","0","0","0","0","0","0","0","0","0","0","0","0","0","0","0","0","0","0","0","0","0","0","0","8","0","0","0","0","0","0","0","0","0","0","0","0","0","1","5","0"
"37-738 Nondalton","11","1","5","1","0","0","3","0","1","3","0","0","0","0","0","0","0","0","0","0","0","0","0","0","0","0","0","0","0","0","0","0","0","0","0","0","0","0","0","0","0","0","6","0","3","0","0","3","0","2","0","0","0","0","0","0","0","0","5"
"37-740 Pedro Bay","2","0","1","0","0","0","0","0","0","0","0","0","0","0","1","0","0","0","0","0","0","0","0","0","1","0","0","0","1","0","0","0","0","0","0","0","0","0","0","0","0","0","7","0","0","0","0","1","0","0","0","0","0","0","0","0","0","0","0"
"37-742 Port Heiden","8","0","2","0","0","0","1","0","0","0","1","0","1","0","0","0","0","0","0","0","0","0","0","0","0","0","0","0","0","0","0","0","0","0","0","0","0","0","0","0","0","0","8","0","0","0","0","1","0","1","0","0","0","0","0","0","0","1","0"
"37-744 Sand Point","31","0","1","0","0","1","1","0","0","0","0","0","0","0","1","0","0","0","0","0","1","0","0","0","0","0","0","0","1","0","0","0","0","0","0","0","0","0","0","0","0","0","72","1","1","0","0","3","0","3","0","0","0","2","0","1","2","1","0"
"37-746 Sleetmute","5","0","5","0","1","0","2","0","0","0","1","1","0","0","0","1","0","0","0","1","1","0","0","0","0","0","0","0","0","0","0","0","0","0","0","0","0","0","0","0","0","0","2","0","1","0","0","1","0","1","0","1","0","0","0","0","0","0","0"
"37-748 South Naknek","6","0","1","0","0","0","0","0","0","0","0","0","0","0","1","0","0","0","0","1","0","0","0","0","0","0","0","0","0","0","0","0","0","0","0","0","0","0","0","0","0","0","3","1","0","0","0","1","0","0","0","0","0","0","0","0","2","1","1"
"37-750 St. George Island","1","1","0","0","0","0","0","0","0","0","0","0","0","0","1","0","0","0","0","0","0","0","0","0","0","0","0","0","0","0","0","0","0","0","0","0","0","0","0","0","0","0","1","0","1","0","0","0","0","1","0","0","0","0","0","0","1","0","0"
"37-752 St. Paul Island","56","1","10","0","4","1","2","0","0","0","1","0","0","0","3","0","1","0","1","0","0","0","0","0","0","0","0","0","0","0","0","0","0","0","0","0","0","0","0","0","0","0","13","1","0","0","0","2","2","3","0","0","0","1","0","0","2","3","0"
"37-754 Togiak","16","2","12","2","3","1","6","0","0","0","3","3","0","0","2","0","0","0","1","0","0","0","1","0","1","1","0","0","1","0","0","0","1","1","0","0","1","1","1","0","0","0","38","2","4","2","0","2","2","19","1","2","1","1","0","1","3","0","11"
"37-756 Tyonek","25","0","3","0","0","0","0","0","0","0","1","0","0","0","0","0","0","0","0","0","0","0","0","0","0","0","0","0","0","0","0","0","0","0","0","0","0","0","0","0","0","0","7","0","0","0","0","0","0","0","0","0","0","1","0","0","0","0","0"
"37-758 Upper Kalskag","18","0","4","0","0","1","4","0","0","2","1","2","0","0","1","0","0","0","0","0","0","0","0","0","0","0","0","0","0","0","0","0","0","0","0","0","0","0","0","0","0","0","12","0","3","0","0","1","0","1","0","1","0","1","0","0","0","2","3"
"38-800 Akiachak","47","5","7","0","0","1","7","0","1","2","3","0","2","0","4","0","1","0","0","0","2","0","1","1","1","3","1","0","0","0","0","0","0","0","2","0","0","0","0","1","0","0","44","1","2","1","0","3","1","8","1","0","0","1","0","0","1","3","3"
"38-802 Akiak","27","0","1","0","1","1","2","0","0","0","0","2","0","0","7","0","0","0","0","0","1","0","0","0","0","0","0","0","2","0","0","0","0","0","0","0","0","0","0","0","0","0","28","2","1","0","0","0","1","1","0","0","0","3","0","0","3","7","0"
"38-806 Atmautluak","17","2","1","0","1","0","1","0","0","0","0","0","0","0","5","0","0","0","0","0","0","0","0","0","0","0","0","0","0","0","0","0","0","0","0","0","0","0","0","0","0","0","5","1","0","1","0","0","1","3","0","0","0","0","0","0","2","3","2"
"38-808 Bethel No. 1","185","10","38","1","2","7","35","1","1","4","4","10","2","0","8","2","3","0","0","1","2","0","1","1","0","2","2","0","0","3","1","0","0","0","2","0","0","0","1","0","0","0","141","6","19","8","0","20","5","38","0","0","2","7","0","0","1","3","2"
"38-810 Bethel No. 2","179","11","27","0","3","10","27","0","3","0","6","11","3","0","2","0","3","0","4","1","0","0","3","0","1","5","0","0","2","2","0","0","1","0","1","0","0","0","1","1","0","0","159","6","16","3","0","19","8","36","2","1","3","4","0","1","3","3","4"
"38-812 Chefornak","51","0","6","0","0","1","5","0","0","0","1","1","1","0","4","1","0","0","0","0","2","1","0","0","0","0","0","0","0","0","0","0","0","0","2","0","0","0","0","0","0","0","14","0","1","1","0","0","0","1","0","0","0","0","0","0","0","3","0"
"38-818 Eek","32","1","5","0","1","0","2","0","1","0","3","0","0","0","4","0","0","0","1","0","1","0","0","1","1","0","0","0","0","0","0","0","0","0","0","0","0","0","0","0","0","0","27","2","2","0","0","1","2","2","0","0","0","2","0","0","1","2","1"
"38-822 Kasigluk","23","1","14","0","1","0","3","0","0","0","0","0","1","0","4","0","0","0","1","0","0","0","0","0","0","0","0","0","0","0","0","0","0","1","0","0","0","0","0","0","0","0","6","0","2","0","0","0","0","3","0","0","2","0","0","1","0","1","1"
"38-824 Kipnuk","31","0","5","0","0","1","4","0","2","1","1","4","0","0","4","0","0","0","0","0","0","0","0","0","0","0","1","0","0","0","0","0","0","0","0","0","0","0","0","0","0","0","26","1","6","4","1","5","4","5","0","0","0","0","0","0","0","2","5"
"38-826 Kongiganak","13","0","9","1","1","1","8","0","1","1","1","4","0","0","1","1","0","0","0","0","0","0","2","0","0","1","1","0","0","0","0","0","1","0","1","0","1","0","0","0","0","0","6","2","2","1","0","3","0","13","1","1","1","6","1","1","3","2","2"
"38-828 Kwethluk","27","1","30","0","3","2","15","0","1","1","2","2","0","0","5","0","2","0","0","0","1","0","0","2","2","0","0","0","0","0","0","0","0","0","1","0","0","0","0","0","0","0","13","1","5","0","0","3","2","8","0","0","1","2","0","0","0","1","0"
"38-830 Kwigillingok","14","1","3","0","1","0","3","0","1","0","1","1","0","0","1","0","0","0","0","0","0","0","0","0","0","0","0","0","0","0","0","0","0","0","0","0","0","0","0","0","0","0","19","0","1","0","0","4","5","18","0","0","0","1","0","1","0","1","5"
"38-836 Mekoryuk","17","0","3","1","1","2","4","0","0","0","0","1","0","0","1","0","0","0","0","0","0","0","0","0","1","1","0","0","0","0","0","0","0","1","0","0","0","0","0","1","0","0","21","1","0","1","0","1","1","5","0","0","0","0","0","0","1","0","4"
"38-838 Napakiak","17","5","8","0","1","0","0","0","0","0","3","2","0","0","3","0","0","0","1","0","1","0","0","0","0","1","1","0","0","0","0","0","0","0","0","0","0","0","0","0","0","0","11","0","2","2","0","3","1","3","0","0","0","1","0","0","2","2","1"
"38-840 Napaskiak","16","1","15","0","4","0","2","0","0","0","1","6","0","0","0","1","0","0","0","1","1","0","2","0","0","1","1","0","0","0","1","0","0","0","2","0","0","0","0","0","0","0","1","0","3","0","0","0","2","5","0","0","0","1","0","0","0","0","1"
"38-842 Newtok","5","0","8","1","0","0","7","0","0","0","0","1","0","0","1","1","2","0","0","0","1","1","0","0","0","1","0","0","1","0","2","0","0","0","1","0","0","0","0","0","1","0","2","0","2","1","0","1","3","2","0","0","0","5","0","2","0","0","4"
"38-844 Nightmute","10","0","0","0","0","0","2","0","0","0","0","0","0","0","1","0","0","0","0","0","0","0","0","0","0","0","0","0","0","0","0","0","0","0","0","0","0","0","0","0","0","0","7","0","0","0","0","0","0","3","0","0","0","2","0","1","2","4","2"
"38-846 Nunapitchuk","25","2","3","0","2","2","3","0","2","0","1","0","0","0","4","2","0","0","1","1","3","0","1","0","1","0","0","0","0","0","1","0","0","0","0","0","0","0","0","1","0","0","23","4","1","2","0","3","0","2","0","0","1","3","0","0","0","3","1"
"38-848 Quinhagak","42","2","8","0","2","1","2","0","2","0","0","2","1","0","5","0","1","0","1","0","0","0","0","1","2","0","1","0","0","0","1","0","0","0","0","0","0","0","0","0","0","0","21","1","2","2","0","4","2","13","0","0","0","1","0","3","1","5","5"
"38-852 Toksook Bay","36","1","15","1","3","1","13","1","1","2","1","4","2","0","3","2","7","0","0","0","1","0","1","0","0","0","2","0","0","0","1","0","1","0","2","0","0","0","0","0","0","0","27","2","11","3","0","1","2","19","1","0","0","3","0","2","3","0","5"
"38-854 Tuluksak","0","0","1","0","0","0","1","0","0","0","0","0","0","0","0","0","0","0","0","0","0","0","0","0","0","0","0","0","0","0","0","0","0","0","0","0","0","0","0","0","0","0","0","1","0","0","0","0","0","0","0","0","0","0","0","0","0","0","0"
"38-856 Tuntutuliak","28","3","11","0","1","2","4","0","1","1","4","7","0","0","3","0","1","0","0","1","0","0","0","0","0","0","0","0","0","0","0","0","0","0","2","0","0","1","0","0","0","0","15","1","6","4","0","2","3","10","0","0","2","1","0","0","0","3","0"
"38-858 Tununak","18","2","14","0","1","1","8","0","0","1","0","1","0","1","3","0","4","0","2","0","1","0","1","0","0","0","0","0","0","0","0","0","0","0","1","0","0","0","0","0","0","0","7","1","1","1","0","0","1","4","0","0","0","2","0","0","0","1","4"
"39-900 Alakanuk","14","1","8","1","1","0","9","1","0","1","1","2","0","0","8","0","1","0","0","0","0","0","0","1","0","2","2","0","0","0","0","0","0","0","0","0","0","0","0","0","0","0","9","0","7","1","1","0","1","8","0","0","0","2","1","0","0","2","2"
"39-902 Brevig Mission","29","3","11","0","2","0","2","1","0","0","1","1","0","0","3","1","0","0","0","1","0","1","0","0","0","0","0","0","0","0","0","0","0","0","0","0","0","1","0","0","0","0","19","2","4","1","0","1","1","9","0","0","0","1","0","0","1","3","3"
"39-906 Diomede","3","0","0","0","0","0","1","0","0","0","1","1","0","0","1","0","0","0","0","0","0","0","0","0","0","0","0","0","0","0","0","0","0","0","0","0","0","0","0","0","0","0","0","0","0","0","0","0","3","0","0","0","0","0","0","0","0","0","0"
"39-908 Elim","16","2","11","0","0","0","0","0","0","0","2","2","1","0","1","0","1","0","0","0","2","0","0","0","0","3","0","0","0","0","0","0","0","0","0","0","0","0","0","0","0","0","25","1","4","1","0","3","4","19","0","0","2","2","0","0","0","1","0"
"39-910 Emmonak","51","4","12","0","1","0","7","0","0","0","0","3","1","0","8","0","1","0","0","0","0","0","0","0","0","0","0","0","1","0","0","0","0","0","0","0","0","0","0","0","0","0","28","2","7","0","0","2","1","5","2","0","0","2","0","0","3","2","5"
"39-912 Gambell","34","3","11","0","0","2","6","0","0","0","3","0","1","1","7","0","0","0","0","0","2","0","1","0","0","1","0","0","0","0","0","1","0","0","0","0","0","1","0","0","0","0","38","2","4","2","1","5","1","9","0","0","0","2","0","1","2","1","4"
"39-914 Golovin","15","1","4","0","1","2","4","0","0","0","1","1","0","0","0","0","0","0","0","0","0","0","0","0","0","0","0","0","0","0","0","0","0","0","0","0","0","0","0","0","0","0","8","3","3","0","0","1","1","2","0","1","0","1","0","0","0","0","0"
"39-916 Hooper Bay","52","3","10","0","1","0","11","0","0","1","1","3","1","0","7","1","0","0","0","0","0","0","0","1","0","0","0","0","0","0","0","0","0","0","0","0","0","0","0","0","0","0","44","1","7","2","0","2","1","3","0","0","0","3","1","2","2","1","6"
"39-918 Kotlik","47","1","3","1","1","0","2","0","0","0","0","4","0","0","3","0","0","0","1","0","1","0","0","0","0","1","0","0","0","0","0","0","0","0","1","0","0","0","0","0","0","0","30","0","2","0","0","2","0","5","0","0","0","0","0","0","0","4","0"
"39-920 Koyuk","23","1","7","0","0","0","2","0","1","0","1","2","0","0","2","0","0","0","0","0","0","1","0","0","0","0","0","0","0","0","0","0","0","0","0","0","0","0","0","0","0","0","35","2","4","0","0","0","0","10","0","1","0","3","0","1","1","0","3"
"39-921 Marshall","20","1","4","0","0","0","4","0","0","0","1","1","0","0","2","0","3","0","0","0","0","0","0","0","0","0","0","0","0","0","0","0","0","0","1","0","0","0","0","0","0","0","23","0","4","2","0","2","1","11","1","0","0","1","0","0","1","1","2"
"39-922 Mountain Village","24","3","19","0","2","1","9","0","0","0","3","5","0","0","3","0","2","0","1","0","2","0","0","0","0","0","0","0","0","0","0","0","0","0","2","0","0","0","0","0","0","0","16","1","5","3","0","6","2","13","0","1","1","3","0","1","1","1","2"
"39-924 Nome No. 1","100","6","13","1","0","8","12","0","0","0","8","5","2","0","3","2","3","0","0","1","0","0","0","0","2","0","1","0","2","0","0","0","0","0","0","0","0","0","0","0","0","0","91","2","2","1","1","12","2","10","0","1","1","4","0","0","2","3","2"
"39-926 Nome No. 2","166","17","44","0","6","6","32","0","1","1","7","11","1","0","5","1","7","0","1","2","3","0","1","1","2","2","2","0","3","1","0","0","1","0","3","0","1","0","0","0","1","0","134","6","9","1","0","31","9","39","0","2","1","12","0","0","0","4","3"
"39-928 Nunam Iqua","11","0","7","0","0","0","0","0","0","0","0","0","1","0","1","1","0","0","0","0","0","0","0","0","0","0","0","0","1","0","1","0","0","0","1","0","0","0","0","0","0","0","5","0","2","0","0","1","0","4","0","0","0","0","0","0","1","0","0"
"39-930 Pilot Station","22","1","13","1","4","0","14","0","1","0","0","1","0","0","3","0","2","0","0","0","4","0","1","0","0","1","0","0","0","0","0","0","0","0","1","0","0","0","0","0","0","0","6","1","3","1","0","0","3","4","1","0","0","1","0","1","0","0","4"
"39-931 Russian Mission","18","1","2","0","0","0","2","0","0","0","0","0","0","0","4","0","0","0","0","0","0","0","0","0","0","0","0","0","0","0","0","0","0","0","1","0","1","0","0","0","0","0","19","0","1","0","0","1","0","1","0","0","0","1","0","0","2","4","1"
"39-932 Savoonga","48","3","23","0","3","5","8","0","0","1","1","2","0","0","5","0","4","0","0","1","3","0","1","0","0","0","0","0","0","0","2","0","0","0","1","0","0","0","0","1","0","0","16","5","9","1","0","1","1","4","0","0","2","2","0","1","1","0","4"
"39-934 Scammon Bay","25","7","8","0","3","0","7","0","0","1","1","3","1","0","1","0","0","0","0","0","0","0","1","1","0","0","0","0","0","0","1","0","0","0","0","0","0","0","0","0","0","0","11","0","6","3","0","1","4","12","0","1","0","4","0","1","0","0","5"
"39-936 Shaktoolik","9","0","1","1","3","1","2","0","0","0","1","1","1","0","1","0","0","0","0","1","0","0","0","0","0","0","0","0","0","0","0","0","0","0","0","0","0","0","0","0","0","0","13","2","4","0","0","4","1","4","0","1","0","3","0","0","2","0","1"
"39-938 Shishmaref","78","6","16","1","0","1","12","0","2","2","5","2","3","1","3","0","1","0","0","0","1","0","0","0","0","0","0","0","0","0","1","0","0","0","1","0","0","0","0","0","0","0","16","1","4","0","0","1","4","9","0","0","0","2","0","0","2","0","0"
"39-940 St. Mary's","50","2","17","0","1","0","8","0","0","1","3","2","0","0","4","0","0","0","0","0","0","0","0","0","0","0","0","0","0","0","0","0","0","0","0","0","0","0","0","0","0","0","17","1","1","0","0","1","1","3","0","0","0","1","0","0","2","1","1"
"39-942 St. Michael","13","0","4","0","0","0","1","0","0","1","2","0","0","0","2","0","1","0","0","0","1","0","0","0","0","1","1","0","1","0","0","0","1","0","0","0","0","0","0","0","0","0","13","1","4","2","0","6","2","3","0","0","0","0","0","0","3","0","2"
"39-944 Stebbins","9","0","9","0","0","0","3","2","0","1","2","4","0","0","2","0","2","0","1","0","1","1","0","0","0","1","0","0","0","0","0","0","0","0","0","0","0","0","0","0","0","0","7","1","4","0","1","3","4","5","0","0","2","4","0","2","0","1","1"
"39-946 Teller","5","2","6","0","0","1","3","0","1","0","0","1","0","0","1","0","0","0","0","0","0","0","0","0","0","0","0","0","0","0","0","0","0","0","1","0","0","0","0","0","0","0","7","0","2","0","0","1","1","2","0","1","0","0","0","0","0","1","0"
"39-948 Unalakleet","68","5","16","0","1","5","10","0","1","1","3","9","1","0","3","1","0","0","1","0","0","0","0","0","0","1","1","0","1","0","0","0","0","0","1","0","0","0","0","0","0","0","51","3","9","1","0","5","1","10","0","0","0","7","0","1","1","0","3"
"39-950 Wales","1","1","1","0","0","0","0","0","0","0","0","1","1","0","0","1","0","0","0","0","0","0","0","0","0","0","0","0","0","0","0","0","0","0","0","0","0","0","0","0","0","0","2","0","0","0","0","0","0","0","0","0","0","0","0","0","0","0","0"
"39-952 White Mountain","20","2","11","0","2","3","3","0","0","0","0","2","1","0","3","0","1","0","0","0","0","0","0","0","0","0","0","0","0","0","0","0","0","0","0","0","0","0","0","0","0","0","13","2","3","0","0","0","1","2","0","0","0","0","0","0","0","0","0"
"40-002 Ambler","10","2","2","0","1","0","2","0","0","0","0","1","0","0","0","0","0","0","0","0","0","0","0","1","0","0","0","0","0","0","0","0","0","0","0","0","0","0","0","0","0","0","13","1","0","0","0","0","1","2","0","0","0","4","0","0","3","0","1"
"40-004 Anaktuvuk Pass","21","2","3","0","0","0","0","0","0","0","0","1","0","0","0","0","0","0","0","0","0","0","0","0","0","0","0","0","0","1","0","0","0","0","0","0","0","0","0","0","0","0","17","0","1","0","0","4","0","2","0","0","0","2","0","0","2","1","1"
"40-006 Atqasuk","6","0","1","0","0","0","0","0","0","0","0","0","0","0","1","1","0","0","0","0","0","0","0","0","0","0","0","0","0","0","0","0","0","0","0","0","0","0","0","0","0","0","16","0","1","0","0","1","1","6","0","0","0","1","0","0","1","0","1"
"40-008 Utqiagvik","65","2","22","1","1","1","13","0","0","0","4","1","1","0","2","0","1","0","0","2","0","0","2","0","1","1","0","0","0","0","0","0","0","1","0","0","0","0","0","1","0","0","88","0","4","3","0","5","2","11","0","1","0","11","0","0","0","2","0"
"40-010 Browerville","155","4","52","1","3","11","30","0","2","0","7","10","5","1","5","2","4","0","2","1","2","0","1","0","1","0","2","0","2","0","1","0","0","0","0","0","0","0","0","0","0","0","195","5","26","4","1","13","13","31","0","2","3","35","0","4","3","4","4"
"40-012 Buckland","15","1","6","0","2","1","6","0","1","0","0","1","0","0","3","0","3","0","0","0","2","0","0","0","0","0","0","0","0","0","0","0","0","0","0","0","0","0","0","0","0","0","20","2","4","1","0","0","2","7","0","1","0","3","0","0","0","1","2"
"40-014 Deering","9","0","5","0","0","0","2","0","1","0","0","1","0","0","0","0","1","0","0","0","1","0","2","0","0","0","0","0","0","0","0","0","1","0","0","0","0","0","0","0","0","0","6","0","0","0","0","1","0","1","0","0","0","5","0","0","0","0","1"
"40-016 Kaktovik","11","0","0","0","0","0","0","0","0","0","1","1","0","0","0","0","0","0","0","0","0","0","0","0","0","0","0","0","0","0","0","0","1","0","0","0","0","0","0","0","0","0","45","0","2","0","0","5","0","3","0","0","0","2","0","0","0","2","0"
"40-018 Kiana","24","0","0","0","0","0","0","0","0","0","0","0","0","0","5","0","0","0","0","0","0","0","0","0","0","0","0","0","1","0","0","0","0","0","0","0","0","0","0","0","0","0","28","0","0","0","0","0","0","0","0","0","0","0","0","0","1","1","0"
"40-020 Kivalina","11","1","3","0","0","0","2","0","0","0","0","3","0","0","4","0","0","0","0","1","0","0","2","0","0","0","0","0","2","0","0","0","0","0","1","0","0","0","1","0","0","0","22","1","2","0","0","0","0","0","0","0","0","0","0","0","1","3","2"
"40-022 Kobuk","16","0","1","0","0","1","0","0","0","0","0","0","2","0","0","0","0","0","0","0","0","0","0","0","0","0","0","0","0","0","0","0","0","0","1","0","0","0","0","0","0","0","14","0","0","0","0","0","0","0","0","0","0","0","0","0","0","2","1"
"40-024 Kotzebue","165","17","58","0","4","3","24","0","4","2","3","2","4","0","6","3","3","0","2","1","2","0","2","0","3","3","1","0","0","0","1","0","0","0","3","0","0","0","0","0","0","0","123","5","14","2","0","19","8","38","0","5","2","24","0","3","6","7","2"
"40-026 Noatak","8","1","4","0","0","0","4","0","0","0","1","0","1","0","5","0","1","0","0","1","1","0","0","0","1","0","0","0","1","0","1","0","0","0","1","0","0","0","0","0","0","0","36","0","6","1","0","6","1","12","0","0","1","4","0","0","2","1","4"
"40-028 Noorvik","17","2","6","0","1","0","2","0","0","0","0","1","0","0","1","1","0","0","0","0","2","0","0","0","0","0","0","0","2","0","0","0","0","0","0","0","0","0","0","0","1","0","34","1","4","0","0","6","3","5","0","0","0","4","0","0","2","1","0"
"40-030 Nuiqsut","13","1","3","0","0","0","1","0","0","0","0","0","0","0","2","0","0","0","1","0","0","0","1","0","0","0","0","0","0","0","0","0","0","0","0","0","0","0","0","0","0","0","12","0","0","0","0","1","0","1","0","0","0","1","0","0","2","1","4"
"40-032 Point Hope","41","0","0","0","0","0","0","0","0","0","0","0","0","0","6","0","1","0","0","0","0","0","0","0","1","0","0","0","1","0","0","0","0","0","0","0","0","0","1","0","0","0","65","0","0","0","0","0","0","0","0","0","0","1","0","0","1","2","0"
"40-034 Point Lay","2","1","1","0","1","1","0","0","1","1","1","1","0","0","1","0","0","0","0","0","0","0","0","0","0","0","0","0","0","0","1","0","0","0","1","0","0","0","0","0","1","0","10","0","1","1","0","0","0","3","0","0","0","1","0","0","0","0","0"
"40-036 Selawik","9","1","2","0","3","0","0","0","1","0","1","1","1","0","2","0","0","0","1","0","0","0","0","0","0","0","1","0","0","0","0","0","0","0","0","0","0","0","0","0","0","0","37","1","6","2","0","0","2","3","0","0","0","2","0","1","0","0","1"
"40-038 Shungnak","12","0","7","1","0","0","2","0","1","1","2","3","1","0","1","0","0","0","0","0","0","0","0","1","0","0","0","0","0","0","0","0","0","0","0","0","0","0","0","0","0","0","13","0","0","0","0","0","1","1","0","0","0","0","0","0","0","0","3"
"40-040 Wainwright","18","1","5","0","0","0","1","0","1","1","0","4","0","0","1","0","0","0","0","1","0","0","0","0","0","0","0","0","2","0","0","0","0","0","0","0","0","0","0","0","0","0","63","0","3","1","0","3","5","9","0","1","0","8","0","0","0","0","1"
"District 1 - Absentee","1013","52","55","2","11","69","93","3","10","2","9","9","1","0","13","5","5","0","1","1","1","0","5","0","9","0","4","0","9","3","3","1","0","1","0","0","2","0","5","0","2","0","1322","11","6","1","0","134","12","71","0","14","2","37","0","2","15","9","8"
"District 1 - Early Voting","8","1","2","0","1","0","1","0","0","0","0","0","0","0","0","0","0","0","0","0","0","0","0","0","0","0","0","0","0","0","0","0","0","0","0","0","0","0","0","0","0","0","3","0","0","0","0","0","0","0","0","0","1","3","0","0","0","0","0"
"District 1  - Question","101","13","23","0","1","8","13","0","0","0","8","2","1","0","3","2","3","0","0","0","2","0","0","0","2","2","2","0","2","2","1","0","0","0","0","0","1","0","0","0","0","0","217","4","0","2","0","28","9","23","1","1","0","15","0","1","2","2","1"
"District 10 - Absentee","905","34","36","0","8","53","102","2","4","0","11","4","4","0","7","4","3","0","1","2","3","0","4","0","3","0","1","0","8","1","1","0","1","0","3","0","1","0","1","0","1","0","572","11","3","1","0","80","0","38","0","4","2","15","0","0","22","13","3"
"District 10 - Early Voting","538","20","30","1","4","37","67","1","2","0","7","3","4","0","3","1","2","0","1","1","2","0","1","0","2","0","2","0","1","2","1","0","1","0","1","0","0","0","0","0","2","0","650","6","5","2","0","79","1","44","0","10","2","9","1","0","4","5","2"
"District 10  - Question","65","5","7","1","1","7","9","0","1","1","2","1","2","0","1","0","1","0","1","0","0","0","2","0","0","0","5","0","2","1","0","0","1","0","1","0","1","0","0","0","0","0","96","1","0","2","0","18","1","13","0","1","0","4","0","0","2","0","2"
"District 11 - Absentee","1228","51","56","1","4","74","95","1","9","1","8","2","2","0","16","0","4","0","1","0","0","0","2","0","4","0","3","0","6","4","4","0","4","1","0","0","2","0","3","1","3","0","723","8","5","2","0","99","5","61","0","4","1","19","0","1","31","8","2"
"District 11 - Early Voting","623","24","40","0","5","43","71","0","6","0","8","3","3","1","2","1","1","0","0","0","0","0","2","0","2","1","1","0","4","1","0","0","1","0","2","0","2","0","5","0","2","0","731","6","6","2","0","82","6","46","1","11","2","23","0","2","9","1","2"
"District 11  - Question","61","2","2","0","3","6","13","0","0","0","3","0","1","0","0","0","0","0","0","0","0","0","0","0","0","0","0","0","1","1","0","0","0","0","2","0","0","0","0","0","0","0","92","5","2","2","0","14","3","14","1","3","1","4","1","0","0","0","1"
"District 12 - Absentee","973","33","44","0","5","74","98","0","8","0","8","10","1","0","8","1","0","0","2","0","2","0","5","0","3","2","2","0","4","3","1","0","0","0","2","0","1","0","0","1","1","0","513","3","7","5","0","64","5","51","1","10","1","17","0","0","9","1","4"
"District 12 - Early Voting","605","31","46","0","7","37","71","0","6","0","4","5","2","0","4","1","0","0","0","1","0","0","0","0","5","0","2","0","1","2","1","0","0","0","0","0","1","0","1","0","0","0","613","7","10","0","0","66","5","49","0","4","0","8","0","0","2","2","1"
"District 12  - Question","50","12","10","0","1","2","12","1","1","1","3","1","1","1","1","0","1","0","0","1","0","0","1","0","1","1","1","0","0","0","0","0","1","0","0","0","1","0","0","0","0","0","72","4","10","2","0","9","7","15","1","4","2","4","0","0","3","0","2"
"District 13 - Absentee","802","37","43","0","7","54","86","0","4","1","8","8","4","1","5","5","2","0","3","3","2","0","2","0","2","2","1","0","5","2","1","0","1","1","2","0","1","0","2","0","0","0","435","3","6","0","0","48","3","39","1","4","0","9","0","0","9","6","0"
"District 13 - Early Voting","458","20","53","0","5","39","50","0","5","2","6","3","2","0","2","4","0","0","1","2","0","0","3","0","3","3","1","0","2","3","1","0","0","1","0","0","0","1","1","0","2","0","542","5","8","1","0","61","8","58","0","8","2","10","0","0","7","7","2"
"District 13  - Question","79","13","13","0","1","1","14","0","0","0","7","2","1","0","0","0","0","0","0","0","2","0","0","0","2","2","1","0","2","0","0","0","1","0","1","0","0","0","0","2","0","0","129","5","6","0","0","17","2","20","0","4","0","9","1","0","2","2","5"
"District 14 - Absentee","1024","35","61","0","6","56","108","0","5","2","4","9","3","0","11","1","1","0","0","0","2","0","2","1","7","3","5","0","6","1","1","0","2","2","3","0","1","0","1","0","2","0","347","2","9","2","0","46","6","38","0","4","0","18","1","1","10","6","6"
"District 14 - Early Voting","765","34","44","0","6","53","64","0","5","1","9","2","1","0","4","0","0","0","0","0","2","0","2","0","2","0","0","0","4","3","0","0","1","0","1","0","0","0","1","3","1","0","458","6","6","1","0","63","4","41","0","10","3","19","1","0","6","4","5"
"District 14  - Question","97","12","32","0","3","6","26","0","6","0","3","8","3","0","2","0","0","0","1","0","1","0","1","0","1","0","1","0","1","1","1","0","1","0","0","0","1","0","0","1","1","0","132","4","8","1","0","25","4","23","0","0","3","8","0","2","3","3","8"
"District 15 - Absentee","987","42","56","0","7","41","94","0","3","1","9","3","5","0","10","3","1","1","2","0","1","0","1","0","9","3","2","0","7","7","2","0","1","1","4","0","1","0","3","2","1","0","625","6","8","1","0","88","8","46","0","13","1","13","0","0","17","8","1"
"District 15 - Early Voting","606","35","47","0","5","45","60","0","3","1","4","4","2","0","8","3","0","0","1","3","0","0","1","0","4","2","0","0","4","0","0","0","1","0","1","0","0","0","0","0","1","0","725","4","3","3","0","77","8","50","0","8","1","15","0","0","5","2","1"
"District 15  - Question","62","6","5","0","3","4","13","0","1","1","4","4","1","0","1","0","1","0","2","0","0","0","0","0","0","0","1","0","2","1","0","0","0","2","1","0","0","0","0","0","0","0","96","4","7","1","0","23","2","20","0","0","0","8","0","0","3","1","3"
"District 16 - Absentee","1202","41","52","0","7","59","117","2","5","1","13","6","2","0","12","3","4","0","2","3","0","0","4","0","5","2","2","0","9","4","3","0","2","0","1","0","2","0","1","3","0","0","512","9","6","4","0","61","8","32","0","7","4","21","0","1","12","11","1"
"District 16 - Early Voting","816","41","50","0","3","44","95","3","5","4","8","2","1","0","3","2","2","0","0","0","1","0","3","0","3","1","2","0","1","3","2","0","0","0","2","0","2","0","3","0","0","0","551","9","7","1","0","58","7","43","0","19","1","20","0","1","10","4","4"
"District 16  - Question","70","5","11","0","2","7","13","0","2","1","1","3","1","0","2","0","0","0","1","0","0","0","3","0","3","3","1","0","1","0","0","0","0","0","1","0","1","0","0","0","0","0","106","1","6","3","0","18","4","11","0","2","4","9","0","0","1","2","3"
"District 17 - Absentee","1299","43","57","1","9","70","103","0","10","0","9","7","1","0","9","3","1","0","2","0","3","0","3","0","3","1","2","0","6","5","2","0","1","2","3","0","2","0","4","0","0","0","441","14","4","1","0","53","2","42","0","6","2","12","1","2","12","10","6"
"District 17 - Early Voting","1098","36","73","1","11","60","121","2","1","3","8","9","1","0","8","3","4","0","2","1","0","0","2","0","4","2","3","0","3","2","2","0","0","1","2","0","1","0","0","1","0","0","464","5","3","0","0","51","5","61","0","11","2","20","0","1","4","3","10"
"District 17  - Question","122","7","20","0","3","10","27","0","0","1","3","4","4","0","3","2","0","0","2","2","0","0","0","0","0","0","0","0","2","0","2","0","0","0","1","0","1","0","1","0","0","0","98","0","5","3","0","24","1","14","1","3","1","9","1","4","4","3","11"
"District 18 - Absentee","553","16","30","0","6","38","69","2","4","1","9","5","1","0","11","1","1","0","0","1","1","0","1","0","2","3","4","0","4","1","2","0","2","1","1","0","0","0","2","0","1","0","573","10","4","2","0","82","6","79","1","11","4","16","0","0","5","3","2"
"District 18 - Early Voting","197","10","9","0","1","12","26","0","0","1","3","1","1","0","2","0","0","0","1","0","0","0","0","0","5","0","1","0","2","0","0","0","0","0","0","0","0","0","1","0","0","0","173","0","1","1","0","20","1","26","0","5","0","5","0","0","0","2","1"
"District 18  - Question","136","15","18","0","3","9","15","0","1","0","11","7","3","0","2","1","0","0","0","0","0","0","1","1","4","4","1","0","3","0","1","0","2","0","1","0","0","0","1","1","2","0","361","9","11","5","0","77","8","84","0","8","3","18","0","0","3","2","3"
"District 19 - Absentee","586","36","40","0","7","39","55","0","7","1","10","5","2","0","4","0","3","0","0","2","2","0","0","0","1","0","1","0","2","5","1","0","1","0","3","0","0","0","1","1","0","0","204","10","6","0","0","30","5","37","1","6","1","7","0","2","3","7","10"
"District 19 - Early Voting","391","17","26","0","4","21","50","1","3","2","2","3","4","0","1","0","2","0","1","0","1","0","0","1","1","1","0","0","2","0","1","0","1","3","0","0","1","0","0","0","0","0","204","4","1","1","0","27","4","21","0","6","2","9","0","1","2","7","1"
"District 19  - Question","129","8","17","0","2","6","8","0","1","0","2","4","4","0","3","1","1","0","2","1","1","0","0","0","2","2","1","0","0","0","1","0","0","0","0","0","0","1","0","0","1","0","117","5","1","4","1","19","4","16","2","3","2","11","1","3","3","4","7"
"District 2 - Absentee","1962","80","94","0","12","97","189","1","14","2","7","11","11","0","22","9","4","0","4","2","5","0","6","0","13","5","11","0","6","7","1","0","0","4","5","0","2","0","0","0","0","0","1594","10","8","5","0","195","18","143","0","22","1","31","0","1","25","16","18"
"District 2 - Early Voting","27","2","5","0","0","1","2","0","1","0","1","1","0","0","0","0","0","0","0","0","0","0","1","0","0","0","2","0","0","0","1","0","1","0","0","0","0","0","0","0","0","0","24","0","1","0","0","1","0","1","0","2","0","1","0","0","0","0","1"
"District 2  - Question","64","1","15","1","0","5","10","0","1","0","3","2","1","0","2","3","0","1","1","0","1","0","0","0","0","2","0","0","1","0","1","0","0","0","0","0","1","0","1","0","0","0","95","4","4","4","0","21","1","16","0","0","1","2","0","0","2","0","5"
"District 20 - Absentee","897","30","63","1","16","63","72","0","2","1","10","8","0","0","7","3","1","0","0","1","1","1","0","0","3","1","1","0","2","1","2","0","0","0","4","0","2","0","0","2","0","0","447","6","3","5","0","52","6","51","0","8","2","14","0","0","6","8","3"
"District 20 - Early Voting","485","31","43","1","8","45","70","1","5","2","1","5","1","0","3","3","1","0","1","0","1","0","1","0","1","1","0","0","2","2","1","0","0","2","1","0","0","0","2","0","1","0","423","6","6","2","0","53","5","43","2","19","0","12","0","0","3","1","4"
"District 20  - Question","97","13","21","0","2","8","12","0","2","1","9","1","1","0","3","0","0","0","0","1","1","0","0","0","1","0","0","0","3","0","0","0","0","0","1","0","2","0","0","0","1","0","102","7","7","3","0","18","1","35","1","3","0","6","0","2","2","1","5"
"District 21 - Absentee","1249","47","54","0","4","86","128","1","1","3","8","6","4","0","9","5","1","0","2","1","0","0","1","0","7","2","1","0","3","6","2","0","3","0","5","0","1","0","0","1","2","0","617","4","8","3","0","76","11","55","0","8","4","19","0","1","7","16","3"
"District 21 - Early Voting","597","30","41","0","3","40","76","0","8","3","5","3","1","1","0","4","0","0","0","0","1","0","1","0","3","1","0","0","1","1","0","0","1","1","1","0","1","0","0","1","1","0","553","3","5","0","0","63","5","45","0","14","0","11","0","0","4","7","5"
"District 21  - Question","108","9","14","0","6","8","17","1","0","0","5","4","3","0","3","1","0","0","1","0","2","0","1","0","1","0","0","0","0","2","1","0","0","1","1","0","1","0","0","0","1","0","118","6","6","2","1","15","1","34","1","3","1","9","0","1","4","1","8"
"District 22 - Absentee","503","25","44","0","5","31","75","0","10","1","8","4","5","0","3","5","1","0","1","1","2","0","0","0","3","0","2","0","3","2","0","0","0","2","2","0","2","0","1","1","2","0","341","5","5","1","0","38","1","38","0","10","1","22","0","1","7","5","6"
"District 22 - Early Voting","323","17","31","1","5","20","48","0","1","0","1","4","2","0","1","0","0","0","0","0","0","0","1","0","2","1","1","0","1","1","0","0","0","0","1","0","1","0","1","0","0","0","359","2","9","1","0","29","5","31","1","1","1","8","0","2","3","4","3"
"District 22  - Question","60","9","8","0","3","7","15","0","3","0","2","7","1","0","1","0","2","0","1","0","1","0","0","0","0","1","0","0","0","0","0","0","0","0","2","0","0","0","0","0","0","0","99","6","9","6","0","19","3","18","0","4","0","17","0","1","3","2","4"
"District 23 - Absentee","1030","42","52","0","6","72","110","0","7","1","17","12","7","0","8","2","3","0","0","0","2","0","3","0","6","3","10","0","18","3","2","0","2","3","4","0","3","0","2","2","3","0","979","8","6","2","0","108","12","91","0","30","1","42","0","2","15","6","1"
"District 23 - Early Voting","916","45","49","0","7","78","101","0","3","2","14","3","8","0","12","5","4","0","5","3","1","0","1","0","10","3","3","0","7","5","2","0","0","1","0","0","3","0","8","1","3","0","1749","18","16","0","0","196","7","132","0","28","1","44","1","1","12","8","1"
"District 23  - Question","55","9","9","0","0","3","15","0","1","0","1","1","0","0","1","0","2","0","0","1","1","0","0","0","1","2","1","0","1","4","0","0","0","1","1","0","1","0","0","1","2","0","122","2","11","0","0","29","3","26","0","2","1","11","0","0","0","2","1"
"District 24 - Absentee","664","27","62","1","2","50","61","0","5","0","8","2","3","0","9","4","4","0","4","0","2","0","1","0","10","1","4","0","11","3","2","0","1","1","5","0","0","0","5","2","0","0","838","8","9","0","0","90","6","75","1","16","2","31","0","1","14","4","1"
"District 24 - Early Voting","735","35","66","1","4","46","73","2","7","0","11","6","1","0","3","3","1","0","1","1","0","0","5","0","7","3","3","0","8","8","1","0","0","1","4","0","5","0","2","2","0","0","1794","7","4","1","0","162","12","90","2","46","1","74","0","1","12","5","4"
"District 24  - Question","57","4","8","0","2","6","9","0","0","0","1","0","1","0","6","0","0","0","1","0","0","0","1","0","2","0","2","0","1","0","0","0","0","1","0","0","3","0","0","4","0","0","142","1","1","2","0","26","5","21","0","8","2","13","0","0","4","1","0"
"District 25 - Absentee","511","14","34","0","5","33","58","0","1","1","3","3","1","0","9","2","0","0","1","1","0","0","1","1","8","1","1","0","3","2","2","0","0","1","0","0","1","0","4","1","2","0","688","1","9","1","0","81","5","51","0","6","2","20","0","1","13","9","5"
"District 25 - Early Voting","811","34","79","0","13","75","95","0","5","0","11","5","4","0","18","2","3","0","3","2","1","0","3","0","8","2","5","0","2","3","0","0","1","2","4","0","4","0","2","0","2","0","1826","8","3","4","0","164","11","104","2","30","2","55","0","1","9","6","2"
"District 25  - Question","50","5","15","0","1","2","13","0","1","0","2","1","2","0","4","1","0","0","1","0","0","0","0","0","3","1","4","0","1","1","0","0","0","0","0","0","0","0","2","0","0","0","218","5","3","2","0","34","1","36","1","9","1","11","0","2","2","0","2"
"District 26 - Absentee","349","15","16","0","1","24","43","0","2","0","3","2","1","0","5","2","1","0","0","2","0","0","0","0","0","1","3","0","0","1","2","0","0","0","0","0","1","0","1","1","0","0","694","0","1","0","0","94","3","72","0","13","1","17","0","3","5","4","4"
"District 26 - Early Voting","360","17","35","0","3","34","62","0","4","1","2","2","5","0","7","1","2","0","2","1","1","0","4","0","5","0","4","0","3","2","0","0","0","2","0","0","0","0","0","1","0","0","1731","3","2","5","0","194","9","125","0","17","2","37","0","0","7","3","3"
"District 26  - Question","45","3","11","0","0","6","7","0","1","0","2","1","0","0","2","1","1","0","0","0","1","0","1","0","1","0","2","0","1","0","1","0","0","0","1","0","1","0","0","1","1","0","238","0","3","2","0","28","1","37","0","7","1","11","0","1","2","3","1"
"District 27 - Absentee","290","15","14","1","1","25","50","0","2","1","2","3","0","0","9","0","0","1","1","1","0","0","0","0","4","1","1","0","4","0","4","0","1","1","0","0","0","0","0","0","3","0","680","4","3","1","0","77","5","63","0","16","1","18","0","0","6","2","0"
"District 27 - Early Voting","413","9","21","0","5","29","67","2","7","2","5","1","4","0","5","3","0","1","3","1","1","0","2","0","7","1","3","0","5","0","2","0","0","0","1","0","3","0","2","1","3","0","1682","7","5","4","0","199","15","117","0","27","7","50","3","0","5","6","4"
"District 27  - Question","34","3","11","0","4","5","10","0","0","0","3","2","1","0","2","1","0","0","0","1","0","0","0","0","2","1","3","0","0","0","0","0","0","0","1","0","2","0","1","0","3","0","266","2","2","1","0","48","6","48","1","5","5","16","2","1","2","0","2"
"District 28 - Absentee","360","13","27","1","2","31","38","1","2","2","2","3","0","0","3","0","0","0","1","0","1","0","2","0","1","2","4","0","4","3","0","0","1","1","1","0","2","0","3","0","1","0","683","2","1","2","0","81","7","71","0","15","2","8","1","1","4","3","0"
"District 28 - Early Voting","498","23","45","0","4","42","72","0","6","0","7","4","1","0","10","0","0","0","2","2","2","0","3","0","9","1","2","0","9","4","0","0","0","2","1","0","1","0","2","1","2","0","1833","8","7","1","0","193","13","130","1","33","1","50","0","1","12","6","1"
"District 28  - Question","41","5","15","0","1","3","4","0","0","0","2","2","0","0","2","1","1","0","2","1","1","0","1","0","2","2","1","0","2","0","0","0","1","0","1","0","0","0","2","1","0","0","236","3","7","1","0","36","2","34","1","7","1","10","0","0","2","2","1"
"District 29 - Absentee","571","31","44","0","6","43","53","0","2","1","7","5","2","0","6","1","3","0","0","3","1","0","3","0","10","2","3","0","6","4","5","0","0","0","1","0","2","0","6","0","4","0","925","8","6","0","0","122","2","65","0","23","1","21","1","1","14","9","4"
"District 29 - Early Voting","467","25","31","0","5","36","47","0","5","0","5","6","0","0","9","2","0","0","1","2","1","0","3","0","6","0","3","0","8","3","0","0","0","0","1","0","4","0","3","1","2","0","1735","5","2","2","0","168","8","122","1","21","2","44","0","2","10","9","5"
"District 29  - Question","45","9","14","0","2","5","3","0","0","0","4","2","1","0","1","0","2","0","0","0","0","0","1","0","2","0","1","0","0","0","0","0","0","1","1","0","0","0","1","0","0","0","192","2","1","0","0","34","5","35","0","4","1","9","0","2","5","0","1"
"District 3 - Absentee","1411","51","62","0","7","83","116","0","4","1","10","1","4","0","8","4","3","0","1","2","1","0","1","0","6","4","5","0","7","8","2","0","0","1","3","0","3","0","4","0","1","0","659","8","7","0","0","76","10","44","0","9","2","31","1","0","8","14","2"
"District 3 - Early Voting","1688","77","63","0","7","85","104","0","10","2","14","9","3","0","13","3","2","0","1","3","2","0","0","0","6","4","5","0","5","6","1","0","1","2","1","0","0","0","6","1","1","0","1098","17","9","1","0","141","11","72","0","25","1","30","1","2","14","12","1"
"District 3  - Question","83","16","7","0","3","7","16","0","1","0","2","4","0","0","4","0","3","0","0","0","0","0","0","0","1","1","1","0","3","1","2","0","1","2","0","0","1","0","1","0","1","0","93","4","1","3","0","14","6","8","0","4","0","7","0","0","1","3","3"
"District 31 - Absentee","410","22","41","0","2","28","54","1","4","0","12","4","1","0","7","2","1","0","0","2","1","0","4","0","3","1","0","0","5","1","0","0","1","0","0","0","1","0","1","1","1","0","403","3","5","3","0","52","5","44","0","7","1","13","0","0","14","3","4"
"District 31 - Early Voting","685","34","75","1","13","44","94","1","6","3","12","9","2","0","11","1","1","0","0","2","0","0","2","0","2","2","2","0","5","4","0","0","0","0","2","0","2","0","1","0","1","0","671","13","20","3","0","80","7","88","0","10","1","23","1","1","10","8","14"
"District 31  - Question","70","10","15","0","0","9","12","0","1","0","5","7","1","0","1","1","0","0","0","0","0","0","0","0","1","0","0","0","0","0","0","0","0","0","1","0","0","0","1","0","0","0","114","6","8","1","0","19","5","23","0","4","2","5","0","0","2","1","3"
"District 32 - Absentee","307","13","19","0","5","18","46","0","3","1","6","1","0","0","2","0","0","0","0","0","1","0","0","0","2","1","0","0","1","4","0","0","3","1","2","0","1","0","1","2","2","0","400","5","2","0","0","42","4","62","1","15","1","29","0","0","5","4","3"
"District 32 - Early Voting","269","15","39","1","2","20","46","0","3","1","2","3","2","1","1","1","1","0","0","0","1","0","1","0","2","1","2","0","2","3","0","0","0","1","0","0","1","0","1","0","1","0","478","6","7","4","0","60","8","59","0","12","0","28","0","2","4","1","2"
"District 32  - Question","76","12","30","1","6","10","10","0","2","0","4","5","1","0","1","1","3","0","0","0","1","0","1","0","1","1","3","0","3","0","1","0","3","0","1","0","1","0","2","1","1","0","352","11","14","3","0","75","12","115","1","10","5","57","0","0","4","0","1"
"District 33 - Absentee","356","18","20","1","3","33","40","0","0","0","2","2","1","0","3","2","0","0","1","3","1","0","1","0","5","0","3","0","8","0","2","0","1","0","1","0","1","0","3","0","1","0","546","8","5","1","0","72","6","57","1","12","2","30","0","0","5","9","1"
"District 33 - Early Voting","289","17","41","0","6","26","50","0","1","0","2","2","2","0","7","1","2","0","2","1","1","0","1","0","6","0","6","0","1","0","0","0","0","0","0","0","1","0","3","1","2","0","920","5","5","0","0","114","10","101","2","18","2","33","0","2","4","4","2"
"District 33  - Question","29","3","11","0","2","3","8","0","2","0","2","2","0","0","2","0","0","0","0","0","1","0","1","0","0","0","2","0","1","0","0","0","0","0","2","0","0","1","0","0","0","0","155","1","4","1","0","17","3","35","0","2","0","8","0","0","0","4","3"
"District 34 - Absentee","585","21","24","0","1","46","65","1","4","0","6","2","3","0","5","2","1","0","1","0","4","0","5","1","3","3","1","0","4","5","2","0","1","3","2","0","1","0","4","2","0","0","564","5","6","2","0","56","3","62","0","9","1","28","0","0","16","5","3"
"District 34 - Early Voting","834","38","45","1","5","68","94","1","6","0","13","8","5","0","9","4","1","0","0","0","3","1","2","0","9","0","3","0","3","3","2","0","0","1","1","0","0","0","4","1","2","0","1023","3","5","3","0","133","5","122","1","26","4","35","1","0","7","4","6"
"District 34  - Question","96","11","17","0","5","12","17","0","1","1","8","4","3","0","5","0","1","0","1","0","0","0","1","0","4","1","3","0","0","0","1","0","0","0","0","0","1","0","2","0","0","0","295","1","7","2","0","67","10","72","0","11","0","15","0","1","4","3","0"
"District 35 - Absentee","655","27","35","0","2","32","72","0","3","0","6","4","2","0","7","3","0","0","1","0","3","0","0","0","0","0","4","0","6","2","2","0","0","0","4","0","2","0","1","0","3","0","401","5","1","1","0","51","4","38","0","6","1","21","0","1","5","6","4"
"District 35 - Early Voting","1118","49","67","2","8","113","131","1","5","0","14","5","6","0","6","1","3","0","1","1","3","0","2","1","9","3","2","0","5","5","2","0","1","1","0","0","1","0","4","1","1","0","792","10","6","4","0","115","6","69","0","23","4","38","2","1","8","16","4"
"District 35  - Question","73","5","11","0","1","5","16","0","3","0","0","1","3","0","5","0","1","0","0","1","0","0","1","0","0","0","0","0","2","1","0","0","0","1","0","0","2","0","0","1","0","0","116","4","2","1","0","28","3","26","1","2","0","8","0","0","1","1","0"
"District 38 - Absentee","232","12","31","0","5","17","31","0","1","0","1","3","1","0","4","0","1","0","4","1","1","0","0","0","1","3","3","0","3","1","1","0","0","0","0","0","0","0","0","0","1","0","107","3","8","2","0","15","5","18","0","7","0","5","0","0","4","1","3"
"District 38 - Early Voting","6","2","3","0","0","2","2","0","0","0","2","2","0","0","0","0","0","0","0","0","0","0","1","0","0","0","0","0","0","0","0","0","0","0","0","0","0","0","0","0","0","0","4","1","2","0","0","1","0","2","0","0","0","0","0","0","0","0","0"
"District 38  - Question","46","7","15","0","2","1","10","1","3","1","3","5","2","0","1","1","1","0","0","0","3","0","1","0","0","0","0","0","0","1","0","0","0","0","0","0","1","0","1","1","0","0","77","4","19","0","0","13","6","24","2","2","1","6","0","0","2","3","4"
"District 4 - Absentee","1030","35","36","0","6","51","89","0","2","1","6","7","1","0","4","4","2","1","1","1","1","0","0","0","2","3","0","0","2","2","3","0","2","1","1","0","2","0","0","2","1","0","273","5","2","1","0","37","3","15","0","4","0","12","0","0","8","8","1"
"District 4 - Early Voting","2201","82","89","0","9","109","149","2","11","3","18","11","6","0","13","6","5","0","6","3","2","0","6","0","7","1","1","0","5","10","2","0","0","3","4","1","2","0","4","0","3","0","798","12","16","2","0","101","10","62","0","20","3","19","0","0","15","16","8"
"District 4  - Question","123","9","19","0","1","14","21","0","2","0","1","5","1","0","2","5","2","0","1","0","3","0","1","0","1","2","0","0","2","0","1","0","0","1","2","0","0","0","1","2","0","0","115","7","8","0","0","22","5","22","0","3","0","10","0","2","5","3","3"
"District 40 - Absentee","175","7","16","0","0","9","17","0","1","0","1","2","2","0","8","0","0","0","1","0","3","0","0","0","2","3","0","0","0","1","0","0","0","1","0","0","0","0","0","0","0","0","124","4","5","3","0","23","1","19","0","3","1","8","0","0","4","3","2"
"District 40 - Early Voting","16","1","1","0","2","1","1","0","0","0","0","2","0","0","0","0","2","0","0","0","0","0","0","0","0","0","1","0","0","0","0","0","0","0","0","0","0","0","0","0","0","0","14","1","0","0","0","0","0","1","0","0","0","1","0","0","1","0","1"
"District 40  - Question","54","2","5","1","2","2","11","0","1","0","2","3","0","0","5","0","0","0","1","0","0","0","0","0","1","0","1","0","0","0","1","0","0","0","1","0","0","0","0","0","0","0","88","3","4","4","0","10","7","19","0","2","4","11","0","0","2","2","3"
"District 5 - Absentee","1170","44","74","1","8","74","99","0","7","1","9","13","2","1","7","7","2","0","0","3","3","0","1","0","20","4","3","0","11","3","4","0","3","3","2","0","3","0","8","2","5","0","1149","4","12","1","1","153","15","106","0","16","1","34","0","2","28","14","8"
"District 5 - Early Voting","18","1","1","0","0","1","4","0","1","0","1","0","0","0","0","0","0","0","0","0","0","0","0","0","0","0","0","0","0","0","0","0","0","0","0","0","0","0","0","0","0","0","29","0","0","0","0","0","1","2","0","0","0","2","0","0","0","1","0"
"District 5  - Question","48","7","11","0","2","5","15","0","0","0","3","5","0","0","4","1","0","0","0","0","0","0","0","0","3","0","0","0","1","1","0","0","0","1","0","0","0","0","0","0","0","0","165","2","7","1","0","34","3","31","0","3","0","8","0","0","1","2","3"
"District 6 - Absentee","973","40","40","1","7","62","84","1","1","0","4","4","0","0","7","2","2","0","2","2","4","0","2","0","7","1","5","0","4","4","3","0","0","0","2","0","1","0","1","1","1","0","897","6","6","0","0","93","3","49","1","14","0","15","0","0","21","15","1"
"District 6 - Early Voting","1481","64","53","1","13","110","100","1","3","0","6","1","2","0","20","7","1","0","2","2","4","0","1","0","9","5","3","0","7","5","2","0","0","5","2","0","2","0","7","2","0","0","1793","8","6","2","0","162","15","79","1","29","0","16","0","1","14","21","1"
"District 6  - Question","64","4","3","0","0","5","9","0","2","0","0","2","0","0","1","1","0","0","1","0","1","0","0","0","0","1","1","0","2","1","0","0","0","1","0","0","0","0","3","0","0","0","172","1","2","2","0","30","2","19","0","1","1","5","0","0","1","2","0"
"District 7 - Absentee","427","21","24","0","5","30","50","1","1","2","4","5","1","0","7","4","2","0","0","1","1","0","2","0","6","2","0","0","5","0","2","0","0","0","1","0","0","0","0","1","3","0","865","3","5","0","0","101","2","66","0","19","3","14","0","0","8","10","3"
"District 7 - Early Voting","713","36","42","1","7","52","88","0","7","0","11","8","0","0","13","4","2","0","2","4","3","0","1","0","6","2","3","0","7","2","0","0","0","2","2","0","1","0","8","0","3","0","2093","7","4","0","0","233","13","162","1","28","2","41","0","4","20","2","5"
"District 7  - Question","27","1","9","0","0","1","6","0","1","0","1","1","0","0","0","1","0","0","1","0","1","0","1","0","2","1","0","0","0","1","1","0","0","0","3","0","0","0","0","0","0","0","163","3","0","2","0","20","3","30","0","4","2","8","0","0","2","0","1"
"District 8 - Absentee","613","23","39","1","3","38","60","1","5","0","8","2","3","0","8","1","2","0","2","0","1","0","2","0","7","2","1","0","2","2","0","0","0","0","2","0","1","0","2","1","0","0","1171","6","3","0","0","89","7","94","1","10","1","30","0","1","16","7","2"
"District 8 - Early Voting","521","22","37","0","1","34","44","1","0","0","3","3","2","0","9","1","1","0","2","1","0","0","0","0","5","2","1","0","3","1","2","0","0","2","1","0","2","0","1","0","1","0","2000","4","3","4","0","223","8","123","1","28","2","56","0","2","11","7","3"
"District 8  - Question","15","0","1","0","1","3","1","0","0","1","1","1","1","0","1","0","0","0","0","1","0","0","0","0","1","0","0","0","1","0","0","0","0","0","0","0","0","0","1","0","0","0","117","2","1","3","0","16","2","16","0","3","1","5","0","0","1","0","0"
"District 9 - Absentee","1586","56","75","0","12","90","138","2","7","1","15","7","4","0","3","2","3","0","5","3","3","0","2","0","12","1","5","0","7","5","3","0","1","3","0","0","2","0","0","1","0","0","944","13","5","1","0","112","11","76","1","19","1","22","0","1","31","8","1"
"District 9 - Early Voting","838","30","36","0","6","50","67","0","4","0","6","1","1","0","2","1","1","0","2","0","1","0","2","0","2","4","0","0","0","0","3","0","1","1","0","0","2","0","2","1","2","0","872","5","3","1","0","87","4","65","2","18","0","25","0","0","8","5","1"
"District 9  - Question","61","10","11","0","0","8","7","0","1","0","2","0","0","0","1","2","0","0","1","0","1","0","0","0","1","1","1","0","1","1","1","0","1","0","1","0","0","0","0","0","0","0","84","1","1","1","0","20","5","15","0","4","0","8","0","0","1","0","0"
"HD99 Fed Overseas Absentee","273","4","12","0","1","6","42","0","3","0","0","0","0","0","1","1","0","0","1","1","0","0","2","0","0","0","0","0","0","0","0","0","0","0","0","0","0","0","0","0","0","0","40","0","0","0","0","2","0","6","0","0","0","3","0","0","0","3","0"
"House District 30 - Judicial District 3","915","37","67","0","3","66","79","1","6","2","14","4","3","0","15","5","3","0","1","1","0","0","2","0","13","2","8","0","6","4","1","0","0","1","4","0","2","0","8","1","2","0","2495","4","10","2","0","230","7","190","2","52","3","57","1","1","28","10","12"
"House District 30 - Judicial District 4","218","13","17","0","2","15","17","0","1","0","1","0","0","0","0","3","1","0","0","0","0","0","2","0","1","1","0","0","1","1","1","0","0","0","0","0","0","0","0","1","0","0","198","0","1","1","0","21","1","16","0","4","0","3","0","0","1","0","2"
"House District 36 - Judicial District 3","200","15","18","0","1","15","13","0","0","0","1","2","1","0","7","1","2","0","2","1","1","0","0","0","1","0","0","0","0","3","1","0","0","3","2","0","0","0","1","0","1","0","323","0","3","0","0","48","2","23","0","7","0","9","0","0","7","6","1"
"House District 36 - Judicial District 4","859","44","79","2","10","56","87","0","7","3","9","11","1","0","13","3","2","0","3","2","5","0","3","1","7","1","9","0","7","2","1","0","2","2","2","0","3","0","1","0","1","0","1148","9","18","3","0","126","10","106","0","31","3","33","1","4","18","9","8"
"House District 37 - Judicial District 3","397","20","49","0","5","24","41","1","5","0","10","11","2","0","8","2","5","0","1","1","2","0","1","0","1","1","0","0","0","3","1","0","2","0","3","0","0","0","1","0","0","0","461","7","16","2","0","56","7","57","1","4","0","14","0","3","6","2","8"
"House District 37 - Judicial District 4","66","4","15","0","1","1","10","0","0","1","2","1","0","0","1","0","0","0","0","0","0","0","0","0","1","0","0","0","1","1","0","0","0","0","0","0","0","1","0","0","0","0","66","2","1","0","0","6","2","11","0","0","0","1","0","0","1","2","1"
"House District 39 - Judicial District 2","287","15","39","0","8","18","38","1","5","4","4","2","1","0","5","1","1","1","0","0","2","0","2","0","2","2","1","0","1","2","0","0","0","0","0","0","1","0","0","0","0","0","208","1","7","3","0","30","6","39","1","5","2","14","0","0","7","4","6"
"House District 39 - Judicial District 4","25","4","9","0","2","1","4","0","0","0","3","4","0","0","5","0","0","0","0","0","1","0","0","0","0","0","0","0","0","0","0","0","0","0","1","0","0","0","0","0","0","0","34","2","6","0","0","6","5","10","0","1","2","3","0","1","0","0","3"
"Total","102115","5418","8922","76","1310","7164","11830","76","896","212","1816","1422","557","19","1754","512","405","7","372","243","376","9","423","28","1059","419","553","3","939","501","275","3","162","227","385","4","318","11","459","173","250","1","139499","1699","2037","589","20","16699","1711","13926","97","2844","461","5098","59","244","1888","1345","858"
