"1","Begich","Begich","Begich","Begich","Begich","Begich","Begich","Begich","Begich","Begich","Begich","Begich","Begich","Begich","Begich","Begich","Begich","Begich","Begich","Begich","Begich","Begich","Begich","Begich","Begich","Begich","Begich","Begich","Begich","Begich","Begich","Begich","Begich","Begich","Begich","Begich","Begich","Begich","Begich","Begich","Begich","Begich","Begich","Begich","Begich","Begich","Begich","Begich","Begich","Begich","Hafner","Hafner","Hafner","Hafner","Hafner","Hafner","Hafner","Hafner","Hafner","Hafner","Hafner","Hafner","Hafner","Hafner","Hafner","Hafner","Hafner","Hafner","Hafner","Hafner","Hafner","Hafner","Hafner","Hafner","Hafner","Hafner","Hafner","Hafner","Hafner","Hafner","Hafner","Hafner","Hafner","Hafner","Hafner","Hafner","Hafner","Hafner","Hafner","Hafner","Hafner","Hafner","Hafner","Howe","Howe","Howe","Howe","Howe","Howe","Howe","Howe","Howe","Howe","Howe","Howe","Howe","Howe","Howe","Howe","Howe","Howe","Howe","Howe","Howe","Howe","Howe","Howe","Howe","Howe","Howe","Howe","Howe","Howe","Howe","Howe","Howe","Howe","Howe","Howe","Howe","Howe","Howe","Howe","Howe","Howe","Howe","Howe","Howe","Howe","Howe","Peltola","Peltola","Peltola","Peltola","Peltola","Peltola","Peltola","Peltola","Peltola","Peltola","Peltola","Peltola","Peltola","Peltola","Peltola","Peltola","Peltola","Peltola","Peltola","Peltola","Peltola","Peltola","Peltola","Peltola","Peltola","Peltola","Peltola","Peltola","Peltola","Peltola","Peltola","Peltola","Peltola","Peltola","Peltola","Peltola","Peltola","Peltola","Peltola","Peltola","Peltola","Peltola","Peltola","Peltola","Peltola","Peltola","Peltola","Peltola","Peltola","Peltola","Peltola","Peltola","Write-in","Write-in","Write-in","Write-in","Write-in","Write-in","Write-in","Write-in","Write-in","Write-in","Write-in","Write-in","Write-in","Write-in","Write-in","Write-in","Write-in","Write-in","Write-in","Write-in","Write-in","Write-in","Write-in","Write-in","Write-in","Write-in","Write-in","Write-in","Write-in","Write-in","Write-in","Write-in","Write-in","Write-in","Write-in","Write-in","Write-in","Write-in","Write-in","Write-in","Write-in","Write-in","Write-in","Write-in","Blank","Overvote"
"2","","Hafner","Hafner","Hafner","Hafner","Hafner","Hafner","Hafner","Hafner","Hafner","Hafner","Hafner","Hafner","Howe","Howe","Howe","Howe","Howe","Howe","Howe","Howe","Howe","Howe","Howe","Howe","Howe","Howe","Overvote","Peltola","Peltola","Peltola","Peltola","Peltola","Peltola","Peltola","Peltola","Peltola","Peltola","Peltola","Peltola","Write-in","Write-in","Write-in","Write-in","Write-in","Write-in","Write-in","Write-in","Write-in","Write-in","","Begich","Begich","Begich","Begich","Begich","Begich","Begich","Begich","Begich","Howe","Howe","Howe","Howe","Howe","Howe","Howe","Howe","Howe","Howe","Howe","Howe","Overvote","Peltola","Peltola","Peltola","Peltola","Peltola","Peltola","Peltola","Peltola","Peltola","Peltola","Peltola","Peltola","Write-in","Write-in","Write-in","Write-in","Write-in","Write-in","Write-in","Write-in","","Begich","Begich","Begich","Begich","Begich","Begich","Begich","Begich","Begich","Begich","Begich","Begich","Begich","Hafner","Hafner","Hafner","Hafner","Hafner","Hafner","Hafner","Hafner","Hafner","Hafner","Hafner","Hafner","Overvote","Peltola","Peltola","Peltola","Peltola","Peltola","Peltola","Peltola","Peltola","Peltola","Peltola","Write-in","Write-in","Write-in","Write-in","Write-in","Write-in","Write-in","Write-in","Write-in","Write-in","","Begich","Begich","Begich","Begich","Begich","Begich","Begich","Begich","Begich","Begich","Begich","Begich","Begich","Hafner","Hafner","Hafner","Hafner","Hafner","Hafner","Hafner","Hafner","Hafner","Hafner","Hafner","Hafner","Howe","Howe","Howe","Howe","Howe","Howe","Howe","Howe","Howe","Howe","Howe","Howe","Howe","Overvote","Write-in","Write-in","Write-in","Write-in","Write-in","Write-in","Write-in","Write-in","Write-in","Write-in","Write-in","Write-in","","Begich","Begich","Begich","Begich","Begich","Begich","Begich","Begich","Begich","Begich","Hafner","Hafner","Hafner","Hafner","Hafner","Hafner","Hafner","Hafner","Hafner","Hafner","Hafner","Howe","Howe","Howe","Howe","Howe","Howe","Howe","Howe","Howe","Howe","Howe","Overvote","Peltola","Peltola","Peltola","Peltola","Peltola","Peltola","Peltola","Peltola","Peltola","Peltola","",""
"3","","","Howe","Howe","Howe","Howe","Overvote","Peltola","Peltola","Peltola","Write-in","Write-in","Write-in","","Hafner","Hafner","Hafner","Hafner","Overvote","Peltola","Peltola","Peltola","Peltola","Write-in","Write-in","Write-in","Write-in","","","Hafner","Hafner","Hafner","Hafner","Howe","Howe","Howe","Overvote","Write-in","Write-in","Write-in","","Hafner","Hafner","Hafner","Howe","Howe","Howe","Peltola","Peltola","Peltola","","","Howe","Howe","Howe","Overvote","Peltola","Peltola","Peltola","Write-in","","Begich","Begich","Begich","Begich","Overvote","Peltola","Peltola","Peltola","Write-in","Write-in","Write-in","","","Begich","Begich","Begich","Howe","Howe","Howe","Howe","Overvote","Write-in","Write-in","Write-in","","Begich","Begich","Howe","Howe","Howe","Peltola","Peltola","","","Hafner","Hafner","Hafner","Hafner","Overvote","Peltola","Peltola","Peltola","Peltola","Write-in","Write-in","Write-in","","Begich","Begich","Begich","Overvote","Peltola","Peltola","Peltola","Peltola","Write-in","Write-in","Write-in","","","Begich","Begich","Begich","Hafner","Hafner","Hafner","Overvote","Write-in","Write-in","","Begich","Begich","Begich","Begich","Hafner","Hafner","Peltola","Peltola","Peltola","","","Hafner","Hafner","Hafner","Hafner","Howe","Howe","Howe","Howe","Overvote","Write-in","Write-in","Write-in","","Begich","Begich","Begich","Howe","Howe","Howe","Howe","Overvote","Write-in","Write-in","Write-in","","Begich","Begich","Begich","Begich","Hafner","Hafner","Hafner","Hafner","Overvote","Write-in","Write-in","Write-in","","","Begich","Begich","Begich","Hafner","Hafner","Hafner","Howe","Howe","Howe","Howe","Overvote","","","Hafner","Hafner","Hafner","Howe","Howe","Howe","Peltola","Peltola","Peltola","","Begich","Begich","Begich","Howe","Howe","Howe","Howe","Peltola","Peltola","Peltola","","Begich","Begich","Begich","Hafner","Hafner","Hafner","Overvote","Peltola","Peltola","Peltola","","","Begich","Begich","Begich","Hafner","Hafner","Hafner","Howe","Howe","Howe","",""
"4","","","","Overvote","Peltola","Write-in","","","Howe","Write-in","","Howe","Peltola","","","Overvote","Peltola","Write-in","","","Hafner","Overvote","Write-in","","Hafner","Overvote","Peltola","","","","Howe","Overvote","Write-in","","Hafner","Write-in","","","Hafner","Howe","","","Howe","Peltola","","Hafner","Peltola","","Hafner","Howe","","","","Peltola","Write-in","","","Howe","Overvote","Peltola","","","Overvote","Peltola","Write-in","","","Begich","Write-in","","Begich","Peltola","","","","Howe","Write-in","","Begich","Overvote","Write-in","","","Begich","Howe","","Howe","Peltola","Begich","Overvote","Peltola","","Howe","","","","Overvote","Peltola","Write-in","","","Hafner","Overvote","Write-in","","Hafner","Peltola","","","Peltola","Write-in","","","Begich","Overvote","Write-in","","Begich","Peltola","","","","Hafner","Write-in","","Begich","Write-in","","","Hafner","","","Hafner","Overvote","Peltola","Begich","Peltola","","Begich","Hafner","","","","Howe","Overvote","Write-in","","Hafner","Overvote","Write-in","","","Hafner","Howe","","","Howe","Write-in","","Begich","Overvote","Write-in","","","Begich","Howe","","","Hafner","Overvote","Write-in","","Begich","Overvote","Write-in","","","Begich","Hafner","","","","Hafner","Howe","","Begich","Howe","","Begich","Hafner","Overvote","","","","","Howe","Peltola","","Hafner","Peltola","","Hafner","Howe","","","Howe","Peltola","","Begich","Overvote","Peltola","","Begich","Howe","","","Hafner","Peltola","","Begich","Peltola","","","Begich","Hafner","","","","Hafner","Howe","","Begich","Howe","","Begich","Hafner","",""
"01-600 Ketchikan No. 1","158","1","2","0","5","0","0","0","0","0","0","0","0","15","3","0","10","0","0","1","2","0","0","0","0","0","0","0","4","0","3","0","0","0","3","0","0","0","0","0","0","0","1","0","0","0","0","0","0","0","2","1","0","0","0","0","0","0","0","0","0","0","0","0","0","0","1","0","0","0","0","0","0","2","0","0","0","0","1","0","0","0","0","0","0","0","0","0","0","0","0","0","0","13","7","1","0","1","0","0","0","1","0","0","0","0","0","0","1","3","0","0","0","1","0","0","0","0","0","0","2","1","0","0","0","1","0","0","0","0","0","0","0","0","0","0","1","0","0","0","176","12","0","3","0","0","2","3","0","1","1","0","0","0","23","3","2","0","12","26","0","2","0","0","0","0","9","2","2","0","0","7","18","0","0","0","0","0","1","0","0","0","0","0","0","0","0","0","0","0","0","0","2","0","0","0","0","0","0","0","0","0","0","0","0","0","0","0","0","0","0","0","0","0","0","0","0","0","0","0","0","0","0","0","0","0","0","0","0","0","0","0","0","0","0","0","5","1"
"01-610 Ketchikan No. 2","292","3","4","0","7","0","0","0","0","0","0","0","0","23","1","0","8","0","0","1","6","0","0","0","0","0","0","0","6","0","5","0","0","2","4","0","0","0","0","0","1","0","0","0","0","0","0","0","0","0","3","0","0","0","0","0","0","0","0","0","0","0","0","0","0","0","0","0","0","0","0","0","1","1","0","0","0","1","0","0","0","0","0","0","0","0","0","0","0","0","0","0","0","22","14","0","0","4","0","0","0","0","0","0","0","0","0","0","0","1","0","0","0","1","0","0","0","0","0","0","1","0","0","0","1","2","0","0","0","0","0","0","0","0","0","0","0","0","0","0","258","16","2","5","0","0","0","3","0","0","0","0","0","0","39","3","4","0","19","21","0","1","0","1","0","0","9","2","2","0","0","5","13","0","1","0","0","0","0","0","1","0","0","0","0","0","1","0","0","0","0","0","2","0","0","0","0","0","0","0","0","0","0","0","0","0","0","0","0","0","0","0","0","0","0","0","0","0","0","0","0","0","0","0","0","0","0","0","0","0","0","0","0","0","0","1","21","1"
"01-620 Ketchikan No. 3","264","2","1","0","0","0","0","0","0","0","0","0","0","17","1","0","2","1","0","0","0","0","0","0","0","0","0","0","11","0","2","0","0","1","1","0","0","0","0","0","0","0","0","0","0","0","0","0","0","0","3","0","0","0","0","0","0","0","0","0","1","0","0","0","0","0","0","0","0","0","0","0","0","1","0","1","0","0","1","0","0","0","0","0","0","0","0","0","0","0","0","0","0","28","3","1","0","0","0","0","0","3","0","0","0","0","0","1","0","0","0","0","0","0","0","0","0","0","0","0","2","0","0","0","0","0","0","0","0","0","0","0","0","0","0","0","0","0","0","0","138","13","0","1","0","0","0","1","0","0","0","0","0","0","14","0","1","0","5","7","0","0","0","0","0","0","4","2","1","0","0","4","9","0","0","0","0","0","0","0","0","0","0","0","0","0","0","0","0","0","0","0","2","0","0","0","0","0","0","0","0","0","0","0","0","0","0","0","0","0","0","0","0","0","0","0","0","0","0","0","0","0","0","0","1","0","0","0","0","0","0","0","0","0","0","0","9","1"
"01-640 North Tongass No. 1","220","4","2","0","4","0","0","1","0","0","0","0","0","12","3","0","2","0","0","1","2","0","0","0","1","0","0","0","4","0","0","0","0","1","1","0","0","0","0","0","0","0","0","0","0","0","0","0","0","0","3","0","0","0","0","0","0","0","0","0","0","0","0","0","0","0","0","0","0","0","0","0","0","0","0","0","0","0","0","0","0","0","0","0","0","0","0","0","0","0","0","0","0","13","2","0","0","1","0","0","0","0","0","0","0","0","0","0","0","0","0","0","0","1","0","0","0","0","0","0","0","0","0","0","0","0","0","0","0","0","0","0","0","0","0","0","0","0","0","0","79","6","0","3","0","0","1","1","0","0","0","0","0","0","8","0","1","0","7","4","0","1","0","0","0","1","3","0","0","0","0","4","9","0","0","0","0","0","0","0","0","0","0","0","1","0","0","0","0","0","0","0","0","0","0","0","0","0","0","0","0","0","0","0","0","0","0","0","0","0","0","0","0","0","0","0","0","0","0","0","0","0","0","0","0","0","0","0","0","0","0","0","0","0","0","0","6","0"
"01-650 North Tongass No. 2","376","4","2","0","7","0","0","0","1","0","0","0","0","34","4","0","12","0","0","1","3","0","0","1","1","0","0","0","12","0","1","0","0","1","4","0","0","0","0","0","3","0","0","0","0","1","0","0","0","0","2","0","0","0","0","0","0","0","0","1","0","0","0","0","0","0","0","0","0","0","0","0","0","0","0","0","0","0","0","0","0","0","0","0","0","0","0","0","0","0","0","0","0","16","4","0","0","2","0","0","1","0","0","0","0","0","0","0","0","0","0","0","0","0","0","0","0","0","0","0","3","0","0","0","1","1","0","0","0","0","0","0","0","0","0","0","0","0","0","0","140","6","0","2","0","0","2","3","0","0","0","0","0","0","20","0","4","0","10","17","0","1","0","0","0","0","6","1","0","0","0","3","10","0","0","0","1","0","0","0","2","0","0","0","0","0","0","0","0","0","0","0","1","0","0","0","0","0","0","0","0","0","0","0","0","0","0","0","0","0","0","0","0","0","0","0","0","0","0","0","0","0","0","0","0","0","0","0","0","0","0","0","0","0","0","0","11","1"
"01-660 Saxman","23","0","0","0","0","0","0","0","0","0","0","0","0","1","0","0","2","0","1","0","0","0","0","1","0","0","0","0","1","0","0","0","0","0","1","0","0","0","0","0","0","0","0","0","0","0","0","0","0","0","2","0","0","0","0","0","0","0","0","0","0","0","0","0","0","0","0","0","0","0","0","0","0","0","0","0","0","0","1","0","0","0","0","0","0","0","0","0","0","0","0","0","0","3","0","0","0","0","0","0","0","0","0","0","0","0","0","2","0","0","0","0","0","0","0","0","0","0","0","0","0","0","0","0","0","0","0","0","0","0","0","0","0","0","0","0","0","0","0","0","48","0","2","1","0","0","0","1","0","0","0","0","0","0","3","0","1","0","0","4","0","0","0","0","0","1","1","0","2","0","0","1","9","0","0","0","0","0","0","0","0","0","0","0","0","0","0","0","0","0","0","0","1","0","0","0","0","0","0","0","0","0","0","0","0","0","0","0","0","0","0","0","0","0","0","0","0","0","0","0","0","0","0","0","0","0","0","0","0","0","0","0","0","0","0","0","1","0"
"01-670 South Tongass","274","2","1","0","7","0","0","1","0","0","0","0","0","29","4","0","8","1","0","3","8","0","0","0","1","0","0","0","7","0","3","0","0","2","2","0","0","0","0","0","0","0","0","0","0","0","0","0","0","0","2","0","0","0","0","0","0","0","0","0","0","0","0","0","0","0","0","0","0","0","0","0","0","1","0","0","0","0","0","0","0","0","0","0","0","0","0","0","0","0","0","0","0","11","6","0","0","0","0","0","0","0","0","0","0","0","0","0","0","0","0","0","0","1","0","0","0","0","0","0","2","1","1","0","0","0","0","0","0","0","0","0","0","0","0","0","0","0","0","0","145","13","1","2","0","0","0","2","0","0","0","0","0","0","22","3","0","0","15","11","0","0","0","1","0","0","12","4","3","0","0","2","11","0","0","0","0","0","0","0","0","0","0","0","0","0","0","0","0","0","0","0","0","0","0","0","0","0","0","0","0","0","0","0","0","0","0","0","0","0","1","0","0","0","0","0","0","0","0","0","0","0","0","0","0","0","0","0","0","0","0","0","0","0","0","0","2","1"
"01-675 Coffman Cove","59","0","0","0","1","0","0","0","0","0","0","0","0","3","0","0","1","0","0","0","0","0","0","0","0","0","0","0","0","0","0","0","0","0","0","0","0","0","0","0","0","0","0","0","0","0","0","0","0","0","1","0","0","0","0","0","0","0","0","0","0","0","0","0","0","0","0","0","0","0","0","0","0","0","0","0","0","0","0","0","0","0","0","0","0","0","0","0","0","0","0","0","0","8","1","0","0","0","0","0","0","0","0","0","0","0","0","0","0","0","0","0","0","0","0","0","0","0","0","0","0","0","0","0","0","0","0","0","0","0","0","0","0","0","0","0","0","0","0","0","22","1","0","0","0","0","0","1","0","0","0","0","0","0","0","0","1","0","1","0","0","0","0","0","0","0","0","0","0","0","0","1","0","0","0","0","0","0","0","0","0","0","0","0","0","0","0","0","0","0","0","0","1","0","0","0","0","0","0","0","0","0","0","0","0","0","0","0","0","0","0","0","0","0","0","0","0","0","0","0","0","0","0","0","0","0","0","0","0","0","0","0","0","0","0","0","8","0"
"01-680 Metlakatla","101","0","0","0","6","0","0","0","1","0","0","0","0","6","2","0","6","0","0","0","1","0","0","0","0","0","0","0","5","1","1","0","0","1","4","0","0","0","0","0","0","0","0","0","0","0","0","0","0","0","3","0","0","0","0","0","0","0","0","0","1","1","0","0","0","0","0","1","0","0","0","0","0","0","0","0","0","0","4","0","0","0","0","0","0","0","0","0","0","0","0","0","0","12","1","0","0","0","0","0","1","1","0","0","0","0","0","1","0","1","0","0","0","2","0","0","0","0","0","0","1","1","0","0","0","3","0","0","0","0","0","0","0","0","0","0","0","0","0","0","193","11","0","2","0","0","1","6","0","0","0","0","0","0","9","1","1","0","5","12","0","1","0","0","0","0","6","0","4","0","0","4","17","0","2","0","0","0","0","0","0","0","0","0","0","0","1","0","0","0","0","0","0","0","0","0","0","0","0","0","0","0","0","0","0","0","0","0","0","0","0","0","0","0","0","0","0","0","0","0","0","0","0","0","0","0","0","0","0","0","0","0","0","0","0","0","11","1"
"01-690 Wrangell","302","2","1","0","4","0","0","0","0","0","0","0","0","35","3","0","15","0","1","2","5","0","0","1","0","0","0","0","7","0","2","0","0","0","3","0","0","0","0","0","0","0","0","0","0","0","0","0","0","0","2","0","0","0","0","0","0","0","0","0","0","0","0","0","0","0","0","0","0","0","0","0","0","0","0","0","0","0","0","0","0","0","0","0","0","0","0","0","0","0","0","0","0","21","8","1","0","5","0","0","1","1","0","0","0","0","0","1","0","2","0","0","0","0","0","0","0","0","0","0","0","2","0","0","0","0","0","0","0","0","0","0","0","0","0","0","0","0","0","0","135","9","0","2","0","0","1","2","0","0","0","0","0","0","22","0","4","0","4","21","0","1","0","0","0","1","7","3","2","0","0","8","10","0","0","1","0","0","0","0","0","0","0","0","0","0","0","0","0","0","0","0","0","0","0","0","0","0","0","0","0","0","0","0","0","0","0","0","0","0","0","0","0","0","0","0","0","0","0","0","0","0","0","0","0","0","0","0","0","0","0","0","0","0","0","0","15","2"
"02-700 Angoon","18","1","0","0","0","0","0","0","0","0","0","0","0","0","0","0","0","0","0","0","0","0","0","0","0","0","0","0","0","0","0","0","0","0","0","0","0","0","0","0","0","0","0","0","0","0","0","0","0","0","1","0","0","0","0","0","0","0","0","0","0","0","0","0","0","0","0","1","0","0","0","0","0","1","0","0","0","0","0","0","0","0","0","0","0","0","0","0","0","0","0","0","0","5","1","0","0","0","0","0","0","0","0","0","0","0","0","0","0","0","0","0","0","0","0","0","0","0","0","0","0","2","0","0","0","1","0","0","0","0","0","0","0","0","0","0","0","0","0","0","62","0","0","0","0","0","1","2","0","0","0","0","0","0","1","0","0","0","3","7","0","0","0","0","0","0","2","0","0","0","0","0","3","0","0","0","0","0","0","0","0","0","0","0","0","0","0","0","0","0","0","0","0","0","0","0","0","0","0","0","0","0","0","0","0","0","0","0","0","0","0","0","0","0","0","0","0","0","0","0","0","0","0","0","0","0","0","0","0","0","0","0","0","0","0","0","1","0"
"02-705 Craig","174","0","0","0","1","0","0","0","0","0","0","0","0","12","1","0","9","0","1","1","2","0","0","0","0","0","0","0","4","0","0","0","0","0","2","0","0","0","0","0","0","0","0","0","0","0","0","0","0","0","3","0","0","0","0","0","0","0","0","0","0","0","1","0","0","0","0","1","0","0","0","0","1","2","0","0","0","0","1","0","0","0","0","0","0","0","0","0","0","0","0","0","0","14","1","0","0","1","0","0","1","1","0","0","0","0","0","0","0","0","0","0","1","1","0","0","0","0","0","0","0","2","0","0","1","1","0","0","0","0","0","0","0","0","0","0","0","0","0","0","84","3","1","1","0","0","0","0","0","0","0","0","0","0","5","0","0","0","7","16","0","0","0","0","0","0","2","1","0","0","0","4","5","0","0","0","0","0","0","0","0","0","0","0","0","0","0","0","0","1","0","0","2","0","0","0","0","0","0","0","0","0","0","0","0","0","0","0","0","0","0","0","0","0","0","0","0","0","0","0","0","0","0","0","0","0","0","0","0","0","0","0","0","0","0","0","22","2"
"02-720 Hoonah","80","0","0","0","3","0","0","0","0","0","0","0","0","4","1","0","0","0","1","0","1","0","0","0","0","0","0","0","2","0","0","0","0","1","3","0","0","0","0","0","0","0","0","0","0","0","0","0","0","0","1","0","0","0","0","0","0","0","0","0","0","0","0","1","0","0","1","1","0","0","0","0","0","0","0","0","0","0","0","0","0","0","0","0","0","0","0","0","0","0","0","0","0","6","2","0","0","1","0","0","0","0","0","0","0","0","0","1","0","0","0","0","1","1","0","0","0","0","0","0","0","0","0","0","0","3","0","0","0","0","0","0","0","0","0","0","0","0","0","0","98","1","0","2","0","0","1","2","0","0","0","0","0","0","5","0","0","0","6","9","0","1","0","0","0","0","4","0","1","0","0","3","6","0","0","0","0","0","0","0","0","0","0","0","0","0","0","0","0","0","0","0","0","0","0","0","0","0","0","0","0","0","0","0","0","0","0","0","0","0","0","0","0","0","0","0","0","0","0","0","0","0","0","0","0","0","0","0","0","0","0","0","0","0","0","0","9","1"
"02-725 Hydaburg","9","0","0","0","0","0","0","0","0","0","0","0","0","1","0","0","0","0","0","0","0","0","0","0","0","0","0","0","1","0","0","0","0","0","0","1","0","0","0","0","0","0","0","0","0","0","0","0","0","0","3","0","0","0","0","0","0","0","0","0","0","0","0","0","0","0","0","0","0","0","0","0","0","0","0","0","0","0","0","0","0","0","0","0","0","0","0","0","0","0","0","0","0","0","0","1","0","0","0","0","0","0","0","0","0","0","0","0","0","0","0","0","0","1","0","0","0","0","0","0","0","0","0","0","0","3","0","0","0","0","0","0","0","0","0","0","0","0","0","0","61","0","0","0","0","0","0","1","0","0","0","0","0","0","3","0","0","0","1","4","0","0","0","0","0","0","1","0","0","0","0","2","1","0","1","0","0","0","0","0","0","0","0","0","0","0","0","0","0","0","0","0","0","0","0","0","0","0","0","0","0","0","0","0","0","0","0","0","0","0","0","0","0","0","0","0","0","0","0","0","0","0","0","0","0","0","0","0","0","0","0","0","0","0","0","0","3","0"
"02-730 Kake","34","0","1","0","2","0","0","0","0","0","0","0","0","2","2","0","3","0","0","0","0","0","0","0","0","0","0","0","1","0","1","0","0","0","2","0","0","0","0","0","0","0","0","0","0","0","0","0","0","0","3","0","0","0","0","0","0","0","0","0","0","0","0","0","0","0","0","1","0","0","0","0","0","0","1","1","0","0","0","0","0","0","0","0","1","0","0","0","0","0","0","0","0","3","0","0","0","0","0","0","0","1","0","0","0","0","0","0","0","0","0","0","0","1","0","1","0","0","0","0","0","0","1","0","0","2","0","0","0","0","0","0","0","0","0","0","0","0","0","0","79","2","0","1","0","0","0","2","0","0","0","0","0","0","2","0","1","0","5","7","0","2","0","0","0","0","1","1","2","0","0","1","4","0","1","0","0","0","0","0","0","0","0","0","0","0","0","0","0","0","0","0","0","0","0","0","0","0","0","0","0","0","0","0","0","0","0","0","0","0","0","0","0","0","0","0","0","0","0","0","0","0","0","0","0","0","0","0","0","0","0","0","0","0","0","0","6","0"
"02-735 Kasaan","10","0","0","0","0","0","0","0","0","0","0","0","0","0","0","0","0","0","0","0","0","0","0","0","0","0","0","0","0","0","0","0","0","0","0","0","0","0","0","0","0","0","0","0","0","0","0","0","0","0","0","0","0","0","0","0","0","0","0","0","0","0","0","0","0","0","0","0","0","0","0","0","0","0","0","0","0","0","0","0","0","0","0","0","0","0","0","0","0","0","0","0","0","2","1","0","0","0","0","0","0","0","0","0","0","0","0","0","0","0","0","0","0","1","0","0","0","0","0","0","0","0","0","0","0","0","0","0","0","0","0","0","0","0","0","0","0","0","0","0","8","0","0","0","0","0","0","0","0","0","0","0","0","0","0","0","0","0","0","1","0","0","0","0","0","0","0","0","0","0","0","0","1","0","0","0","0","0","0","0","0","0","0","0","0","0","0","0","0","0","0","0","0","0","0","0","0","0","0","0","0","0","0","0","0","0","0","0","0","0","0","0","0","0","0","0","0","0","0","0","0","0","0","0","0","0","0","0","0","0","0","0","0","0","0","0","1","0"
"02-740 Klawock","123","1","0","0","0","0","0","0","0","0","0","0","0","14","3","0","4","0","0","1","1","0","0","0","1","0","0","0","3","0","0","0","0","0","3","0","0","0","0","0","0","0","0","0","0","0","0","0","0","0","3","0","1","2","0","0","0","0","0","0","0","0","0","1","0","0","0","2","0","0","0","0","0","0","0","0","0","0","0","0","0","0","0","0","0","0","0","0","0","0","0","0","0","12","2","0","0","2","0","0","0","1","0","0","0","0","0","0","0","1","0","0","1","0","0","0","0","0","0","0","2","1","1","0","0","0","0","0","0","0","0","0","0","0","0","0","0","0","0","0","95","5","0","2","0","0","0","1","0","0","0","0","0","0","10","1","0","0","6","10","0","0","0","0","0","0","1","1","1","0","0","2","6","0","1","0","0","0","0","0","0","0","0","0","0","0","0","0","0","0","0","0","0","0","0","0","0","0","0","0","0","0","0","0","0","0","0","0","0","0","1","0","0","0","0","0","0","0","0","0","0","0","0","0","0","0","0","0","0","0","0","0","0","0","0","0","14","2"
"02-750 Pelican-Elfin Cove","15","0","0","0","0","0","0","0","0","0","0","0","0","0","0","0","0","0","0","0","0","0","0","0","0","0","0","0","1","0","0","0","0","0","0","0","0","0","0","0","0","0","0","0","0","0","0","0","0","0","0","0","0","0","0","0","0","0","0","0","0","0","0","0","0","0","0","0","0","0","0","0","0","0","0","0","0","0","0","0","0","0","0","0","0","0","0","0","0","0","0","0","0","0","0","0","0","0","0","0","0","0","0","0","0","0","0","0","0","0","0","0","0","0","0","0","0","0","0","0","0","0","0","0","0","0","0","0","0","0","0","0","0","0","0","0","0","0","0","0","10","1","1","0","0","0","0","1","0","0","0","0","0","0","2","0","0","0","1","0","0","0","0","0","0","0","2","0","1","0","0","1","0","0","0","0","0","0","0","0","0","0","0","0","0","0","0","0","0","0","0","0","0","0","0","0","0","0","0","0","0","0","0","0","0","0","0","0","0","0","0","0","0","0","0","0","0","0","0","0","0","0","0","0","0","0","0","0","0","0","0","0","0","0","0","0","4","0"
"02-755 Petersburg-Kupreanof","306","1","0","0","7","0","0","1","1","0","0","0","0","38","3","0","14","0","0","3","10","0","0","0","0","0","0","0","10","0","1","0","0","3","5","0","0","0","0","0","0","0","0","0","0","0","0","0","0","0","4","0","0","0","0","0","1","0","0","0","0","0","0","0","0","0","0","0","0","0","0","0","0","0","0","1","0","0","0","0","0","0","0","0","0","0","0","0","0","0","0","0","0","25","7","0","0","3","0","0","1","4","0","0","0","0","0","0","1","0","0","0","1","2","0","0","0","0","0","0","4","0","0","0","1","1","0","0","0","0","0","0","0","0","0","0","0","0","0","0","216","13","2","4","0","0","2","7","0","0","0","0","0","0","41","2","1","0","9","12","0","1","0","0","0","0","10","0","5","0","0","6","10","0","0","0","0","0","1","0","2","0","0","0","0","0","0","0","0","0","0","0","0","1","0","0","0","0","1","0","0","0","0","0","0","0","0","0","0","0","0","0","0","0","0","0","0","0","0","0","0","0","0","0","0","0","0","0","0","0","0","0","0","0","0","0","37","1"
"02-760 Port Alexander","3","0","0","0","0","0","0","0","0","0","0","0","0","0","0","0","0","0","0","0","0","0","0","0","0","0","0","0","0","0","0","0","0","0","0","0","0","0","0","0","0","0","0","0","0","0","0","0","0","0","0","0","0","0","0","0","0","0","0","0","0","0","0","0","0","0","0","0","0","0","0","0","0","1","0","0","0","0","0","0","0","0","0","0","0","0","0","0","0","0","0","0","0","0","0","0","0","0","0","0","0","0","0","0","0","0","0","0","0","0","0","0","0","0","0","0","0","0","0","0","0","0","0","0","0","0","0","0","0","0","0","0","0","0","0","0","0","0","0","0","5","0","0","0","0","0","0","0","0","0","0","0","0","0","0","0","0","0","0","1","0","0","0","0","0","0","0","0","0","0","0","0","0","0","0","0","0","0","0","0","0","0","0","0","0","0","0","0","0","0","0","0","0","0","0","0","0","0","0","0","0","0","0","0","0","0","0","0","0","0","0","0","0","0","0","0","0","0","0","0","0","0","0","0","0","0","0","0","0","0","0","0","0","0","0","0","0","1"
"02-765 Sitka No. 1","290","1","2","0","3","0","0","0","0","0","0","0","0","29","8","0","12","0","1","1","5","0","0","0","2","0","1","1","15","3","2","0","0","3","8","0","1","0","0","0","1","0","0","0","0","0","0","0","0","0","2","0","0","0","0","0","0","0","0","0","1","0","0","0","0","0","0","0","0","0","0","0","0","1","0","0","0","0","1","0","0","0","0","0","0","0","0","0","0","0","0","0","0","24","6","0","0","5","0","0","1","0","0","0","0","0","0","2","0","0","0","0","0","5","0","0","0","0","0","0","3","0","1","0","1","3","0","0","0","0","0","0","0","0","0","0","0","0","0","0","303","11","1","2","0","0","3","13","0","0","0","1","0","0","41","1","2","0","24","44","0","0","0","1","0","1","13","2","2","0","0","9","17","0","1","0","0","0","0","1","1","0","0","0","0","0","0","0","0","0","0","0","1","2","0","0","0","0","0","0","0","0","0","0","0","0","0","0","0","0","0","0","0","0","0","0","0","0","0","0","0","0","0","0","0","0","0","0","0","0","0","0","0","0","0","0","23","1"
"02-770 Sitka No. 2","228","1","3","0","3","0","0","0","1","0","0","0","0","34","4","0","8","0","0","3","4","0","0","0","0","0","0","0","13","0","3","0","0","1","8","0","0","0","0","0","0","0","0","0","0","1","0","0","0","0","3","0","0","0","0","0","0","0","0","0","1","0","0","2","0","1","1","2","0","0","0","0","0","2","1","0","0","1","3","0","0","0","0","0","0","0","0","0","0","0","0","0","0","25","2","0","0","2","0","0","0","2","0","0","0","1","0","1","0","0","0","0","0","5","0","0","0","0","0","0","5","0","3","0","1","1","0","0","0","0","0","0","0","0","0","0","0","0","0","0","260","27","1","6","0","0","2","9","0","0","0","0","0","0","51","3","2","0","29","45","0","1","0","2","0","0","9","2","5","0","0","18","22","0","1","0","0","0","0","0","4","0","0","0","0","0","0","0","0","0","0","0","0","0","0","0","0","0","0","1","0","0","0","0","0","0","0","0","0","0","0","0","0","0","0","0","0","0","0","0","0","0","0","0","0","0","0","0","0","0","0","0","0","0","0","0","25","0"
"02-775 Tenakee Springs","6","0","0","0","0","0","0","0","0","0","0","0","0","1","0","0","1","0","0","0","0","0","0","0","0","0","0","0","2","0","0","0","0","0","0","0","0","0","0","0","0","0","0","0","0","0","0","0","0","0","0","0","0","0","0","0","0","0","0","0","0","0","0","0","0","0","0","0","0","0","0","0","0","0","0","0","0","1","0","0","0","0","0","0","0","0","0","0","0","0","0","0","0","2","1","0","0","0","0","0","0","0","0","0","0","0","0","0","0","0","0","0","0","0","0","0","0","0","0","0","0","0","0","0","0","0","0","0","0","0","0","0","0","0","0","0","0","0","0","0","23","0","0","0","0","0","0","0","0","0","0","0","0","0","0","0","0","0","1","1","0","0","0","0","0","0","1","0","0","0","0","0","0","0","1","0","0","0","0","0","0","0","0","0","0","0","0","0","0","0","0","0","0","0","0","0","0","0","0","0","0","0","0","0","0","0","0","0","0","0","0","0","0","0","0","0","0","0","0","0","0","0","0","0","0","0","0","0","0","0","0","0","0","0","0","0","1","0"
"02-780 Thorne Bay","113","0","0","0","0","0","0","0","0","0","0","0","0","6","1","0","3","0","0","0","1","0","0","0","0","0","0","0","0","0","0","0","0","0","1","0","0","0","0","0","0","0","0","0","0","0","0","0","0","0","0","0","0","0","0","0","0","0","0","0","0","0","0","0","0","0","0","0","0","0","0","0","0","0","0","0","0","0","0","0","0","0","0","0","0","0","0","0","0","0","0","0","0","18","1","0","0","1","0","0","0","0","0","0","0","0","0","0","0","0","0","0","0","0","0","0","0","0","0","0","0","0","0","0","1","0","0","0","0","0","0","0","0","0","0","0","0","0","0","0","21","3","1","0","0","0","0","1","0","0","0","0","0","0","4","0","0","0","1","1","0","0","0","0","0","0","0","0","0","0","1","2","0","0","0","0","0","0","0","0","0","0","0","0","0","0","0","0","0","0","0","0","0","0","0","0","0","0","0","0","0","0","0","0","0","0","0","0","0","0","0","0","0","0","0","0","0","0","0","0","0","0","0","0","0","0","0","0","0","0","0","0","0","0","0","0","9","0"
"02-785 Yakutat","60","0","0","0","0","0","0","0","0","0","0","0","0","4","0","0","2","0","0","0","0","0","0","0","0","0","0","1","2","0","0","0","0","0","2","0","0","0","0","0","0","0","0","0","0","0","0","0","0","0","3","0","0","0","0","0","0","0","0","0","0","0","0","0","0","0","0","0","0","0","0","0","0","1","0","0","0","0","1","0","0","0","0","0","0","0","0","0","0","0","0","0","0","12","2","0","0","1","0","0","0","0","0","0","0","0","0","0","0","1","0","0","0","1","0","0","0","0","0","0","0","0","2","0","0","1","0","0","0","0","0","0","0","0","0","0","0","0","0","0","101","1","0","0","0","0","0","1","0","0","0","0","0","0","5","0","1","0","4","6","0","0","0","0","0","0","0","0","0","0","0","2","4","0","1","0","0","0","0","0","0","0","0","0","0","0","0","0","0","0","0","0","0","0","0","0","0","0","0","0","0","0","0","0","0","0","0","0","0","0","0","0","0","0","0","0","0","0","0","0","0","0","0","0","0","0","0","0","0","0","0","0","0","0","0","0","2","2"
"03-300 Auke Bay","122","0","2","0","0","0","0","0","0","0","0","0","0","19","1","0","5","0","0","1","3","0","0","0","0","0","0","0","6","0","0","0","0","1","2","0","0","0","0","0","1","0","0","0","0","0","0","0","0","0","3","0","0","0","0","0","0","0","0","0","0","0","0","0","0","0","0","0","0","0","0","0","0","0","0","0","0","0","0","0","0","0","0","0","0","0","0","0","0","0","0","0","0","2","8","1","0","0","0","0","0","1","0","0","0","0","0","1","0","2","0","0","0","0","0","0","0","0","0","0","4","1","0","0","0","2","0","0","0","0","0","0","0","0","0","0","0","0","0","0","174","18","0","0","0","0","2","0","0","0","0","0","0","0","37","0","0","0","14","13","0","0","0","0","1","0","7","4","4","0","0","3","11","0","0","0","0","0","2","1","1","0","0","0","0","0","0","0","0","0","0","0","0","0","0","0","0","0","0","0","0","0","0","0","0","0","0","0","0","0","0","0","0","0","0","0","0","0","0","0","0","0","0","0","0","0","0","0","0","0","0","0","0","0","0","0","4","0"
"03-305 Lynn Canal","122","0","0","0","1","0","0","1","1","0","0","0","0","20","2","0","1","0","0","1","1","0","0","0","0","0","0","0","6","0","1","0","0","0","0","0","0","0","0","0","0","0","0","0","0","0","0","0","0","0","1","0","0","0","0","0","0","0","0","0","0","0","0","0","0","0","0","0","0","0","0","0","0","0","0","0","0","0","0","0","0","0","0","0","0","0","0","0","0","0","0","0","0","2","3","0","0","0","0","0","0","0","0","0","0","0","0","0","0","1","0","0","0","0","0","0","0","0","0","0","0","0","0","0","0","0","0","0","0","0","0","0","0","0","0","0","0","0","0","0","175","4","0","0","0","0","0","3","0","0","0","0","0","0","28","0","3","0","10","9","0","0","0","0","0","0","9","5","3","0","0","2","6","0","0","0","0","0","0","0","1","0","0","0","0","0","1","0","0","0","0","0","0","0","0","0","0","0","0","0","0","0","0","0","0","0","0","0","0","0","0","0","0","0","0","0","0","0","0","0","0","0","0","0","0","0","0","0","0","0","0","0","0","0","0","0","8","0"
"03-310 Melvin Park","158","2","0","0","0","0","0","0","1","0","0","0","0","31","3","0","9","0","0","2","8","0","0","1","0","0","0","0","7","1","0","0","0","2","7","0","0","0","0","0","1","0","0","0","0","0","0","0","0","0","1","0","0","0","0","0","0","0","0","0","0","0","0","0","0","0","0","0","0","0","0","0","0","1","0","0","0","0","0","0","0","0","0","0","0","0","0","0","0","0","0","0","0","7","3","0","0","4","0","0","0","2","0","0","0","0","0","0","0","2","0","0","0","4","0","0","0","0","0","0","4","0","0","0","1","1","0","0","0","0","0","0","0","0","0","0","0","0","0","0","165","16","1","0","0","0","1","4","0","0","0","0","0","0","26","2","3","0","14","27","0","3","0","0","0","1","11","0","4","0","0","9","13","0","0","0","0","0","1","0","2","0","0","0","0","0","0","0","0","0","0","0","1","0","0","0","0","0","0","0","0","0","0","0","0","0","0","0","0","0","0","0","0","0","0","0","0","0","0","0","0","0","0","0","0","0","0","0","0","0","0","0","0","0","0","0","7","2"
"03-315 Mendenhall Glacier","312","1","4","0","5","0","0","0","0","0","0","0","1","35","4","0","7","1","0","1","9","0","0","1","1","0","0","0","6","0","3","0","0","0","10","0","0","0","0","0","1","0","1","0","1","1","0","0","0","0","2","0","0","0","0","0","0","0","0","0","0","0","0","0","0","0","0","0","0","0","0","0","0","3","0","0","0","0","0","0","0","0","0","0","0","0","0","0","0","0","0","0","0","19","7","0","0","3","0","0","0","2","0","0","0","0","0","0","0","1","0","0","0","3","0","0","0","0","0","0","1","1","4","0","2","0","1","0","0","0","0","0","0","0","0","0","0","0","0","0","256","14","1","2","0","0","4","7","0","0","0","0","0","0","38","2","6","0","20","28","0","1","0","1","0","2","16","6","9","0","0","17","26","0","1","0","1","0","0","0","2","0","0","0","0","1","1","0","0","0","0","0","1","1","0","0","0","0","0","0","0","0","0","0","0","0","0","0","0","0","0","0","0","0","0","0","0","0","0","0","0","0","0","0","0","0","0","0","0","1","0","0","0","0","0","0","4","1"
"03-320 Thunder Mountain","245","2","2","0","1","0","0","0","0","0","0","0","0","28","5","0","10","1","0","0","4","0","0","0","0","0","0","0","10","0","2","0","0","0","1","0","0","0","1","0","1","0","0","0","1","0","0","0","0","0","2","0","0","2","0","0","0","1","0","0","0","0","0","1","0","0","0","2","0","0","0","0","0","0","0","1","0","0","1","0","0","0","0","0","0","0","0","0","0","0","0","0","0","15","7","1","0","3","0","0","0","4","0","0","0","0","0","0","0","2","0","0","0","1","0","0","0","0","0","0","1","0","2","0","0","3","0","0","0","0","0","0","0","0","0","0","0","0","0","0","221","20","1","4","0","0","2","11","0","0","0","0","0","1","45","0","3","0","26","24","0","3","0","1","1","0","15","4","7","0","0","10","23","0","2","0","0","0","0","0","0","0","0","0","0","0","0","0","0","1","0","0","1","0","0","0","0","0","0","1","0","0","0","0","0","0","0","0","0","0","0","0","0","0","0","0","0","0","0","0","0","0","0","0","0","0","0","0","0","0","0","0","0","0","0","0","12","0"
"03-325 Gustavus","43","0","0","0","0","0","0","0","0","0","0","0","0","6","0","0","2","0","0","0","4","0","0","0","0","0","0","0","2","0","1","0","0","2","2","0","0","0","0","0","0","0","0","0","0","0","0","0","0","0","1","0","0","0","0","0","0","0","0","0","0","0","0","0","0","0","0","0","0","0","0","0","0","0","0","0","0","0","0","0","0","0","0","0","0","0","0","0","0","0","0","0","0","4","3","1","0","0","0","0","0","0","0","0","0","0","0","1","2","0","0","0","0","0","0","0","0","0","0","0","0","0","0","0","0","0","0","0","0","0","0","0","0","0","0","0","0","0","0","0","69","0","0","0","0","0","0","2","0","0","0","0","0","0","15","0","0","0","7","5","0","1","0","0","0","1","7","1","1","0","0","2","2","0","0","0","0","0","0","0","0","0","0","0","0","0","0","0","0","0","0","0","1","0","0","0","0","0","0","0","0","0","0","0","0","0","0","0","0","0","0","0","0","0","0","0","0","0","0","0","0","0","0","0","0","0","0","0","0","0","0","0","0","0","0","0","1","0"
"03-330 Haines No. 1","184","1","1","0","2","1","0","0","1","0","0","0","0","28","4","0","5","0","0","4","5","0","0","1","0","0","0","0","13","0","0","0","0","1","6","0","0","0","0","0","0","0","0","0","0","0","0","0","0","0","1","0","0","0","0","0","0","0","0","0","0","0","0","0","0","0","0","0","0","0","0","0","0","0","0","0","0","0","0","0","0","0","0","0","0","0","0","0","0","0","0","0","0","24","11","0","0","1","0","0","1","1","0","0","1","0","0","1","0","0","0","0","0","2","0","0","0","0","0","0","2","2","2","0","1","2","0","0","0","0","0","0","0","0","0","0","0","0","0","0","191","10","3","2","0","0","1","4","0","0","0","0","0","0","44","1","2","0","22","18","0","1","0","0","0","2","7","1","3","0","0","7","10","0","2","0","0","0","0","0","0","0","0","0","0","0","0","0","0","1","0","0","0","0","0","0","0","0","0","0","0","0","0","0","0","0","0","0","0","0","0","0","0","0","0","0","0","0","0","0","0","0","0","0","0","0","0","0","0","0","0","0","0","0","0","0","7","1"
"03-335 Haines No. 2","41","0","0","0","0","0","0","0","0","0","0","0","0","4","0","0","1","0","0","1","0","0","0","0","0","0","0","0","1","0","0","0","0","0","1","0","0","0","0","0","0","0","0","0","0","0","0","0","0","0","0","0","0","0","0","0","0","0","0","0","0","0","0","0","0","0","0","0","0","0","0","0","0","0","0","0","0","0","0","0","0","0","0","0","0","0","0","0","0","0","0","0","0","2","0","0","0","0","0","0","0","0","0","0","0","0","0","0","0","0","0","0","0","0","0","0","0","0","0","0","0","0","0","0","0","0","0","0","0","0","0","0","0","0","0","0","0","0","0","0","30","2","0","0","0","0","0","0","0","0","0","0","0","0","6","1","0","0","3","3","0","0","0","1","0","0","4","0","0","0","0","3","1","0","0","0","0","0","0","0","0","0","0","0","0","0","0","0","0","0","0","0","0","0","0","0","0","0","0","0","0","0","0","0","0","0","0","0","0","0","0","0","0","0","0","0","0","0","0","0","0","0","0","0","0","0","0","0","0","0","0","0","0","0","0","0","4","0"
"03-340 Klukwan","5","0","0","0","0","0","0","0","0","0","0","0","0","0","0","0","0","0","0","0","0","0","0","0","0","0","0","0","0","0","0","0","0","0","0","0","0","0","0","0","0","0","0","0","0","0","0","0","0","0","0","0","0","0","0","0","0","0","0","0","0","0","0","0","0","0","0","0","0","0","0","0","0","0","0","0","0","0","0","0","0","0","0","0","0","0","0","0","0","0","0","0","0","1","0","0","0","1","0","0","0","0","0","0","0","0","0","0","0","1","0","0","0","0","0","0","0","0","0","1","0","0","0","0","0","0","0","0","0","0","0","0","0","0","0","0","0","0","0","0","16","1","0","0","0","0","0","0","0","0","0","0","0","0","0","0","1","0","0","4","0","0","0","0","0","0","0","0","3","0","0","3","3","0","0","0","0","0","0","0","0","0","0","0","0","0","0","0","0","0","0","0","0","0","0","0","0","0","0","0","0","0","0","0","0","0","0","0","0","0","0","0","0","0","0","0","0","0","0","0","0","0","0","0","0","0","0","0","0","0","0","0","0","0","0","0","1","0"
"03-345 Skagway","68","1","0","0","0","0","0","0","1","0","0","0","0","10","1","0","4","0","0","0","3","0","0","0","0","0","0","0","6","0","2","0","0","1","1","0","0","0","0","0","0","0","0","0","0","0","0","0","0","0","0","0","0","0","0","0","0","0","0","0","0","0","0","0","0","0","1","0","0","0","0","0","0","0","0","0","0","0","4","0","0","0","0","0","0","0","0","0","0","0","0","0","0","9","4","1","0","2","0","0","0","0","0","0","0","1","0","0","1","1","0","0","1","1","0","0","0","0","0","0","4","1","2","0","1","3","0","0","0","0","0","0","0","0","0","0","0","0","0","0","130","6","0","0","0","0","3","3","0","0","0","0","0","0","48","1","1","1","14","21","0","1","0","0","0","0","6","6","6","0","0","7","9","0","1","0","0","0","0","0","0","0","0","0","1","0","0","0","0","0","0","0","0","0","0","0","0","0","0","0","0","0","0","0","0","0","0","0","0","0","0","0","0","0","0","0","0","0","0","0","0","0","0","0","0","0","0","0","0","0","0","0","0","0","0","0","12","0"
"04-100 Douglas","71","0","0","0","1","0","0","0","0","0","0","0","0","9","0","0","4","0","0","2","1","0","0","0","0","0","0","0","8","1","2","0","0","0","3","0","0","0","0","0","0","0","0","0","0","0","0","0","0","0","1","0","0","0","0","0","0","0","0","0","0","0","0","0","0","0","0","0","0","0","0","0","0","0","0","0","0","0","0","0","0","0","0","0","0","0","0","0","0","0","0","0","0","7","2","0","0","2","0","0","0","0","0","0","0","0","0","0","0","1","0","0","0","2","0","0","0","0","0","0","1","0","1","0","0","0","0","0","0","0","0","0","0","0","0","0","0","0","0","0","237","9","1","4","0","0","1","3","0","0","0","0","0","0","53","5","3","0","21","32","0","1","0","0","0","0","10","1","5","0","0","5","9","0","1","0","0","0","1","0","2","0","0","0","0","0","0","0","0","1","0","0","0","0","0","0","0","0","0","0","0","0","0","0","0","0","0","0","0","0","0","0","0","0","0","0","0","0","0","0","0","0","0","0","0","0","0","0","0","0","0","0","0","0","0","0","4","1"
"04-105 Juneau Airport Area","97","0","0","0","0","0","0","0","0","0","0","0","0","12","4","0","6","1","0","1","4","0","0","1","0","0","0","0","3","1","2","0","0","0","0","0","0","0","0","0","1","0","0","0","0","0","0","0","0","0","1","0","0","0","0","0","0","0","0","0","0","0","0","1","0","0","0","0","0","0","0","0","0","0","0","0","0","0","0","0","0","0","0","0","0","0","0","0","0","0","0","0","0","9","3","0","0","0","0","0","1","0","0","0","0","1","0","1","0","0","0","0","0","4","0","0","0","0","0","0","0","0","0","0","0","0","0","0","0","0","0","0","0","0","0","0","0","0","0","0","71","12","1","4","0","0","3","2","0","0","0","0","0","0","20","0","3","0","5","12","0","0","0","0","0","0","2","1","0","0","0","2","2","0","0","0","0","0","0","0","0","0","0","0","0","0","0","0","0","0","0","0","0","0","0","0","0","0","0","0","0","0","0","0","0","0","0","0","0","0","0","0","0","0","0","0","0","0","0","0","0","0","0","0","0","0","0","0","0","0","0","0","0","1","0","0","4","0"
"04-110 Juneau No. 1","73","0","0","0","2","0","0","0","1","0","1","0","1","8","2","0","4","0","0","2","1","0","0","0","0","0","0","0","5","0","0","0","0","0","1","0","0","0","0","0","0","0","0","0","0","1","0","0","0","0","2","0","0","0","0","0","0","0","0","0","0","0","0","1","0","0","0","0","0","0","0","0","0","0","0","0","0","0","0","0","0","0","0","0","0","0","0","0","0","0","0","0","0","4","3","0","0","1","0","0","1","1","0","0","1","0","0","1","0","1","0","1","0","0","0","0","0","0","0","0","2","1","0","0","0","0","0","0","0","0","0","0","0","0","0","0","0","0","0","0","169","7","0","2","0","1","1","4","0","0","0","0","0","1","42","2","0","0","16","25","0","3","0","0","0","0","12","1","5","0","0","5","7","0","0","0","0","0","0","0","1","0","0","0","0","0","1","0","0","0","0","0","0","0","0","0","0","0","0","0","0","0","0","0","0","0","0","0","0","0","0","0","0","0","0","0","0","0","0","0","0","0","0","0","0","0","0","0","0","0","0","0","0","0","0","0","6","0"
"04-115 Juneau No. 2","46","1","1","0","0","0","0","0","0","0","0","0","0","6","0","0","1","1","0","0","2","0","0","1","0","0","0","0","3","0","1","0","0","0","0","0","0","0","0","0","0","0","0","0","0","1","0","0","0","0","0","0","0","0","0","0","0","0","0","0","0","0","0","1","0","0","0","1","0","0","0","0","0","1","0","0","0","1","0","0","0","0","0","0","0","0","0","0","1","0","0","0","0","3","2","0","0","0","0","0","1","0","0","0","0","0","0","0","0","0","0","0","0","1","0","0","0","0","0","0","0","0","0","0","0","0","0","0","0","0","0","0","0","0","0","0","0","0","0","0","219","7","0","3","0","0","1","3","0","0","0","0","0","0","61","1","0","0","31","21","0","5","0","2","0","1","9","0","0","0","0","6","10","0","0","0","1","0","0","0","2","0","0","0","0","0","0","0","0","1","0","0","0","0","0","0","0","0","0","0","0","0","0","0","0","0","0","0","0","0","0","0","0","0","0","0","0","0","0","0","0","0","0","0","0","0","0","0","0","0","0","0","0","0","0","0","1","0"
"04-120 Juneau No. 3","47","0","1","1","0","0","0","0","0","0","0","0","0","6","0","0","1","0","0","3","0","0","0","0","0","0","0","0","4","0","1","0","0","0","1","0","0","0","0","0","1","0","0","0","0","0","0","0","0","0","0","0","0","0","0","0","0","0","0","0","0","0","0","0","0","0","0","0","0","0","0","0","0","0","0","0","0","0","0","0","0","0","0","0","0","0","0","0","0","0","0","0","0","3","1","0","0","0","0","0","0","0","0","0","0","0","0","0","0","0","0","0","0","0","0","0","0","0","0","0","1","0","0","0","0","0","0","0","0","0","0","0","0","0","0","0","0","0","0","0","104","3","1","3","0","0","0","2","0","0","0","1","0","0","25","1","3","0","11","10","0","0","0","1","0","0","8","0","1","0","0","1","8","0","0","0","0","0","0","0","0","0","0","0","0","0","0","0","0","0","0","0","1","0","0","0","0","0","0","0","0","0","0","0","0","0","0","0","0","0","0","0","0","0","0","0","0","0","0","0","0","0","0","0","0","0","0","0","0","0","0","0","0","0","0","0","2","1"
"04-125 Lemon Creek","126","1","1","0","5","0","0","1","1","0","0","0","0","15","2","0","9","0","0","2","8","0","0","0","0","0","0","0","5","1","3","0","0","2","3","0","0","0","0","0","0","0","0","0","0","0","0","0","0","0","1","0","0","0","0","0","1","0","0","0","0","0","0","0","0","0","0","1","0","0","0","0","0","0","2","0","0","0","0","0","0","0","0","0","0","0","0","0","0","0","0","0","0","10","4","1","0","3","0","0","1","1","0","0","0","0","0","0","0","8","0","0","1","1","0","0","0","0","0","0","0","1","1","0","0","0","0","0","0","0","0","0","0","0","0","0","0","0","0","0","202","12","1","10","1","0","1","7","0","0","0","0","0","0","26","1","4","0","16","26","0","2","0","0","0","0","7","2","3","0","0","2","13","0","0","1","0","0","0","0","0","0","0","0","0","0","0","1","0","0","0","0","3","0","0","0","0","0","0","0","0","0","0","0","0","0","0","0","0","0","0","0","0","0","0","0","0","0","0","1","0","0","0","0","0","0","0","0","0","0","0","0","0","0","0","0","6","1"
"04-130 Glacier Valley Area","102","1","1","0","2","1","0","0","0","0","0","0","0","20","1","0","6","0","0","1","3","0","0","0","0","0","0","1","2","0","3","0","0","2","5","0","0","0","0","0","0","0","0","0","0","0","0","0","0","0","1","0","0","0","0","0","0","0","0","0","0","0","0","1","0","0","0","2","0","0","0","0","0","0","0","0","0","0","1","0","0","0","0","0","0","0","0","0","0","0","0","0","0","3","2","0","0","1","0","0","1","0","0","0","0","0","0","0","0","1","0","0","0","4","0","0","0","0","0","0","2","2","0","0","0","0","0","0","0","0","0","0","0","0","0","0","0","0","0","0","104","8","1","3","0","0","0","5","0","0","0","0","0","0","21","3","3","0","13","21","0","0","0","0","0","0","8","2","2","0","0","7","7","0","1","0","0","0","2","0","0","0","0","0","0","0","0","0","0","0","0","0","0","0","0","0","0","0","0","0","0","0","0","0","0","0","0","0","0","0","0","0","0","0","0","0","0","0","0","0","0","0","0","0","0","0","0","0","0","0","0","0","0","0","0","0","3","2"
"04-135 North Douglas","67","1","1","0","2","0","0","0","0","0","0","0","0","11","1","0","4","0","0","2","0","0","0","2","1","0","0","0","4","1","1","0","0","0","1","0","0","0","0","0","0","0","0","0","0","0","0","0","0","0","0","0","0","0","0","0","1","0","0","0","0","0","0","0","0","0","0","0","0","0","0","0","0","0","0","0","0","0","0","0","0","0","0","0","0","0","0","0","0","0","0","0","0","3","0","0","0","0","0","0","0","0","0","0","0","0","0","0","1","0","0","0","0","0","0","0","0","0","0","0","1","0","0","0","0","0","1","0","0","0","0","0","0","0","0","0","0","0","0","0","175","11","2","2","0","0","0","2","0","0","0","0","0","0","53","1","1","0","35","18","0","4","0","0","0","0","8","2","2","0","0","2","10","0","0","0","1","0","0","0","3","0","0","0","0","0","1","0","0","0","0","0","1","0","0","0","0","0","0","0","0","0","0","0","0","0","0","0","0","0","0","0","0","0","0","0","0","0","0","0","0","0","0","0","0","0","0","0","0","0","0","0","0","0","0","0","5","0"
"05-800 Chiniak","25","0","0","0","0","0","0","0","0","0","0","0","0","2","0","0","2","0","0","0","0","0","0","0","0","0","0","0","0","0","0","0","0","0","0","0","0","0","0","0","0","0","0","0","0","0","0","0","0","0","0","1","0","0","0","0","0","0","0","0","0","0","0","0","0","0","0","0","0","0","0","0","0","0","0","0","0","0","0","0","0","0","0","0","0","0","0","0","0","0","0","0","0","2","0","0","0","0","0","0","0","0","0","0","0","0","0","0","0","0","0","0","0","0","0","0","0","0","0","0","0","0","0","0","0","0","0","0","0","0","0","0","0","0","0","0","0","0","0","0","16","0","0","0","0","0","0","0","0","0","0","0","0","0","0","0","1","0","0","2","0","0","0","0","0","0","1","0","0","0","0","0","1","0","0","0","0","0","0","0","0","0","0","0","0","0","0","0","0","0","0","0","0","0","0","0","0","0","0","0","0","0","0","0","0","0","0","0","0","0","0","0","0","0","0","0","0","0","0","0","0","0","0","0","0","0","0","0","0","0","0","0","0","0","0","0","1","0"
"05-810 Flats","241","2","2","0","3","0","0","0","0","0","0","0","0","37","3","0","10","0","0","3","5","0","0","0","0","0","0","0","7","0","2","0","0","2","5","0","0","0","0","0","0","0","0","0","0","0","0","0","0","0","1","0","0","0","0","0","0","0","0","0","0","0","0","0","0","0","0","0","0","0","0","0","0","0","0","0","0","0","0","0","0","0","0","0","0","0","0","0","0","0","0","0","0","21","5","0","0","0","0","0","0","2","0","0","0","0","0","0","0","0","0","0","0","0","0","0","0","0","0","0","1","1","3","0","0","1","0","0","0","0","0","0","0","0","0","0","0","0","0","0","113","5","1","1","0","0","2","0","0","0","0","0","0","0","18","2","2","0","8","7","0","0","0","0","0","0","17","3","3","0","0","5","7","0","0","0","0","0","0","0","1","0","0","0","0","0","0","0","0","0","0","0","2","0","0","0","0","0","0","0","0","0","0","0","0","0","0","0","0","0","0","0","0","0","0","0","0","0","0","0","0","0","0","0","0","0","0","0","0","0","0","0","0","0","0","0","7","1"
"05-815 Kodiak Island South","2","0","0","0","0","0","0","0","0","0","0","0","0","0","0","0","1","0","0","0","0","0","0","0","0","0","0","0","0","0","0","0","0","0","0","0","0","0","0","0","0","0","0","0","0","0","0","0","0","0","0","0","0","0","0","0","0","0","0","0","0","0","0","0","0","0","0","0","0","0","0","0","0","0","0","0","0","0","0","0","0","0","0","0","0","0","0","0","0","0","0","0","0","1","0","0","0","0","0","0","0","0","0","0","0","0","0","0","0","0","0","0","0","0","0","0","0","0","0","0","0","0","0","0","0","0","0","0","0","0","0","0","0","0","0","0","0","0","0","0","12","0","0","0","0","0","0","1","0","0","0","0","0","0","0","0","0","0","0","0","0","0","0","0","0","0","0","0","0","0","0","0","0","0","0","0","0","0","0","0","0","0","0","0","0","0","0","0","0","0","0","0","0","0","0","0","0","0","0","0","0","0","0","0","0","0","0","0","0","0","0","0","0","0","0","0","0","0","0","0","0","0","0","0","0","0","0","0","0","0","0","0","0","0","0","0","0","0"
"05-820 Kodiak No. 1","240","1","0","0","3","0","0","1","1","0","0","0","0","11","3","0","15","0","0","2","5","0","0","1","0","0","0","0","11","2","4","0","0","3","2","0","0","0","0","0","0","0","0","0","0","0","0","0","0","1","4","0","1","0","0","0","0","0","0","0","0","2","0","0","0","0","0","1","0","0","0","0","0","0","0","1","0","0","1","0","0","0","0","0","0","0","0","0","0","0","0","0","0","10","3","0","0","2","0","0","0","2","0","0","0","0","0","1","0","3","0","0","0","2","0","0","0","0","0","0","0","1","1","0","0","1","0","0","0","0","0","0","0","0","0","0","0","0","0","0","198","10","0","4","0","0","3","5","0","0","0","0","0","0","29","0","3","0","7","7","0","1","0","0","0","0","5","1","4","0","0","5","10","0","0","0","0","0","0","0","0","0","0","0","0","0","0","0","0","0","0","0","0","0","0","0","0","0","0","0","0","0","0","0","0","0","0","0","0","0","0","0","0","0","0","0","0","0","0","0","0","0","0","0","0","0","0","0","0","0","0","0","0","0","0","0","13","2"
"05-825 Kodiak No. 2","247","0","0","0","5","1","0","0","3","0","0","0","0","12","1","0","12","0","0","1","3","0","0","0","0","0","0","0","9","0","2","0","0","4","4","0","0","0","0","0","0","0","0","0","0","0","0","0","0","0","4","0","0","0","0","0","0","0","0","0","0","1","0","0","0","0","0","0","0","0","0","0","0","0","0","0","0","0","1","0","0","0","0","0","0","0","0","0","0","0","0","0","0","23","6","0","0","5","0","0","0","3","0","0","0","0","0","0","0","1","0","0","0","1","0","0","0","0","0","0","1","2","0","0","1","3","0","0","0","0","0","0","0","0","0","0","0","0","0","0","218","18","0","5","0","0","0","2","0","0","0","0","0","0","18","1","3","0","12","15","0","0","0","0","0","0","5","0","4","0","0","5","16","0","0","1","0","0","0","0","0","0","0","0","0","0","0","0","0","1","0","0","0","0","0","0","0","0","0","0","0","0","0","0","0","0","0","0","0","0","0","0","0","0","0","0","0","0","0","0","0","0","0","0","0","0","0","0","0","0","0","0","0","0","0","0","14","2"
"05-830 Mission Road","544","2","1","0","11","0","1","0","3","0","0","0","0","65","4","0","28","1","0","3","18","0","0","3","3","0","0","0","14","2","4","0","0","3","10","0","0","0","0","0","1","0","0","0","0","4","0","0","0","0","4","2","0","0","0","0","0","1","0","0","0","0","0","0","0","0","0","0","0","0","0","0","0","1","0","1","0","0","0","0","0","0","0","0","0","0","0","0","0","0","0","0","0","30","16","1","0","8","0","0","3","3","0","0","0","0","0","0","0","1","0","0","0","4","0","0","0","0","0","0","1","1","1","0","0","2","0","0","0","0","0","0","0","0","0","0","0","0","0","0","339","20","3","11","0","0","2","9","0","0","0","0","0","0","40","7","9","0","26","38","0","2","0","2","0","0","20","2","7","0","0","9","25","0","2","0","2","0","0","0","0","0","0","0","0","0","1","0","0","2","0","0","0","0","0","0","0","0","0","0","0","0","0","0","1","0","0","0","0","0","0","0","0","0","0","0","0","0","0","0","0","0","0","0","0","0","1","0","0","0","0","0","0","0","0","0","22","1"
"05-835 Old Harbor","7","0","0","0","0","0","0","0","0","0","0","0","0","0","0","0","0","0","0","0","0","0","0","0","0","0","0","0","0","0","0","0","0","0","0","0","0","0","0","0","0","0","0","0","0","0","0","0","0","0","0","0","0","0","0","0","0","0","0","0","0","0","0","0","0","0","0","0","0","0","0","0","0","0","0","0","0","0","0","0","0","0","0","0","0","0","0","0","0","0","0","0","0","2","0","0","0","0","0","0","0","0","0","0","0","0","0","0","0","0","0","0","0","0","0","0","0","0","0","0","0","0","0","0","0","0","0","0","0","0","0","0","0","0","0","0","0","0","0","0","14","1","0","0","0","0","0","0","0","0","0","0","0","0","1","0","0","0","0","3","0","0","0","0","0","0","1","0","0","0","0","0","0","0","0","0","0","0","0","0","0","0","0","0","0","0","0","0","0","0","0","0","0","0","0","0","0","0","0","0","0","0","0","0","0","0","0","0","0","0","0","0","0","0","0","0","0","0","0","0","0","0","0","0","0","0","0","0","0","0","0","0","0","0","0","0","1","0"
"05-840 Ouzinkie","9","0","0","0","3","0","0","0","0","0","0","0","0","0","0","0","0","0","0","0","1","0","0","0","0","0","0","0","0","0","0","0","0","0","0","0","0","0","0","0","0","0","0","0","0","0","0","0","0","0","1","0","0","0","0","0","0","0","0","0","0","0","0","0","0","0","0","0","0","0","0","0","0","0","0","0","0","0","0","0","0","0","0","0","0","0","0","0","0","0","0","0","0","1","0","0","0","1","0","0","0","0","0","0","0","0","0","0","0","0","0","0","0","0","0","0","0","0","0","0","0","0","0","0","0","1","0","0","0","0","0","0","0","0","0","0","0","0","0","0","29","1","1","0","0","0","0","1","0","0","0","0","0","0","1","0","0","0","2","2","0","0","0","0","0","0","1","1","0","0","0","0","0","0","0","0","0","0","0","0","0","0","0","0","0","0","0","0","0","0","0","0","0","0","0","0","0","0","0","0","0","0","0","0","0","0","0","0","0","0","0","0","0","0","0","0","0","0","0","0","0","0","0","0","0","0","0","0","0","0","0","0","0","0","0","0","1","0"
"05-845 Port Lions","36","0","0","0","1","0","0","0","0","0","0","0","0","3","0","0","0","0","0","0","0","0","0","0","0","0","0","0","1","0","0","0","0","0","1","0","0","0","0","0","0","0","0","0","0","0","0","0","0","0","0","0","0","0","0","0","0","0","0","0","0","0","0","0","0","0","0","0","0","0","0","0","0","0","0","0","0","0","0","0","0","0","0","0","0","0","0","0","0","0","0","0","0","3","1","0","0","0","0","0","0","0","0","0","0","0","0","0","0","0","0","0","0","0","0","0","0","0","0","0","0","0","0","0","0","0","0","0","0","0","0","0","0","0","0","0","0","0","0","0","18","0","0","0","0","0","0","0","0","0","0","0","0","0","0","0","0","0","0","2","0","0","0","0","0","0","0","0","0","0","0","0","1","0","0","0","0","0","0","0","0","0","0","0","0","0","0","0","0","0","0","0","0","0","0","0","0","0","0","0","0","0","0","0","0","0","0","0","0","0","0","0","0","0","0","0","0","0","0","0","0","0","0","0","0","0","0","0","0","0","0","0","0","0","0","0","0","0"
"05-860 Cordova","140","1","0","0","5","0","0","0","1","0","0","0","0","25","1","0","7","0","0","1","1","0","0","0","0","0","0","1","6","0","2","0","0","2","2","0","0","0","0","0","0","0","1","0","0","0","0","0","0","0","0","0","0","0","0","0","0","0","0","0","0","0","0","0","0","0","0","1","0","0","0","0","1","0","0","0","0","0","0","0","0","0","0","0","0","0","0","0","0","0","0","0","0","7","5","0","0","2","0","0","0","0","1","0","0","0","0","0","0","0","0","0","0","1","0","0","0","0","0","0","1","0","0","0","1","1","0","0","1","0","0","0","0","0","0","0","0","0","0","0","158","7","1","3","0","0","0","4","0","0","0","0","0","0","27","2","2","0","14","15","1","0","0","0","0","0","6","0","0","0","0","2","12","0","0","0","1","0","0","0","0","0","0","0","1","0","1","0","0","0","0","0","0","0","0","0","0","0","0","0","0","0","0","0","0","0","0","0","0","0","0","0","0","0","0","0","0","0","0","0","0","0","0","0","0","0","0","0","0","0","0","0","0","0","0","0","10","2"
"05-865 Seward-Lowell Point","149","1","1","0","3","0","0","0","1","0","0","0","0","14","4","0","9","0","0","1","3","0","0","0","0","0","1","0","5","0","1","0","0","0","1","0","0","0","0","0","0","0","0","0","0","0","0","0","0","0","5","0","0","1","0","0","0","0","0","0","0","0","0","0","0","0","0","0","0","0","0","0","0","0","0","0","1","0","0","0","0","0","0","0","0","0","0","0","0","0","0","0","0","12","5","0","0","2","0","0","0","1","0","0","0","0","0","0","0","0","0","0","0","1","0","0","0","0","0","0","1","0","1","0","0","2","0","0","0","0","0","0","0","0","0","0","0","0","0","0","149","10","0","1","0","0","3","1","0","0","0","0","0","0","31","0","5","0","9","12","0","1","0","0","0","0","8","1","0","0","0","2","10","0","0","0","0","0","0","0","0","0","0","0","0","0","0","0","0","1","0","0","0","0","0","0","0","0","0","0","0","0","0","0","0","0","0","0","0","0","0","0","0","0","0","0","0","0","0","0","0","0","0","0","0","0","0","0","0","0","0","0","0","0","0","0","10","1"
"05-870 Tatitlek","2","0","0","0","1","0","0","0","0","0","0","0","0","0","0","0","0","0","0","0","2","0","0","0","0","0","0","0","0","0","0","0","0","0","0","0","0","0","0","0","0","0","0","0","0","0","0","0","0","0","1","0","0","0","0","0","0","0","0","0","0","0","0","0","0","0","0","0","0","0","0","0","0","0","0","0","0","0","0","0","0","0","0","0","0","0","0","0","0","0","0","0","0","0","0","0","0","0","0","0","0","0","0","0","0","0","0","0","0","1","0","0","0","0","0","0","0","0","0","0","0","0","0","0","0","0","0","0","0","0","0","0","0","0","0","0","0","0","0","0","3","1","0","1","0","0","0","0","0","0","0","0","0","0","1","0","1","0","0","4","0","0","0","0","0","0","0","0","0","0","0","0","1","0","0","0","0","0","0","0","0","0","0","0","0","0","0","0","0","0","0","0","0","0","0","0","0","0","0","0","0","0","0","0","0","0","0","0","0","0","0","0","0","0","0","0","0","0","0","0","0","0","0","0","0","0","0","0","0","0","0","0","0","0","0","0","0","0"
"06-200 Anchor Point","523","4","0","0","6","0","0","2","0","0","0","0","0","51","7","0","19","1","0","2","9","0","0","1","4","0","0","1","12","0","0","0","0","0","4","0","1","0","0","0","0","0","0","0","2","0","0","0","0","0","5","0","0","0","0","0","0","0","0","0","0","0","0","1","0","0","0","0","0","0","0","0","0","0","0","1","0","0","0","0","0","0","0","0","0","0","0","0","0","0","0","0","0","38","7","0","0","1","0","0","1","3","0","1","0","0","0","1","0","2","0","0","0","2","0","0","0","0","0","0","2","0","1","0","1","1","0","0","0","0","0","0","0","0","0","0","0","0","0","0","161","4","1","1","0","0","1","2","0","0","0","0","0","0","16","2","0","0","11","19","0","2","0","0","0","1","10","0","1","0","0","4","10","0","0","0","1","0","0","0","0","0","0","0","0","0","0","1","1","2","0","0","2","0","0","0","0","0","0","0","0","0","0","2","0","0","0","0","0","0","0","0","0","0","0","0","0","0","0","0","0","0","0","0","0","0","0","0","0","0","0","0","0","0","0","0","18","1"
"06-210 Diamond Ridge","123","0","0","0","0","0","0","0","0","0","0","0","0","8","1","0","4","0","0","0","0","0","0","0","0","0","0","0","3","0","0","0","0","0","1","0","0","0","0","0","2","0","0","0","0","0","0","0","0","0","1","0","0","0","0","0","0","0","0","0","0","0","0","0","0","0","0","0","0","0","0","0","0","0","0","0","0","0","1","0","0","0","0","0","0","0","0","0","0","0","0","0","0","5","5","0","0","2","0","0","0","0","0","0","0","0","0","0","0","0","1","0","0","0","0","0","0","0","0","0","0","1","0","0","0","1","0","0","0","0","0","1","0","0","0","0","0","0","0","0","101","5","0","0","0","0","0","2","0","0","0","0","0","0","26","1","1","0","10","13","0","1","0","0","0","0","9","0","1","0","0","5","4","0","1","0","0","0","0","0","0","0","0","0","0","0","1","0","0","0","0","0","0","0","0","0","0","0","0","0","0","0","0","0","0","0","0","0","0","0","0","0","0","0","0","0","0","0","0","0","0","0","0","0","0","0","0","0","0","0","0","0","0","0","0","0","8","0"
"06-220 Fox River","152","0","0","0","0","0","0","0","0","0","0","0","0","8","0","0","1","0","0","0","0","0","0","0","0","0","0","0","2","0","1","0","0","0","0","0","0","0","0","0","0","0","0","0","0","0","0","0","0","0","0","0","0","0","0","0","0","0","0","0","0","0","0","0","0","0","0","1","0","0","0","0","0","1","0","0","0","0","0","0","0","0","0","0","0","0","0","0","0","0","0","0","0","3","2","0","0","1","0","0","0","0","0","0","0","0","0","0","0","0","0","0","0","1","0","0","0","0","0","0","0","1","0","0","0","0","0","0","0","0","0","0","0","0","0","0","0","0","0","0","38","6","0","0","0","0","0","1","0","0","0","0","0","0","9","0","1","1","6","3","0","0","0","0","0","0","3","0","0","0","0","2","2","0","1","0","0","0","0","1","0","0","0","0","1","0","0","0","0","0","0","0","0","0","0","0","0","0","0","0","0","0","0","0","0","0","0","0","0","0","0","0","0","0","0","0","0","0","0","0","0","0","0","0","0","0","0","0","0","0","0","0","0","0","0","0","9","0"
"06-230 Homer No. 1","188","0","1","0","0","0","0","0","0","0","0","0","0","18","2","0","8","0","0","1","3","0","0","1","0","0","0","0","8","0","1","0","0","0","3","0","0","0","0","0","1","0","0","0","0","0","0","0","0","0","5","0","0","0","0","0","0","0","0","0","1","0","0","0","0","0","0","0","0","0","0","0","0","1","0","0","0","0","0","0","0","0","0","0","1","0","0","0","0","0","0","0","0","15","4","0","0","1","0","0","0","0","0","0","0","0","0","1","0","0","0","0","0","0","0","0","0","0","0","0","2","1","0","0","0","0","0","0","0","0","0","0","0","0","0","0","0","0","0","0","128","19","1","1","0","0","0","7","0","1","0","0","0","0","46","2","1","0","21","14","0","0","0","0","0","0","15","2","2","0","0","11","7","0","0","0","0","0","0","0","1","0","0","0","0","0","0","0","0","0","0","0","1","0","0","0","0","0","0","0","0","0","0","0","0","0","0","0","0","0","0","0","0","0","0","0","0","0","0","0","0","0","0","0","0","0","0","0","0","0","0","0","0","0","0","0","8","0"
"06-240 Homer No. 2","224","0","0","0","2","0","0","0","0","0","0","0","0","22","2","0","4","1","0","2","0","0","0","0","0","0","0","0","0","0","1","0","0","0","1","0","0","0","1","0","0","0","0","0","0","0","0","0","0","0","3","0","0","0","0","0","0","0","0","0","0","0","0","0","0","0","0","0","0","0","0","0","0","2","0","0","0","1","1","0","0","0","0","0","0","0","0","0","0","0","0","0","0","12","5","0","0","0","0","0","0","0","0","0","0","0","0","1","0","0","0","0","0","0","0","0","0","0","0","0","2","0","0","0","1","1","0","0","0","0","0","0","0","0","0","0","0","0","0","0","145","6","0","0","0","0","0","2","0","0","0","0","0","0","35","3","0","0","16","17","0","0","0","0","0","0","12","1","0","0","0","8","3","0","0","0","0","0","0","0","2","0","0","0","0","0","1","0","0","0","0","0","0","0","0","0","0","0","0","0","0","0","0","0","0","0","0","0","0","0","0","0","0","0","0","0","0","0","0","0","0","0","0","0","0","0","0","0","0","0","0","0","0","0","0","0","8","0"
"06-250 Kachemak-Fritz Creek","216","0","1","0","1","0","0","0","0","0","0","0","0","20","2","0","7","0","0","4","2","0","0","3","0","0","0","0","5","0","0","0","0","1","1","0","0","0","0","0","1","0","0","0","0","2","0","0","0","0","0","1","0","0","0","0","0","0","0","0","1","0","0","0","0","0","0","0","0","0","0","0","0","2","0","0","0","0","1","0","0","0","0","0","0","0","0","0","0","0","0","0","0","13","7","0","0","2","0","0","1","2","0","0","0","0","0","1","0","0","0","0","0","2","0","0","0","0","0","0","0","0","0","0","0","0","0","0","0","0","0","0","0","0","0","0","0","0","0","0","205","10","0","2","0","0","4","4","0","0","0","0","0","0","58","2","3","0","22","14","0","3","0","1","0","2","15","4","1","0","0","9","5","0","3","0","0","0","0","1","2","0","0","0","0","0","0","1","0","0","0","0","1","0","0","0","0","0","0","0","0","0","0","0","0","0","0","0","0","0","0","0","0","0","0","0","1","0","0","0","0","0","0","0","0","0","0","0","0","0","0","0","0","0","0","0","8","0"
"06-260 Kasilof","592","0","2","0","3","0","0","0","0","0","0","0","0","45","5","0","19","0","0","3","5","0","0","0","0","0","0","0","14","1","1","0","0","4","5","1","0","0","0","0","3","0","0","0","0","2","1","0","0","0","4","1","0","0","0","0","0","0","0","0","1","0","0","0","0","0","0","3","0","0","0","0","0","2","0","0","0","1","0","0","0","0","0","0","0","0","0","0","0","0","0","0","0","46","7","0","0","4","1","0","0","0","0","0","0","0","0","1","0","2","0","0","0","3","0","0","0","0","0","0","1","0","0","0","0","0","0","0","0","0","0","0","0","0","0","0","0","0","0","0","193","8","0","2","0","0","1","2","0","0","0","0","0","0","21","1","2","0","19","10","0","2","0","0","0","0","7","0","1","0","0","1","10","0","1","0","0","0","0","0","0","0","0","0","0","0","0","0","0","1","0","0","4","0","0","0","0","0","0","0","0","0","0","0","0","0","0","0","0","0","0","0","0","0","0","0","0","0","0","0","0","0","0","0","0","0","0","0","0","0","0","0","0","0","0","0","18","2"
"06-270 Ninilchik","343","0","0","0","4","0","0","0","0","0","0","0","0","30","6","0","10","1","0","0","1","0","0","2","1","0","0","0","2","0","0","0","0","0","2","0","0","1","0","0","0","0","1","0","0","1","0","0","0","0","1","0","0","0","0","0","0","0","0","0","0","0","0","0","0","0","0","0","0","0","0","0","0","1","0","0","0","0","0","0","0","0","0","0","0","0","0","0","0","0","0","0","0","26","7","0","0","1","0","0","2","0","0","0","0","0","0","0","0","0","1","0","0","0","0","0","0","0","0","0","1","1","1","0","0","0","0","0","0","0","0","0","0","0","0","0","0","0","0","0","98","4","1","2","0","0","1","3","0","0","0","0","0","0","20","3","0","0","11","9","0","2","0","0","0","0","5","1","1","0","0","1","10","0","0","1","0","0","0","0","1","0","0","0","0","0","0","0","0","0","0","0","1","0","0","0","0","0","0","0","0","0","0","0","0","0","0","0","0","0","0","0","0","0","0","0","0","0","0","0","0","0","0","0","0","0","0","0","0","0","0","0","0","0","0","0","12","0"
"06-280 Seldovia-Kachemak Bay","51","0","0","0","0","0","0","0","0","0","0","0","0","5","2","0","2","0","0","0","0","0","0","0","0","0","0","0","1","0","0","0","0","0","1","0","0","0","0","0","0","0","0","0","0","1","0","0","0","0","1","0","0","0","0","0","0","0","0","0","0","0","0","0","0","0","0","0","0","0","0","0","0","1","0","0","0","0","0","0","0","0","0","0","0","0","0","0","0","0","0","0","0","3","0","0","0","0","0","0","0","0","0","0","0","0","0","0","0","0","0","0","0","0","0","0","0","0","0","0","0","0","0","0","0","0","0","0","0","0","0","0","0","0","0","0","0","0","0","0","53","1","1","0","0","0","0","2","0","0","0","0","0","0","7","0","0","0","2","4","0","1","0","0","0","1","1","1","0","0","0","2","2","0","0","0","0","0","0","1","3","0","0","0","0","0","0","0","0","0","0","0","0","0","0","0","0","0","0","0","0","0","0","0","0","0","0","0","0","0","0","0","0","0","0","0","0","0","0","0","0","0","0","0","0","0","0","0","0","0","0","0","0","0","0","0","10","1"
"07-005 Central","373","4","0","0","1","0","0","0","0","0","0","0","0","39","1","0","21","2","0","2","9","0","0","4","2","0","0","1","3","1","1","0","0","2","6","0","0","0","0","0","2","0","0","0","0","1","0","0","0","0","2","0","0","0","0","0","0","0","0","0","3","0","0","0","0","0","0","0","0","0","0","0","0","2","0","1","0","0","0","0","0","0","0","0","0","0","0","0","0","0","0","0","0","27","13","0","0","2","0","0","1","3","0","0","0","1","0","0","0","2","0","0","1","1","0","0","0","0","0","0","5","0","1","0","0","0","0","0","0","0","0","0","0","0","0","0","0","0","0","0","103","8","2","0","0","0","2","2","0","0","0","0","0","0","19","1","5","0","10","9","0","1","0","1","0","0","9","0","2","0","0","3","13","0","0","0","0","0","0","0","0","0","0","0","0","0","0","0","0","0","0","0","0","0","0","0","0","0","0","0","0","0","0","0","0","0","0","0","0","0","0","0","0","0","0","0","1","0","0","0","0","0","0","0","0","0","0","0","0","0","0","0","0","0","0","0","15","1"
"07-010 K Beach","471","1","0","0","3","0","0","0","0","0","0","0","0","45","9","0","28","3","0","4","9","0","0","1","1","0","0","0","7","0","4","0","0","0","3","0","0","0","0","0","1","0","0","0","0","0","0","0","0","0","2","0","0","1","0","0","0","0","0","0","0","0","0","0","0","0","0","0","0","0","0","0","0","1","0","0","0","0","0","0","0","0","0","0","0","0","0","0","0","0","0","0","0","19","16","1","0","4","0","0","1","1","0","0","0","0","0","1","0","2","0","0","0","1","0","0","0","0","0","0","2","1","4","0","0","1","0","0","0","0","1","0","0","0","0","0","0","0","0","0","122","18","0","0","0","0","1","5","0","0","0","0","0","0","21","2","2","0","10","19","1","1","0","0","1","0","9","6","4","0","0","3","9","0","1","0","0","0","0","0","0","0","0","0","0","0","0","0","0","0","0","0","1","0","0","0","0","0","0","0","0","0","0","0","0","0","0","0","0","0","0","0","0","0","0","0","0","0","0","0","0","0","0","0","0","0","0","0","0","0","0","0","0","0","0","0","15","1"
"07-015 Kenai No. 1","320","0","2","0","3","0","0","0","0","0","0","0","0","31","6","0","19","2","0","5","10","0","0","0","2","0","0","2","10","0","4","0","0","2","2","0","0","0","0","0","1","0","1","0","0","1","0","0","0","0","1","0","0","0","0","0","0","0","0","0","0","0","0","0","0","0","0","1","0","0","0","0","0","2","0","0","0","1","0","0","0","0","0","0","0","0","0","0","0","0","0","0","0","35","9","0","0","5","0","0","2","3","0","0","0","0","0","1","0","2","0","0","0","1","0","0","0","0","0","0","0","0","6","0","1","1","0","0","0","0","0","0","0","0","0","0","0","0","0","0","131","6","1","7","0","0","0","2","0","0","0","0","0","0","23","4","3","0","11","15","0","1","0","0","0","1","9","0","3","0","0","2","15","0","0","0","0","0","0","0","1","0","0","0","0","0","1","0","0","0","0","0","2","0","0","0","0","0","0","0","0","0","0","0","0","0","0","0","0","0","0","0","0","0","0","0","0","1","0","0","0","0","0","0","0","0","0","0","0","0","0","0","0","0","0","0","17","4"
"07-020 Kenai No. 2","220","1","0","0","2","0","0","0","1","0","0","0","0","24","3","0","9","0","0","2","7","0","0","1","2","0","0","0","1","0","3","0","0","1","4","0","0","0","0","0","2","0","0","0","1","0","0","0","0","0","3","0","0","0","0","0","0","0","0","0","0","0","0","0","0","0","0","0","0","0","0","0","0","0","0","0","0","0","0","0","0","0","0","0","0","0","0","0","0","0","0","0","0","11","3","0","0","1","0","0","0","2","0","0","0","1","0","1","1","3","0","0","1","1","0","0","0","0","0","0","1","0","2","0","0","1","0","0","0","0","0","0","0","0","0","0","0","0","0","0","76","3","1","1","0","0","2","2","0","0","0","0","0","0","12","2","1","0","4","9","0","0","0","0","0","1","3","3","2","0","0","0","4","0","0","0","0","0","0","0","0","0","0","0","0","0","0","0","0","0","0","0","0","0","0","0","0","0","0","0","0","0","0","0","0","0","0","0","0","0","0","0","0","0","0","0","0","0","0","0","0","0","0","0","0","0","0","0","0","0","0","0","0","0","0","0","6","0"
"07-025 Kenai No. 3","163","0","0","0","0","0","0","0","0","0","0","0","0","12","0","0","12","0","0","0","5","0","0","0","0","0","0","0","1","0","0","0","0","0","3","0","0","0","0","0","1","0","0","0","1","0","0","0","0","0","0","0","0","0","0","0","0","0","0","0","0","0","0","0","0","0","0","0","0","0","0","0","0","0","0","0","0","0","0","0","0","0","0","0","0","0","0","0","0","0","0","0","0","8","2","0","0","1","0","0","0","2","0","0","0","0","0","1","0","1","0","0","0","1","0","0","0","0","0","0","1","1","0","0","0","0","0","0","0","0","0","0","0","0","0","0","0","0","0","0","67","6","1","3","0","0","0","3","0","0","0","0","0","1","15","0","0","0","5","5","0","1","0","0","0","0","5","0","4","0","0","1","1","0","0","0","0","0","0","0","0","0","0","0","0","0","0","0","0","0","0","0","1","0","0","0","0","0","0","0","0","0","0","0","0","0","0","0","0","0","0","0","0","0","0","0","0","0","0","0","0","0","0","1","0","0","0","0","0","0","0","0","0","0","0","0","6","0"
"07-030 Soldotna","385","3","0","0","5","1","0","1","0","0","0","0","0","39","5","0","18","1","0","2","9","0","0","0","3","0","0","0","9","0","1","0","0","1","4","0","0","0","0","0","3","0","0","0","0","0","0","0","0","0","8","0","0","1","0","0","0","0","0","0","0","0","0","0","0","0","0","0","0","1","0","0","0","0","0","0","0","0","0","0","0","0","0","0","0","0","0","0","0","0","1","0","0","34","11","1","0","3","0","0","1","3","0","0","0","0","0","0","0","4","0","0","0","4","0","0","0","0","0","0","1","0","2","0","0","1","0","0","0","0","0","0","0","0","0","0","0","0","0","0","149","19","0","1","0","0","1","1","0","0","0","0","0","0","29","2","2","0","10","10","0","0","0","0","0","1","3","1","2","0","0","9","13","0","0","0","0","0","1","0","0","0","0","0","0","0","0","0","0","0","0","0","5","0","0","0","0","0","0","0","0","0","0","0","0","0","0","0","0","0","0","0","0","0","0","0","0","0","0","0","0","0","0","0","1","0","0","0","0","0","0","0","0","0","0","0","19","1"
"08-035 Bear Creek","218","2","1","0","3","0","0","1","0","0","0","0","0","28","2","0","20","0","0","0","2","0","0","3","0","0","0","0","6","1","1","0","0","0","1","0","0","0","0","0","2","0","0","0","0","1","0","0","0","0","1","1","0","0","0","0","0","1","0","0","0","0","0","1","0","0","0","0","0","0","0","0","0","1","1","0","0","0","0","0","0","0","0","0","0","0","0","0","0","0","0","0","0","14","1","0","0","1","0","0","1","2","0","0","0","0","0","3","0","1","0","0","0","0","0","0","0","0","0","0","1","1","1","0","0","0","0","0","0","0","1","0","0","0","0","0","1","0","0","0","155","5","0","2","0","0","1","3","0","0","0","0","0","1","33","0","3","0","13","20","0","1","0","0","0","0","11","1","1","0","0","2","4","0","2","0","0","0","0","1","4","0","0","0","0","0","0","0","0","0","0","0","0","0","0","0","0","0","0","0","0","0","0","0","0","0","0","0","0","0","0","0","0","0","0","0","0","0","0","0","0","0","0","0","0","0","0","0","0","0","0","0","0","0","0","0","8","0"
"08-040 Cooper Landing","59","2","1","0","1","0","0","0","0","0","0","0","0","4","0","0","2","0","0","0","0","0","0","0","0","0","0","0","0","0","0","0","0","0","0","0","0","0","0","0","0","0","0","0","0","0","0","0","0","0","0","0","0","0","0","0","1","0","0","0","0","0","0","0","0","0","0","0","0","0","0","0","0","0","0","0","0","0","0","0","0","0","0","0","0","0","0","0","0","0","0","0","0","2","0","0","0","0","0","0","0","0","0","0","0","0","0","0","0","0","0","0","0","0","0","0","0","0","0","0","0","0","0","0","0","0","0","0","0","0","0","0","0","0","0","0","0","0","0","0","47","0","0","1","0","0","1","1","0","0","0","0","0","0","11","0","0","0","3","6","0","0","0","0","0","0","2","0","0","0","0","2","1","0","0","0","0","0","0","0","0","0","0","0","0","0","0","0","0","0","0","0","0","0","0","0","0","0","0","0","0","0","0","0","0","0","0","0","0","0","0","0","0","0","0","0","0","0","0","0","0","0","0","0","0","0","0","0","0","0","0","0","0","0","0","0","0","0"
"08-045 Funny River No. 1","193","1","1","0","2","0","0","0","0","0","0","0","0","14","2","0","8","0","0","1","4","0","0","1","1","0","0","0","2","0","0","0","0","0","0","0","0","0","0","0","1","0","0","0","0","0","0","0","0","0","0","0","0","0","0","0","0","0","0","0","0","0","0","0","0","0","0","0","0","0","0","0","0","0","0","0","0","0","0","0","0","0","0","0","0","0","0","0","0","0","0","0","0","20","1","0","0","0","0","0","0","0","0","0","0","0","0","0","0","0","0","0","0","0","0","0","0","0","0","0","0","0","0","0","0","0","0","0","0","0","0","0","0","0","0","0","0","0","0","0","50","3","0","2","0","0","0","0","0","0","0","0","0","0","9","0","1","0","4","7","0","1","1","0","0","0","2","0","0","0","0","2","3","0","1","0","0","0","0","0","0","0","0","0","0","0","0","0","0","0","0","0","0","0","0","0","0","0","0","0","0","0","0","0","0","0","0","0","0","0","0","0","0","0","0","0","0","0","0","0","0","0","0","0","0","0","0","0","0","0","0","0","0","0","0","0","2","0"
"08-050 Funny River No. 2","153","0","0","0","0","0","0","0","0","0","0","0","0","25","2","0","8","0","0","1","3","0","0","0","0","0","0","0","1","0","0","0","0","1","1","0","0","0","0","0","0","0","0","0","0","0","0","0","0","0","0","0","0","0","0","0","0","0","0","0","0","0","0","0","0","0","0","1","0","0","0","0","0","0","0","0","0","0","0","0","0","0","0","0","0","0","0","0","0","0","0","0","0","4","4","0","0","0","0","0","1","1","0","0","0","0","0","0","0","0","0","0","1","1","0","0","0","0","0","0","0","0","0","0","0","0","0","0","0","0","0","0","0","0","0","0","0","0","0","0","35","4","0","1","0","0","0","1","0","0","0","0","0","0","4","1","1","0","3","2","0","0","0","0","0","0","2","0","1","0","0","0","1","0","0","0","0","0","0","0","0","0","0","0","0","0","0","0","0","0","0","0","0","0","0","0","0","0","0","0","0","0","0","0","0","0","0","0","0","0","0","0","0","0","0","0","0","0","0","0","0","0","0","0","0","0","0","0","0","0","0","0","0","0","0","0","10","0"
"08-055 Hope","17","0","0","0","1","0","0","0","0","0","0","0","0","1","0","0","1","0","0","0","0","0","0","0","0","0","0","0","0","0","0","0","0","0","0","0","0","0","0","0","0","0","0","0","0","0","0","0","0","0","0","0","0","0","0","0","0","0","0","0","0","0","0","0","0","0","0","0","0","0","0","0","0","0","0","0","0","0","0","0","0","0","0","0","0","0","0","0","0","0","0","0","0","1","0","0","0","0","0","0","0","0","0","0","0","0","0","0","0","0","0","0","0","0","0","0","0","0","0","0","0","0","0","0","0","0","0","0","0","0","0","0","0","0","0","0","0","0","0","0","30","1","0","0","0","0","0","0","0","0","0","0","0","0","1","0","1","0","4","2","0","0","0","1","0","0","1","0","0","0","0","1","1","0","1","0","0","0","1","0","1","0","0","0","0","0","0","0","0","0","0","0","0","0","0","0","0","0","0","0","0","0","0","0","0","0","0","0","0","0","0","0","0","0","0","0","0","0","0","0","0","0","0","0","0","0","0","0","0","0","0","0","0","0","0","0","2","0"
"08-060 Mackey Lake","292","4","2","0","3","0","0","0","0","0","0","0","0","25","5","0","17","3","0","0","3","0","0","0","1","0","0","0","4","1","4","0","0","1","1","0","0","0","0","0","3","0","0","0","0","0","0","0","0","0","0","0","0","0","0","0","0","0","0","0","0","0","0","0","0","0","0","0","0","0","0","0","0","3","0","1","0","0","0","0","0","0","0","0","0","0","0","0","0","0","0","0","0","10","2","0","0","1","1","0","0","1","0","0","0","0","0","0","0","1","0","0","0","0","0","0","0","0","0","0","0","0","0","0","1","0","0","0","0","0","0","0","0","0","0","0","0","0","0","0","68","7","0","3","0","0","1","6","0","0","0","0","0","0","17","2","2","0","7","7","0","3","0","0","0","0","2","1","2","0","0","2","2","0","0","0","0","0","0","0","2","0","0","0","0","0","0","0","0","0","0","0","1","1","0","0","0","0","0","0","0","0","0","0","0","0","0","0","0","0","0","0","0","0","0","0","0","0","0","0","0","0","0","0","0","0","0","0","0","0","0","0","0","0","0","0","13","0"
"08-065 Moose Pass","61","0","0","0","0","0","0","0","0","0","0","0","0","9","0","0","2","0","0","0","1","0","0","0","0","0","0","0","0","0","1","0","0","0","0","0","0","0","0","0","0","0","0","0","0","0","0","0","0","0","0","0","0","0","0","0","0","0","0","0","0","0","0","0","0","0","0","0","0","0","0","0","0","0","0","0","0","0","0","0","0","0","0","0","0","0","0","0","0","0","0","0","0","5","2","0","0","0","0","0","0","0","0","0","0","0","0","0","0","0","0","0","0","0","0","0","0","0","0","0","0","0","0","0","0","0","0","0","0","0","0","0","0","0","0","0","0","0","0","0","55","0","0","1","0","0","1","0","0","0","0","0","0","0","10","0","0","0","1","4","0","0","0","0","0","0","3","1","1","0","0","0","1","0","0","0","0","0","0","0","0","0","0","0","0","0","0","0","0","0","0","0","0","0","0","0","0","0","0","0","0","0","0","0","0","0","0","0","0","0","0","0","0","0","0","0","0","0","0","0","0","0","0","0","0","0","0","0","0","0","0","0","0","0","0","0","2","0"
"08-070 Nikiski","458","3","3","0","7","0","0","0","0","0","0","0","0","49","2","0","25","1","0","3","6","0","0","2","2","0","0","0","7","0","2","0","0","0","2","0","0","0","0","0","3","0","0","0","0","2","0","0","0","0","0","1","0","0","0","0","0","0","0","0","0","0","0","1","0","0","0","0","0","0","0","0","0","0","0","0","0","0","0","0","0","0","0","0","0","0","0","0","0","0","0","0","0","20","21","1","0","4","1","0","0","1","0","0","0","0","0","0","0","1","0","0","0","0","0","0","0","0","0","0","0","3","2","0","0","0","1","0","0","0","0","0","0","0","0","0","0","0","0","0","93","8","1","2","0","0","1","1","0","0","0","0","0","0","14","0","1","0","8","7","0","0","0","0","0","0","3","0","2","0","0","1","7","0","0","0","0","0","0","0","1","0","0","0","0","0","0","0","0","2","0","0","1","0","0","0","0","0","0","0","0","0","0","0","0","0","0","0","0","0","0","0","0","0","0","0","0","0","0","0","0","0","0","0","0","0","0","0","0","0","0","0","0","0","0","0","16","0"
"08-075 Salamatof","443","2","2","0","8","2","0","0","0","0","0","0","0","32","0","0","19","2","0","1","4","0","0","1","3","0","0","1","4","0","5","0","0","2","2","0","0","0","0","0","0","0","1","1","0","1","0","0","0","0","0","0","0","1","0","0","0","0","0","0","1","0","0","0","0","0","0","0","0","0","0","0","0","0","0","0","0","0","0","0","0","0","0","0","0","0","0","0","0","0","0","0","0","36","11","1","0","0","0","0","1","3","0","0","0","0","0","2","0","2","0","0","0","2","0","0","0","1","0","0","0","0","3","0","1","2","0","0","0","0","0","0","0","0","0","1","0","0","0","0","73","4","0","2","0","0","0","2","0","0","0","0","0","0","16","0","1","0","13","19","0","0","0","0","0","1","4","3","3","0","0","1","5","0","0","0","0","0","0","0","0","0","0","0","0","0","0","1","0","0","0","0","3","0","0","0","0","0","0","0","0","0","0","0","0","0","0","0","0","0","0","0","0","0","0","0","0","0","0","1","0","0","0","0","0","0","0","0","0","0","0","0","0","0","0","0","11","1"
"08-080 Sterling No. 1","401","2","3","0","2","0","0","0","0","0","0","0","0","51","2","0","18","1","0","3","2","0","0","0","1","0","0","0","8","0","6","0","0","0","0","0","0","0","0","0","0","0","0","0","0","2","0","0","0","0","2","0","0","0","0","0","0","0","0","0","0","0","0","0","0","0","0","0","0","0","0","0","0","1","0","0","0","0","1","0","0","0","0","0","0","0","0","0","0","0","0","0","0","16","10","0","0","2","0","0","0","1","0","0","0","0","0","1","0","3","0","0","0","0","0","0","0","0","0","0","2","0","1","0","0","2","0","0","0","0","0","0","0","0","0","1","0","0","0","0","87","6","0","3","0","0","2","0","0","0","1","0","0","0","15","2","5","0","5","11","0","1","0","0","0","0","4","0","2","0","0","3","3","0","1","0","0","0","0","0","0","0","0","0","0","0","0","0","0","0","0","0","0","0","0","0","0","0","0","0","0","0","0","0","0","0","0","0","0","0","0","0","0","0","0","0","0","0","0","0","0","0","0","0","0","0","0","0","0","0","0","0","0","0","0","0","11","0"
"08-085 Sterling No. 2","499","2","2","0","4","0","0","0","0","0","0","0","0","50","4","0","13","0","0","2","3","0","0","0","5","1","1","0","6","0","3","0","0","2","1","0","0","0","0","0","1","0","0","0","1","0","0","0","1","0","3","0","0","0","0","0","0","0","0","0","0","0","0","1","0","0","0","0","0","0","0","0","0","1","0","0","0","0","0","0","0","0","0","0","0","0","0","0","0","0","0","0","0","22","6","0","0","2","0","0","1","1","0","0","0","0","0","0","0","0","0","0","0","0","0","0","0","0","0","0","1","0","1","0","0","0","0","0","0","0","0","0","0","0","0","0","0","0","0","0","95","10","0","6","0","0","2","2","0","0","0","0","0","0","16","0","0","0","8","6","0","0","0","1","0","0","7","0","1","0","0","3","2","0","0","0","0","0","0","0","0","0","0","0","0","0","0","0","0","0","0","0","0","0","0","0","0","0","0","0","0","0","0","0","0","0","0","0","0","0","0","0","0","0","0","0","0","0","0","0","0","0","0","0","0","0","0","0","0","0","0","0","0","0","0","0","19","0"
"09-105 Girdwood","127","1","2","0","4","0","0","0","1","0","0","0","0","17","1","0","4","1","0","1","1","0","0","1","0","0","1","0","5","0","2","0","0","1","3","0","0","0","0","0","0","0","0","0","0","1","0","0","0","0","3","0","0","0","0","0","0","0","0","0","0","0","0","0","0","0","0","2","0","0","0","0","0","2","0","0","0","1","1","0","1","0","0","0","0","0","0","0","0","0","0","0","0","6","3","0","0","0","0","0","0","2","0","0","0","0","0","0","0","0","0","0","0","0","0","0","0","0","0","0","1","0","1","0","0","1","0","0","0","0","0","0","0","0","0","0","0","0","0","0","304","17","1","9","0","0","1","4","0","0","0","0","0","0","87","4","5","0","46","43","0","6","0","1","0","1","19","1","14","0","0","19","22","0","0","0","2","0","1","0","6","0","0","0","1","0","1","0","0","1","0","0","1","0","0","0","0","0","1","0","0","0","0","0","0","0","0","0","0","0","0","0","0","0","0","0","0","0","0","0","0","0","0","0","0","0","0","0","0","0","0","0","0","0","0","0","13","1"
"09-110 Indian","39","0","1","0","0","0","0","0","0","0","0","0","0","2","0","0","0","0","0","0","0","0","0","0","0","0","0","0","0","0","0","0","0","0","0","0","0","0","0","0","0","0","0","0","0","0","0","0","0","0","1","0","0","0","0","0","0","0","0","0","0","0","0","0","0","0","0","0","0","0","0","0","0","0","0","0","0","0","0","0","0","0","0","0","0","0","0","0","0","0","0","0","0","4","0","0","0","0","0","0","0","1","0","0","0","0","0","0","0","0","0","0","0","0","0","0","0","0","0","0","1","0","0","0","0","0","0","0","0","0","0","0","0","0","0","0","0","0","0","0","56","1","0","0","0","0","0","0","0","0","0","0","0","0","7","0","0","0","6","2","0","0","0","0","0","0","2","0","0","0","0","0","3","0","0","0","0","0","0","0","1","0","0","0","0","0","0","0","0","0","0","0","2","0","0","0","0","0","0","0","0","0","0","0","0","0","0","0","0","0","0","0","0","0","0","0","0","0","0","0","0","0","0","0","0","0","0","0","0","0","0","0","0","0","0","0","2","0"
"09-115 South Anchorage No. 1","433","4","6","0","6","1","0","0","2","0","0","0","0","43","5","0","15","1","0","4","11","0","0","5","2","0","1","0","20","1","4","0","0","2","5","0","0","0","0","0","0","0","0","0","0","1","0","0","0","0","3","0","0","0","0","0","0","0","0","0","1","0","0","0","0","0","0","1","0","0","0","0","0","4","0","0","0","1","2","0","0","0","0","0","0","0","0","0","0","0","0","0","0","12","8","0","0","1","0","0","3","2","0","0","0","0","1","1","0","0","0","0","0","2","0","0","0","0","0","0","1","0","1","0","0","0","0","0","0","0","0","0","0","0","0","0","0","0","0","0","286","19","2","13","0","0","1","7","0","0","0","0","0","0","46","2","1","0","27","46","0","1","0","0","0","0","10","3","8","0","0","12","27","0","1","0","0","0","0","1","2","0","0","0","0","0","0","1","0","1","0","0","0","0","0","0","0","0","0","0","0","0","0","0","0","0","0","0","0","0","0","0","0","0","0","0","0","0","0","0","0","0","0","0","0","0","0","0","0","0","0","0","0","0","0","0","7","0"
"09-120 South Anchorage No. 2","560","4","7","0","10","0","0","0","1","0","0","0","0","43","5","0","21","3","0","3","4","0","0","1","1","0","1","0","9","1","0","0","0","1","1","0","0","0","0","0","1","0","0","0","0","0","0","0","0","0","2","1","0","0","0","0","0","1","0","0","0","0","0","2","0","0","0","0","0","0","0","0","0","2","0","0","0","0","0","0","0","0","0","0","0","0","0","0","0","0","0","0","0","15","5","0","0","3","0","1","0","2","0","0","0","0","0","1","0","1","0","0","0","1","0","0","0","0","0","0","0","0","1","0","0","0","0","0","0","0","0","0","0","0","0","0","0","0","0","0","247","34","3","9","0","0","4","6","0","0","1","0","1","0","52","9","6","0","26","31","0","3","0","0","0","0","10","3","5","0","0","6","24","0","2","0","0","0","0","0","2","0","0","0","0","2","1","0","0","2","0","0","0","0","0","0","0","0","0","0","0","0","0","1","0","0","0","0","0","0","0","0","0","0","0","0","0","0","0","0","0","0","0","0","0","0","0","0","0","0","0","0","0","1","0","0","9","1"
"09-125 South Anchorage No. 3","421","0","1","0","6","0","0","0","1","0","0","0","0","52","2","0","17","1","0","4","3","0","0","3","2","0","1","0","5","0","1","0","0","2","5","0","0","0","0","0","1","0","0","0","0","0","1","0","0","0","2","0","0","0","0","0","0","0","0","0","1","0","0","0","0","0","1","0","0","0","0","0","0","1","0","0","0","1","1","0","0","0","0","0","0","0","0","0","0","0","0","0","0","15","5","0","0","1","0","0","0","1","0","0","0","0","0","0","0","1","0","0","0","3","0","0","1","0","0","0","0","0","0","0","0","1","0","0","0","0","0","0","0","0","0","0","0","0","1","0","262","18","1","4","0","0","4","5","0","0","0","0","0","0","52","3","3","0","27","34","0","2","0","0","0","2","10","5","2","0","0","9","14","0","1","0","0","0","0","0","1","0","0","1","0","0","0","0","0","1","0","0","2","0","0","0","0","0","0","0","0","0","0","0","0","0","0","0","0","0","0","0","0","0","0","0","0","0","0","0","0","0","0","0","0","0","0","0","0","0","0","0","0","0","0","0","6","1"
"09-130 South Anchorage No. 4","469","3","5","0","7","1","0","0","1","0","0","0","0","38","9","0","14","1","0","2","1","0","0","1","2","0","1","0","19","0","3","0","0","1","5","0","0","0","0","0","2","0","1","0","0","0","0","0","0","0","4","0","0","0","0","0","0","0","0","0","1","0","0","0","0","0","0","0","0","0","0","0","0","3","0","0","0","0","0","0","0","0","0","0","0","0","0","0","0","0","0","0","0","5","2","0","0","1","0","0","0","0","0","0","0","0","0","0","0","0","0","0","0","2","0","0","0","0","0","0","1","1","0","0","0","0","0","0","0","0","0","0","0","0","0","0","0","0","0","0","293","43","0","10","0","0","2","4","0","0","0","0","0","0","35","3","8","0","25","37","0","3","1","1","0","2","9","3","4","0","0","10","13","0","0","0","0","0","0","0","1","0","0","1","1","0","1","0","0","0","0","0","1","0","0","0","0","0","0","0","0","0","0","0","0","0","0","0","0","0","0","0","0","0","0","0","0","0","0","0","0","0","0","0","0","0","0","0","0","0","0","0","0","0","0","0","12","0"
"09-135 South Anchorage No. 5","198","1","1","0","1","1","0","0","0","0","0","0","0","16","6","0","3","0","0","0","4","0","0","1","1","0","0","0","8","0","0","0","0","0","5","0","0","0","0","0","1","0","1","0","0","0","0","0","0","0","0","0","1","0","0","0","0","0","0","0","0","0","0","0","0","0","0","0","0","0","0","0","0","1","0","0","0","1","0","0","0","0","0","0","0","0","0","0","0","0","0","0","0","3","2","0","0","0","0","0","0","0","0","0","0","0","0","0","0","1","0","0","0","0","0","0","0","0","0","0","1","0","0","0","0","1","0","0","0","0","0","0","0","0","0","0","0","0","0","0","137","10","0","1","0","0","1","0","0","0","0","0","0","0","17","1","3","0","22","13","0","0","1","2","1","1","11","1","0","0","0","5","6","0","1","0","0","0","0","0","2","0","0","0","0","0","0","0","1","2","0","0","1","0","0","0","0","0","0","0","0","0","0","0","0","0","0","0","0","0","0","0","0","0","0","0","0","0","0","0","0","0","0","0","0","0","0","0","0","0","0","0","0","0","0","0","1","0"
"09-140 Stuckagain Heights","48","3","0","0","3","0","0","0","0","0","0","0","0","2","3","0","0","0","0","0","0","0","0","0","0","0","0","0","2","0","0","0","0","0","1","0","0","0","0","0","0","0","0","0","0","0","0","0","0","0","0","0","0","0","0","0","0","0","0","0","0","0","0","0","0","0","0","0","0","0","0","0","0","1","0","0","0","0","0","0","0","0","0","0","0","0","0","0","0","0","0","0","0","0","0","0","0","0","0","0","0","0","0","0","0","0","0","0","0","0","0","0","0","0","0","0","0","0","0","0","0","0","0","0","0","0","0","0","0","0","0","0","0","0","0","0","0","0","0","0","57","5","0","0","0","0","0","2","0","0","0","0","0","0","9","0","0","0","3","4","0","0","0","0","0","0","4","0","0","0","0","2","5","0","1","0","0","0","0","0","1","0","0","0","0","0","1","0","0","0","0","0","0","0","0","0","0","0","0","0","0","0","0","0","0","0","0","0","0","0","0","0","0","0","0","0","0","0","0","0","0","0","0","0","0","0","0","0","0","0","0","0","0","0","0","0","2","0"
"09-145 Whittier","38","0","0","0","2","0","0","0","0","0","0","0","0","0","0","0","3","0","0","0","0","0","0","0","0","0","0","0","0","0","0","0","0","0","0","0","0","0","0","0","0","0","0","0","0","0","0","0","0","0","0","0","0","0","0","0","0","0","0","0","0","0","0","0","0","0","0","0","0","0","0","0","0","0","0","0","0","0","0","0","0","0","0","0","0","0","0","0","0","0","0","0","0","0","0","0","0","0","0","0","0","0","0","0","0","0","0","0","0","0","0","0","0","0","0","0","0","0","0","0","0","0","0","0","0","1","0","0","0","0","0","0","0","0","0","0","0","0","0","0","14","5","0","2","0","0","0","0","0","0","0","0","0","0","3","1","0","0","0","4","0","0","0","0","0","0","0","0","0","0","0","2","3","0","0","0","0","0","0","0","0","0","0","0","0","0","0","0","0","0","0","0","0","0","0","0","0","0","0","0","0","0","0","0","0","0","0","0","0","0","0","0","0","0","0","0","0","0","0","0","0","0","0","0","0","0","1","0","0","0","0","0","0","0","0","0","4","0"
"10-150 Dimond","252","4","2","0","5","0","0","1","0","0","0","0","0","26","7","1","24","3","0","2","4","0","0","1","0","0","0","0","10","0","1","0","0","1","8","0","0","0","0","0","2","0","0","0","0","0","0","0","0","0","7","0","0","1","0","0","0","0","0","0","0","0","0","1","0","0","0","3","0","0","0","0","0","4","0","1","0","0","5","0","0","0","0","0","0","0","0","0","0","0","0","0","0","18","4","0","0","2","0","0","1","0","0","0","0","0","0","0","2","1","0","0","0","2","0","0","0","0","0","0","3","0","2","0","0","1","0","0","0","0","0","0","0","0","0","0","0","0","0","0","200","20","0","4","0","0","3","10","0","0","0","0","0","0","41","1","2","0","17","43","0","3","0","0","0","0","9","2","8","0","0","6","14","0","1","0","2","0","0","1","0","0","0","0","0","0","0","0","0","0","0","0","0","1","0","0","1","0","0","0","0","0","0","0","0","0","0","0","0","0","0","0","0","0","0","0","0","0","0","0","0","0","0","0","0","0","0","0","0","0","0","0","0","0","0","0","22","1"
"10-155 Oceanview No. 1","381","1","0","0","8","0","0","0","0","0","0","0","0","34","0","0","19","0","0","2","11","0","0","1","3","0","0","1","22","3","4","0","0","2","9","0","0","0","0","0","1","0","0","0","0","0","0","0","0","0","4","1","0","0","0","0","0","0","0","0","0","0","0","0","0","0","0","1","0","0","0","0","1","3","2","0","0","0","0","0","0","0","0","0","0","0","0","0","0","0","0","0","0","8","4","0","0","2","0","0","0","0","0","0","0","0","0","0","0","1","0","0","0","0","0","0","0","0","0","0","0","1","0","0","1","1","0","0","0","0","0","0","1","0","0","0","0","0","0","0","295","23","0","5","0","0","2","13","0","0","0","0","0","0","37","3","6","0","25","51","0","3","0","0","0","0","8","1","5","0","0","8","7","0","1","0","0","0","0","0","1","0","0","0","0","0","0","0","0","0","0","0","2","0","0","0","0","0","0","0","0","0","0","0","0","0","0","0","0","0","0","0","0","0","1","0","0","0","0","0","0","0","0","0","0","0","0","0","0","0","0","0","0","0","0","0","15","0"
"10-160 Oceanview No. 2","260","0","1","0","0","0","0","0","0","0","0","0","0","27","6","0","8","1","0","3","4","0","0","1","1","0","0","0","13","0","0","0","0","1","3","0","0","0","0","0","1","0","0","0","0","0","0","0","0","0","0","0","0","0","0","0","0","0","0","0","0","0","0","0","0","0","0","1","0","0","0","0","0","1","0","0","0","0","3","0","0","0","0","0","0","0","0","0","0","0","0","0","0","12","2","0","0","2","0","0","0","2","0","0","0","0","0","1","0","0","0","0","0","3","0","0","0","0","0","0","0","0","0","0","1","1","0","0","0","0","0","0","0","0","0","0","0","0","0","0","196","21","1","3","0","0","0","4","0","0","0","0","0","0","29","4","1","0","19","26","0","1","1","1","0","0","9","1","3","0","0","2","8","0","0","0","0","0","0","0","0","0","0","0","0","0","0","0","0","0","0","0","1","0","0","0","0","0","0","0","0","1","0","0","0","0","0","0","0","0","0","0","0","0","0","0","0","0","0","0","0","0","0","0","0","0","0","0","0","0","0","0","0","0","0","0","24","3"
"10-165 Oceanview No. 3","350","1","0","0","6","0","0","0","0","0","0","0","0","29","10","1","21","0","0","4","7","0","0","0","3","0","1","1","14","0","4","0","0","0","2","0","0","1","0","0","2","0","0","0","0","0","1","0","0","0","5","0","0","0","0","0","1","0","0","0","0","0","0","0","0","0","1","3","0","0","0","0","0","1","1","1","0","0","2","0","0","0","0","0","0","0","0","0","0","0","0","0","0","15","2","0","0","1","0","0","0","1","0","0","0","0","0","1","0","0","0","0","0","3","0","0","1","0","0","1","0","0","0","0","0","3","0","0","0","0","0","0","0","0","0","0","0","0","0","0","227","19","0","3","0","0","0","9","0","0","0","0","0","0","44","3","6","0","24","54","0","1","0","0","0","0","11","1","7","0","0","11","13","1","1","0","1","0","1","1","1","0","0","0","0","0","0","0","0","0","0","1","1","0","0","0","0","0","1","0","0","0","0","0","0","0","0","0","0","0","0","0","0","0","1","0","0","0","0","0","0","0","0","0","0","0","0","0","0","0","0","0","0","0","0","0","14","3"
"10-170 Oceanview No. 4","310","1","0","0","5","0","0","0","0","0","0","0","0","29","2","0","12","3","1","3","6","0","0","3","1","0","0","0","18","0","3","0","0","2","6","0","0","0","0","0","3","0","0","0","0","0","0","0","0","0","1","0","0","0","0","0","0","0","0","0","0","0","0","1","0","0","0","2","0","0","0","0","0","3","1","0","0","0","0","0","0","0","0","0","0","0","0","0","0","0","0","0","0","4","1","0","0","0","0","0","3","1","0","0","0","0","0","0","0","0","0","0","0","0","0","0","0","0","0","0","0","1","0","0","1","1","0","0","0","0","0","0","0","0","0","0","0","0","0","0","225","17","1","2","0","0","2","4","0","0","0","0","0","0","38","3","3","0","19","36","0","3","0","1","1","2","8","1","5","0","0","11","9","0","2","0","0","0","0","0","1","1","0","0","0","0","0","0","0","1","0","0","0","0","0","0","0","0","0","0","0","0","0","0","0","0","0","0","0","0","0","0","0","0","0","0","0","0","0","0","0","0","0","0","0","0","0","0","0","0","0","0","0","0","0","0","8","2"
"10-175 Oceanview No. 5","244","1","1","0","2","0","0","0","0","0","0","0","0","32","3","0","8","1","0","2","4","0","0","1","0","0","0","0","12","0","3","0","0","1","7","0","0","0","0","0","1","0","0","0","0","1","0","0","0","0","4","0","0","0","0","0","0","0","0","0","0","0","0","1","0","0","1","0","0","0","0","0","0","4","0","0","0","1","1","0","0","0","0","0","0","0","0","0","0","0","0","0","0","16","1","1","0","0","0","0","0","0","0","0","0","0","0","0","0","1","0","0","1","3","0","0","0","0","0","0","1","0","1","0","0","1","0","0","0","0","0","0","0","0","0","0","0","0","0","0","180","7","1","0","0","0","2","8","0","0","0","0","0","0","37","1","4","0","12","20","0","2","0","0","0","0","6","0","1","0","1","3","14","0","2","0","0","0","0","0","0","0","0","0","0","0","0","0","0","0","0","0","0","0","0","0","0","0","0","0","0","0","0","0","0","0","0","0","0","0","0","0","0","0","0","0","0","0","0","0","0","0","0","0","0","0","0","0","0","0","0","0","0","0","0","0","12","0"
"11-205 Hillside No. 1","213","1","0","0","4","0","0","1","0","0","0","0","0","17","4","0","15","0","0","0","8","1","0","1","0","0","0","0","8","0","3","0","0","2","5","0","0","0","0","0","3","0","0","0","0","0","0","0","0","0","0","0","0","1","0","0","0","0","0","0","0","0","0","1","0","0","0","1","0","0","0","0","0","2","1","0","0","0","1","0","0","0","0","0","0","0","0","0","0","0","0","0","0","17","2","2","0","2","0","0","0","1","0","0","0","0","0","0","1","2","0","0","0","3","0","0","0","0","0","0","3","2","2","0","0","2","0","0","0","0","0","0","0","0","0","0","0","0","0","0","147","10","4","3","0","0","1","4","0","0","0","0","0","0","30","1","5","0","11","34","0","0","1","1","0","1","9","3","2","0","0","5","14","0","0","0","0","0","1","1","0","0","0","0","0","0","0","0","0","0","0","0","0","0","0","0","0","0","0","0","0","0","0","0","0","0","0","0","0","0","0","0","0","0","0","0","0","0","0","0","0","0","0","0","0","0","0","0","0","0","0","0","0","0","0","0","8","3"
"11-210 Hillside No. 2","434","2","1","0","3","0","0","1","1","0","0","0","0","56","6","0","18","1","0","3","10","0","0","1","1","0","1","1","19","1","7","0","0","5","8","0","0","0","0","0","3","0","0","0","0","0","0","0","0","0","1","1","0","0","0","0","0","1","0","0","1","0","0","0","0","0","0","1","0","0","0","0","0","1","0","0","0","0","6","0","0","0","0","0","0","0","0","0","0","0","0","0","0","12","11","1","0","4","0","0","2","1","0","0","0","0","0","0","2","0","0","0","0","0","0","0","0","0","0","0","4","0","0","0","1","6","0","0","0","0","1","0","0","0","0","0","0","0","0","0","301","30","1","6","0","0","4","9","0","0","0","0","0","0","53","4","4","0","28","48","0","2","0","1","0","0","14","4","3","0","0","11","31","0","0","0","0","2","0","0","2","1","0","0","0","0","0","0","0","0","1","0","0","1","0","0","0","0","0","0","0","0","0","0","0","0","0","0","0","0","0","0","0","0","0","0","0","0","0","0","0","0","0","0","0","0","0","0","0","0","0","0","0","0","0","0","8","2"
"11-215 Hillside No. 3","285","3","1","0","0","0","0","0","0","0","0","0","0","19","1","0","12","0","0","0","7","0","0","1","0","0","0","0","5","0","1","0","0","1","1","0","0","0","0","0","1","0","0","0","0","0","0","0","0","0","0","0","0","0","0","0","0","1","0","0","0","0","0","0","0","0","0","0","0","0","0","0","0","0","0","0","0","0","1","0","0","0","0","0","0","0","0","0","0","0","0","0","0","3","2","0","0","0","0","0","2","0","0","0","0","0","0","0","0","1","0","0","0","1","0","0","0","0","0","0","1","1","1","0","1","1","0","0","0","0","0","0","0","0","0","0","0","0","0","0","144","19","2","2","0","0","1","8","0","0","0","0","0","0","31","0","0","0","11","15","0","1","0","2","0","0","4","2","5","0","0","3","16","0","1","0","0","0","0","0","0","0","0","0","0","1","0","0","0","0","0","0","3","0","0","0","0","0","1","0","0","0","0","0","0","0","0","0","0","0","0","0","0","0","0","0","0","0","0","0","0","0","0","0","0","0","0","0","0","0","0","0","0","0","0","0","14","0"
"11-220 Hillside No. 4","320","0","0","0","4","0","0","0","1","0","0","0","0","21","2","0","13","2","0","1","3","0","0","2","1","0","0","0","7","2","1","0","0","0","1","0","0","0","0","0","3","0","1","0","0","0","0","0","0","0","2","0","0","0","0","0","0","1","0","0","1","0","0","0","0","0","0","1","0","0","0","0","0","0","2","0","0","0","0","0","0","0","0","0","0","0","0","0","0","0","0","0","0","2","2","1","0","0","0","0","1","1","0","0","0","0","0","0","0","0","0","0","0","1","0","0","0","0","0","0","2","1","0","0","0","1","0","0","0","0","0","0","0","0","0","0","0","0","0","0","146","10","0","4","0","0","2","8","0","0","0","0","0","0","37","3","2","0","14","12","0","0","0","0","0","0","10","0","4","0","0","7","11","0","1","0","1","0","0","0","2","0","0","0","0","0","0","0","0","0","0","0","0","0","0","0","0","0","0","0","0","0","0","0","0","0","0","0","0","0","0","0","0","0","0","0","0","0","0","0","0","0","0","0","0","0","0","0","0","0","0","0","0","0","0","0","6","1"
"11-225 Hillside No. 5","324","0","1","0","1","1","0","0","0","0","0","0","0","14","2","0","2","0","0","0","1","0","0","0","0","0","0","0","8","0","0","0","0","1","3","0","0","0","0","1","2","0","0","0","0","0","0","0","0","0","4","0","0","0","0","0","0","0","0","0","0","1","0","0","0","0","0","0","0","0","0","0","0","1","0","0","0","0","0","0","0","0","0","0","0","0","0","0","0","0","0","0","0","13","5","0","0","0","0","0","0","0","0","0","0","0","0","0","1","0","0","0","0","0","0","0","0","0","0","0","1","2","1","0","0","0","0","0","0","0","0","0","0","0","0","0","0","0","0","0","258","10","0","0","0","0","0","4","0","0","0","0","0","0","32","1","2","0","12","13","0","1","0","0","0","0","10","3","2","0","0","3","6","0","1","0","0","0","0","0","0","0","0","0","0","0","0","0","0","0","0","0","0","0","0","0","0","0","0","0","0","0","0","0","0","0","0","0","0","0","0","0","0","0","0","0","0","0","0","0","0","0","0","0","0","0","0","0","0","0","0","0","0","0","0","0","3","0"
"11-230 Hillside No. 6","306","3","3","0","0","0","0","0","1","0","0","1","0","24","7","0","12","0","0","3","1","0","0","1","3","0","1","0","7","0","2","0","0","3","2","0","0","0","0","0","2","0","0","0","0","0","0","0","0","0","1","0","0","0","0","0","0","0","0","0","0","0","0","0","1","0","0","0","0","0","0","0","0","0","0","1","0","1","0","0","0","0","0","0","0","0","0","0","0","0","0","0","0","5","2","0","0","2","0","0","1","1","0","0","0","0","0","0","0","0","0","0","0","2","0","0","0","0","0","0","1","0","0","0","0","0","0","0","0","0","0","0","0","0","0","0","0","0","0","0","208","16","0","0","0","0","2","5","0","0","0","0","0","0","36","1","2","0","22","37","0","2","0","0","1","0","15","1","1","0","0","7","10","0","4","0","0","0","0","0","3","0","0","0","0","0","0","0","0","0","0","0","0","1","0","0","0","0","0","0","0","0","0","0","0","0","0","0","0","0","0","0","0","0","0","0","1","0","0","0","0","0","0","0","0","0","0","0","0","0","0","0","0","0","0","0","5","1"
"11-235 Hillside No. 7","242","2","1","0","1","0","0","1","0","0","0","0","0","18","3","0","7","5","0","3","3","0","0","0","1","0","0","0","11","0","0","0","0","2","3","0","0","0","0","0","1","0","0","0","0","1","0","0","0","0","1","0","0","0","0","0","1","0","0","0","0","0","0","0","0","0","0","0","0","0","0","0","0","0","0","0","0","0","0","0","0","0","0","0","0","0","0","0","0","0","0","0","0","2","1","0","0","0","0","0","1","0","0","0","0","0","0","0","0","1","0","0","0","0","0","0","0","0","0","0","2","1","0","0","1","1","0","0","0","0","0","0","0","0","0","0","0","1","0","0","190","7","1","2","0","0","3","5","0","1","0","0","0","0","45","1","3","0","19","15","0","1","0","0","0","0","8","3","5","0","0","7","9","0","0","0","0","0","0","0","0","0","0","0","0","0","1","0","0","1","0","0","1","0","0","0","0","0","0","0","0","0","0","0","0","0","0","0","0","0","0","0","0","0","0","0","0","0","0","0","0","0","0","0","0","0","0","0","0","0","0","0","0","0","0","0","2","0"
"12-250 Southeast Anchorage No. 1","294","4","2","0","13","0","0","0","0","0","0","0","0","30","3","0","31","0","0","3","5","0","0","1","0","0","0","0","9","0","7","0","0","0","5","0","0","0","0","0","1","0","0","0","0","1","0","0","0","0","4","1","0","0","0","0","0","0","0","0","1","0","0","4","0","0","1","0","0","0","0","0","0","2","1","0","0","1","2","0","0","0","0","0","0","0","0","0","0","0","0","0","0","17","3","1","0","1","0","0","3","1","0","0","0","0","0","0","0","0","0","0","0","1","0","0","0","0","0","0","2","0","3","0","1","2","0","0","0","0","0","0","0","0","0","0","0","0","0","0","193","19","1","14","0","0","2","4","0","0","0","0","0","0","39","3","4","0","24","45","0","5","1","0","0","2","9","3","4","0","0","4","18","0","2","0","0","0","1","0","4","0","0","0","0","0","0","0","0","0","0","0","1","1","0","0","0","0","0","0","0","0","0","0","0","0","0","0","0","0","0","0","0","0","1","0","0","0","0","0","0","0","0","0","0","0","0","0","0","0","0","0","0","0","0","0","12","3"
"12-255 Southeast Anchorage No. 2","188","2","1","0","2","1","0","0","1","0","0","0","0","16","3","0","16","0","0","1","5","0","0","2","1","0","0","0","4","1","9","0","1","0","2","0","0","0","0","0","0","0","0","0","1","0","0","0","0","0","0","0","0","1","0","0","0","0","0","0","0","0","0","1","0","0","1","0","0","0","0","0","0","0","0","0","0","0","1","0","0","0","0","0","0","0","0","0","0","0","0","0","0","9","1","1","0","1","0","0","1","0","0","0","0","0","0","1","0","0","0","0","0","0","0","0","0","0","0","0","0","0","0","0","0","0","0","0","0","0","0","0","0","0","0","0","0","0","0","0","111","8","0","4","0","0","1","1","0","0","0","0","0","0","20","1","5","0","12","25","0","3","0","0","0","0","6","0","1","0","0","4","8","0","0","0","0","0","0","0","1","0","0","0","0","0","0","0","0","0","0","0","0","0","0","0","0","0","0","0","0","0","0","0","0","0","0","0","0","0","0","0","0","0","0","0","0","0","0","0","0","0","0","0","0","0","0","0","0","0","0","0","0","0","0","0","2","0"
"12-260 Southeast Anchorage No. 3","273","3","3","0","3","0","0","2","3","0","0","0","0","29","2","1","15","0","0","4","4","0","0","0","4","0","0","0","10","0","10","0","0","2","2","0","0","0","0","0","1","0","0","0","0","0","0","0","0","0","4","0","0","0","0","0","1","0","0","0","2","0","0","0","0","0","0","2","0","0","0","0","0","0","1","0","0","0","0","0","0","0","0","0","0","0","0","0","0","0","0","0","0","9","6","1","0","3","0","0","0","2","0","0","0","1","0","0","0","2","0","0","0","0","0","0","0","0","0","0","2","1","2","0","0","0","0","0","0","0","0","0","0","0","0","0","0","0","0","0","198","16","2","11","0","0","4","10","0","0","1","0","0","0","30","4","8","0","22","36","0","2","0","0","0","1","8","4","1","0","0","7","15","0","1","0","0","0","0","0","0","0","0","0","0","0","0","0","0","0","0","0","0","1","0","0","0","0","0","0","0","0","0","0","0","0","0","0","0","0","0","0","0","0","0","0","0","0","0","0","0","0","0","0","0","0","0","0","0","0","0","0","0","0","0","0","7","0"
"12-265 Southeast Anchorage No. 4","296","0","3","0","4","1","0","1","1","0","0","0","0","24","5","0","4","0","0","4","4","0","0","2","0","0","0","0","8","0","5","0","0","1","2","0","0","0","0","0","0","0","0","0","0","1","0","0","1","0","2","3","0","0","0","0","0","0","0","0","0","0","0","0","0","0","0","0","0","0","0","0","0","0","0","0","0","0","1","0","0","0","0","0","0","0","0","0","0","0","0","0","0","16","4","0","0","0","0","0","1","1","0","0","0","0","0","0","0","3","0","0","0","0","0","0","0","0","0","0","0","1","2","0","0","1","0","0","0","0","0","0","0","0","0","0","0","0","0","0","206","12","0","7","0","0","1","8","0","0","0","0","0","0","60","2","4","0","21","29","0","2","0","0","0","2","9","2","1","0","0","8","18","0","1","0","0","0","0","0","0","1","0","0","0","0","0","0","0","0","0","0","2","0","0","0","0","0","0","0","0","0","0","0","0","0","0","0","0","0","0","0","0","0","1","0","0","0","0","0","0","0","0","0","0","0","0","0","0","0","0","0","0","0","0","0","10","0"
"12-270 Southeast Anchorage No. 5","345","0","0","0","6","0","0","2","3","0","0","0","0","32","4","0","22","0","0","2","9","0","0","1","0","0","0","0","11","0","12","0","0","1","8","0","0","0","0","1","0","0","0","0","0","1","0","0","0","0","2","0","0","0","0","0","0","0","0","0","0","0","0","0","0","0","0","1","0","0","0","0","0","2","0","0","0","1","3","0","0","0","0","0","0","0","0","0","0","0","0","0","0","10","2","0","0","1","0","0","0","2","0","0","0","0","0","0","0","2","0","0","0","4","0","0","0","0","0","0","2","1","0","0","0","0","0","0","0","0","0","0","0","0","0","0","0","0","0","0","227","21","2","20","0","0","1","9","0","0","0","0","0","0","52","2","3","0","20","45","0","1","0","0","0","1","17","1","6","0","0","5","20","0","2","0","0","1","0","1","4","0","0","0","0","0","0","0","0","1","0","0","0","0","0","0","0","0","0","1","0","0","0","0","0","0","0","0","0","0","0","0","0","0","0","0","0","0","0","0","0","0","0","0","0","0","0","0","0","0","0","0","0","0","0","0","9","3"
"12-275 Southeast Anchorage No. 6","253","0","3","0","4","2","0","1","2","0","0","0","0","19","1","0","10","0","0","1","5","0","0","0","0","0","0","1","15","0","4","0","0","1","4","0","0","0","0","0","1","0","1","0","0","0","0","0","0","0","0","0","0","0","0","0","0","0","0","0","1","0","0","0","0","0","0","0","0","0","0","0","0","0","0","0","0","0","1","0","0","0","0","0","0","0","0","0","0","0","0","0","0","5","3","1","0","0","0","0","2","1","0","0","0","0","0","0","1","1","0","0","0","0","0","0","0","0","0","0","0","0","1","0","0","0","0","0","0","0","0","0","0","0","0","0","0","0","0","0","266","16","3","10","0","0","1","6","0","0","0","0","0","0","47","2","2","0","24","29","0","4","0","0","0","0","11","2","5","0","0","6","10","0","1","0","0","0","1","0","2","0","0","0","0","0","1","0","1","1","0","0","1","0","0","0","0","0","0","0","0","0","0","0","0","0","0","0","0","0","0","0","0","0","0","0","0","0","0","0","0","0","0","0","0","0","0","0","0","0","0","0","0","0","0","0","3","2"
"13-305 South Midtown No. 1","81","2","2","0","1","0","0","0","1","0","0","0","0","15","2","0","4","1","0","1","0","0","0","1","3","0","0","0","3","0","0","0","0","0","1","0","0","0","0","0","0","0","0","0","0","0","0","0","0","0","0","0","0","0","0","0","0","0","0","0","1","0","0","0","0","0","0","1","0","0","0","0","0","0","0","0","0","0","0","0","0","0","0","0","0","0","0","0","0","0","0","0","0","1","2","0","0","2","0","0","1","0","0","0","0","0","0","0","0","0","0","0","0","1","0","0","0","0","0","0","0","0","1","0","0","0","0","0","0","0","0","0","0","0","0","0","0","0","0","0","45","3","1","2","0","0","4","2","0","0","0","0","0","0","9","2","1","0","8","10","0","2","0","1","0","0","2","0","0","0","0","1","2","0","0","0","0","0","0","0","0","0","0","0","0","0","0","0","0","0","0","0","0","0","0","0","0","0","0","0","0","0","0","0","0","0","0","0","0","0","0","0","0","0","0","0","0","0","0","0","0","0","0","0","0","0","0","0","0","0","0","0","0","0","0","0","0","0"
"13-310 South Midtown No. 2","393","1","0","0","6","1","0","0","0","0","0","0","0","27","4","0","16","2","0","3","10","0","0","1","1","0","0","0","11","2","5","0","0","2","5","0","0","0","0","0","3","0","1","0","1","0","0","0","0","0","10","0","0","0","0","0","0","0","0","0","1","0","0","2","0","0","0","1","0","0","0","0","0","1","0","0","0","1","1","0","0","0","0","0","0","0","0","0","0","0","0","0","0","10","6","1","0","3","0","0","2","0","0","0","1","0","0","1","0","0","0","0","0","5","0","0","0","0","0","0","3","3","1","0","0","3","0","0","0","0","0","0","0","0","0","0","0","0","0","0","297","21","0","14","0","0","3","6","0","0","0","0","0","0","47","2","6","0","24","49","0","3","2","0","1","0","9","2","4","0","0","7","14","0","0","0","2","0","2","0","2","0","0","0","0","0","1","0","0","0","0","0","1","0","0","0","0","0","1","0","0","0","0","0","0","0","0","0","0","0","0","0","0","0","0","0","0","0","0","0","0","0","0","0","0","0","0","0","0","0","0","0","0","0","0","2","15","0"
"13-315 South Midtown No. 3","330","0","0","0","12","0","0","0","1","0","0","0","0","32","2","0","24","0","0","1","12","0","0","1","1","0","0","0","13","0","3","0","0","0","10","0","0","0","0","0","5","0","0","0","0","0","0","0","0","0","4","0","0","1","0","0","0","0","0","0","1","1","0","1","0","0","1","0","0","0","0","0","0","4","1","1","0","2","1","0","0","0","0","0","0","0","0","0","0","0","0","0","0","17","7","0","0","5","0","0","1","2","0","0","0","0","0","2","0","4","0","0","3","2","0","0","0","0","0","0","0","1","0","0","1","1","0","0","0","0","0","0","0","0","0","0","0","0","0","0","228","15","1","11","0","0","3","6","0","0","0","0","0","0","52","2","7","0","29","47","0","3","0","1","0","0","11","2","2","0","0","12","19","0","1","0","0","0","0","0","1","0","0","0","0","0","1","0","0","0","0","0","3","0","0","0","0","0","0","1","0","0","0","0","0","0","0","0","0","0","0","0","1","0","0","0","0","0","0","0","0","0","0","0","0","0","0","0","0","0","0","0","0","0","0","0","10","0"
"13-320 South Midtown No. 4","319","6","0","0","5","0","0","1","2","0","0","0","0","15","1","0","26","4","0","3","2","0","0","2","1","0","0","1","13","3","0","0","0","1","4","0","0","0","0","0","1","0","0","0","0","2","0","0","0","0","3","0","0","1","0","0","0","0","0","0","1","1","0","0","0","0","0","2","0","0","0","0","0","3","0","0","0","0","1","0","0","0","0","0","0","0","0","0","0","0","0","0","0","12","9","1","0","3","0","0","1","0","0","0","0","0","0","1","0","1","0","0","1","4","0","0","0","0","0","0","2","1","3","0","0","4","0","0","0","0","1","0","0","0","0","0","0","0","0","0","229","13","2","13","0","0","4","4","0","0","0","0","0","0","49","4","5","0","21","46","1","5","0","0","0","0","10","1","4","0","0","12","29","0","3","0","0","0","0","0","1","0","1","0","0","0","1","0","0","3","0","0","2","0","0","0","0","0","0","0","0","0","0","0","0","0","0","0","0","0","0","0","0","0","0","0","0","0","0","0","0","0","0","0","0","0","1","0","0","0","0","0","0","0","0","0","21","1"
"13-325 South Midtown No. 5","240","4","2","0","7","1","0","0","0","0","0","0","0","26","6","0","22","1","0","2","13","0","0","0","1","0","0","0","15","1","5","0","0","0","4","0","0","0","0","0","2","0","0","0","0","1","0","0","0","0","7","0","0","0","0","0","0","1","0","0","1","0","0","2","0","0","0","1","0","0","0","0","0","5","0","0","0","1","5","0","0","0","0","0","0","0","0","0","0","0","0","0","0","12","5","1","0","2","0","0","1","4","0","0","1","0","0","0","0","0","0","0","1","0","0","0","0","0","0","0","0","2","0","0","0","1","0","0","0","0","0","0","0","0","0","0","0","0","0","0","292","16","1","7","0","0","1","9","0","0","0","0","0","1","65","5","11","0","32","58","0","5","0","1","0","1","19","3","4","0","1","7","22","0","1","0","0","0","0","2","3","0","0","0","0","0","1","0","0","0","0","0","0","0","0","0","0","0","0","0","0","0","0","0","0","0","0","0","0","0","0","0","0","0","0","0","0","0","0","1","0","0","0","0","0","0","0","0","0","0","0","0","0","0","0","1","12","1"
"14-350 North Midtown No. 1","58","1","0","0","0","0","0","0","1","0","0","0","0","18","0","0","2","0","0","1","1","0","0","0","0","0","0","0","2","0","2","0","0","2","4","0","0","0","0","0","0","0","0","0","0","0","0","0","0","0","0","0","0","0","0","0","0","1","0","0","0","0","0","0","0","0","0","0","0","0","0","0","0","3","0","0","0","1","0","0","0","0","0","0","0","0","0","0","0","0","0","0","0","6","2","0","0","0","0","0","0","0","0","0","0","0","0","0","0","0","0","0","0","0","0","0","0","0","0","0","1","0","0","0","0","0","0","0","0","0","0","0","0","0","0","0","0","0","0","0","94","7","0","1","0","0","0","5","0","0","0","0","0","0","27","1","3","0","12","16","0","0","0","0","0","1","4","0","2","0","0","4","2","0","2","0","0","0","0","0","0","0","0","0","0","0","0","0","0","0","0","0","2","0","0","0","0","0","0","0","0","0","0","0","0","0","0","0","0","0","0","0","0","0","0","0","0","0","0","0","0","0","0","0","0","0","0","0","0","0","0","0","0","0","0","0","1","0"
"14-355 North Midtown No. 2","98","1","0","0","3","0","0","0","0","0","0","0","0","7","0","0","8","1","0","0","0","0","0","0","0","0","0","0","1","0","1","0","0","1","2","0","0","0","0","0","0","0","0","0","0","1","0","0","0","0","3","1","0","0","0","0","0","0","0","0","1","0","0","0","0","0","0","0","0","0","0","0","0","1","0","0","0","1","1","0","0","0","0","0","0","0","0","0","0","0","0","0","0","7","4","0","0","1","0","0","0","3","0","0","0","0","0","0","1","1","0","0","0","1","0","0","0","0","0","0","1","0","0","0","0","0","0","0","0","0","0","0","0","0","0","0","0","0","0","0","131","4","0","1","0","0","1","8","0","0","0","0","0","0","28","2","1","0","8","19","0","3","0","0","0","0","5","1","0","0","0","6","11","0","1","0","0","0","0","0","1","0","0","0","0","0","0","0","0","0","0","0","1","0","0","0","0","0","0","0","0","0","0","0","0","0","0","0","0","0","0","0","0","0","0","0","0","0","0","0","0","0","0","0","0","0","0","0","0","0","0","0","0","0","0","0","6","0"
"14-360 North Midtown No. 3","100","1","1","0","2","0","0","0","0","0","0","0","0","5","1","0","8","2","0","0","1","0","0","0","0","0","0","0","7","1","0","0","0","0","5","0","0","0","0","0","1","0","0","0","0","0","0","0","0","0","1","0","0","0","0","0","0","0","0","0","0","0","0","0","0","0","1","0","0","0","0","0","0","0","0","0","0","0","1","0","1","0","0","0","0","0","0","0","0","0","0","0","0","5","5","0","0","4","0","0","0","1","0","0","0","0","0","0","2","0","0","0","0","2","0","0","0","0","0","0","0","0","1","0","0","0","0","0","0","0","0","0","0","0","0","0","0","0","0","0","81","6","0","1","0","0","2","2","0","0","0","0","0","0","23","0","1","0","12","15","0","0","0","1","0","0","2","1","1","0","0","2","4","0","0","0","0","0","1","0","1","0","0","0","1","0","0","0","0","0","0","0","0","0","0","0","0","0","0","0","0","0","0","0","0","0","0","0","0","0","0","0","0","0","0","0","0","0","0","0","0","0","0","0","0","0","0","0","0","0","0","0","0","0","0","0","5","0"
"14-365 North Midtown No. 4","119","0","1","0","2","1","0","1","1","0","0","0","0","14","2","0","4","0","0","1","3","0","0","1","0","0","0","0","4","1","0","0","0","2","3","0","0","0","0","0","0","0","0","0","0","0","0","0","0","0","2","0","0","0","0","0","0","0","0","0","0","0","0","2","0","0","1","1","0","0","0","0","0","2","0","0","0","2","2","0","0","0","0","0","0","0","0","0","0","0","0","0","0","10","3","0","0","0","0","0","0","1","0","0","0","0","0","1","0","1","0","0","0","2","0","0","0","0","0","0","0","0","1","0","0","0","0","0","0","0","0","0","0","0","0","0","0","0","0","0","127","13","0","1","0","0","0","6","0","0","0","0","0","0","26","4","2","0","14","30","0","0","0","1","0","0","6","0","3","0","0","4","10","0","0","0","0","0","0","0","0","0","0","0","0","0","3","1","0","0","0","0","2","1","0","0","0","0","0","0","0","0","0","0","0","0","0","0","0","0","0","0","0","0","0","0","0","0","0","0","0","0","0","0","0","0","0","0","0","0","0","0","0","0","0","0","7","0"
"14-370 North Midtown No. 5","189","0","1","0","6","0","0","0","0","0","0","0","0","27","2","0","13","1","0","2","5","0","0","0","1","0","0","0","6","0","0","0","0","1","4","0","0","0","0","0","3","0","0","0","0","1","0","0","0","0","4","2","0","1","0","0","0","0","0","0","2","0","0","0","0","0","0","1","0","0","0","0","0","2","0","0","0","0","0","0","0","1","0","0","0","0","0","0","0","0","0","0","0","17","3","0","0","0","0","0","0","1","0","0","0","0","0","3","0","3","0","0","0","2","0","0","0","0","0","0","3","1","1","0","1","0","0","0","0","0","0","0","1","0","0","0","0","0","0","0","225","7","1","8","0","0","1","7","0","0","0","0","0","0","60","1","2","0","22","39","0","3","0","1","0","0","12","2","4","0","0","3","18","0","1","0","0","0","0","0","0","0","0","0","0","0","2","0","0","0","0","0","1","1","0","0","0","0","0","0","0","0","0","0","0","0","0","0","1","0","0","0","0","0","1","0","0","0","0","0","0","0","0","0","0","0","0","0","0","0","0","0","0","0","0","0","12","1"
"14-375 North Midtown No. 6","145","1","1","0","1","0","0","0","0","0","0","1","0","17","2","0","10","0","0","1","2","0","0","0","1","0","0","0","8","0","1","0","0","0","4","0","0","0","0","0","1","0","0","0","0","0","0","0","0","0","3","0","0","0","0","0","0","0","0","0","1","0","0","0","0","0","0","0","0","0","0","0","0","1","0","1","0","2","0","0","0","0","0","0","0","0","0","0","0","0","0","0","0","2","7","0","0","3","0","0","1","1","0","0","0","0","0","0","0","0","0","0","0","1","0","0","0","0","0","0","1","0","0","0","0","1","0","0","0","0","0","0","0","0","0","0","0","0","0","0","145","13","3","2","0","0","1","5","0","0","0","0","0","0","27","1","1","0","12","27","0","2","0","0","0","1","5","1","1","0","0","4","10","0","0","0","0","0","0","3","1","0","0","0","0","0","0","0","0","0","0","0","0","0","0","0","0","0","0","0","0","0","0","0","0","0","0","0","0","0","0","0","0","0","0","0","0","0","0","0","0","0","0","0","0","0","0","0","0","0","0","0","0","0","0","0","11","1"
"14-380 North Midtown No. 7","216","2","1","0","2","0","0","0","0","0","0","0","0","18","4","0","10","1","0","1","3","0","0","0","0","0","0","0","8","0","0","0","0","1","3","0","0","0","0","0","1","0","0","0","0","0","0","0","0","0","1","0","0","0","0","0","0","0","0","0","0","0","0","1","0","0","0","0","0","0","0","0","0","2","0","0","0","0","1","0","0","0","0","0","0","0","0","0","0","0","0","0","0","5","3","0","0","2","0","0","1","0","0","0","0","0","0","1","0","0","0","0","1","3","0","0","0","0","0","0","2","1","1","0","0","0","0","0","0","0","0","0","0","0","0","0","0","0","0","0","352","14","2","2","0","0","1","6","0","0","0","0","0","0","69","0","2","0","33","32","0","3","0","0","0","2","10","4","3","0","0","6","14","0","3","0","0","0","2","0","0","0","0","0","0","0","4","0","0","0","0","0","1","0","0","0","0","0","0","0","0","0","1","0","0","0","0","0","0","0","0","0","0","0","0","0","0","0","0","0","0","0","0","0","0","0","0","0","0","0","0","0","0","0","0","0","6","0"
"15-405 Southwest Anchorage No. 1","255","3","3","0","2","0","0","0","1","0","0","0","0","24","5","0","9","2","0","3","6","0","0","1","0","0","1","0","9","0","1","0","0","0","6","0","0","0","0","0","1","0","0","0","0","0","0","0","0","0","0","1","0","0","0","0","0","0","0","0","1","0","0","1","0","0","0","0","0","0","0","0","0","1","0","0","0","0","0","0","0","0","0","0","0","0","0","0","0","0","0","0","0","9","0","0","0","1","0","0","0","1","0","0","0","0","0","0","0","1","0","0","0","0","0","0","0","0","0","0","3","1","0","0","0","1","0","0","0","0","0","0","0","0","0","0","0","0","0","0","184","21","1","2","0","0","2","8","0","0","0","0","0","0","25","0","3","0","7","24","0","0","0","0","0","0","7","1","4","0","0","4","12","0","1","0","0","0","0","0","0","0","0","0","0","0","0","0","0","1","0","0","0","0","0","0","0","0","0","0","0","0","0","0","0","0","0","0","0","0","0","0","0","0","0","0","0","0","0","0","0","0","0","0","0","0","0","0","0","0","0","0","0","0","0","0","7","0"
"15-410 Southwest Anchorage No. 2","290","1","0","0","4","0","0","0","2","0","0","0","0","26","1","0","15","1","0","5","6","1","0","2","0","0","0","0","11","1","2","0","1","2","3","0","0","0","0","0","1","0","0","0","0","1","0","0","0","0","5","1","0","0","0","0","0","1","0","0","1","0","0","0","0","0","0","1","0","0","0","0","0","0","0","0","0","0","0","0","0","0","0","0","0","0","0","0","0","0","0","0","0","9","3","1","0","2","0","0","3","2","0","0","0","0","0","0","0","0","0","0","0","2","0","0","0","0","0","0","1","0","3","0","0","1","0","0","0","0","0","0","0","0","0","0","0","0","0","0","190","20","0","4","0","1","2","11","0","0","0","0","0","0","39","3","5","0","23","28","0","1","0","1","1","1","11","3","7","0","0","8","12","0","0","0","0","0","0","0","0","0","0","0","0","0","2","0","0","1","0","0","0","0","0","0","0","0","0","0","0","0","0","0","0","0","0","0","0","0","0","0","0","0","0","1","0","0","0","0","0","0","0","0","0","0","0","0","0","0","0","0","0","0","0","0","6","1"
"15-415 Southwest Anchorage No. 3","335","1","1","0","4","1","0","0","0","0","0","0","0","27","3","0","13","1","0","2","7","0","0","1","0","0","1","0","12","0","4","0","0","3","13","0","0","0","0","0","3","0","0","0","0","0","0","0","0","0","4","0","0","0","0","0","1","0","0","0","0","0","0","0","0","0","0","1","0","0","0","0","0","3","0","0","0","1","1","0","0","0","0","0","0","0","0","0","0","0","0","0","0","9","5","1","0","2","0","0","1","3","0","0","0","0","0","1","0","0","0","0","0","0","0","0","0","0","0","0","2","1","3","0","1","4","0","0","0","0","0","0","0","0","0","0","0","0","0","0","248","24","4","4","0","0","3","11","0","0","0","0","0","0","45","4","7","0","21","32","0","4","1","1","1","1","8","7","3","0","0","11","13","0","0","0","0","0","0","0","1","0","0","0","1","0","0","0","0","1","0","0","0","0","0","0","0","0","1","0","0","0","0","0","0","0","0","0","0","0","0","0","1","0","0","0","0","0","0","0","0","0","0","0","0","0","0","0","0","0","0","0","0","0","0","0","9","0"
"15-420 Southwest Anchorage No. 4","263","2","0","0","4","0","0","0","1","0","0","0","0","22","0","1","20","1","0","3","14","0","0","0","1","0","0","0","13","0","1","0","0","0","6","0","0","0","0","0","3","0","0","0","0","2","0","0","0","0","5","0","0","0","0","0","0","0","0","0","0","0","0","0","0","0","0","1","0","0","0","0","0","2","0","0","0","1","0","0","0","0","0","0","0","0","0","0","0","0","0","0","0","8","5","1","0","3","0","0","3","1","0","0","0","0","0","0","0","2","0","0","0","2","0","0","0","0","0","1","1","3","2","0","0","2","0","0","0","0","0","0","0","0","0","1","0","0","0","0","224","18","0","5","0","0","0","8","0","0","1","0","0","0","47","0","4","0","12","42","0","1","0","0","0","1","11","6","7","0","0","8","14","0","0","0","0","0","1","0","0","0","0","0","0","0","0","0","0","0","0","0","0","0","0","0","0","0","0","0","0","0","0","0","0","0","1","0","0","0","0","0","0","0","0","0","0","0","0","0","0","0","0","0","0","0","0","0","0","0","0","0","0","0","0","0","14","4"
"15-425 Southwest Anchorage No. 5","265","0","0","0","2","0","0","0","2","0","0","0","0","27","4","0","18","0","0","6","3","0","0","0","1","0","0","0","9","0","5","0","0","0","2","0","0","0","0","0","1","0","0","0","0","1","0","0","0","0","2","0","0","0","0","0","0","0","0","0","1","0","0","0","0","0","0","0","0","0","0","0","0","2","0","0","0","0","1","0","0","0","0","0","0","0","0","0","0","0","0","0","0","7","7","0","0","3","0","0","0","1","0","0","0","0","0","1","0","1","0","0","1","1","0","0","0","0","0","0","3","0","3","0","2","0","0","0","0","0","0","0","0","0","0","0","0","0","0","0","226","23","2","3","0","0","2","8","0","0","0","1","0","0","43","0","4","0","12","22","0","2","0","0","0","1","9","6","3","0","0","11","18","1","2","0","0","0","1","0","3","0","0","0","0","0","0","0","0","0","0","0","0","0","0","0","0","0","0","0","0","0","0","0","0","0","0","0","0","0","0","0","0","0","0","0","0","0","0","0","0","0","0","0","0","0","0","0","0","0","0","0","0","0","0","0","8","1"
"15-430 Southwest Anchorage No. 6","473","2","5","0","4","2","0","0","0","0","0","0","0","38","5","0","21","1","0","4","8","0","0","1","3","0","0","1","21","0","1","0","0","2","7","0","0","0","0","0","2","0","1","0","2","3","1","0","0","0","6","0","0","0","0","0","0","0","0","0","0","0","0","0","0","0","0","0","0","0","0","0","0","0","0","0","0","0","0","0","0","0","0","0","0","1","0","0","0","0","0","0","0","4","6","1","0","2","0","0","3","1","0","0","0","0","0","1","0","1","0","0","0","2","0","0","0","0","0","0","1","0","3","0","1","2","0","0","0","0","0","0","0","0","0","0","0","0","0","0","279","24","0","3","0","0","4","14","0","0","0","0","0","0","63","3","6","0","26","31","0","2","0","0","0","0","19","2","5","0","0","12","24","0","0","0","0","0","0","1","2","0","0","0","0","0","1","0","1","0","0","0","1","0","0","0","0","0","0","0","0","0","0","0","0","0","0","0","0","0","0","0","0","0","0","0","0","0","0","0","0","0","0","0","0","0","0","0","0","0","0","0","0","0","0","0","14","2"
"16-450 West Anchorage No. 1","118","2","0","0","2","1","0","0","0","0","0","0","0","19","2","0","3","0","0","0","0","0","0","0","0","0","0","0","9","0","1","0","0","1","1","0","0","0","0","0","1","0","0","0","0","0","1","0","0","0","1","0","0","0","0","0","0","0","0","0","0","0","0","0","0","0","0","0","0","0","0","0","0","0","0","0","0","0","0","0","0","0","0","0","0","0","0","0","0","0","0","0","0","2","0","0","0","0","0","0","2","0","0","0","0","0","0","0","0","0","0","0","0","0","0","0","0","0","0","0","0","0","1","0","0","1","0","0","0","0","0","0","0","0","0","0","0","0","0","0","304","20","1","5","0","0","0","3","0","0","0","0","0","0","46","6","8","0","27","32","0","2","1","1","0","1","6","3","1","0","0","3","9","0","0","0","1","0","1","0","1","0","0","0","0","0","0","1","0","2","0","0","2","0","0","0","0","0","0","0","0","0","0","0","0","0","0","0","0","0","0","0","0","0","0","0","0","0","0","0","0","0","0","0","0","0","0","0","0","0","0","0","0","0","0","0","5","0"
"16-455 West Anchorage No. 2","189","2","1","0","6","2","0","0","0","0","0","0","0","25","1","0","12","1","0","2","4","0","0","0","0","0","0","0","11","0","10","0","0","0","4","0","0","0","0","0","2","0","0","0","0","2","0","0","0","0","1","0","0","1","0","0","0","2","0","0","0","0","0","0","0","0","0","0","0","0","0","0","0","1","0","1","0","0","1","0","0","0","0","0","0","0","0","0","0","0","0","0","0","7","3","0","0","2","0","0","0","3","0","0","0","0","0","0","0","0","0","0","0","0","0","0","0","0","0","0","0","0","2","0","2","1","0","0","0","0","0","0","0","0","0","0","0","0","0","0","250","19","2","13","0","0","1","11","0","0","0","0","0","0","78","4","5","0","28","34","0","3","0","0","0","2","8","1","6","0","0","8","14","0","2","0","0","0","0","2","1","0","0","0","0","0","0","0","0","1","0","0","0","0","0","0","0","0","0","0","0","0","0","0","0","0","0","0","0","0","0","0","0","0","0","0","0","0","0","0","0","0","0","0","0","0","0","0","1","0","0","0","0","0","0","0","3","1"
"16-460 West Anchorage No. 3","295","1","0","0","4","1","0","2","0","0","0","1","0","26","7","0","15","0","0","2","4","0","0","1","2","0","0","0","6","0","9","0","0","2","3","0","0","0","0","0","3","0","0","0","0","1","0","0","0","0","5","0","0","1","0","0","0","0","0","0","0","0","0","0","0","0","0","1","0","0","0","0","0","0","0","2","0","0","0","0","0","0","0","0","0","0","0","0","0","0","0","0","0","6","1","0","0","1","0","0","0","0","0","0","0","1","0","0","0","4","0","0","0","1","0","0","0","0","0","0","2","1","0","0","0","1","0","0","0","0","0","0","0","0","0","0","0","0","0","0","345","23","5","22","0","0","2","10","0","0","1","0","0","0","66","3","6","0","33","58","0","3","0","0","0","0","18","2","4","0","0","5","17","0","2","0","0","0","0","0","1","0","0","0","0","0","1","0","0","1","0","0","0","0","0","0","0","0","0","0","0","0","0","0","0","0","0","0","0","0","0","0","0","0","0","0","0","0","0","0","0","0","0","0","0","0","0","0","0","0","0","0","0","0","0","0","13","1"
"16-465 West Anchorage No. 4","157","0","1","0","7","0","0","0","0","0","0","0","0","14","4","0","16","2","0","0","3","0","0","0","1","0","0","0","6","2","7","0","0","0","3","0","0","0","0","0","0","0","0","0","0","3","0","0","0","0","2","0","0","0","0","0","0","0","0","0","1","1","0","0","0","0","0","0","0","0","0","0","0","2","0","0","0","1","0","0","0","0","0","0","0","0","0","0","0","0","0","0","0","3","2","0","0","1","0","0","0","2","0","0","0","1","0","0","0","1","0","0","0","0","0","0","0","0","0","0","1","1","0","0","0","0","0","0","0","0","0","0","0","0","0","0","0","0","0","0","158","13","0","7","0","0","0","5","0","0","0","0","0","0","31","2","4","0","12","27","0","3","0","0","0","0","4","2","0","0","0","5","8","0","2","0","0","0","0","0","0","0","0","0","0","0","1","0","0","0","0","0","1","0","0","0","0","0","0","0","0","0","0","0","0","0","0","0","0","0","0","0","0","0","0","0","0","0","0","0","0","0","0","0","0","0","0","0","0","0","0","0","0","0","0","0","6","0"
"16-470 West Anchorage No. 5","320","2","0","0","4","1","0","1","0","0","0","0","0","42","3","0","15","0","0","2","6","0","0","2","2","0","0","0","9","0","4","0","0","0","2","0","0","0","0","0","0","0","0","0","0","0","0","0","0","0","0","0","0","0","0","0","1","0","0","0","0","0","0","0","0","0","1","0","0","0","0","0","0","0","0","0","0","0","2","0","0","0","0","0","0","0","0","0","0","0","0","0","0","8","4","0","0","3","0","0","1","1","0","0","0","0","0","0","0","2","0","0","0","1","0","0","0","0","0","0","0","2","1","0","0","1","0","0","0","0","0","0","0","0","0","0","0","0","0","0","253","21","3","15","0","0","2","7","0","0","1","0","0","0","56","4","6","0","17","40","0","3","0","0","0","0","12","2","3","0","0","4","11","0","0","0","0","0","0","0","0","1","0","0","0","0","0","0","0","1","0","0","1","0","0","0","0","0","0","0","0","0","0","0","0","0","0","0","0","0","0","0","0","0","0","0","0","0","0","0","0","0","0","0","0","0","0","0","0","0","0","0","0","0","0","0","4","0"
"16-475 West Anchorage No. 6","280","1","0","0","1","1","0","0","0","0","0","0","0","23","1","0","10","0","0","1","6","0","0","2","1","0","0","0","6","0","5","0","0","0","1","0","0","0","0","0","1","0","0","0","0","1","0","0","0","0","2","0","0","0","0","0","0","0","0","0","0","0","0","0","0","0","0","0","0","0","0","0","0","1","0","0","0","0","1","0","0","0","0","0","0","0","0","0","0","0","0","0","0","9","4","0","0","1","0","0","2","2","0","0","0","0","0","1","0","2","0","0","0","2","0","0","0","0","0","0","1","0","0","0","0","0","0","0","0","0","0","0","0","0","0","0","0","0","0","0","216","23","1","5","0","0","3","1","0","0","0","0","0","0","46","3","4","0","20","36","0","3","0","0","0","2","5","3","7","0","0","3","9","0","1","0","0","0","0","0","3","0","0","0","0","0","0","0","0","0","0","0","0","0","0","0","0","0","0","0","0","0","0","0","0","0","0","0","0","0","0","0","0","0","0","0","0","0","0","0","0","0","0","0","0","0","0","0","0","0","0","0","0","0","0","0","7","0"
"16-480 West Anchorage No. 7","177","2","0","0","4","0","0","1","1","0","0","0","0","11","5","0","23","2","0","0","8","0","0","0","0","0","0","0","8","1","4","0","0","1","3","0","0","0","0","0","0","0","0","0","0","2","0","0","0","0","2","0","0","1","0","0","0","0","0","0","0","0","0","0","0","0","0","0","0","0","0","0","0","2","0","0","0","0","3","0","0","0","0","0","0","0","0","0","0","0","0","0","0","8","3","0","0","2","0","0","3","0","0","0","0","0","0","0","0","2","0","0","0","3","0","0","0","0","0","0","0","1","2","0","1","0","0","0","0","0","0","0","0","0","0","0","0","0","0","0","162","15","1","9","0","0","2","6","0","0","0","0","0","0","37","2","2","0","18","23","0","4","1","0","0","1","14","2","2","0","0","9","6","0","2","0","0","0","0","0","0","0","0","0","0","0","0","0","0","0","0","0","1","1","0","0","0","0","0","0","0","0","0","0","0","0","0","0","0","0","0","0","0","0","0","0","0","0","0","0","0","0","0","1","0","0","0","0","0","0","0","0","0","0","0","0","11","2"
"17-505 Downtown Anchorage No. 1","92","1","1","0","0","0","0","0","0","0","0","0","0","8","0","0","1","0","0","1","1","0","0","0","0","0","0","0","8","0","1","0","0","0","2","0","0","0","0","0","1","0","0","0","0","0","0","0","0","0","2","0","0","0","0","0","0","0","0","0","0","0","0","0","0","0","0","1","0","0","0","0","0","2","0","0","0","0","0","0","0","0","0","0","0","0","0","0","0","0","0","0","0","2","2","0","0","0","0","0","0","0","0","0","0","0","0","0","0","3","0","0","0","0","0","0","0","0","0","0","1","0","0","0","0","0","0","0","0","0","0","0","0","0","0","0","0","0","0","0","127","8","0","1","0","0","1","1","0","0","0","0","0","0","22","5","1","0","10","15","0","2","0","0","0","0","6","0","1","0","0","3","7","0","0","0","0","0","0","0","0","0","0","0","1","0","0","0","0","0","0","0","0","0","0","0","0","0","0","0","0","0","0","0","0","0","0","0","0","0","0","0","0","0","0","0","0","0","1","0","0","0","0","0","0","0","0","0","0","0","0","0","0","0","0","0","5","0"
"17-510 Downtown Anchorage No. 2","103","2","0","0","3","1","0","0","0","0","0","0","0","5","2","0","2","0","0","2","1","0","0","1","0","0","0","0","3","0","1","0","0","0","3","0","0","0","0","0","0","0","0","0","0","0","0","0","0","0","0","0","0","0","0","0","0","0","0","0","0","0","0","0","0","0","0","0","1","0","0","0","0","1","0","0","0","1","1","0","0","0","0","0","0","0","0","0","0","0","0","0","0","6","0","0","0","1","0","0","1","0","0","0","0","0","0","0","0","0","0","0","0","0","0","0","0","0","0","0","1","0","0","0","0","0","0","0","0","0","0","0","0","0","0","0","0","0","0","0","219","8","1","0","0","0","1","4","0","0","0","0","0","0","29","4","2","1","14","21","0","5","0","1","1","2","14","2","1","0","0","3","11","0","0","0","0","0","0","0","1","0","0","0","0","0","1","0","0","2","0","0","0","0","0","0","0","0","0","0","0","0","0","0","0","0","0","0","0","0","0","0","0","0","0","0","0","0","0","0","0","0","0","0","0","0","1","0","0","0","0","0","0","0","0","0","2","1"
"17-515 Downtown Anchorage No. 3","89","0","0","0","1","1","0","0","1","0","0","0","0","6","1","0","2","0","0","0","1","0","0","1","0","0","0","0","2","0","2","0","0","1","0","0","0","0","0","0","0","0","0","0","0","0","0","0","0","0","1","0","0","0","0","0","0","0","0","0","0","0","0","0","0","0","0","0","0","0","0","0","0","1","0","0","0","1","0","0","0","0","0","0","0","0","0","0","0","0","0","0","0","0","0","0","0","0","0","0","0","0","0","0","0","0","0","0","0","0","0","0","0","0","0","0","0","0","0","0","0","0","1","0","0","0","0","0","0","0","0","0","0","0","0","0","0","0","0","0","134","10","0","1","0","0","1","0","0","0","0","0","0","0","28","0","2","0","15","20","0","0","0","2","0","0","7","1","2","0","0","2","5","0","0","0","0","0","1","0","0","0","0","0","0","0","0","0","1","2","0","0","0","0","0","0","0","0","0","0","0","0","0","0","0","0","0","0","0","0","0","0","0","0","0","0","0","0","0","0","0","0","0","0","0","0","0","0","0","0","0","0","0","0","0","0","1","0"
"17-520 Downtown Anchorage No. 4","144","0","3","0","7","0","0","0","0","0","0","0","0","12","2","0","6","0","0","3","4","0","0","0","0","0","0","0","6","0","4","0","0","1","3","0","0","0","0","0","3","0","0","0","1","2","0","0","1","0","1","0","0","1","0","0","0","0","0","0","0","1","0","0","0","0","1","2","0","0","0","0","0","3","1","0","0","2","2","0","0","0","0","0","0","0","0","0","0","0","0","0","0","5","2","0","0","1","0","0","0","1","0","0","0","0","0","0","1","2","0","0","1","1","0","0","0","0","0","0","0","1","0","0","0","1","0","0","0","0","0","0","0","0","0","0","0","0","0","0","205","10","2","4","0","0","1","6","0","0","0","0","0","0","59","1","5","0","24","32","0","1","0","1","0","0","7","1","1","0","0","9","23","0","0","0","0","0","0","0","3","0","0","0","0","0","1","0","0","1","0","0","0","0","0","0","0","0","0","0","0","0","0","0","0","0","0","0","0","0","0","0","0","0","0","0","0","0","0","0","0","0","0","0","0","0","0","0","0","0","0","0","0","0","0","0","3","4"
"17-525 Downtown Anchorage No. 5","79","1","0","0","5","1","0","0","0","0","0","0","0","12","1","0","9","1","0","1","1","0","0","0","0","0","0","0","7","0","0","0","0","0","3","1","0","0","0","0","1","0","0","0","0","0","0","0","0","0","5","0","0","0","0","0","1","0","0","0","0","0","0","1","0","0","0","1","0","0","0","0","0","4","0","0","0","1","2","0","0","0","0","0","0","0","0","0","0","0","0","0","0","7","0","0","0","1","0","0","0","1","0","0","0","0","0","0","0","0","0","0","0","0","0","0","0","0","0","0","1","0","3","0","0","1","0","0","0","0","0","0","0","0","0","0","0","0","0","0","145","4","0","2","0","0","0","2","0","0","0","0","0","0","30","2","3","0","15","29","0","0","0","0","0","0","11","2","0","0","0","4","12","0","0","0","0","0","0","0","3","0","0","0","0","0","1","0","0","1","0","0","2","0","0","0","0","0","0","0","0","0","0","0","0","0","0","0","0","0","0","0","0","0","0","0","0","0","0","0","0","0","0","0","0","0","1","0","0","0","0","0","0","0","0","0","10","2"
"17-530 Downtown Anchorage No. 6","66","0","0","0","1","1","0","0","0","0","0","0","0","9","0","0","5","0","0","1","2","0","0","0","0","0","0","0","3","1","1","0","0","0","0","0","0","0","0","0","0","0","0","0","0","0","0","0","0","0","2","0","0","0","0","0","0","1","0","0","0","0","0","0","0","0","0","0","0","0","0","0","0","3","0","0","0","0","0","0","2","0","0","0","0","0","0","0","0","0","0","0","0","7","1","0","0","1","0","0","0","1","0","0","0","1","0","0","0","1","0","0","0","0","0","0","0","0","0","0","0","0","0","0","1","2","1","0","0","0","0","0","0","0","0","0","0","0","0","0","96","5","0","1","0","0","2","2","0","0","0","0","0","0","18","0","2","0","9","27","0","2","0","0","0","0","3","1","2","0","0","5","12","0","0","1","0","0","0","0","1","0","0","0","0","0","1","0","0","0","0","0","1","0","0","0","0","0","0","0","0","0","0","0","0","0","0","0","0","0","0","0","0","0","0","0","0","0","0","0","0","0","0","0","0","0","0","0","0","0","0","0","0","0","1","0","7","3"
"17-535 Downtown Anchorage No. 7","99","2","1","0","2","0","0","0","0","0","0","0","0","8","3","0","8","2","0","0","3","0","0","0","0","0","0","0","9","0","5","0","0","1","6","0","0","0","0","0","0","0","0","0","0","0","0","0","0","0","7","1","0","0","0","0","0","0","0","0","0","0","0","0","0","0","0","0","0","0","0","0","0","4","0","0","0","0","1","0","0","0","0","0","0","0","0","0","0","0","0","0","0","5","1","1","0","1","0","0","1","0","0","0","0","0","0","0","0","1","0","0","0","0","0","0","0","0","0","0","1","0","1","0","0","1","0","0","0","0","0","0","0","0","0","0","0","0","0","0","137","13","2","2","0","0","0","5","0","0","0","0","0","0","22","1","4","0","13","19","0","1","0","1","1","1","5","1","2","0","0","10","16","0","1","0","0","0","0","0","1","0","0","0","0","0","0","0","0","0","0","0","0","0","0","0","0","0","1","0","0","0","0","0","0","0","0","0","0","0","0","0","0","0","0","0","0","0","0","0","0","0","0","0","0","0","1","0","0","0","0","0","0","0","0","1","11","0"
"18-550 Government Hill","106","0","1","0","0","0","0","0","0","0","0","0","0","13","2","0","7","0","0","0","2","0","0","0","0","0","0","0","3","0","1","0","0","0","3","0","0","0","0","0","0","0","0","0","0","0","0","0","0","0","3","0","0","0","0","0","0","0","0","0","0","0","0","0","0","0","0","1","0","0","0","0","0","0","0","0","0","0","1","0","0","0","0","0","0","0","0","0","0","0","0","0","0","9","1","0","0","1","0","0","0","1","0","0","0","1","0","1","0","0","0","0","0","1","0","0","0","0","0","0","1","2","1","0","0","0","0","0","0","0","0","0","0","0","0","0","0","0","0","0","139","14","0","3","0","0","0","2","0","0","0","0","0","0","30","2","2","0","14","16","0","3","0","0","0","0","5","1","2","0","0","2","7","0","0","0","0","0","1","0","0","0","0","0","0","0","0","0","0","0","0","0","1","0","0","0","0","0","0","0","0","0","0","0","0","0","0","0","0","0","0","0","0","0","0","0","0","0","0","0","0","0","0","0","0","0","0","0","0","0","0","0","0","0","0","0","10","3"
"18-555 JBER No.1","384","3","2","0","2","1","0","0","0","0","0","0","0","46","2","1","23","3","0","2","10","0","0","1","1","0","0","0","8","1","3","0","0","2","7","0","0","0","0","0","0","0","0","0","0","0","0","0","0","0","10","0","0","0","0","0","0","0","0","0","2","0","0","0","0","0","0","2","0","0","0","0","0","3","0","1","0","2","0","0","0","0","0","1","0","0","0","0","0","0","0","0","0","26","10","2","0","5","0","0","1","2","0","0","0","0","0","0","0","2","0","0","0","3","0","0","0","0","0","0","1","1","1","0","0","2","0","0","0","1","0","0","0","0","0","0","0","0","0","0","122","10","1","0","0","0","2","10","0","1","0","0","0","0","28","0","2","0","13","15","0","4","0","0","0","1","4","2","2","0","0","2","7","0","0","0","0","1","0","0","0","0","0","0","0","0","0","0","0","0","0","0","1","0","0","0","0","0","0","0","0","0","0","0","0","0","0","0","0","0","0","0","0","0","0","0","0","0","0","0","0","0","0","0","0","0","0","0","0","0","0","0","0","0","0","0","24","0"
"18-556 JBER No.2","86","0","0","0","2","0","0","0","1","0","0","0","0","10","1","0","14","2","0","1","4","0","0","0","1","0","0","0","3","0","0","0","0","0","4","0","0","0","0","0","0","0","0","0","0","0","0","0","0","0","3","0","0","0","0","0","0","0","0","0","1","0","0","0","0","0","0","0","0","0","0","0","0","4","0","0","0","0","0","0","0","0","0","0","0","0","0","0","0","0","0","0","0","5","1","0","0","2","0","0","0","0","0","0","0","0","0","0","0","2","0","0","0","1","0","0","0","0","0","0","0","0","1","1","0","2","0","0","0","0","0","0","0","0","0","0","0","0","0","0","33","2","0","1","0","0","1","1","0","0","0","0","0","0","9","0","1","0","5","11","0","1","0","0","1","0","3","0","1","0","0","2","3","0","0","0","0","0","0","0","0","0","0","0","0","0","0","0","0","0","0","0","0","0","0","0","0","0","0","0","0","0","0","0","0","0","0","0","0","0","0","0","0","0","0","0","0","0","0","0","0","0","0","0","0","0","0","0","0","0","0","0","0","0","0","0","11","0"
"18-560 North Muldoon","119","0","0","0","3","0","0","0","1","0","0","0","0","5","0","0","4","0","0","1","1","0","0","0","0","0","0","0","2","0","2","0","0","0","5","0","0","0","0","0","0","0","0","0","0","0","0","0","0","0","1","0","0","0","0","0","0","0","0","0","0","0","0","0","0","0","0","1","0","0","0","0","0","0","0","0","0","0","0","0","0","0","0","0","0","0","0","0","0","0","0","0","0","9","0","0","0","0","0","0","0","0","0","0","0","0","0","2","0","1","0","0","0","0","0","0","0","0","0","0","2","1","1","0","0","2","0","0","0","0","0","0","0","0","0","0","0","0","0","0","113","8","2","1","0","0","0","3","0","0","0","0","0","0","17","0","3","0","5","14","0","0","0","0","0","0","5","1","1","0","0","4","3","0","1","0","0","0","0","0","0","0","0","0","0","0","0","0","0","0","0","0","0","0","0","0","0","0","0","0","0","0","0","0","0","0","0","0","0","0","0","0","0","0","0","0","0","0","0","0","0","0","0","0","0","0","0","0","0","0","0","0","0","0","0","0","6","1"
"18-565 Ship Creek","15","1","0","0","1","0","0","0","0","0","0","0","0","3","1","0","1","0","0","0","0","0","0","0","0","0","0","0","2","0","0","0","0","0","0","0","0","0","0","0","1","0","0","0","0","0","0","0","0","0","2","0","0","0","0","0","0","0","0","0","0","0","0","0","0","0","0","0","0","0","0","0","0","0","0","0","0","0","0","0","0","0","0","0","0","0","0","0","0","0","0","0","0","2","0","0","0","0","0","0","0","0","0","0","0","0","0","0","0","0","0","0","0","0","0","0","1","0","0","0","0","0","0","0","0","0","0","0","0","0","0","0","0","0","0","0","0","0","0","0","25","1","0","0","0","0","0","0","0","0","0","0","0","0","9","0","0","0","3","7","0","1","0","0","0","0","1","0","1","0","0","3","1","0","0","0","0","0","0","0","0","0","0","0","0","0","0","0","0","0","0","0","1","0","0","0","0","0","0","0","0","0","0","0","0","0","0","0","0","0","0","0","0","0","0","0","0","0","0","0","0","0","0","0","0","0","0","0","0","0","0","0","0","0","0","0","3","0"
"19-605 Airport Heights No. 1","145","1","0","0","1","0","0","0","1","0","0","0","0","19","3","0","8","1","0","1","3","0","0","0","2","0","0","0","6","1","1","0","0","1","3","1","0","0","0","0","0","0","0","0","0","0","0","0","0","0","4","1","0","0","0","0","0","1","0","0","0","0","0","0","0","0","0","1","0","0","0","0","0","1","0","0","0","0","0","0","0","0","0","0","0","0","0","0","0","0","0","0","0","10","5","0","0","3","1","0","0","1","0","0","0","0","0","0","0","1","0","0","0","1","0","0","0","0","0","0","0","1","1","0","1","1","0","0","0","0","0","0","0","0","0","0","0","0","0","0","270","15","5","7","0","0","1","5","0","0","0","0","0","0","70","5","3","0","21","36","0","1","0","1","1","0","10","5","1","0","0","6","15","0","0","0","1","0","0","0","2","0","0","0","0","0","0","0","0","1","0","0","2","0","0","0","0","0","0","0","0","0","0","0","0","0","0","0","0","0","0","0","0","0","0","0","0","0","0","0","0","0","0","0","0","0","0","0","0","0","0","0","1","0","0","0","7","0"
"19-610 Airport Heights No. 2","241","0","1","0","1","0","0","0","0","0","0","0","0","18","2","0","4","0","0","0","1","0","0","1","0","0","0","0","7","0","1","0","0","2","3","0","0","0","0","0","0","0","1","0","0","0","0","0","0","0","4","0","0","0","0","0","0","0","0","0","2","0","0","0","0","0","0","0","0","0","0","0","0","0","0","0","0","0","1","0","0","0","0","0","0","0","0","0","0","0","0","0","0","25","4","0","0","1","0","0","1","0","0","0","0","0","0","1","0","2","0","0","0","1","0","0","0","0","0","0","1","1","2","0","0","1","0","0","0","0","0","0","0","0","0","0","0","0","0","0","254","13","0","3","0","0","1","2","0","0","1","0","0","0","37","0","3","0","12","19","0","0","0","0","0","0","10","1","4","0","0","3","9","0","1","0","0","1","0","1","1","0","0","0","0","0","0","0","0","0","0","0","0","0","0","0","0","0","0","0","0","0","0","0","0","0","0","0","0","0","0","0","0","0","0","0","0","0","0","0","0","0","0","0","0","0","0","0","0","0","0","0","0","0","0","0","14","3"
"19-615 Mountainview No. 1","81","1","0","0","0","0","0","0","2","0","0","0","0","13","3","0","8","0","0","1","6","0","0","3","0","0","0","1","6","2","1","0","0","0","1","0","0","0","0","0","0","0","0","0","0","0","0","0","0","0","2","0","0","0","0","0","0","0","0","0","0","0","0","1","0","0","0","0","0","0","0","0","0","1","0","0","0","0","0","0","0","0","0","0","0","0","0","0","0","0","0","0","0","8","4","0","0","0","0","0","0","1","0","0","0","1","0","0","0","4","0","0","0","0","0","0","0","0","0","0","1","0","1","0","1","5","0","0","0","0","0","0","0","0","0","0","0","0","0","0","127","4","1","8","0","0","2","3","0","0","0","0","0","0","26","0","3","0","14","11","0","0","0","0","0","1","3","2","3","0","0","5","15","0","2","0","0","0","0","0","0","0","0","0","0","1","0","0","0","1","0","0","0","0","0","0","0","0","0","0","0","0","0","0","0","0","0","0","0","0","0","0","0","0","0","0","0","0","0","1","1","0","0","0","0","0","0","0","0","0","0","0","0","0","0","0","8","1"
"19-620 Mountainview No. 2","88","0","0","0","0","0","0","0","0","0","0","0","0","12","2","0","13","0","1","0","2","0","0","2","1","0","0","0","4","1","2","0","0","1","3","0","0","0","0","0","2","0","0","0","0","0","0","0","0","0","3","0","0","0","0","0","0","2","0","0","0","0","0","0","0","0","0","1","0","0","0","0","0","1","0","2","0","1","0","0","0","0","0","0","0","0","0","0","0","0","0","0","0","9","6","0","0","2","0","0","0","1","0","0","0","0","0","0","0","0","0","0","0","1","0","0","0","0","0","0","0","1","0","0","1","2","0","0","0","0","0","0","0","0","0","0","0","0","0","0","135","3","1","2","0","0","0","9","0","0","0","0","0","0","10","0","5","0","7","16","0","0","0","0","0","0","1","0","3","0","0","1","9","0","0","0","0","0","0","0","0","0","0","0","0","0","0","0","0","0","0","0","1","0","0","0","0","0","0","0","0","0","0","0","0","0","0","0","0","0","0","0","0","0","0","0","0","0","0","0","0","0","0","0","0","0","0","0","0","0","0","0","0","0","0","0","7","3"
"19-625 South Mountainview","143","1","1","0","0","0","0","0","0","0","0","0","0","16","2","0","8","0","0","1","4","0","1","0","0","0","0","0","5","0","1","0","0","0","1","0","0","0","0","0","0","0","0","0","0","0","0","0","0","0","2","0","0","0","0","0","0","0","0","0","0","0","0","2","0","0","0","3","0","0","0","0","0","1","0","0","0","0","0","0","0","0","0","0","0","0","0","0","0","0","0","0","1","11","2","0","0","1","1","0","0","2","0","0","0","0","0","1","0","1","0","0","0","1","0","0","0","1","0","0","1","0","0","0","0","1","0","0","0","0","0","0","0","0","0","0","0","0","0","0","159","5","0","3","0","0","0","5","0","0","0","0","0","0","20","1","1","0","8","8","0","2","0","0","0","0","9","1","4","0","0","2","3","0","0","0","0","0","0","0","0","0","0","0","0","0","0","0","0","0","0","0","0","0","0","0","0","0","0","0","0","0","0","0","0","0","0","0","0","0","0","0","0","0","0","0","0","0","0","0","0","0","0","0","0","0","0","0","0","0","0","0","0","0","0","0","14","1"
"20-650 University No. 1","61","0","1","0","3","0","0","0","0","0","0","0","0","12","2","0","6","1","0","1","3","0","0","0","0","0","0","0","5","0","4","0","0","0","1","0","1","0","0","0","0","0","0","0","0","0","0","0","0","0","1","1","0","0","0","0","0","0","0","0","0","0","0","0","0","0","0","0","0","0","0","0","0","3","0","0","0","0","0","0","0","0","0","0","0","0","0","0","0","0","0","0","0","2","1","0","0","0","0","0","1","3","0","0","0","0","0","0","0","0","0","0","0","1","0","0","0","0","0","0","0","0","1","0","0","0","0","0","0","0","0","0","0","0","0","0","0","0","0","0","59","0","1","2","0","0","0","0","0","0","0","0","0","0","20","1","8","0","9","22","0","1","0","0","0","0","2","0","4","0","0","2","8","0","0","0","0","0","1","1","0","0","0","0","0","0","0","0","0","2","0","0","3","0","0","0","0","0","0","0","0","0","0","0","0","0","0","0","0","0","0","0","0","0","0","0","0","0","0","0","0","0","0","0","0","0","0","0","0","0","0","0","0","0","0","0","7","2"
"20-655 University No. 2","266","2","2","0","4","0","0","1","2","0","0","0","0","30","4","0","9","0","0","4","3","0","0","0","1","0","0","1","6","1","9","0","0","0","5","0","0","0","0","0","2","0","0","0","0","2","0","1","0","0","6","0","0","0","0","0","0","0","0","0","1","0","0","0","0","0","0","0","0","0","0","0","0","2","1","2","0","0","1","0","0","0","0","0","0","0","0","0","0","0","0","0","0","25","2","1","0","2","0","0","1","1","0","0","0","0","0","3","0","1","1","0","2","5","0","0","0","0","0","0","3","0","0","0","1","4","0","0","0","0","0","0","0","0","0","0","0","0","0","0","260","25","1","18","0","0","1","9","0","0","0","0","0","0","53","5","3","0","31","41","0","3","0","0","0","0","8","0","3","0","0","4","14","0","1","0","0","0","0","0","3","0","0","0","0","0","0","0","0","0","0","0","0","0","0","0","0","0","0","0","0","0","0","0","0","0","0","0","0","0","0","0","0","0","0","0","0","0","0","0","0","0","0","0","0","0","0","0","0","0","0","0","0","0","0","0","16","1"
"20-660 University No. 3","241","1","1","0","5","0","0","0","1","0","0","0","0","26","1","0","19","1","0","0","7","0","0","0","1","0","0","0","14","1","2","0","0","1","2","0","0","1","0","0","0","0","0","0","0","1","0","0","0","0","7","0","0","0","0","0","0","0","0","0","0","1","0","0","0","0","0","0","0","0","0","0","0","1","0","0","0","0","1","0","0","0","0","0","0","0","0","0","0","0","0","0","0","12","3","0","0","0","0","0","1","0","0","0","0","0","0","1","0","1","0","0","0","3","0","0","0","0","0","0","0","0","0","0","0","1","0","0","0","0","0","0","0","0","0","0","0","0","0","0","272","27","3","14","0","0","3","8","0","0","0","0","0","0","70","4","7","0","28","64","0","8","0","0","0","2","9","3","3","0","0","4","16","0","0","0","1","0","0","0","1","0","0","0","0","0","0","0","0","0","0","0","1","0","0","0","0","0","0","0","0","0","0","0","0","0","0","0","0","0","0","0","0","0","0","0","0","0","0","0","0","0","0","0","0","0","0","0","0","0","0","0","0","0","0","0","9","4"
"20-665 University No. 4","109","1","2","0","3","1","0","1","0","0","0","0","0","17","2","0","8","0","0","1","1","0","0","1","1","0","0","0","5","1","3","0","0","0","1","0","0","0","0","0","2","0","0","0","0","1","1","0","0","0","1","0","0","0","0","0","0","0","0","0","1","0","0","0","0","0","0","1","0","0","0","0","0","0","0","0","0","0","0","0","0","0","0","0","0","0","0","0","0","0","0","0","0","6","2","0","0","0","0","0","0","0","0","0","0","0","0","1","0","2","0","0","0","1","0","0","0","0","0","0","0","0","0","0","0","0","0","0","0","0","0","0","0","0","0","0","0","0","0","0","118","10","3","5","0","0","3","2","0","0","0","0","0","0","32","4","1","0","15","23","0","0","0","1","0","0","5","1","2","0","0","4","7","0","1","0","0","1","0","0","1","0","0","0","0","0","0","0","0","0","0","0","0","0","0","0","0","0","0","0","0","0","0","0","0","0","0","0","0","0","0","0","0","0","0","0","0","0","0","0","0","0","0","0","0","0","1","0","0","0","0","0","1","0","0","0","9","0"
"20-670 University No. 5","373","6","5","0","8","0","0","1","1","0","0","0","0","43","4","0","18","0","0","6","8","0","0","1","3","0","0","1","21","1","11","0","0","1","5","0","0","0","0","0","1","0","0","0","0","0","0","0","0","0","4","0","0","1","0","0","0","0","0","0","0","0","0","1","0","0","0","0","0","0","0","0","0","3","0","0","0","0","0","0","0","0","0","0","0","0","0","0","0","0","0","0","0","10","1","0","0","0","0","0","2","2","0","0","1","0","0","2","1","3","0","0","0","4","0","0","0","0","0","1","3","0","0","0","0","1","0","0","0","0","1","0","0","0","0","0","0","0","0","0","368","32","6","20","0","0","2","12","0","0","0","0","1","0","82","5","11","0","40","71","1","5","1","1","0","1","17","2","4","0","0","13","23","0","1","0","0","1","0","0","2","0","0","0","0","0","2","0","0","1","0","0","4","0","0","0","0","0","1","0","0","0","0","0","0","0","0","0","0","0","0","0","0","0","0","0","0","0","0","0","0","0","0","0","1","0","1","0","0","0","0","0","0","0","0","0","14","7"
"21-705 East Anchorage No. 1","230","1","0","0","5","1","0","1","0","0","0","0","0","22","1","0","3","0","0","1","2","0","0","0","0","0","1","0","7","0","3","0","0","0","1","0","0","0","0","0","2","0","0","0","1","0","0","0","0","0","2","0","0","0","0","0","0","0","0","0","0","0","0","0","0","0","0","0","0","0","0","0","0","1","0","0","0","0","1","0","0","0","0","0","0","0","0","0","0","0","0","0","0","7","1","0","0","1","0","0","1","1","0","0","0","0","0","0","1","2","0","0","0","0","0","0","0","0","0","0","1","0","0","0","0","1","0","0","0","0","0","0","0","0","0","0","0","0","0","0","206","25","2","4","0","0","2","2","0","0","0","0","0","0","52","1","2","0","16","18","0","3","0","0","0","0","15","1","3","0","0","7","19","0","0","0","0","0","0","0","1","0","0","0","0","0","0","1","0","0","0","0","1","0","0","0","0","0","0","0","0","0","0","0","0","0","0","0","0","0","0","0","0","0","0","0","0","0","0","0","0","0","0","0","0","0","0","0","0","0","0","0","0","0","0","0","8","3"
"21-710 East Anchorage No. 2","282","0","6","0","7","1","0","1","0","0","0","0","0","22","6","0","19","0","1","2","5","0","1","0","0","0","0","1","12","1","3","0","0","0","5","1","0","0","0","0","2","0","0","0","0","0","1","0","1","0","7","0","0","1","0","0","0","1","0","0","0","1","0","0","0","0","0","1","0","0","0","0","0","1","0","0","0","0","1","0","0","0","0","0","0","0","0","0","0","0","0","0","0","9","3","0","0","3","0","0","0","1","0","0","0","0","0","0","0","0","0","0","2","0","0","0","0","0","0","0","0","1","2","0","1","3","1","0","0","0","0","0","0","0","0","0","0","0","0","0","197","14","0","7","0","0","2","9","0","0","0","0","0","0","37","3","8","0","18","32","0","1","0","1","0","1","4","6","3","0","0","8","23","0","1","0","1","0","0","1","2","1","0","0","0","0","0","0","0","0","0","0","0","0","0","0","0","0","0","0","0","0","0","0","0","0","0","0","0","0","0","0","0","0","0","0","0","0","0","0","0","0","0","0","0","0","0","0","0","0","0","0","0","0","1","0","3","1"
"21-715 East Anchorage No. 3","382","0","1","0","17","0","0","0","1","0","0","0","0","33","4","0","19","2","0","5","7","0","0","0","1","0","1","1","11","1","3","0","0","3","4","0","0","0","0","0","2","1","0","1","0","2","0","0","1","0","5","0","0","0","0","0","1","0","0","0","0","0","0","0","0","0","0","1","0","0","0","0","0","2","1","0","0","1","3","0","0","0","0","0","0","0","0","0","0","0","0","0","0","16","1","0","0","5","1","1","1","2","0","0","1","0","0","0","0","1","0","0","0","4","0","0","0","0","0","0","1","0","1","0","1","3","0","0","0","0","0","0","0","0","0","0","0","0","0","0","290","17","2","9","0","0","3","10","0","0","0","0","0","0","46","4","10","0","20","65","0","4","0","1","0","0","5","2","5","0","0","12","32","0","0","0","0","0","1","1","2","0","0","0","0","0","0","0","0","2","0","0","0","0","0","0","0","0","0","0","0","0","0","0","0","0","0","0","0","0","0","0","0","0","0","0","0","0","0","0","0","0","0","0","0","0","0","0","1","0","0","0","0","0","0","0","16","1"
"21-720 East Anchorage No. 4","254","1","2","0","7","1","0","0","1","0","0","0","0","29","6","0","26","1","0","3","7","0","0","1","0","0","0","0","11","1","2","0","0","0","6","0","0","0","0","0","3","0","0","0","0","0","0","0","0","0","4","0","0","0","0","0","0","0","0","0","2","0","0","0","0","0","0","0","0","0","0","0","0","3","0","0","0","0","0","0","0","0","0","0","0","0","0","0","0","0","0","0","0","14","3","0","0","0","0","0","1","1","0","0","0","0","0","2","0","1","0","0","0","2","0","0","0","0","0","0","2","2","0","0","0","0","0","0","0","0","0","0","0","0","0","0","0","1","0","0","260","28","1","3","0","0","1","1","0","0","0","0","0","0","57","6","2","0","27","23","0","1","0","0","0","0","7","1","4","0","0","5","15","0","0","0","0","0","1","0","0","0","0","0","0","1","0","0","0","1","0","0","3","0","0","0","0","0","0","0","0","0","0","0","0","0","0","0","0","0","0","0","0","0","0","0","0","0","0","0","0","0","0","0","0","0","0","0","0","0","0","0","0","0","0","0","8","2"
"21-725 East Anchorage No. 5","377","2","3","0","12","0","1","1","0","0","0","0","0","34","6","0","33","1","1","2","4","0","0","1","3","0","0","0","11","1","2","0","0","3","5","0","0","0","0","0","4","0","1","0","1","1","0","0","0","0","4","1","0","2","0","0","0","0","0","0","1","2","0","0","0","0","0","0","0","1","0","0","0","4","0","1","0","1","0","0","0","0","0","0","0","0","0","0","0","0","0","0","0","10","7","0","0","3","0","0","0","0","0","0","1","0","0","1","0","5","0","0","0","2","0","0","0","0","0","0","0","1","0","0","0","2","1","0","0","1","0","0","0","0","0","1","0","0","0","0","351","23","1","8","0","0","1","5","0","0","0","0","0","0","64","4","10","0","33","58","0","4","0","0","0","1","13","4","6","0","0","17","30","0","0","0","0","0","1","1","5","1","0","1","1","0","1","0","0","1","0","0","0","0","0","1","0","0","0","0","0","0","0","0","0","0","0","0","0","0","0","0","0","0","0","0","0","0","0","0","0","0","0","0","0","0","0","0","0","0","0","0","0","0","0","0","8","1"
"22-750 Northeast Anchorage No. 1","228","1","0","0","6","0","0","0","2","0","1","0","0","24","2","0","21","1","1","2","7","0","0","0","1","0","0","0","11","0","5","0","0","2","11","0","0","0","0","0","0","0","0","0","0","3","0","0","0","0","8","0","0","0","0","0","1","0","0","0","2","0","0","0","0","0","0","4","0","0","0","0","0","6","0","1","0","0","3","0","0","0","0","0","0","0","0","0","0","0","0","0","0","15","2","1","0","0","0","0","2","2","0","0","0","0","0","0","0","2","0","0","1","6","0","1","0","0","0","0","2","1","2","0","0","1","0","0","0","0","0","0","0","0","0","0","1","0","0","0","207","19","0","6","0","0","3","15","0","0","0","0","0","0","46","2","1","0","17","49","0","2","0","0","0","1","13","3","6","0","0","3","20","0","0","0","0","0","0","2","1","0","0","0","0","0","0","0","0","0","0","0","1","0","0","0","0","0","1","0","0","0","0","0","0","0","0","0","0","0","0","0","0","0","0","0","0","0","0","0","0","0","0","0","0","0","0","0","0","0","0","0","0","0","0","0","13","2"
"22-755 Northeast Anchorage No. 2","243","2","1","0","4","0","0","0","0","0","0","0","0","24","4","0","24","1","0","0","5","0","0","1","0","0","0","0","10","0","4","0","0","1","14","0","0","0","0","0","2","0","1","0","1","0","0","0","0","0","8","1","0","0","0","0","0","0","0","0","2","0","0","1","0","0","0","4","0","0","0","0","0","2","1","0","0","1","2","0","0","0","0","0","0","0","0","0","0","0","0","0","0","9","0","0","0","0","0","0","3","2","0","0","0","0","0","1","0","0","0","0","1","3","0","0","0","0","0","0","2","2","1","0","1","2","0","0","0","0","1","0","0","0","0","0","0","0","0","0","162","13","2","5","0","0","1","16","0","0","0","0","0","0","31","3","7","0","22","50","0","6","0","0","0","0","6","1","4","0","0","6","18","0","0","0","0","0","0","1","0","0","0","0","0","0","0","0","0","1","0","0","1","0","0","0","0","0","0","0","0","0","0","0","0","0","0","0","0","0","0","0","0","0","0","0","0","0","0","0","0","0","0","0","0","0","0","0","0","0","0","0","0","0","0","0","12","6"
"22-760 Northeast Anchorage No. 3","273","2","0","0","8","0","0","2","3","0","0","0","0","20","3","0","18","1","0","2","5","0","0","0","1","0","0","0","9","2","3","1","0","0","5","0","0","0","0","0","0","0","0","0","0","0","0","0","0","0","8","0","0","2","0","0","0","0","0","0","1","0","0","0","0","0","1","6","0","0","0","0","0","1","0","0","0","0","1","0","0","0","0","0","0","0","0","0","0","0","0","0","0","13","3","0","0","2","0","0","0","1","0","0","0","0","0","2","0","2","0","0","0","1","0","0","0","0","0","0","4","1","0","0","0","1","0","0","0","0","0","0","0","0","0","0","0","0","0","0","264","12","3","1","0","0","2","13","0","0","0","0","1","0","47","3","2","0","20","43","0","8","0","0","1","0","14","3","2","0","0","8","18","0","1","0","0","0","0","0","0","0","0","0","0","0","1","0","0","1","0","0","3","0","0","0","0","0","0","0","0","0","0","0","0","0","0","0","0","0","0","0","0","0","0","0","0","0","0","0","0","0","0","0","0","0","0","0","0","0","0","0","0","0","0","0","11","3"
"22-765 Northeast Anchorage No. 4","177","2","2","0","3","0","0","0","1","0","0","0","0","11","6","0","18","2","1","1","2","0","0","1","1","0","0","0","3","0","1","0","0","1","7","0","0","0","0","0","2","0","1","0","0","0","0","0","0","0","5","0","0","0","0","0","0","0","0","0","0","0","0","2","0","0","1","1","0","0","0","0","1","1","0","0","0","0","0","0","0","0","0","0","0","0","0","0","0","0","0","0","0","11","4","0","0","1","0","0","1","2","0","0","0","0","0","2","0","0","0","0","0","4","0","0","0","0","0","0","1","0","0","0","0","1","0","0","0","0","0","0","0","0","0","0","1","0","0","0","136","9","1","2","0","0","1","9","0","0","0","0","0","0","24","2","4","0","7","44","0","1","0","0","0","1","7","2","2","0","1","5","14","0","2","0","0","0","0","0","0","0","0","0","0","0","0","0","0","0","0","0","1","0","0","0","0","0","1","0","0","0","0","0","0","0","0","0","0","0","0","0","0","0","0","0","0","0","0","0","0","0","0","0","0","0","0","0","0","0","0","0","1","0","0","0","10","5"
"23-805 Chugach Park No. 1","401","0","2","0","2","0","0","0","0","0","0","0","0","57","4","0","20","1","0","5","16","0","0","2","3","0","0","0","11","0","2","0","0","4","10","0","0","0","0","0","2","0","0","0","1","1","0","2","0","0","0","1","0","0","0","0","0","1","0","0","1","0","0","0","0","0","0","1","0","0","0","0","0","0","0","0","0","0","1","0","0","0","0","0","0","0","0","0","0","0","0","0","0","11","9","0","0","2","0","0","4","3","0","0","0","0","0","0","0","2","0","0","0","0","0","0","0","0","0","0","4","2","3","0","1","0","0","0","0","0","0","0","0","0","0","0","1","0","0","0","247","22","2","5","0","0","4","14","0","0","0","0","0","0","41","5","5","0","22","28","0","1","0","1","0","1","13","5","9","0","0","6","19","0","2","0","1","0","0","0","0","0","0","0","0","0","1","2","0","1","0","0","0","0","0","0","0","0","0","0","0","0","0","0","0","0","0","0","0","0","0","0","0","0","0","0","0","0","0","0","0","0","0","0","0","0","0","0","0","0","0","0","0","0","0","0","16","0"
"23-810 Eagle River No. 1","241","2","1","0","1","0","0","0","0","0","0","0","0","29","2","0","14","2","0","1","8","0","0","0","2","0","0","0","9","1","2","0","0","2","6","0","0","0","0","0","3","0","0","0","1","1","0","0","0","0","3","0","0","1","0","0","0","1","0","0","0","0","0","0","0","0","0","1","0","0","0","0","0","3","0","0","0","0","1","0","0","0","0","0","0","0","0","0","0","0","0","0","0","14","6","2","0","0","0","0","0","2","0","0","0","0","0","0","0","1","0","0","0","2","0","0","0","0","0","0","2","0","1","0","0","3","0","0","0","0","0","0","0","0","0","0","0","0","0","0","145","8","1","4","0","0","0","5","0","0","0","0","0","0","22","0","3","0","6","27","0","1","0","1","0","0","6","2","8","0","0","1","13","0","1","0","0","0","0","0","0","0","0","0","0","0","0","0","0","0","0","0","0","0","0","0","0","0","0","0","0","0","0","0","0","0","0","0","0","0","0","0","0","0","0","0","0","0","0","0","0","0","0","0","0","0","1","0","0","0","0","0","0","0","0","0","5","1"
"23-815 Eagle River No. 2","247","0","2","0","0","0","0","1","2","0","0","0","0","31","2","1","14","1","0","3","10","0","0","2","4","0","0","0","9","0","4","0","0","2","10","0","0","0","0","0","0","0","0","0","0","0","0","0","0","0","2","0","0","0","0","0","0","0","0","0","0","0","0","0","0","0","0","0","0","0","0","0","0","0","0","0","0","1","1","0","0","0","0","0","0","0","0","0","0","0","0","0","0","12","9","0","0","1","0","0","0","3","0","0","0","0","0","0","0","0","0","1","0","0","0","0","0","0","0","0","1","1","2","0","1","0","0","0","0","0","0","0","0","0","0","0","0","0","0","0","141","12","0","4","0","0","3","10","0","0","0","1","0","0","33","0","6","1","18","19","0","0","0","1","0","2","8","2","7","0","0","8","13","0","1","0","0","0","0","0","0","0","0","0","0","0","0","0","1","1","0","0","1","1","0","0","0","0","0","0","0","0","0","0","0","0","0","0","0","0","0","0","0","0","1","0","0","0","0","0","0","0","0","0","1","0","0","0","0","0","0","0","0","0","0","0","5","0"
"23-820 Hiland","263","0","2","0","2","0","0","1","0","0","0","0","0","34","4","0","15","0","0","4","10","0","0","1","1","0","1","0","11","0","4","0","0","2","2","0","0","0","0","0","0","0","0","1","0","0","0","0","0","0","0","1","0","0","0","0","0","0","0","0","0","1","0","0","0","0","0","0","0","0","0","0","0","1","0","0","0","0","1","0","0","0","0","0","0","0","0","0","0","0","0","0","0","12","4","0","0","0","0","0","2","4","0","0","0","0","0","1","0","2","0","0","0","1","0","0","0","0","0","0","1","0","3","0","0","1","0","0","0","1","0","0","0","0","0","0","0","0","0","0","127","14","1","4","0","0","5","4","0","0","0","0","0","0","20","2","1","0","13","15","0","1","0","0","0","1","8","1","4","0","0","4","9","0","1","0","0","0","0","0","0","0","0","0","0","0","0","0","0","0","0","0","0","0","0","0","0","0","0","0","0","0","0","0","0","0","0","0","0","0","0","0","0","0","0","0","0","0","0","0","0","0","0","0","0","0","0","0","0","0","0","0","0","0","0","0","9","0"
"23-825 Meadow Creek No. 1","262","0","3","0","3","0","0","1","1","0","0","0","0","38","2","0","16","0","0","8","6","0","0","0","1","0","0","0","10","0","3","0","0","1","5","0","0","0","0","0","3","0","0","0","0","0","0","0","0","0","3","0","0","0","0","0","0","0","0","0","2","0","0","0","0","0","0","0","0","0","0","0","0","0","0","1","0","1","0","0","0","0","0","0","0","0","0","0","0","0","0","0","0","4","10","0","0","3","0","0","1","5","0","0","1","1","0","0","0","1","0","0","0","1","0","0","0","0","0","0","1","1","3","0","0","3","0","0","0","0","1","0","0","0","0","0","0","0","0","0","157","16","2","6","0","0","1","5","0","0","0","0","0","0","37","1","5","0","12","28","0","1","0","2","0","0","10","5","6","0","0","1","12","0","0","0","0","0","0","1","1","0","0","0","0","0","0","0","0","1","0","0","1","0","0","0","0","0","0","0","0","0","0","0","0","0","0","0","0","0","0","0","0","0","0","0","0","0","0","0","0","0","0","0","0","0","0","0","0","1","0","0","1","0","0","0","4","0"
"23-830 Meadow Creek No. 2","183","3","0","0","1","0","0","0","0","0","0","0","0","18","2","0","3","3","0","2","6","0","0","0","0","0","0","0","8","0","0","0","0","0","4","0","0","0","0","0","0","0","0","0","0","0","0","0","0","0","1","0","0","0","0","0","0","0","0","0","2","0","0","0","0","0","0","0","0","0","0","0","0","0","0","0","0","0","0","0","0","0","0","0","0","0","0","0","0","0","0","0","0","5","6","0","0","1","0","0","2","1","0","0","0","0","0","0","0","0","0","0","0","0","0","0","0","0","0","0","2","1","1","0","0","1","0","0","0","0","0","0","0","0","0","0","0","0","0","0","84","12","0","1","0","0","1","4","0","0","0","0","0","0","11","2","0","0","5","11","0","1","0","0","0","1","7","3","4","0","0","2","10","0","0","0","0","0","0","0","0","0","0","0","0","0","0","0","0","0","0","0","0","0","0","0","0","0","0","1","0","0","0","0","0","0","0","0","0","0","0","0","0","0","0","0","0","0","0","0","0","0","0","0","0","0","0","0","0","0","0","0","0","0","0","0","7","0"
"24-850 Chugach Park No. 2","339","0","0","0","3","0","0","0","1","0","0","0","0","25","2","0","9","0","0","0","5","0","0","1","1","0","0","0","17","0","5","0","0","0","7","0","0","0","0","0","3","0","0","0","0","0","0","0","0","0","0","0","0","0","0","0","0","0","0","0","0","0","0","0","0","0","0","0","0","0","0","0","0","2","0","0","0","0","1","0","0","0","0","0","0","0","0","0","0","0","0","0","0","5","4","0","0","0","0","0","1","1","0","0","0","0","0","0","0","1","0","0","0","1","0","0","0","0","0","0","0","1","0","0","0","1","0","0","0","0","0","0","0","0","0","0","0","0","0","0","130","16","1","4","0","0","2","4","0","0","0","0","0","0","26","2","5","0","7","16","0","2","0","0","0","0","5","3","0","0","0","1","10","0","0","0","0","0","0","0","0","0","0","0","0","0","0","0","0","1","0","0","1","0","0","0","0","0","0","0","0","0","0","0","0","0","0","0","0","0","0","0","0","0","0","0","0","0","0","0","0","0","0","0","0","1","0","0","0","0","0","0","0","0","0","0","5","1"
"24-855 Chugiak","163","1","1","0","2","0","0","0","1","0","0","0","0","25","1","0","8","0","0","1","4","0","0","0","1","0","0","0","4","0","3","0","0","1","2","0","0","0","0","0","1","0","0","0","0","1","0","0","0","0","0","0","0","0","0","0","0","0","0","0","0","0","0","1","0","0","0","0","0","0","0","0","0","0","0","0","0","0","0","0","0","0","0","0","0","0","0","0","0","0","0","0","0","9","1","0","0","0","0","0","0","2","0","0","0","0","0","0","0","1","0","0","3","1","0","0","0","0","0","0","0","1","0","0","0","2","0","0","0","0","0","0","0","0","0","0","0","0","0","0","73","5","0","3","0","0","1","1","0","0","0","0","0","0","11","0","0","0","8","7","0","1","0","0","0","0","7","2","0","0","0","0","4","0","0","0","0","0","0","0","0","0","0","0","0","0","0","0","0","0","0","0","2","0","0","0","0","0","0","0","0","0","0","0","0","0","0","0","0","0","0","0","0","0","0","0","0","0","0","0","0","0","0","0","0","0","0","0","0","0","0","0","0","0","0","0","2","0"
"24-860 Eagle River No. 3","256","1","0","0","6","0","0","0","2","0","0","0","0","32","4","0","13","0","0","2","2","0","1","1","1","0","0","0","14","0","4","0","0","0","5","0","0","0","0","0","1","0","0","0","0","0","0","0","0","0","1","0","0","0","0","0","0","0","0","0","1","0","0","1","0","0","0","2","0","0","0","0","0","0","0","0","0","0","0","0","0","0","0","0","0","0","0","0","0","0","0","0","0","12","4","3","0","4","0","0","0","1","0","0","0","0","0","2","0","0","0","0","0","1","0","0","0","0","0","0","1","1","1","0","1","2","0","0","0","0","1","0","0","0","0","0","0","0","0","0","114","16","1","3","0","0","0","3","0","0","0","0","0","0","22","2","7","0","11","18","0","1","0","0","0","1","6","1","3","0","0","2","8","0","1","0","0","0","0","0","1","0","0","0","0","0","0","0","0","1","0","0","1","0","0","0","0","0","0","0","0","0","0","0","0","0","0","0","0","0","0","0","0","0","0","1","0","0","0","0","0","0","0","0","0","0","0","0","0","0","0","0","0","0","0","0","5","1"
"24-865 Eklutna","276","5","2","0","3","1","0","1","1","0","0","0","0","31","1","0","17","2","0","2","6","0","0","1","2","0","0","0","7","1","4","0","0","2","3","0","0","0","0","0","1","0","0","0","1","0","0","0","0","0","1","1","0","0","0","0","0","0","0","0","0","0","0","0","0","0","0","1","0","0","0","0","0","3","0","0","0","1","1","0","0","0","0","0","0","0","0","0","0","0","0","0","0","12","7","0","0","2","0","0","0","2","0","0","0","0","0","1","0","0","0","0","0","0","0","0","0","0","0","0","0","0","1","0","0","1","0","0","0","0","0","0","0","0","0","0","0","0","0","0","123","11","1","3","0","0","0","3","0","0","0","0","0","0","20","1","6","0","15","18","0","2","0","0","0","0","6","1","1","0","0","1","13","0","0","0","0","0","0","0","2","1","0","0","0","0","1","0","0","0","0","0","2","0","0","0","0","0","0","0","0","0","0","0","0","0","0","0","0","0","0","0","0","0","0","0","0","0","0","0","0","0","0","0","0","0","0","0","0","0","0","0","0","0","0","0","7","0"
"24-870 Fire Lake","321","3","0","0","5","0","0","0","0","0","0","0","0","31","2","0","26","1","0","4","7","0","0","0","1","0","0","0","10","0","4","0","0","0","5","0","0","0","0","0","0","0","0","0","0","0","0","0","0","0","0","0","0","0","0","0","0","0","0","0","0","0","0","0","0","0","0","0","0","0","0","0","0","0","0","0","0","1","0","0","0","0","0","0","0","0","0","0","0","0","0","0","0","8","4","0","0","3","0","0","2","3","0","0","0","0","0","0","0","2","0","0","0","1","0","0","0","0","0","1","1","1","1","0","0","1","0","0","0","0","0","0","0","0","0","0","0","0","0","0","135","16","1","2","0","0","4","11","0","0","0","0","0","0","31","0","3","0","12","21","0","1","0","0","0","0","10","1","2","0","0","4","5","0","1","0","0","0","1","0","2","0","0","0","0","0","0","0","0","1","0","0","1","0","0","0","0","0","1","0","0","0","0","0","0","0","0","0","0","0","0","0","0","0","0","0","0","0","0","1","0","0","0","0","0","0","0","0","0","1","0","0","0","0","0","0","6","2"
"24-875 Peters Creek No. 1","486","2","3","0","5","0","0","0","1","0","0","0","0","50","3","0","19","1","0","3","6","0","0","0","2","0","2","0","18","1","7","0","0","2","3","0","0","0","0","0","2","0","0","0","1","2","0","0","0","0","2","0","0","1","0","0","0","0","0","0","0","0","0","1","0","0","0","1","0","0","0","0","0","2","0","0","0","0","0","0","0","0","0","0","0","0","0","0","0","0","0","0","0","27","14","0","0","2","0","0","0","2","0","0","0","0","0","0","0","1","0","0","1","2","0","0","0","0","0","0","0","0","1","0","0","0","0","0","0","0","0","0","0","0","0","0","0","0","0","0","158","19","2","8","0","0","0","3","0","0","0","0","0","0","23","1","4","0","12","27","0","1","0","0","0","0","11","0","3","0","0","7","11","0","1","0","0","0","0","1","0","0","0","0","0","0","1","0","0","1","0","0","0","0","0","0","0","0","0","0","0","0","0","0","0","0","0","0","0","0","0","0","0","0","0","0","0","0","0","0","0","0","0","0","0","0","0","0","0","0","0","0","0","0","0","0","12","1"
"24-880 Peters Creek No. 2","243","0","1","0","5","0","0","0","0","0","0","0","0","36","8","0","11","0","0","0","2","0","0","0","1","0","0","0","5","1","8","0","0","0","0","0","0","0","0","0","0","0","0","0","1","2","0","0","0","0","0","0","0","0","0","0","0","0","0","0","0","0","0","0","0","0","0","0","0","0","0","0","0","0","0","1","0","0","0","0","0","0","0","0","0","0","0","0","0","0","0","0","0","11","4","1","0","0","0","0","1","0","0","0","0","0","0","1","0","1","0","0","1","2","0","0","0","0","0","0","2","0","0","0","0","0","0","0","0","0","0","0","0","0","0","0","0","0","0","0","99","5","0","3","0","0","1","3","0","0","0","0","0","0","16","2","1","0","7","11","0","6","0","0","0","0","8","2","0","0","0","1","6","0","0","0","0","0","0","0","0","0","0","0","0","1","0","0","0","0","0","0","0","0","0","0","0","0","0","0","0","0","0","0","0","0","0","0","0","0","0","0","0","0","0","0","0","0","0","0","0","0","0","0","0","0","0","0","0","0","0","0","0","0","0","0","5","0"
"25-305 Butte","609","9","1","0","12","0","0","0","0","0","0","0","0","63","4","0","44","2","0","3","13","0","0","0","0","0","0","1","7","1","0","0","0","2","7","0","0","0","0","0","1","0","0","0","0","1","0","0","0","0","2","0","0","0","0","0","1","1","0","0","0","0","0","1","0","0","0","0","0","0","0","0","0","0","0","1","0","0","0","0","0","0","1","0","0","0","0","0","0","0","0","0","0","31","18","1","0","4","0","0","1","3","0","0","0","0","0","0","0","5","0","0","0","3","0","1","0","0","0","0","1","1","1","0","0","1","0","0","0","0","0","0","0","0","0","0","0","0","0","0","176","17","1","11","0","0","1","1","0","0","0","0","0","0","28","2","1","0","11","35","0","1","0","1","0","0","5","2","5","0","0","11","14","0","1","0","0","0","0","0","0","0","0","0","0","0","1","0","0","0","0","0","0","0","0","0","0","0","0","0","0","0","0","0","0","0","0","0","0","0","0","0","0","0","0","0","0","0","0","0","0","0","0","0","0","0","0","0","0","0","0","0","0","0","0","0","24","1"
"25-310 Greater Palmer","259","1","0","0","2","1","0","0","1","0","0","0","0","29","5","0","8","1","0","3","7","0","0","1","0","0","0","0","4","0","2","0","0","0","3","0","0","0","0","0","0","0","0","0","0","0","0","0","0","0","2","0","0","0","0","0","0","0","0","0","0","0","0","1","0","0","0","0","0","0","0","0","0","1","0","0","0","0","0","0","0","0","0","0","0","0","0","0","0","0","0","0","0","15","3","1","0","4","1","0","0","2","0","0","0","0","0","0","0","0","0","0","0","1","0","0","0","0","0","0","0","0","0","0","0","0","0","0","0","0","0","0","0","0","0","0","0","0","0","0","81","4","0","8","0","0","2","3","0","0","0","0","0","0","16","4","3","0","5","17","0","3","0","1","0","0","8","2","0","0","0","4","11","0","0","0","1","0","0","0","0","0","0","0","0","0","0","1","0","0","0","0","0","0","0","0","0","0","1","0","0","0","0","0","0","0","0","0","0","0","0","0","0","0","0","0","0","0","0","0","0","0","0","0","0","0","0","0","0","0","0","0","1","0","0","0","8","0"
"25-315 Lazy Mountain","392","0","4","0","6","0","0","0","2","0","0","0","0","46","3","0","20","0","0","1","4","0","0","0","1","0","0","0","8","0","0","0","0","1","2","0","0","0","0","0","1","0","0","0","0","3","0","0","0","0","2","0","0","0","0","0","1","0","0","0","0","0","0","0","0","0","0","2","0","0","0","0","0","0","0","0","0","0","0","0","0","0","0","0","0","0","0","0","0","0","0","0","0","16","8","0","0","3","0","0","0","0","0","0","1","0","0","1","0","0","0","0","1","0","0","0","0","0","0","0","1","2","0","0","1","1","0","0","0","0","0","0","0","0","0","1","0","0","0","0","135","10","1","3","0","0","0","3","0","0","0","0","0","0","23","3","6","0","10","17","0","0","0","1","0","0","9","3","3","0","0","4","14","0","0","0","0","0","0","0","1","0","0","0","0","0","0","0","0","0","0","0","1","0","0","0","0","0","0","0","0","0","0","0","0","0","0","0","0","0","0","0","0","0","1","0","0","0","0","0","0","0","0","0","0","0","0","0","0","0","0","0","0","0","0","0","4","1"
"25-320 Palmer City No. 1","238","2","2","0","8","0","0","0","0","0","0","1","0","20","2","0","9","1","0","4","1","0","0","0","0","0","0","0","5","0","0","0","0","0","2","0","0","0","0","0","0","0","0","0","0","0","0","0","0","0","7","0","0","0","0","0","0","0","0","0","0","0","0","0","0","0","0","1","0","0","0","0","0","2","0","0","0","1","0","0","0","0","0","0","0","0","0","0","0","0","0","0","0","16","5","0","0","4","0","0","0","2","0","0","0","0","0","0","0","1","0","0","0","0","0","0","0","0","0","0","0","0","0","0","2","1","0","0","0","1","0","0","0","0","0","0","0","0","0","0","116","2","2","4","0","0","0","4","0","0","0","0","0","0","15","1","0","0","9","20","0","0","0","0","0","0","5","3","0","0","0","2","12","0","2","0","0","0","0","0","0","0","0","0","0","0","0","0","0","1","0","0","1","0","0","0","0","0","0","0","0","0","0","0","0","0","0","0","0","0","0","0","0","1","0","0","0","0","0","0","1","0","0","0","0","0","0","0","0","0","0","0","0","0","0","0","12","0"
"25-325 Palmer City No. 2","213","0","2","0","5","1","0","0","1","0","0","0","0","25","1","0","16","3","0","2","8","0","0","0","1","0","0","0","6","0","4","0","0","0","2","0","0","0","0","0","0","0","0","0","0","1","0","0","0","0","3","1","0","2","0","0","0","0","0","0","1","0","0","0","0","0","1","1","0","0","0","0","0","3","0","0","0","1","1","0","0","0","0","0","0","0","0","0","0","0","0","0","0","18","6","0","0","4","0","0","0","0","0","0","0","0","0","0","0","2","0","0","1","2","0","0","0","0","0","0","2","3","0","0","1","1","0","0","0","0","0","0","0","0","0","0","0","0","0","0","94","7","0","4","0","0","1","3","0","0","0","0","0","0","23","1","2","0","18","18","0","2","0","1","0","1","6","0","3","0","0","6","12","0","1","0","0","1","0","0","1","0","0","0","0","0","0","0","0","0","0","0","2","0","0","0","0","0","0","0","0","0","0","0","0","0","0","0","0","0","0","0","0","0","0","0","0","0","0","0","0","0","0","0","0","0","0","0","0","0","0","0","0","0","0","0","8","2"
"25-330 Springer Loop","375","1","3","0","9","0","0","0","0","0","0","0","0","35","6","0","21","0","0","5","13","0","0","2","4","0","0","0","10","0","4","0","0","0","3","0","0","0","0","0","1","0","0","0","0","0","0","0","0","0","3","0","0","0","0","0","0","0","0","0","2","0","0","0","0","0","0","0","0","0","0","0","0","0","0","0","0","0","0","0","0","0","0","0","0","0","0","0","0","0","0","0","0","17","9","0","0","1","0","0","1","2","0","0","0","0","0","0","0","2","0","0","0","0","0","0","0","0","0","0","0","1","1","0","1","3","0","0","0","0","0","0","0","0","1","0","0","0","0","0","105","12","0","2","0","0","1","2","0","0","0","0","0","0","19","1","2","0","10","16","0","3","0","0","0","0","8","0","1","0","0","5","13","0","0","0","0","0","0","0","0","0","0","0","0","0","0","0","0","0","0","0","2","0","0","0","0","0","0","0","0","0","0","0","0","0","0","0","0","0","0","0","0","0","0","0","0","0","0","0","0","0","0","0","0","0","0","0","0","0","0","0","0","0","0","0","11","2"
"25-335 Walby","335","1","4","0","5","0","0","1","4","0","0","0","0","37","5","0","31","1","0","0","5","0","0","4","5","0","2","0","7","0","1","0","0","0","9","0","0","0","0","0","4","0","0","0","1","3","0","0","0","0","1","0","0","1","0","0","0","0","0","0","0","0","0","1","0","0","0","1","0","0","0","0","0","1","0","0","0","1","1","0","0","0","0","0","0","0","0","0","0","0","0","0","0","7","5","0","0","1","0","0","0","1","0","0","0","1","0","0","0","1","0","0","0","0","0","0","0","0","0","0","0","0","0","0","0","1","0","0","0","0","0","0","0","0","0","0","0","0","0","0","80","11","0","3","0","0","1","0","0","0","0","0","0","0","18","2","1","0","6","13","0","0","0","0","0","0","8","1","1","0","0","4","9","0","1","0","0","0","0","0","2","0","0","0","0","0","0","0","0","2","0","0","1","1","0","0","0","0","0","0","0","0","0","0","0","0","0","0","0","0","0","0","0","0","0","0","0","0","0","0","0","0","0","0","0","0","0","0","0","0","0","0","1","0","0","0","14","1"
"26-350 Fairview No. 1","275","0","1","0","1","0","0","0","0","0","0","0","0","27","2","0","18","2","0","2","7","0","0","1","0","0","0","0","6","0","3","0","0","1","4","0","0","0","0","0","0","0","0","0","1","0","0","0","0","0","1","0","0","0","0","0","0","0","0","0","0","0","0","0","0","0","0","0","0","0","0","0","0","0","0","0","0","0","0","0","0","0","0","0","0","0","0","0","0","0","0","0","0","15","4","0","0","1","0","0","0","3","0","0","0","0","0","0","0","0","0","0","1","4","0","0","0","0","0","0","1","1","0","0","0","3","0","0","0","0","1","0","0","0","0","0","0","0","0","0","48","7","0","2","0","0","1","3","0","0","0","0","0","0","7","0","1","0","6","11","0","0","0","0","0","0","5","2","0","0","0","2","3","0","1","0","0","0","0","0","1","0","0","0","0","0","0","0","0","0","0","0","1","0","0","0","0","0","0","0","0","0","0","0","0","0","0","0","0","0","0","0","0","0","0","0","0","0","0","0","0","0","0","0","0","0","0","0","0","0","0","0","0","0","0","0","10","1"
"26-355 Fairview No. 2","190","1","0","0","1","0","0","0","0","0","0","0","0","14","4","0","11","0","0","2","4","0","0","1","1","0","0","0","6","0","1","0","0","2","7","0","0","0","0","1","0","0","0","0","0","0","0","0","0","0","0","0","0","0","0","0","0","0","0","0","1","0","0","0","0","0","0","0","0","0","0","0","0","1","0","0","0","0","1","0","0","0","0","0","0","0","0","0","0","0","0","0","0","12","1","1","0","3","0","0","1","1","0","0","0","0","0","0","0","0","0","0","0","3","0","0","0","0","0","0","1","0","0","0","0","0","0","0","0","0","0","0","0","0","0","0","0","0","0","0","49","9","1","4","0","0","0","2","0","0","0","0","0","0","12","1","0","0","5","11","0","1","0","1","0","0","4","1","1","0","0","2","3","0","2","0","0","0","0","1","1","0","0","0","0","0","0","0","0","0","0","0","1","0","0","0","0","0","0","0","0","0","0","0","0","0","0","0","0","0","0","0","0","0","0","0","0","0","0","0","0","0","0","0","0","0","0","0","0","0","0","0","0","0","0","0","9","1"
"26-360 Knik Goose Bay No. 1","634","1","0","0","4","1","0","0","0","0","0","0","0","70","9","0","27","9","0","4","8","0","0","4","0","0","0","0","14","1","4","0","0","1","8","0","0","0","0","0","5","0","0","0","0","1","0","0","0","0","5","0","0","0","0","0","2","0","0","0","1","0","0","0","0","0","1","0","0","0","0","0","0","0","0","0","0","0","1","0","0","0","0","0","0","0","0","0","0","0","0","0","0","38","13","1","0","3","0","0","0","3","0","0","0","0","0","1","0","2","0","0","0","7","0","0","0","0","0","0","2","1","3","0","1","3","0","0","0","0","0","0","0","0","0","0","0","0","0","0","120","17","1","1","0","0","1","8","0","0","0","0","0","0","25","1","2","0","21","20","0","2","0","0","0","1","13","3","3","0","0","5","3","0","0","0","0","1","0","0","0","0","0","0","0","0","0","0","0","0","0","0","3","1","0","0","0","0","0","0","0","0","0","0","0","0","0","0","0","0","0","0","0","0","0","0","0","0","0","0","0","0","0","0","0","0","0","1","0","0","0","0","0","0","0","0","30","0"
"26-365 Knik Goose Bay No. 2","423","2","0","0","6","0","0","0","0","0","0","0","0","47","2","0","11","4","0","0","5","0","0","0","1","0","0","0","8","0","1","0","0","0","3","0","0","0","0","0","1","0","0","0","0","0","0","0","0","0","1","1","1","0","0","0","0","0","0","0","0","0","0","0","0","0","0","1","0","0","0","0","0","0","0","0","0","1","2","0","0","0","0","0","0","0","0","0","0","0","0","0","0","31","10","0","0","6","1","0","1","5","0","0","0","0","0","1","0","0","0","0","0","2","0","0","0","1","0","0","4","0","1","0","1","0","1","0","0","0","0","0","0","0","0","0","0","0","0","0","95","3","2","2","0","0","2","5","0","0","0","0","0","0","18","2","2","0","5","13","0","1","0","0","0","0","8","0","3","0","0","4","14","0","0","0","0","0","0","0","0","0","0","0","0","0","0","0","0","0","0","0","2","1","0","0","0","0","0","0","0","0","0","0","0","1","0","0","0","0","0","0","0","0","0","0","0","0","0","0","0","0","0","0","0","0","0","0","0","0","0","0","0","0","0","0","14","0"
"26-370 Knik Goose Bay No. 3","255","1","0","0","4","0","0","0","0","0","0","0","0","25","4","0","16","0","0","1","1","0","0","0","3","0","0","0","5","1","1","0","0","0","3","0","0","0","0","0","2","0","0","0","0","2","0","0","0","0","3","0","0","0","0","0","0","0","0","0","1","0","0","0","0","0","1","2","0","0","0","0","0","1","0","0","0","0","0","0","0","0","0","0","0","0","0","0","0","0","0","0","0","12","9","2","0","4","0","0","0","2","0","0","0","0","0","0","0","2","0","0","1","1","0","0","0","0","0","0","2","0","1","0","1","1","0","0","0","0","1","0","0","0","0","0","0","0","0","0","63","5","0","1","0","0","0","2","0","0","0","0","0","0","10","0","0","0","6","9","0","0","0","0","0","0","5","1","0","0","0","5","10","0","1","0","0","0","0","0","1","0","0","0","0","0","0","0","0","0","0","0","2","0","0","0","0","0","1","0","0","0","0","0","0","0","0","0","0","0","0","0","0","0","0","0","0","0","0","0","0","0","0","0","0","0","0","0","0","0","0","0","0","0","0","0","17","0"
"26-375 Mat-Su Campus","317","1","0","0","5","0","0","0","0","0","0","0","0","33","5","0","20","0","0","2","3","0","0","1","0","0","0","0","6","0","1","0","0","0","4","0","1","0","0","0","1","0","0","0","0","0","0","0","0","0","2","0","0","0","0","0","0","0","0","0","0","0","0","0","0","0","0","0","0","0","0","0","0","0","0","0","0","0","1","0","0","0","0","0","0","0","0","0","0","0","0","0","0","11","10","0","0","1","0","0","1","1","0","0","0","0","0","1","1","1","0","0","1","1","0","0","0","0","0","0","0","0","0","0","0","1","0","0","0","0","0","0","0","0","0","0","0","0","0","0","104","7","1","0","0","0","0","3","0","0","0","0","0","0","20","0","2","0","8","12","0","0","0","0","0","0","6","2","3","0","0","4","11","0","2","0","0","0","0","0","0","0","0","0","0","0","0","3","0","0","0","0","0","0","0","0","0","0","0","1","0","0","0","0","0","0","0","0","0","0","0","0","0","0","0","0","0","0","0","0","0","0","0","0","0","0","0","0","0","0","0","0","0","0","0","0","10","1"
"26-380 Snowshoe","539","2","2","0","3","1","1","1","0","0","0","0","0","46","4","0","24","2","0","6","8","0","0","1","1","0","0","0","7","0","2","0","0","1","7","0","0","0","0","0","0","0","0","0","1","1","0","0","0","0","3","0","0","0","0","0","0","0","0","0","0","0","0","0","0","0","0","0","1","0","0","0","0","0","0","0","0","0","0","0","0","0","0","0","0","0","0","0","0","0","0","0","0","39","14","1","0","6","0","0","2","2","0","0","0","1","0","0","0","5","0","0","0","1","0","1","0","0","0","0","3","2","2","0","1","2","0","0","0","0","0","0","0","0","1","0","0","0","0","0","104","14","0","1","0","0","0","10","0","0","0","0","0","0","32","1","4","0","19","16","0","1","0","0","0","0","2","1","4","0","0","6","3","0","0","0","0","0","0","0","0","0","0","0","0","0","0","0","0","0","0","0","0","1","0","0","0","0","0","0","0","0","0","0","0","0","0","0","0","0","1","0","0","0","0","0","0","0","0","0","0","0","0","0","0","0","0","0","0","0","0","0","0","0","0","0","20","0"
"27-405 Foothills","403","4","2","0","4","0","0","1","0","0","0","0","0","32","7","0","30","0","0","4","7","0","0","0","4","0","0","0","4","0","2","0","0","1","2","0","0","0","0","0","0","0","1","0","0","1","0","0","0","0","3","2","0","0","0","0","0","0","0","0","1","0","0","0","0","0","0","0","0","0","0","0","0","2","0","0","0","0","1","0","1","0","0","0","0","0","0","0","0","0","0","0","0","15","13","0","0","1","0","0","1","5","0","0","0","0","0","1","1","0","0","0","0","1","0","0","0","0","0","0","1","1","1","0","0","2","0","1","0","0","0","0","0","0","0","0","0","0","0","0","83","2","0","1","0","0","0","4","0","0","0","0","0","0","12","0","0","0","8","8","0","4","0","0","0","1","1","3","3","0","0","4","9","0","0","0","0","0","0","0","0","0","0","0","0","0","0","0","0","0","0","0","1","0","0","0","0","0","0","0","0","0","0","0","0","0","0","0","0","0","0","0","0","0","0","0","0","0","0","0","0","0","0","0","0","0","0","0","0","0","0","0","0","0","0","0","9","0"
"27-410 Meadow Lakes No. 1","608","3","2","0","4","0","0","1","0","0","1","0","0","54","14","0","38","4","1","2","12","0","0","2","1","0","0","0","4","0","0","0","0","1","2","1","0","0","0","0","1","0","0","0","0","1","0","0","0","0","2","0","0","0","0","0","0","0","0","0","1","0","0","0","0","0","0","0","0","0","0","0","0","0","0","0","0","2","2","0","0","0","0","0","0","0","0","0","0","0","0","0","0","41","11","1","0","3","0","0","0","4","0","0","1","1","0","0","0","2","0","0","1","1","0","0","0","0","0","0","2","2","4","0","0","1","0","0","0","0","1","0","0","0","0","0","0","0","0","0","111","6","0","2","1","0","2","4","0","0","0","0","0","0","28","1","2","0","12","17","0","3","0","0","0","0","5","0","2","0","0","1","17","0","0","0","0","0","0","0","0","0","0","0","0","0","1","0","0","0","0","0","0","0","0","0","0","0","0","0","0","0","0","0","0","0","0","0","0","0","0","0","0","0","0","0","0","0","0","0","0","0","0","0","0","0","0","0","0","0","0","0","0","0","0","0","11","1"
"27-415 Meadow Lakes No. 2","508","2","1","0","5","0","0","0","0","0","0","0","0","52","8","0","26","1","2","5","5","0","0","1","0","0","0","2","11","0","2","0","0","0","5","0","0","0","1","0","1","0","2","0","0","2","0","0","0","0","2","0","0","0","0","0","0","1","0","0","0","0","0","1","0","0","0","0","0","0","0","0","0","1","0","1","0","0","0","0","0","0","0","0","0","0","0","0","0","0","0","0","0","27","13","0","0","3","0","0","2","3","0","0","0","0","0","1","3","3","0","0","0","1","0","0","0","0","0","0","0","1","0","0","1","3","0","0","0","0","0","0","0","0","0","0","0","0","0","0","91","8","1","4","0","0","0","2","0","0","0","1","0","0","8","0","0","0","8","12","0","0","0","0","0","0","10","2","2","0","0","4","9","0","1","0","0","0","0","2","0","0","0","0","0","0","0","0","0","0","0","0","1","0","0","0","0","0","0","0","0","0","0","0","0","0","0","0","0","0","0","0","0","0","0","0","0","0","0","0","0","0","0","0","0","0","0","0","0","0","0","0","0","0","0","0","18","3"
"27-420 Wasilla No. 1","376","0","0","0","5","0","0","0","3","0","0","0","0","40","3","0","22","3","0","2","11","0","0","3","0","0","0","0","7","0","2","0","0","1","4","0","0","0","0","0","2","0","0","0","0","1","0","0","0","0","4","1","0","0","0","0","0","0","0","0","1","0","0","1","0","0","1","0","0","0","0","0","0","2","0","0","0","0","0","0","0","0","0","0","0","0","0","0","0","0","0","0","0","19","5","1","0","3","0","0","1","0","0","0","0","0","0","1","0","2","0","0","0","1","0","0","0","0","0","0","0","0","1","0","1","2","0","0","0","0","1","0","0","0","1","0","0","0","0","0","93","5","0","2","0","0","0","6","0","0","0","0","0","0","18","0","4","0","14","15","0","1","0","0","0","0","4","2","4","0","1","3","13","0","2","0","1","0","0","0","0","0","0","0","0","0","0","0","0","0","0","0","3","0","0","0","0","0","0","0","0","0","0","0","0","0","0","0","0","0","0","0","0","0","0","0","0","0","0","0","0","0","0","0","0","0","2","0","0","0","0","0","0","0","0","0","13","2"
"27-425 Wasilla No. 2","497","1","0","0","8","0","0","0","2","0","0","0","0","42","7","0","34","2","0","6","7","0","0","0","0","0","0","0","12","0","2","0","0","1","8","0","0","0","0","0","0","0","0","0","0","0","0","0","0","0","3","0","0","1","0","0","0","0","0","0","0","0","0","0","0","0","1","1","0","0","0","0","0","0","0","1","0","1","0","0","0","0","0","0","0","0","0","0","0","0","0","0","0","33","13","1","0","1","0","0","1","5","0","0","0","0","0","1","0","0","0","0","1","0","0","0","0","0","0","0","1","1","2","0","0","1","0","0","0","0","1","0","1","0","0","0","0","0","0","1","122","6","0","4","0","0","0","7","0","0","0","0","0","0","25","2","3","0","7","11","1","1","0","0","0","1","8","2","3","0","0","4","13","0","1","0","1","0","0","0","0","0","0","0","0","0","1","0","0","0","0","0","2","0","0","0","0","0","0","0","0","0","0","0","0","0","0","0","0","0","0","0","0","0","1","0","0","0","0","0","0","0","0","0","0","0","0","0","0","0","0","0","0","0","0","0","16","0"
"28-450 Lakes No. 1","306","0","1","0","8","2","0","3","1","0","0","0","0","43","1","0","15","2","0","5","2","0","0","2","0","0","0","0","6","1","4","0","0","1","0","0","0","0","0","0","0","0","0","0","0","0","0","0","0","0","2","0","0","0","0","0","0","0","0","0","1","0","0","0","0","0","1","0","0","0","0","0","0","0","0","0","0","0","1","0","0","0","0","0","0","0","0","0","0","0","0","0","0","10","6","0","0","2","0","0","1","1","0","0","0","0","0","0","0","1","0","0","1","2","0","0","0","0","0","0","1","1","1","0","0","0","0","0","0","0","1","0","0","0","0","0","0","0","0","0","72","11","0","7","0","0","1","2","0","0","0","0","0","0","9","1","0","0","10","14","0","1","0","1","0","0","8","1","1","0","0","2","4","0","1","0","0","0","0","0","1","0","0","0","0","0","0","0","0","0","0","0","2","0","0","0","0","0","0","0","0","0","0","0","0","0","0","0","0","0","0","0","0","0","0","1","0","0","0","1","0","0","0","0","0","0","0","0","0","0","0","0","0","0","0","0","3","0"
"28-455 Lakes No. 2","218","2","1","0","1","0","0","0","0","0","0","0","0","14","2","0","10","2","0","0","2","0","0","0","1","0","0","0","4","0","3","0","0","1","2","0","0","0","0","0","1","0","0","0","0","0","0","0","0","0","1","1","0","0","0","0","0","0","0","0","0","0","0","0","0","0","0","0","0","0","0","0","0","2","0","0","0","0","1","0","0","0","0","0","0","0","0","0","0","0","0","0","0","11","3","0","0","2","0","0","0","2","0","0","0","0","0","0","0","1","0","0","1","1","0","0","0","0","0","0","2","0","1","0","0","1","0","0","0","0","0","0","0","0","0","0","0","0","0","0","52","9","0","1","0","0","2","1","0","0","0","0","0","0","9","0","3","0","6","12","0","1","0","1","0","0","3","1","0","0","0","3","1","0","0","0","0","0","0","0","0","0","0","0","0","0","0","0","0","2","0","0","1","0","0","0","0","0","0","0","0","0","0","0","0","0","0","0","0","0","0","0","0","0","0","0","0","0","0","0","0","0","0","0","0","0","0","0","0","0","0","0","0","0","0","0","4","0"
"28-460 Seldon No. 1","571","3","4","0","1","3","0","1","1","0","0","0","0","40","4","0","25","0","1","1","8","0","0","0","1","0","0","0","12","1","3","0","0","1","2","0","0","0","0","0","1","0","0","0","0","0","0","0","0","0","3","0","0","0","0","0","0","0","0","0","0","0","0","0","0","0","0","0","0","0","0","0","0","3","0","0","0","0","2","0","0","0","0","0","0","0","0","0","0","0","0","0","0","28","9","1","0","0","1","0","1","2","0","0","0","0","0","1","0","1","0","0","1","0","0","0","0","0","0","0","1","1","1","0","2","0","0","0","0","0","0","0","0","0","0","0","0","0","0","0","99","10","0","3","0","0","1","4","0","1","0","0","0","0","16","2","3","0","9","15","0","0","0","0","0","0","14","3","0","0","0","1","4","0","1","0","0","0","0","0","0","0","0","0","0","0","1","0","0","0","0","0","2","0","0","0","0","0","0","0","0","0","0","0","0","0","0","0","0","0","0","0","0","0","0","0","0","0","0","0","0","0","0","0","0","0","0","0","0","0","0","0","0","0","0","0","19","3"
"28-465 Seldon No. 2","430","1","4","0","7","0","0","1","2","0","0","0","0","69","6","0","24","0","0","4","11","0","0","2","3","0","0","0","6","2","6","0","0","6","2","0","0","0","0","0","1","0","0","0","0","0","0","0","0","0","1","0","0","0","0","0","0","0","0","0","1","0","0","0","0","0","0","0","0","0","0","0","0","1","0","2","0","0","0","0","0","0","0","0","0","0","1","0","0","0","0","0","0","40","9","1","0","1","0","0","1","1","0","0","0","0","0","1","1","4","0","0","0","2","0","0","0","0","0","0","1","2","0","0","0","1","0","0","0","0","0","0","0","0","0","0","1","0","0","0","139","14","1","10","0","0","1","3","0","0","0","0","0","0","24","0","6","0","12","29","0","4","0","0","0","0","6","2","6","0","0","6","11","0","0","0","0","0","1","0","1","0","0","0","0","0","0","0","0","1","0","0","0","0","0","0","0","0","0","0","0","0","0","0","0","0","0","0","0","0","0","0","0","0","0","0","0","0","0","1","0","0","0","0","0","0","0","0","0","0","0","0","0","0","0","0","12","1"
"28-470 Seward Meridian","203","2","0","0","2","0","0","0","0","0","0","0","0","21","2","0","9","1","0","1","4","0","0","0","2","0","0","0","4","0","3","0","0","0","0","0","0","0","0","0","0","0","0","0","0","1","0","0","0","0","0","0","0","0","0","0","0","0","0","0","0","0","0","0","0","0","0","0","0","0","0","0","0","0","0","0","0","0","0","0","0","0","0","0","0","0","0","0","0","0","0","0","0","14","0","1","0","0","0","0","0","3","0","0","1","0","0","1","0","0","0","0","0","1","0","0","0","0","0","0","0","0","0","0","0","1","0","0","0","0","0","0","0","0","0","0","0","0","0","0","73","9","0","2","0","0","0","2","0","0","0","0","0","0","8","0","2","1","2","8","0","2","0","0","0","0","5","1","2","0","0","2","0","0","0","0","0","0","0","0","0","0","0","0","0","0","1","0","0","0","0","0","0","0","0","0","0","0","0","0","0","0","0","0","0","0","0","0","0","0","0","0","0","0","0","0","0","0","0","0","0","0","0","0","0","0","0","0","0","0","0","0","0","0","0","0","6","0"
"28-475 Trunk","346","2","1","0","4","0","0","1","1","0","0","0","0","44","2","0","19","1","0","4","10","0","0","3","2","0","0","1","6","1","3","0","0","0","2","0","0","0","0","0","2","0","0","0","2","3","0","0","0","0","2","0","0","0","0","0","0","0","0","0","0","0","0","1","0","0","0","0","0","0","0","0","0","2","0","0","0","0","1","0","0","0","0","0","0","0","0","0","0","0","0","0","0","17","11","0","1","3","0","0","4","0","1","0","0","0","0","0","0","1","0","0","1","1","0","0","0","0","0","0","1","1","2","0","1","2","0","0","0","0","0","0","0","0","0","0","0","0","0","0","104","15","1","2","0","0","1","3","0","0","0","0","0","0","28","0","1","0","21","24","0","2","0","1","0","1","7","1","2","0","0","0","9","0","2","0","1","0","0","1","0","0","0","0","0","0","0","0","0","1","0","0","3","0","0","0","0","0","0","0","0","0","0","0","0","0","0","0","0","0","0","0","0","0","0","0","0","0","0","0","1","0","0","0","0","0","0","0","0","0","0","0","0","0","0","0","13","1"
"28-480 Wasilla Lake","202","4","0","0","3","0","0","0","2","0","0","0","0","21","1","0","13","1","0","1","6","0","0","1","1","0","0","0","4","0","2","0","0","0","4","0","0","0","0","0","0","0","0","0","0","0","0","0","0","0","1","0","0","1","0","0","0","0","0","0","0","0","0","0","0","0","0","1","0","0","0","0","0","0","0","0","0","0","2","0","0","0","0","0","0","0","0","0","0","0","0","0","0","16","1","0","0","2","0","0","1","1","0","0","0","0","0","5","0","2","0","0","0","2","0","0","0","0","0","0","0","0","0","0","0","1","0","0","0","0","1","0","0","0","0","0","0","0","0","0","42","3","0","3","0","0","1","2","0","0","0","0","0","0","13","0","0","0","3","13","0","2","0","0","0","0","3","1","1","0","0","0","2","0","0","0","0","0","0","0","0","0","0","0","0","0","0","0","0","1","0","0","0","0","0","0","0","0","0","0","0","0","0","0","0","0","0","0","0","0","0","0","0","0","0","0","0","0","0","1","0","0","0","0","0","0","0","0","0","0","0","0","0","0","0","0","1","0"
"29-505 Farm Loop","518","7","1","0","7","0","0","0","1","0","0","0","0","75","7","0","36","3","0","5","7","0","0","3","2","0","0","0","8","0","3","0","0","0","4","0","0","0","0","0","2","0","0","0","0","0","0","0","0","1","0","0","0","1","0","0","0","0","0","0","0","0","0","0","0","0","0","0","0","0","0","0","0","0","0","0","0","0","0","0","0","0","0","0","0","0","0","0","0","0","0","0","0","27","9","0","0","3","0","0","3","1","0","0","0","0","0","0","0","0","0","0","0","2","0","0","0","0","0","0","0","0","1","0","0","1","0","0","0","0","0","0","0","0","0","0","0","0","0","0","124","12","0","2","0","0","1","3","0","0","0","0","0","0","15","1","3","0","10","11","0","2","0","0","0","0","15","3","3","0","0","8","11","0","1","0","0","0","0","0","0","0","0","0","0","0","0","0","0","1","0","0","1","0","0","0","0","0","0","0","0","0","0","0","0","0","0","0","0","0","0","0","0","0","0","0","0","0","0","0","0","0","0","0","0","0","0","0","0","0","0","0","0","0","0","1","10","1"
"29-510 Fishhook","710","2","3","0","11","0","0","0","1","0","0","0","0","74","10","0","31","1","0","5","10","0","0","3","1","0","0","0","9","0","1","0","0","1","5","0","0","0","0","0","2","0","0","0","0","0","0","0","0","0","5","1","0","0","0","0","0","0","0","0","0","0","0","2","0","0","1","0","0","0","0","0","0","1","0","0","0","0","1","0","0","0","0","0","0","0","0","0","0","0","0","0","0","34","11","2","0","2","0","0","4","4","0","0","0","1","0","1","1","3","0","0","0","0","0","0","0","0","0","0","2","0","2","0","1","0","0","0","0","0","0","0","0","0","0","0","0","0","0","0","227","22","0","5","0","0","2","3","0","0","0","0","0","0","37","2","5","0","18","34","0","0","0","0","0","1","18","4","5","0","0","6","16","0","0","0","1","0","0","0","1","0","0","0","0","0","1","0","0","0","0","0","2","0","0","0","0","0","0","0","0","0","0","0","0","0","0","0","0","0","0","0","0","0","0","0","0","0","0","0","0","0","0","0","0","0","0","0","0","0","0","0","0","0","0","0","27","2"
"29-515 Kings Lake","461","1","0","0","4","1","1","1","0","0","0","0","0","64","4","0","31","1","0","9","8","0","0","4","1","0","1","0","9","0","1","0","0","3","2","0","0","0","0","0","2","0","0","0","0","0","0","0","0","1","1","0","0","0","0","0","0","0","0","0","0","0","0","0","0","0","0","0","0","0","0","0","0","1","0","0","0","0","0","0","0","0","0","0","0","0","0","0","0","0","0","0","0","13","10","0","0","2","0","0","4","1","0","0","0","0","0","0","0","1","0","0","1","1","0","0","0","0","0","0","3","1","1","0","0","0","0","0","0","0","0","0","0","0","0","0","0","0","0","0","113","10","0","5","0","0","0","3","0","0","0","0","0","0","19","4","3","0","10","15","0","2","0","0","0","1","7","1","4","0","0","5","12","0","0","0","1","0","0","0","0","0","0","0","1","0","0","0","1","0","0","0","1","1","0","0","0","0","0","0","0","0","0","0","0","0","0","0","0","0","0","0","0","0","0","0","0","0","0","0","0","0","0","0","0","0","1","0","0","0","0","0","1","0","0","0","14","0"
"29-520 Lakes No. 3","190","1","0","0","5","0","0","1","0","0","0","0","0","13","3","0","11","0","0","1","2","0","0","1","0","0","0","0","5","0","1","0","0","0","1","0","0","0","0","0","0","0","0","0","0","2","0","0","0","0","2","0","0","0","0","0","0","0","0","0","1","0","0","0","0","0","0","0","0","0","0","1","0","0","0","0","0","0","0","0","1","0","0","0","0","0","0","0","0","0","0","0","0","3","7","0","0","1","0","0","1","1","0","0","1","0","1","0","0","0","0","0","0","0","0","0","0","0","0","0","3","0","0","0","0","1","0","0","0","0","0","0","0","0","0","0","0","0","0","0","37","5","0","1","0","0","0","2","0","0","0","0","0","0","10","0","1","0","6","8","0","1","0","0","0","1","2","1","2","0","0","3","6","0","0","0","0","0","0","0","0","0","0","0","0","0","0","0","0","0","0","0","1","0","0","0","0","0","0","0","0","0","0","0","0","0","0","0","0","0","0","0","0","0","0","0","0","0","0","0","0","0","0","0","0","0","0","0","0","0","0","0","0","0","0","0","5","0"
"29-525 Sheep Mountain","104","0","0","0","1","0","0","0","0","0","0","0","0","11","0","0","1","0","0","0","1","0","0","0","0","0","0","0","0","0","0","0","0","0","0","0","0","0","0","0","0","0","0","0","0","0","0","0","0","0","0","0","0","0","0","0","0","0","0","0","0","0","0","0","0","0","0","0","0","0","0","0","0","0","0","0","0","0","0","0","0","0","0","0","0","0","0","0","0","0","0","0","0","2","2","0","0","0","0","0","0","0","0","0","0","0","0","0","0","0","0","0","0","0","0","0","0","0","0","0","0","0","0","0","0","0","0","0","0","0","0","0","0","0","0","0","0","0","0","0","20","0","0","0","0","0","1","0","0","0","0","0","0","0","1","1","0","0","0","1","0","0","0","0","0","0","1","0","0","0","0","1","0","0","0","0","0","0","0","0","0","0","0","0","0","0","0","0","0","0","0","0","0","0","0","0","0","0","0","0","0","0","0","0","0","0","0","0","0","0","0","0","0","0","0","0","0","0","0","0","0","0","0","0","0","0","0","0","0","0","0","0","0","0","0","0","2","0"
"29-530 Sutton","253","1","0","0","4","1","0","0","1","0","0","0","0","31","3","0","11","1","0","4","2","0","0","0","0","0","0","0","2","1","1","0","0","0","1","0","0","0","0","0","0","0","0","0","0","0","0","0","0","0","1","0","0","1","0","0","0","0","0","0","0","0","0","1","0","0","0","0","0","0","0","0","0","0","0","0","0","0","1","0","0","0","0","0","0","0","0","0","0","0","0","0","0","13","2","1","0","0","0","0","0","0","0","0","0","0","0","0","0","1","0","0","0","0","0","0","0","0","0","0","2","0","0","0","0","1","0","0","0","0","0","0","0","0","0","0","0","0","0","0","87","0","0","0","0","0","1","4","0","0","0","0","0","0","10","3","0","0","9","6","0","1","0","1","0","1","3","0","1","0","0","6","14","0","0","0","0","0","0","0","0","0","0","0","0","0","0","0","0","1","0","0","2","0","0","0","0","1","0","1","0","0","0","0","0","0","0","0","0","0","0","0","0","0","1","0","0","0","0","0","0","0","0","0","0","0","0","0","0","0","0","0","0","0","0","0","9","1"
"29-535 Valdez No. 1","203","3","0","0","3","0","0","0","0","0","0","0","0","17","1","0","13","0","0","2","3","0","0","0","1","0","0","0","5","0","0","0","0","1","2","0","0","0","0","0","0","0","0","0","0","0","0","0","0","1","0","0","0","0","0","0","0","0","0","0","0","0","0","0","0","0","0","1","0","0","0","0","0","0","0","0","0","0","0","0","0","0","0","0","0","0","0","0","0","0","0","0","0","9","6","0","0","2","0","0","0","0","0","0","0","0","0","1","0","1","0","0","0","0","0","0","0","0","0","0","2","1","1","0","0","1","0","0","0","0","0","0","0","0","0","0","0","0","0","0","109","7","1","3","0","0","0","3","0","0","0","0","0","0","20","2","4","0","8","7","0","0","0","0","0","0","7","0","1","0","0","7","6","0","0","0","0","0","0","0","1","0","0","0","0","0","0","0","0","0","0","0","0","0","0","0","0","0","0","0","0","0","0","0","0","0","0","0","0","0","0","0","0","0","0","0","0","0","0","0","0","0","0","0","0","0","0","0","0","0","0","0","0","0","0","0","9","0"
"29-540 Valdez No. 2","91","1","0","0","1","0","0","0","0","0","0","0","0","5","0","0","2","0","0","1","3","0","0","0","0","0","0","0","3","0","1","0","0","1","1","0","0","0","0","0","0","0","0","0","0","0","0","0","0","0","1","0","0","0","0","0","0","0","0","0","0","0","0","0","0","0","0","1","0","0","0","0","0","1","0","0","0","0","0","0","0","0","0","0","0","0","0","0","0","0","0","0","0","4","5","1","0","0","0","0","0","0","0","0","0","0","0","0","0","0","0","0","0","0","0","0","0","0","0","0","0","0","0","0","0","0","0","0","0","0","0","0","0","0","0","0","0","0","0","0","51","3","0","1","0","0","0","0","0","0","0","0","0","0","7","0","1","0","7","9","0","0","0","0","0","0","3","0","2","0","0","1","7","0","0","0","1","0","0","0","3","0","0","0","0","0","0","0","0","0","0","0","0","0","0","0","0","0","0","0","0","0","0","0","0","0","0","0","0","0","0","0","0","0","0","0","0","0","0","0","0","0","0","0","0","0","0","0","0","0","0","0","0","0","0","0","4","1"
"29-545 Valdez No. 3","155","1","1","0","5","0","0","0","0","0","0","0","0","15","0","0","10","0","0","2","3","0","0","0","0","0","0","0","4","0","1","0","0","0","3","0","0","0","0","0","0","0","0","0","0","0","0","0","0","0","5","0","0","0","0","0","0","0","0","0","0","0","0","0","0","0","0","0","0","0","0","0","0","0","0","0","0","0","0","0","0","0","0","0","0","0","0","0","0","0","0","0","0","10","4","0","0","2","0","0","2","1","0","0","0","0","0","0","0","0","0","0","0","0","0","0","0","0","0","0","1","0","1","0","0","0","0","0","0","0","0","0","0","0","0","0","0","0","0","0","89","8","0","1","0","0","1","1","0","0","0","0","0","0","12","3","1","0","7","8","0","1","0","0","0","0","5","1","2","0","0","6","0","0","0","0","0","0","0","0","0","0","0","1","0","0","0","0","0","0","0","0","1","0","0","0","0","0","0","0","0","0","0","0","0","0","0","0","0","0","0","0","0","0","0","0","0","0","0","0","0","0","0","0","0","0","0","0","0","0","0","0","0","0","0","0","5","0"
"30-550 Anderson/Clear","77","0","1","0","0","0","0","0","0","0","0","1","0","7","2","0","0","0","0","0","0","0","0","0","0","0","0","0","0","0","0","0","0","0","0","0","0","0","0","0","0","0","0","0","0","0","0","0","0","0","1","0","0","0","0","0","0","0","0","0","0","0","0","0","0","0","0","0","0","0","0","0","0","0","0","0","0","0","0","0","0","0","0","0","0","0","0","0","0","0","0","0","0","6","4","0","0","0","0","0","0","1","0","0","0","0","0","0","0","0","0","0","0","0","0","0","0","0","0","0","0","0","0","0","0","0","0","0","0","0","0","0","0","0","0","0","0","0","0","0","24","1","0","0","0","0","0","0","0","0","0","0","0","0","1","0","0","0","2","2","0","0","0","0","0","0","0","0","0","0","0","0","3","0","0","0","0","0","0","0","0","0","0","0","0","0","0","0","0","0","0","0","0","0","0","0","0","0","0","0","0","0","0","0","0","0","0","0","0","0","0","0","0","0","0","0","0","0","0","0","0","0","0","0","0","0","0","0","0","0","0","0","0","0","0","0","4","0"
"30-555 Big Lake","653","2","2","0","6","0","0","2","2","0","0","0","0","61","4","0","45","0","0","0","9","0","0","0","1","0","0","1","7","2","1","0","0","2","7","0","0","0","0","0","1","0","0","1","0","1","0","0","0","0","6","0","0","1","0","0","0","1","0","0","0","1","0","0","0","0","0","2","0","0","0","0","0","0","0","1","0","0","1","0","0","0","0","0","0","0","0","0","0","0","0","0","0","40","13","2","0","6","0","0","0","0","0","1","0","0","0","0","0","2","0","0","0","7","0","0","0","1","0","0","3","4","3","0","0","5","0","0","0","0","1","0","0","0","0","1","0","0","0","0","141","11","0","2","0","1","0","6","0","0","0","0","0","0","20","0","1","0","9","22","0","1","0","0","0","0","6","4","2","0","0","6","10","0","3","0","0","0","0","0","1","0","0","0","0","0","0","1","0","1","0","0","0","1","0","0","0","0","0","0","0","0","0","0","0","0","0","0","0","0","0","0","0","0","0","0","0","0","0","0","0","0","0","0","0","0","0","0","0","0","0","0","0","0","0","0","30","3"
"30-560 Cantwell","24","1","0","0","0","0","0","0","1","0","0","0","0","3","1","0","2","0","0","0","0","0","0","1","1","0","0","0","1","0","0","0","0","0","1","0","0","0","0","0","0","0","0","0","0","0","0","0","0","0","0","0","0","0","0","0","0","0","0","0","0","0","0","0","0","0","0","0","0","0","0","0","0","1","0","0","0","0","0","0","0","0","0","0","0","0","0","0","0","0","0","0","0","0","0","0","0","0","0","0","0","0","0","0","0","0","0","0","0","0","0","0","0","0","0","0","0","0","0","0","0","0","0","0","0","0","0","0","0","0","0","0","0","0","0","0","0","0","0","0","26","0","0","0","0","0","0","1","0","0","0","0","0","0","9","0","1","0","1","3","0","0","0","0","0","0","3","0","1","0","0","0","2","0","0","0","0","0","0","0","0","0","0","0","0","0","0","0","0","0","0","0","0","0","0","0","0","0","0","0","0","0","0","0","0","0","0","0","0","0","0","0","0","1","0","0","0","0","0","0","0","0","0","0","0","0","0","0","0","0","0","0","0","0","0","0","1","0"
"30-565 Denali Park","4","0","0","0","0","0","0","0","0","0","0","0","0","2","0","0","0","0","0","0","0","0","0","0","0","0","0","0","2","0","0","0","0","0","0","0","0","0","0","0","0","0","0","0","0","0","0","0","0","0","0","0","0","0","0","0","0","0","0","0","0","0","0","0","0","0","0","0","0","0","0","0","0","1","0","0","0","0","0","0","0","0","0","0","0","0","0","0","0","0","0","0","0","1","1","0","0","0","0","0","1","0","0","0","0","0","0","0","0","0","0","0","0","0","0","0","0","0","0","0","1","0","0","0","0","0","0","0","0","0","0","0","0","0","0","0","0","0","0","0","29","2","0","0","0","0","0","0","0","0","0","0","0","0","13","0","0","0","7","2","0","0","0","0","0","0","2","2","1","0","0","1","0","0","0","0","0","0","0","0","0","0","0","0","0","0","0","0","0","0","0","0","0","0","0","0","0","0","0","0","0","0","0","0","0","0","0","0","0","0","0","0","0","0","0","0","0","0","0","0","0","0","0","0","0","0","0","0","0","0","0","0","0","0","0","0","0","0"
"30-570 East Schrock","42","0","0","0","2","0","0","0","0","0","0","0","0","9","0","0","6","0","0","0","3","0","0","0","0","0","0","0","0","0","1","0","0","0","2","1","0","0","0","0","0","0","0","0","0","0","0","0","0","0","2","0","0","0","0","0","0","0","0","0","0","0","0","1","0","0","0","0","0","0","0","0","0","0","0","0","0","0","0","0","0","0","0","0","0","0","0","0","0","0","0","0","0","1","2","1","0","0","0","0","0","0","0","0","0","0","0","0","0","0","0","0","0","0","0","0","0","0","0","0","0","0","0","0","0","0","0","0","0","0","0","0","0","0","0","0","0","0","0","0","7","0","0","0","0","0","0","1","0","0","0","0","0","0","0","0","1","0","3","3","0","1","0","0","0","0","1","0","0","0","0","0","0","0","0","0","0","0","0","0","0","0","0","0","0","0","0","0","0","0","0","0","0","0","0","0","0","0","0","0","0","0","0","0","0","0","0","0","0","0","0","0","0","0","0","0","0","0","0","0","0","0","0","0","0","0","0","0","0","0","0","0","0","0","0","0","0","0"
"30-575 Healy","156","0","1","0","0","0","0","0","1","0","0","0","0","19","0","0","11","3","0","1","6","0","0","1","1","0","0","0","5","0","0","0","0","0","5","0","0","0","0","0","1","0","0","0","1","1","0","0","0","0","1","0","0","0","0","0","0","0","0","0","0","0","0","0","0","0","0","2","0","0","0","0","0","2","0","0","0","1","0","0","0","0","0","0","0","0","0","0","0","0","0","0","0","8","10","0","0","3","0","0","1","1","0","0","0","0","0","0","0","0","0","0","0","0","0","0","0","0","0","0","0","0","1","0","0","0","0","0","0","0","0","0","0","0","0","0","0","0","0","0","67","2","0","1","0","0","0","5","0","0","0","0","0","0","19","2","0","0","9","5","0","2","0","1","0","0","6","1","0","0","0","1","3","0","0","0","0","0","0","0","1","0","0","0","0","0","0","0","0","0","0","0","0","0","0","0","0","0","0","0","0","0","0","0","0","0","0","0","0","0","0","0","0","0","0","0","0","0","0","0","0","0","0","0","0","0","0","0","0","0","0","0","0","0","0","0","6","0"
"30-580 Houston","275","0","0","0","1","1","0","0","0","0","0","0","0","27","1","1","12","0","0","2","4","0","0","1","0","0","0","0","4","0","1","0","0","1","5","0","0","0","0","0","0","0","0","0","2","1","1","0","0","0","3","0","0","0","0","0","0","0","0","0","0","0","0","1","0","0","0","0","0","0","0","0","0","1","0","0","0","0","0","0","0","0","0","0","0","0","0","0","0","0","0","0","0","25","10","1","0","5","0","0","1","2","0","0","0","0","0","1","1","1","0","0","0","2","0","0","0","0","0","0","0","1","0","0","0","0","0","0","0","0","0","0","0","0","0","0","0","0","0","0","56","4","0","2","0","0","0","3","0","0","0","0","0","0","12","0","2","0","5","9","0","1","0","0","0","0","3","1","0","0","0","4","8","0","0","0","1","1","0","0","0","0","0","0","0","0","0","0","1","0","0","0","1","0","0","0","0","0","0","0","0","0","0","0","0","0","0","0","0","0","0","0","0","0","0","0","0","0","0","0","0","0","0","0","0","0","0","0","0","1","0","0","0","0","0","0","14","1"
"30-585 Knik Goose Bay No. 4","589","8","1","0","6","0","0","0","2","0","0","0","0","72","10","0","34","0","0","1","13","0","0","0","0","0","0","0","9","1","4","0","0","0","8","0","0","0","0","0","8","0","1","1","0","1","0","0","0","0","3","0","0","0","0","0","0","0","0","0","0","0","0","2","0","0","0","1","0","0","0","0","0","2","1","0","0","0","0","0","0","0","0","0","0","0","0","0","0","0","0","0","0","31","13","2","0","3","0","0","2","0","0","0","0","0","0","2","0","1","0","0","0","2","0","0","0","0","0","0","1","2","0","1","0","2","0","0","0","0","0","0","0","0","0","0","0","0","0","0","129","12","1","2","0","0","4","5","0","0","0","0","0","0","27","1","2","0","14","21","0","1","0","0","0","0","5","1","2","0","0","6","15","0","1","0","0","0","0","0","1","0","0","0","1","0","0","0","0","0","0","0","0","1","0","0","0","0","0","0","0","0","0","0","0","0","0","0","0","0","0","0","0","0","0","0","0","0","0","0","0","0","0","0","0","0","0","0","0","0","0","0","0","0","0","0","23","0"
"30-590 Trapper Creek","65","0","0","0","0","0","0","0","0","0","0","0","0","3","0","0","0","0","0","0","1","0","0","0","1","0","0","0","0","0","0","0","0","0","1","0","0","0","0","0","1","0","0","0","0","0","0","0","0","0","0","0","0","0","0","0","0","0","0","0","0","0","0","0","0","0","1","0","0","0","0","0","0","2","0","0","0","0","0","0","0","0","0","0","0","0","0","0","0","0","0","0","0","5","0","0","0","1","0","0","0","1","0","0","0","0","0","0","0","0","0","0","0","0","0","0","0","0","0","0","0","0","1","0","0","0","0","0","0","0","0","0","0","0","0","0","0","0","0","0","20","1","0","1","0","0","0","0","0","0","0","0","0","0","1","0","0","0","1","2","0","0","0","0","0","0","0","1","0","0","0","1","1","0","0","0","0","0","0","1","0","0","0","0","0","0","0","0","0","0","0","0","0","0","0","0","0","0","0","0","0","0","0","0","0","0","0","0","0","0","0","0","0","0","0","0","0","0","0","0","0","0","0","0","0","0","0","0","0","0","0","0","0","0","0","0","6","0"
"30-595 Susitna","253","1","0","0","1","0","0","0","0","0","0","0","0","22","4","0","9","2","0","2","5","0","0","3","0","0","0","0","1","0","0","0","0","1","1","0","0","0","0","0","0","0","0","0","0","1","0","0","0","0","4","1","0","0","0","0","0","0","0","0","3","0","0","0","0","0","0","0","0","0","0","0","0","1","0","0","0","0","0","0","0","0","0","0","0","0","0","0","0","0","0","0","0","23","7","0","0","0","0","0","0","0","0","0","0","0","0","1","0","1","0","0","0","0","0","0","0","0","0","0","0","0","0","0","0","1","1","0","0","0","0","0","0","0","0","0","0","0","0","0","80","7","0","0","0","0","0","4","0","0","0","0","0","0","17","0","0","0","9","11","0","0","0","0","0","0","3","0","3","0","0","1","2","0","0","0","0","0","0","0","0","0","0","0","1","0","0","0","0","0","0","0","1","0","0","0","0","0","0","0","0","0","0","0","0","0","0","0","0","0","0","0","0","0","0","0","0","0","0","0","0","0","0","0","0","0","0","0","0","0","0","0","0","0","0","0","9","0"
"30-600 Talkeetna","62","0","1","0","2","0","0","0","0","0","0","0","0","6","2","0","6","0","0","0","0","0","0","0","0","0","0","0","2","0","0","0","0","0","0","0","0","0","0","0","0","0","0","0","0","0","0","0","0","0","2","0","0","0","0","0","0","0","0","0","0","0","0","0","0","0","0","0","0","0","0","0","0","0","0","0","0","1","0","0","0","0","0","0","0","0","0","0","0","0","0","0","0","7","4","0","0","0","0","0","0","0","0","0","0","0","0","1","0","0","0","0","0","0","0","0","0","0","0","0","0","0","1","0","1","0","0","0","0","0","0","0","0","0","0","0","0","0","0","0","88","6","0","0","0","0","0","0","0","0","0","0","0","0","25","1","0","0","13","10","0","2","0","0","0","0","6","0","2","0","0","4","2","0","0","0","0","0","0","0","1","0","0","0","0","0","0","0","0","0","0","0","0","0","0","0","0","0","0","0","0","0","0","0","0","0","0","0","0","0","0","0","0","0","0","0","0","0","0","0","0","0","0","0","0","0","0","0","0","0","0","0","0","0","0","0","2","0"
"30-605 Willow","516","2","2","0","8","0","0","0","1","0","0","0","0","59","9","0","25","1","0","2","5","0","0","0","3","0","0","1","8","0","0","0","0","1","2","0","0","0","0","0","1","0","0","0","0","0","0","0","0","0","2","3","0","0","0","0","0","0","0","0","0","0","0","0","0","0","0","0","0","0","0","0","0","1","0","0","0","0","0","0","0","0","0","0","0","0","0","0","0","0","0","0","0","39","10","1","0","2","0","0","2","3","0","0","0","0","0","0","0","3","0","0","0","2","0","0","0","0","0","0","0","0","1","0","0","0","0","1","0","0","1","0","0","0","0","0","0","0","0","0","153","6","0","2","0","0","3","4","0","0","0","0","0","0","28","0","0","0","8","17","0","0","0","1","1","1","1","0","0","0","0","7","10","0","1","0","0","0","0","0","0","0","0","0","0","0","0","0","0","0","0","0","7","1","0","0","0","0","0","0","0","0","0","0","0","0","0","0","0","0","0","0","0","0","0","0","0","0","0","0","1","0","0","0","0","0","0","0","0","0","0","0","0","0","0","0","21","6"
"31-446 Aurora","310","2","1","0","2","1","0","0","2","0","0","0","0","25","1","0","11","1","0","5","6","0","0","1","1","0","1","0","11","0","0","0","0","1","6","0","0","0","0","0","0","0","0","0","0","0","0","0","0","0","3","2","0","2","0","0","0","1","0","0","1","0","0","1","0","0","0","0","0","1","0","0","0","1","0","0","0","0","2","0","0","0","0","0","0","0","0","0","0","0","0","0","0","24","9","0","0","1","0","0","3","0","0","0","0","1","0","2","0","1","0","0","0","2","0","0","0","0","0","0","3","0","4","0","0","3","1","0","0","0","0","0","0","0","0","1","0","0","0","0","261","11","1","8","0","0","2","7","0","0","0","0","0","0","37","2","9","0","16","32","0","3","0","1","0","0","8","6","5","0","0","4","11","0","0","0","0","0","0","0","0","0","0","0","0","1","0","0","0","0","0","0","0","0","0","0","0","0","0","0","0","0","0","0","0","0","0","0","0","0","0","0","0","0","0","0","0","0","0","0","0","0","0","0","0","0","0","0","0","0","0","0","0","0","0","0","10","0"
"31-455 Fairbanks No. 1","277","3","2","0","4","0","0","0","0","0","0","1","0","26","2","0","13","0","0","3","8","0","0","1","0","0","0","0","7","2","3","0","0","2","7","0","0","0","0","0","0","1","0","0","0","0","0","0","0","0","3","0","0","0","0","0","0","0","0","0","2","0","0","0","0","0","1","1","0","0","0","0","1","1","0","0","0","0","0","0","0","0","0","0","0","0","0","0","0","0","0","0","0","22","13","0","0","1","0","0","2","2","0","0","0","0","0","1","0","2","0","0","0","0","0","0","0","0","0","0","3","2","4","0","1","2","0","0","0","0","0","0","0","0","0","0","0","0","0","0","300","26","0","3","0","0","2","3","0","0","0","0","0","0","47","1","3","0","27","34","0","3","0","0","0","3","13","0","10","0","1","6","16","0","1","0","0","0","0","2","0","0","0","0","0","0","0","0","0","0","0","0","2","0","0","0","0","0","0","0","0","0","0","0","0","0","0","0","0","0","0","0","0","0","0","0","0","0","0","0","0","0","0","0","0","0","0","0","0","0","0","0","0","0","0","0","11","1"
"31-480 Fairbanks No. 2","292","1","4","0","6","1","0","0","1","0","0","0","0","40","1","0","20","1","0","1","11","0","0","2","0","0","0","0","10","0","2","0","0","4","8","0","0","0","0","0","1","0","1","0","0","0","0","0","0","0","4","1","0","0","0","0","0","0","0","0","0","0","0","0","0","0","0","1","0","0","0","0","0","0","0","0","0","1","0","0","0","0","0","0","0","0","0","0","0","0","0","0","0","17","5","0","0","5","0","0","1","5","0","0","0","0","0","0","0","0","0","0","0","1","0","0","0","0","0","0","4","2","9","0","0","4","0","0","0","0","0","0","0","0","0","0","0","0","0","0","245","12","2","8","0","0","4","4","0","0","0","0","0","0","41","3","4","0","20","33","0","4","0","0","0","0","14","4","4","0","0","6","27","0","0","0","0","0","1","1","2","0","0","0","0","0","1","0","0","0","0","0","0","0","0","0","0","0","0","0","0","0","0","0","0","0","0","0","0","0","0","0","0","0","0","0","0","0","0","0","0","0","0","0","0","0","0","0","0","0","0","0","0","0","0","1","6","0"
"31-485 Fairbanks No. 3","242","1","0","0","3","0","0","0","0","0","0","0","0","35","0","0","19","1","0","3","6","0","0","2","3","0","1","3","4","1","3","0","0","0","11","0","0","0","0","0","0","0","0","0","0","1","0","0","0","0","4","0","0","0","0","0","0","0","0","0","1","0","0","0","0","0","0","1","0","0","0","0","0","0","0","1","0","0","0","0","0","0","0","1","0","0","0","0","0","0","0","0","0","21","8","0","0","2","0","0","2","3","0","0","0","0","0","0","0","1","0","0","1","4","1","0","0","0","1","0","4","2","3","1","0","2","0","0","0","0","0","0","0","0","0","0","0","0","0","0","245","13","2","3","0","0","4","21","0","0","0","0","0","0","32","1","7","0","17","43","0","1","0","1","0","0","8","1","12","0","0","5","23","0","2","0","0","0","0","1","1","0","0","0","0","0","1","0","0","1","0","0","4","0","0","0","0","0","1","0","0","0","0","0","0","0","0","0","0","0","0","0","0","0","0","0","1","0","0","0","0","0","0","0","0","0","0","0","0","1","0","0","0","0","0","0","18","1"
"32-355 Fairbanks No. 4","292","1","3","0","6","0","0","0","3","0","0","0","0","30","1","0","21","0","0","5","7","0","0","2","1","0","0","0","6","1","6","0","0","0","3","0","0","0","0","0","0","0","0","0","0","1","0","0","0","0","4","1","0","0","0","0","1","0","0","0","0","0","0","1","0","0","1","0","0","0","0","0","0","2","0","0","0","0","0","0","0","0","0","0","0","0","0","0","0","0","0","0","0","16","5","1","0","2","0","0","0","0","0","0","0","0","0","0","0","2","0","0","0","4","0","0","0","0","0","0","2","1","1","0","0","1","0","0","0","0","0","0","0","0","0","0","0","0","0","0","175","10","0","10","0","0","1","6","0","0","0","0","0","0","38","2","5","1","23","47","0","3","0","0","0","1","9","0","6","0","0","5","14","0","2","0","0","0","0","0","0","0","0","0","0","0","0","1","0","1","0","0","0","0","0","0","0","0","0","0","0","0","0","0","0","0","0","0","0","0","0","0","0","0","0","0","0","0","0","0","0","0","0","0","0","0","0","0","0","0","0","0","0","0","0","0","9","1"
"32-365 Fairbanks No. 5","188","0","0","0","3","0","0","0","0","0","0","0","0","25","2","0","11","1","0","1","6","0","0","0","0","0","0","0","8","0","3","0","0","0","4","0","0","0","0","0","1","0","0","0","0","1","0","0","0","0","6","0","0","0","0","0","0","0","0","0","0","0","0","0","0","0","0","1","0","0","0","0","0","1","0","0","0","0","3","0","0","0","0","0","0","0","0","0","0","0","0","0","0","12","4","1","0","4","0","0","0","2","0","0","0","0","0","0","0","1","0","0","0","0","0","0","0","0","0","0","3","0","3","0","1","1","0","0","0","0","0","0","0","0","0","0","0","0","0","0","154","10","2","7","0","0","1","3","0","0","0","0","0","0","32","2","5","0","17","22","0","4","0","0","0","0","8","0","2","0","0","4","8","0","2","0","0","0","0","0","0","0","0","0","0","0","0","0","0","0","0","0","1","0","0","0","0","0","1","0","0","0","0","0","0","0","0","0","0","0","0","0","0","0","0","0","0","0","0","0","0","0","0","0","0","0","0","0","0","0","0","0","0","0","0","0","7","0"
"32-375 Fort Wainwright","138","0","0","0","1","0","0","0","1","0","0","0","0","29","1","0","23","0","0","2","8","0","0","2","0","0","1","0","7","0","7","0","0","0","1","0","0","0","0","0","1","0","0","0","0","0","0","0","0","0","1","0","0","0","0","0","0","0","0","0","0","0","0","0","0","0","0","0","0","0","0","0","0","1","0","0","0","0","0","0","0","0","0","0","0","0","0","0","0","0","0","0","0","8","1","0","0","4","0","0","1","2","0","0","0","0","1","0","0","2","0","0","1","1","0","0","0","0","0","0","0","0","3","0","0","1","0","0","0","0","0","0","0","0","0","0","0","0","0","0","43","7","0","12","0","0","1","3","0","0","0","0","0","0","8","0","6","0","4","19","0","0","0","0","0","0","2","0","1","0","0","0","5","0","1","0","0","0","0","0","0","0","0","0","0","0","0","0","0","1","0","0","1","0","0","0","0","0","0","0","0","0","0","0","0","0","0","0","0","0","0","0","0","0","0","0","0","0","0","0","0","0","0","0","0","0","0","0","0","0","0","0","0","0","0","0","13","1"
"32-385 Badger No. 2","531","3","2","0","4","1","0","0","0","0","0","0","0","71","9","0","31","3","0","6","7","0","0","4","1","0","0","1","10","1","16","0","0","3","6","0","0","0","0","0","1","0","1","0","0","3","0","0","0","0","2","0","0","0","0","0","0","0","0","0","1","0","0","0","0","0","0","0","0","0","0","0","0","0","1","1","0","0","1","0","0","0","0","0","0","0","0","0","0","0","0","0","0","39","23","1","0","3","0","0","3","1","0","0","1","0","0","2","1","9","0","0","0","1","0","0","0","0","0","0","3","1","2","1","0","2","0","0","0","0","0","0","0","0","0","0","0","0","0","0","179","18","1","7","0","0","2","8","0","0","0","0","0","0","27","4","3","0","14","35","0","1","0","0","0","1","15","0","5","0","0","6","18","0","0","0","0","0","0","0","1","0","0","0","0","0","0","0","0","1","0","0","0","0","0","0","0","0","0","0","0","0","0","0","0","0","0","0","0","0","0","0","0","0","0","0","0","0","0","0","0","0","0","0","0","0","0","0","0","0","0","0","0","0","0","0","19","1"
"33-130 Badger No. 1","561","3","1","0","15","2","0","2","0","0","0","0","0","85","6","0","40","2","0","3","9","0","0","1","0","0","0","3","9","0","6","1","0","1","7","0","0","0","0","0","2","0","0","0","0","1","1","0","0","0","5","0","1","0","0","0","0","0","0","0","1","2","0","0","0","0","0","2","0","0","0","0","0","5","1","0","0","2","1","0","0","0","0","0","0","0","0","0","0","0","0","0","0","33","11","1","0","9","1","1","0","1","0","0","1","1","0","1","1","1","0","0","1","1","0","0","0","0","0","0","6","2","2","0","1","3","0","0","0","0","0","0","0","0","0","0","0","0","0","0","157","15","2","7","0","0","2","5","0","0","0","0","0","0","20","0","3","0","12","34","0","1","0","0","0","0","12","2","2","0","0","5","25","0","1","0","0","0","0","0","0","0","0","0","0","0","0","0","0","1","0","0","1","0","0","0","0","0","0","0","0","0","0","0","0","0","0","0","0","0","0","0","0","0","0","0","0","0","0","0","0","0","0","0","0","0","1","0","0","0","0","0","0","0","0","0","15","1"
"33-135 Chena Lakes","624","3","1","0","12","1","0","1","1","0","0","0","0","71","13","0","48","3","0","9","13","0","1","3","1","0","0","0","11","2","2","0","1","1","9","0","0","0","0","0","3","0","0","0","1","1","0","0","0","1","3","1","0","4","0","0","0","0","0","0","1","0","0","0","0","0","0","1","0","0","0","0","1","2","0","0","0","2","1","0","0","0","0","0","0","0","0","0","0","0","0","0","0","33","9","2","0","6","0","0","3","5","0","0","0","0","0","0","1","2","0","0","1","1","0","0","0","0","0","0","3","1","0","0","1","0","0","0","0","0","1","1","0","0","0","0","0","0","0","0","125","13","0","6","0","0","3","5","0","0","0","0","0","0","13","1","3","0","12","13","0","2","0","0","0","1","10","5","3","0","0","3","19","0","0","0","3","0","0","0","1","0","0","0","1","0","0","0","1","1","0","0","2","1","0","0","0","0","0","0","0","0","0","0","0","0","0","0","0","0","0","0","0","0","0","0","0","0","0","0","0","0","0","0","0","0","0","0","0","0","0","0","0","0","0","0","9","0"
"33-155 Moose Creek","75","1","0","0","1","1","0","0","0","0","0","0","0","10","1","0","2","0","0","0","0","0","0","0","0","0","0","0","2","0","0","0","0","0","1","0","0","0","0","0","0","0","0","0","0","0","0","0","0","0","4","0","0","0","0","0","0","0","0","0","1","0","0","0","0","0","0","0","0","0","0","0","0","0","0","0","0","0","1","0","0","0","0","0","0","0","0","0","0","0","0","0","0","7","1","0","0","1","0","0","0","0","0","0","0","0","0","0","0","1","0","0","0","0","0","0","0","0","0","0","0","0","0","0","0","2","0","0","0","0","0","0","0","0","0","0","0","0","0","0","16","1","0","1","0","0","0","1","0","0","0","0","0","0","2","0","1","0","1","2","0","0","0","0","0","0","1","0","0","0","0","1","7","0","0","0","0","0","0","0","0","0","0","0","0","0","0","0","0","0","0","0","1","0","0","0","0","0","0","0","0","0","0","0","0","0","0","0","0","0","0","0","0","0","0","0","0","0","0","0","0","0","0","0","0","0","0","0","0","0","0","0","0","0","0","0","1","0"
"33-165 Newby","658","3","2","0","18","2","0","1","1","0","1","0","0","75","10","0","39","4","0","2","21","0","1","1","1","0","1","0","8","1","5","0","0","0","10","0","0","0","0","0","2","0","0","0","0","1","0","0","0","0","3","1","0","0","0","0","0","0","0","0","2","0","0","1","0","0","0","1","1","0","0","0","0","2","0","0","0","0","1","0","0","0","1","0","0","0","0","0","0","0","0","0","0","33","13","1","0","3","0","0","3","2","0","0","0","0","0","2","0","0","0","0","0","4","0","0","0","0","0","0","2","2","3","0","0","2","0","0","0","0","2","0","0","0","0","0","0","0","0","0","145","7","0","6","0","0","2","5","0","0","0","0","0","0","11","3","4","0","12","30","0","4","0","0","0","0","10","4","3","0","0","7","21","0","2","0","0","0","1","0","0","0","0","0","0","0","0","0","0","2","0","0","1","0","0","0","0","0","0","0","0","0","0","0","0","0","0","0","0","0","0","0","0","0","0","0","0","0","0","0","0","0","0","0","0","0","0","0","0","1","0","0","0","0","0","0","14","1"
"33-175 North Pole","370","2","3","0","4","0","0","0","1","0","0","0","0","45","9","0","34","4","0","2","3","0","0","3","1","0","1","0","8","0","0","0","0","0","2","0","0","0","0","0","0","0","0","0","0","0","1","0","0","0","3","0","0","0","0","0","0","0","0","0","1","1","0","0","0","0","1","1","0","0","0","0","0","0","0","0","0","2","1","0","0","0","0","0","0","0","0","0","0","0","0","0","0","23","7","1","0","6","0","0","1","0","0","0","0","0","0","0","0","2","0","0","1","0","0","0","0","0","0","0","2","1","1","0","0","2","0","0","0","0","0","0","0","0","0","0","0","0","0","0","72","11","0","8","0","0","1","3","0","0","0","1","0","0","12","1","4","0","6","21","0","5","0","0","0","0","4","1","3","0","0","5","13","0","0","0","0","0","0","0","0","0","0","0","0","0","2","0","0","1","0","0","1","0","0","0","0","0","0","0","0","0","0","0","0","0","0","0","0","0","0","0","0","0","0","0","0","0","0","0","0","0","0","0","0","0","0","0","0","0","0","0","0","0","0","1","12","0"
"33-183 Plack","599","2","5","0","17","0","0","0","2","0","0","0","0","85","7","0","58","1","1","4","19","0","0","5","5","0","2","0","7","1","3","0","0","1","2","0","0","0","0","1","0","0","0","0","1","0","0","0","0","0","2","0","0","0","0","0","0","0","0","0","0","0","0","0","0","0","0","0","0","0","0","0","0","1","0","0","0","0","2","0","0","0","0","0","0","0","0","0","0","0","0","0","0","22","11","1","0","12","0","0","2","6","0","1","0","1","0","0","0","4","0","0","0","1","0","0","0","0","0","0","1","0","1","0","1","1","0","0","0","0","0","1","0","0","0","0","0","0","0","0","109","16","0","5","0","0","2","4","0","0","0","0","0","0","18","2","1","0","13","18","0","0","0","0","0","0","10","1","6","0","0","4","7","0","0","0","0","0","0","0","0","0","0","0","0","0","0","0","0","0","0","0","2","0","0","0","0","0","0","1","0","0","0","0","0","0","0","0","0","0","0","0","0","0","0","0","0","0","0","0","0","0","0","0","0","0","0","0","0","0","0","0","0","0","0","0","20","0"
"34-235 Eielson","123","0","0","0","5","0","0","0","0","0","0","0","0","18","2","0","20","0","0","3","10","0","0","1","2","0","0","0","10","0","2","0","0","0","5","0","0","0","0","0","1","0","0","0","1","0","0","0","0","0","2","0","0","0","0","0","0","0","0","0","0","0","0","0","0","0","0","0","0","0","0","0","0","2","0","1","0","1","2","0","0","0","0","0","0","0","0","0","0","0","0","0","0","10","5","0","0","1","0","0","1","0","0","0","0","0","0","1","0","0","0","0","0","2","0","0","0","0","0","0","1","0","0","0","1","2","0","0","0","0","0","0","0","0","0","0","0","0","0","0","41","5","0","0","0","0","0","1","0","0","0","0","0","0","6","1","2","0","5","10","0","0","0","1","0","0","0","1","3","0","0","4","4","0","0","0","0","0","0","0","0","0","0","0","0","0","1","0","0","0","0","0","1","0","0","0","0","0","0","0","0","0","0","0","0","0","0","0","0","0","0","0","0","0","0","0","0","0","0","0","0","0","0","0","0","0","0","0","0","0","0","0","0","0","0","0","11","0"
"34-238 Eielson Farm Road","38","0","0","0","0","0","0","0","0","0","0","0","0","4","3","0","0","0","0","0","0","0","0","0","0","0","0","0","0","0","0","0","0","0","0","0","0","0","0","0","0","0","0","0","0","0","0","0","0","0","0","0","0","0","0","0","0","0","0","0","0","0","0","0","0","0","0","0","0","0","0","0","0","0","0","0","0","0","0","0","0","0","0","0","0","0","0","0","0","0","0","0","0","0","1","0","0","0","0","0","0","0","0","0","0","0","0","0","0","0","0","0","0","0","0","0","0","0","0","0","0","0","0","0","0","0","0","0","0","0","0","0","0","0","0","0","0","0","0","0","5","2","0","0","0","0","1","0","0","0","0","0","0","0","0","0","1","0","1","1","0","0","0","0","0","0","1","0","0","0","0","0","0","0","0","0","0","0","0","0","0","0","0","0","0","0","0","0","0","0","0","0","0","0","0","0","0","0","0","0","0","0","0","0","0","0","0","0","0","0","0","0","0","0","0","0","0","0","0","0","0","0","0","0","0","0","0","0","0","0","0","0","0","0","0","0","0","0"
"34-240 Farmers Loop","256","1","2","0","1","0","0","0","0","0","0","0","0","35","7","0","13","0","0","4","6","0","0","2","2","0","0","0","4","0","2","0","0","2","6","0","0","0","0","0","1","0","0","0","0","2","0","0","0","0","2","0","1","0","0","0","0","0","0","0","0","0","0","1","0","0","0","1","0","0","0","0","0","3","0","0","0","1","1","0","0","0","1","0","0","0","0","0","0","0","0","0","0","12","5","0","0","1","0","0","3","0","0","0","0","0","0","1","0","1","0","0","0","1","0","0","0","1","0","0","2","0","0","0","0","0","0","0","0","0","0","0","0","0","1","0","0","0","0","0","300","14","0","3","0","0","3","4","0","0","0","0","0","0","64","3","6","0","34","32","0","5","0","1","0","0","17","2","3","0","0","5","15","0","0","0","0","0","0","0","0","0","0","0","1","0","1","0","0","0","0","0","1","1","0","0","0","0","0","0","0","0","0","0","0","0","0","0","0","0","0","0","0","0","0","0","0","0","0","0","0","0","0","0","0","0","0","0","0","0","0","0","0","0","0","0","11","0"
"34-260 Salcha","298","2","1","0","2","0","0","0","1","0","0","0","0","34","2","0","18","3","0","2","2","0","0","1","0","0","0","0","1","0","2","0","0","2","5","0","0","0","0","0","2","0","0","0","0","2","0","0","0","0","2","0","0","0","0","0","0","0","0","0","0","0","0","0","0","0","0","0","0","0","0","0","0","0","0","0","0","0","0","0","0","0","0","0","0","0","0","0","0","0","0","0","0","14","8","0","0","0","0","0","1","1","0","0","0","0","0","1","0","2","0","0","1","1","0","0","0","0","0","0","0","0","1","0","1","0","0","0","0","0","0","0","0","0","0","0","0","0","0","0","66","5","0","2","0","0","0","0","0","0","0","0","0","1","9","0","0","0","4","7","0","1","0","0","0","0","4","0","2","0","0","4","4","0","1","0","0","0","0","0","0","0","0","0","0","0","0","0","0","0","0","0","0","1","0","0","0","0","0","0","0","0","0","0","0","0","0","0","0","0","0","0","0","0","0","0","0","0","0","0","0","0","0","0","0","0","0","0","0","0","0","0","0","0","0","0","11","1"
"34-263 Steele Creek","431","3","0","0","6","0","0","0","0","0","0","0","0","50","7","0","30","1","0","7","9","0","0","2","3","0","0","1","7","0","1","0","0","0","8","0","1","0","0","0","1","0","0","0","1","1","0","0","0","0","2","0","1","0","0","0","0","0","0","0","0","0","0","0","0","0","0","1","0","0","0","0","0","1","0","0","0","0","1","0","0","0","0","0","0","0","0","0","0","0","0","0","0","23","16","0","1","3","0","0","0","2","0","0","2","1","0","0","0","1","0","0","0","3","0","0","0","0","0","0","1","1","1","0","0","3","0","0","0","0","0","0","0","0","0","0","0","0","0","0","219","20","0","3","0","0","1","9","0","0","0","0","0","1","36","3","7","0","21","27","0","0","0","1","0","0","17","1","7","0","1","8","19","0","0","0","0","0","0","0","0","1","0","0","0","0","0","0","0","0","0","0","1","1","0","0","0","0","0","0","0","0","0","0","0","0","0","0","0","0","0","0","0","0","0","0","0","0","1","0","0","0","0","0","0","0","0","0","0","0","0","0","0","0","0","0","7","3"
"34-265 Steese","384","0","2","0","2","1","0","0","0","0","0","0","0","59","5","0","20","4","0","3","9","0","0","0","3","0","0","0","9","1","1","0","0","3","5","0","0","0","0","0","2","0","0","0","0","0","0","0","0","0","5","0","0","0","0","0","0","0","0","0","1","0","0","0","0","0","0","1","0","0","0","0","0","1","0","0","0","0","2","0","0","0","0","0","0","0","0","0","0","0","0","0","0","32","10","1","0","1","0","0","4","0","0","0","1","0","0","2","0","1","0","0","0","1","0","0","0","0","0","0","1","1","3","0","0","1","0","0","0","1","1","0","0","0","0","0","0","0","1","0","217","20","1","5","0","0","3","6","0","0","0","0","0","0","44","1","2","0","32","25","0","0","0","0","0","0","16","5","7","0","0","13","19","0","0","0","0","0","0","0","0","0","0","0","0","0","1","0","0","0","0","0","0","1","0","0","0","0","0","0","0","0","1","0","0","0","0","0","0","0","0","0","0","0","0","0","0","0","0","0","0","0","0","0","0","0","0","0","0","0","0","0","0","0","0","0","22","1"
"34-270 Summit","318","2","0","0","3","0","0","0","2","0","0","2","0","51","9","0","20","3","0","2","9","0","0","1","0","0","0","1","10","0","2","0","0","2","7","0","0","0","0","0","2","0","0","0","0","1","0","0","0","0","2","0","0","0","0","0","0","0","0","0","0","0","0","0","0","0","0","1","0","0","0","1","0","0","0","0","0","0","1","0","0","0","0","0","0","0","0","0","0","0","0","0","0","23","17","0","0","3","0","0","1","0","0","0","0","0","0","1","1","0","0","0","1","3","0","0","0","0","0","0","5","0","4","0","0","3","1","0","0","0","0","0","0","0","0","0","0","0","0","0","194","18","2","3","0","0","1","4","0","0","0","0","0","0","35","2","4","0","19","21","0","0","0","0","0","0","12","3","3","0","0","10","17","0","0","0","0","0","0","0","0","0","0","0","0","0","1","0","0","0","0","0","2","0","0","0","0","0","0","0","0","0","0","0","0","0","0","0","0","0","0","0","0","0","0","0","0","0","0","0","0","0","0","0","0","0","0","0","0","0","0","0","0","0","0","0","13","1"
"34-280 Two Rivers","215","0","0","0","1","0","0","0","0","0","0","0","0","33","5","0","10","1","0","1","5","0","0","2","0","0","0","0","7","0","0","0","0","0","5","0","0","0","0","0","1","0","0","0","0","0","0","0","0","0","1","0","0","0","0","0","0","0","0","0","0","0","0","1","0","0","1","0","0","0","0","0","0","0","0","0","0","0","0","0","0","0","0","0","0","0","0","0","0","0","0","0","0","7","12","0","0","0","0","0","0","1","0","0","0","0","0","0","0","1","0","0","0","2","0","0","0","0","0","0","1","2","4","0","0","0","0","0","0","0","0","0","0","0","0","0","0","0","0","0","113","5","0","1","0","0","0","2","0","0","0","0","0","0","10","0","0","0","14","7","0","1","0","0","0","0","6","1","1","0","0","4","2","0","1","0","0","0","0","0","0","0","0","0","1","0","0","0","0","0","0","0","0","0","0","0","0","0","0","0","0","0","0","0","0","0","0","0","0","0","0","0","0","0","0","0","0","0","0","1","0","0","0","0","1","0","0","0","0","0","0","0","0","0","0","0","13","0"
"35-580 Airport","133","1","0","0","2","1","0","0","1","0","0","0","0","10","0","0","8","2","0","2","2","0","0","3","0","0","0","0","3","0","1","0","0","0","3","0","0","0","0","0","1","0","0","0","0","1","0","0","0","0","1","0","0","0","0","0","0","0","0","0","0","0","0","0","0","0","0","0","0","0","0","0","0","0","0","0","0","0","0","0","0","0","0","0","0","0","0","0","0","0","0","0","0","8","2","0","0","0","0","0","1","0","0","0","0","0","0","0","1","0","0","0","0","0","0","0","0","0","0","0","0","0","1","0","1","1","0","0","0","0","0","0","0","0","0","0","0","0","0","0","81","5","0","1","0","0","2","0","0","0","0","0","0","0","8","0","0","0","9","5","0","0","0","0","0","0","3","2","1","0","1","7","9","0","1","0","0","0","0","0","0","0","0","0","0","0","1","0","0","0","0","0","0","0","0","0","0","0","0","0","0","0","0","0","0","1","0","0","0","0","0","0","0","0","0","0","1","0","0","0","0","0","0","0","0","0","0","0","0","0","0","0","0","0","0","0","6","1"
"35-582 Chena","481","2","5","0","4","0","0","0","0","0","0","0","0","64","9","0","28","0","1","2","9","0","0","3","3","0","0","0","17","1","3","0","0","2","3","0","0","0","1","0","3","0","0","0","0","4","0","0","0","0","3","0","0","0","0","0","0","0","0","0","0","0","0","0","0","0","1","0","0","0","0","1","0","1","0","0","0","1","2","0","0","0","0","0","0","0","0","0","0","0","0","0","0","15","13","0","0","5","0","0","1","1","0","0","0","0","0","0","0","2","0","0","0","2","0","0","0","0","0","0","5","2","3","0","0","2","0","0","0","0","0","0","0","0","0","0","0","0","0","0","388","32","2","4","0","0","7","9","0","0","0","0","0","0","89","3","8","0","30","47","0","9","0","2","0","0","24","4","15","0","0","8","19","0","0","0","1","0","1","0","0","0","1","0","1","0","1","0","0","0","0","0","3","0","0","0","0","0","0","0","0","0","0","0","0","0","0","0","0","0","0","0","0","0","0","0","0","1","0","0","0","0","0","0","0","0","0","0","0","0","0","0","0","0","0","0","16","2"
"35-584 Ester","147","1","0","0","2","0","0","0","0","0","0","0","0","18","1","0","6","5","0","1","1","0","0","0","0","0","0","0","2","0","1","0","0","1","1","0","0","0","0","0","0","0","0","0","0","0","0","0","0","0","2","1","0","0","0","0","0","0","0","0","0","0","0","0","0","0","0","0","0","0","0","0","0","1","0","0","0","0","0","0","0","0","0","0","0","0","0","0","0","0","0","0","0","10","2","0","0","2","0","0","0","0","0","0","0","0","0","0","0","3","0","0","1","0","0","0","0","0","0","0","2","0","4","0","0","2","0","0","0","0","0","0","0","0","0","0","0","0","0","0","167","9","1","2","0","0","0","2","0","0","0","0","0","0","58","3","3","0","21","34","0","2","0","2","0","0","17","4","1","0","0","6","9","0","0","0","0","0","0","0","1","0","0","0","0","0","0","0","0","0","0","0","2","0","0","0","0","1","0","0","0","0","0","1","0","0","0","0","0","0","0","0","0","0","0","0","0","0","0","0","0","0","0","0","0","0","0","0","0","0","0","0","0","0","0","0","4","0"
"35-586 Geist","194","0","1","0","3","0","0","0","0","0","0","0","0","18","1","0","8","1","0","0","2","0","0","3","2","0","0","0","5","0","1","0","0","2","4","0","0","0","0","0","1","0","0","0","0","0","0","0","0","0","2","0","0","1","0","0","0","0","0","0","1","0","0","0","0","0","0","2","0","0","0","0","0","2","0","0","0","0","2","0","0","0","0","0","0","0","0","0","0","0","0","0","0","11","4","1","0","4","0","0","0","3","0","0","0","0","0","0","0","1","0","0","0","1","0","0","0","0","0","0","1","1","1","0","2","1","0","0","0","0","0","0","0","0","0","0","0","0","0","0","149","8","3","5","0","0","2","3","0","0","0","0","0","0","42","1","4","0","10","22","0","2","0","0","0","0","10","1","4","0","0","4","15","0","1","0","0","0","0","0","1","0","0","0","0","0","0","0","0","1","0","0","0","0","0","0","0","0","0","0","0","0","0","0","0","0","0","0","0","0","0","0","0","0","0","0","0","0","0","0","0","0","0","0","0","0","0","0","0","0","0","0","0","0","0","0","5","0"
"35-587 Lakeview","53","0","0","0","0","0","0","0","0","0","0","0","0","6","0","0","2","1","0","0","4","0","0","0","1","0","0","0","1","0","1","0","0","0","0","0","0","0","0","0","0","0","0","0","0","0","0","0","0","0","1","0","0","0","0","0","0","0","0","0","0","0","0","0","0","0","0","0","0","0","0","0","0","0","0","0","0","1","0","0","0","0","0","0","0","0","0","0","0","0","0","0","0","11","1","0","0","1","0","0","0","0","0","0","0","0","0","0","0","0","0","0","0","0","0","0","0","0","0","0","0","0","0","0","0","0","0","0","0","0","0","0","0","0","0","0","0","0","0","0","24","0","0","1","0","0","0","2","0","0","0","0","0","0","3","0","2","0","0","1","0","0","0","0","0","0","1","0","0","0","0","2","1","0","0","0","0","0","0","0","0","0","0","0","0","0","0","0","0","0","0","0","0","0","0","0","0","0","0","0","0","0","0","0","0","0","0","0","0","0","0","0","0","0","0","0","0","0","0","0","0","0","0","0","0","0","0","0","0","0","0","0","0","0","0","0","2","0"
"35-592 Shanly","108","1","0","0","4","0","0","0","1","0","0","0","0","19","3","0","8","1","0","1","11","0","0","0","0","0","0","0","5","0","2","0","0","0","3","0","0","0","0","0","0","0","0","0","0","0","0","0","0","0","0","0","0","0","0","0","0","0","0","0","0","0","0","0","0","0","0","0","0","0","0","0","0","0","0","0","0","0","0","0","0","0","0","0","0","0","0","0","0","0","0","0","0","5","1","0","0","1","0","0","1","2","0","0","0","0","0","1","0","1","0","0","0","0","0","0","0","0","0","0","0","0","2","0","0","0","0","0","0","0","0","0","0","0","0","0","0","0","0","0","133","2","1","3","0","0","1","7","0","0","0","0","0","0","27","0","2","0","14","17","1","2","0","0","0","0","16","2","4","0","0","3","7","0","0","0","0","0","0","0","0","0","0","0","0","0","0","0","0","0","0","0","1","0","0","0","0","0","0","0","0","0","0","0","0","0","0","0","0","0","0","0","0","0","0","0","0","0","0","0","0","0","0","0","0","0","1","0","0","0","0","0","0","0","0","0","6","1"
"35-595 University Hills","145","0","2","0","0","0","0","0","0","0","0","0","0","29","3","0","7","0","0","2","3","0","0","2","1","0","0","0","8","0","2","0","0","1","2","0","0","0","0","0","0","0","0","0","0","0","0","0","0","0","3","0","0","0","0","0","0","0","0","0","0","0","0","0","0","0","0","0","0","0","0","0","0","2","0","0","0","0","0","0","0","0","0","0","0","0","0","0","0","0","0","0","0","6","4","0","0","2","0","0","0","0","0","0","1","1","0","0","0","1","0","0","1","3","0","0","0","0","0","0","0","1","0","0","0","1","0","0","0","0","0","0","0","0","1","0","0","0","0","0","184","8","0","2","0","0","5","6","0","1","0","0","0","0","59","0","4","0","27","32","0","3","0","2","0","1","17","2","3","0","0","5","13","0","2","0","0","0","0","0","1","0","0","0","0","0","0","0","0","2","0","0","0","0","0","0","0","0","0","0","0","0","0","0","0","0","0","0","0","0","0","0","0","0","0","0","0","0","0","0","0","0","0","0","0","0","0","0","0","0","0","0","0","0","0","0","7","0"
"35-596 University West","389","0","0","0","5","1","1","0","1","0","0","0","0","52","2","0","23","3","0","5","12","0","1","4","4","0","1","0","21","0","2","0","0","4","8","0","0","0","0","0","1","0","0","0","0","0","0","0","0","0","3","0","0","1","0","0","0","0","0","0","1","0","0","0","0","0","0","2","0","0","0","0","0","0","0","0","0","0","0","0","0","0","0","0","0","0","0","0","0","0","0","0","0","23","6","0","0","8","0","0","2","8","0","0","1","0","0","0","0","1","0","0","0","0","0","0","0","0","0","0","2","0","1","0","2","2","0","0","0","0","0","0","0","0","0","0","0","0","0","0","350","27","1","8","0","0","6","17","0","0","0","0","0","0","69","2","10","0","49","58","0","6","0","1","0","0","18","9","11","0","0","10","26","0","1","0","0","0","0","0","0","0","0","1","1","0","0","0","1","0","0","0","1","0","0","0","0","0","0","0","0","0","0","0","0","0","0","0","0","0","0","0","0","0","0","0","0","0","0","0","0","0","0","0","0","0","0","0","0","0","0","0","0","0","0","0","5","0"
"36-001 Goldstream No. 1","189","0","0","0","0","0","0","0","0","0","0","0","0","41","3","0","16","0","0","2","2","0","1","2","1","0","0","0","6","0","0","0","0","0","3","0","0","0","0","0","1","0","0","0","0","1","0","0","0","0","2","0","0","0","0","0","0","0","0","0","0","0","0","0","0","0","1","1","0","0","0","0","0","0","0","0","0","1","0","0","0","0","0","0","0","0","0","0","0","0","0","0","0","4","11","0","0","1","0","0","1","0","0","0","0","0","0","2","0","0","0","0","1","1","0","0","0","0","0","0","2","1","1","0","1","1","0","0","0","0","0","0","0","0","0","0","0","0","0","0","184","6","1","6","0","0","1","3","0","0","0","0","0","0","50","2","1","0","24","26","0","2","0","0","0","0","12","3","2","0","0","3","11","0","1","0","0","0","1","0","0","0","0","0","0","0","1","0","0","1","0","0","0","0","0","0","0","0","0","0","0","0","0","0","0","0","0","0","0","0","0","0","0","0","0","0","0","0","0","1","0","0","0","0","0","0","0","0","0","0","0","0","0","0","0","0","8","1"
"36-002 Goldstream No. 2","161","2","1","0","3","0","0","0","3","0","0","0","0","37","1","0","11","2","0","2","2","0","0","1","0","0","0","0","7","1","2","0","0","0","2","0","0","0","0","0","1","0","0","0","0","0","0","0","0","0","0","0","0","0","0","0","0","0","0","0","0","1","0","0","0","0","0","1","0","0","0","0","0","0","0","0","0","0","1","0","1","0","0","0","0","0","0","0","0","0","0","0","0","15","3","0","0","3","0","0","2","1","0","0","0","0","0","2","0","0","0","0","1","0","0","0","0","0","0","0","2","1","0","0","0","1","0","0","0","0","0","0","0","0","0","0","0","0","0","0","259","7","2","4","0","0","2","3","0","0","0","0","0","0","90","3","3","0","34","34","0","6","0","0","0","0","19","1","2","0","1","9","10","0","3","0","0","0","0","0","0","0","0","0","0","0","0","0","0","1","0","0","2","0","0","0","0","0","0","0","0","0","0","0","0","0","0","0","0","0","0","0","0","0","0","0","0","0","0","0","0","0","0","0","0","0","0","0","0","0","0","0","0","0","0","0","8","1"
"36-010 Allakaket","0","0","0","0","0","0","0","0","0","0","0","0","0","0","0","0","0","0","0","0","0","0","0","0","0","0","0","0","0","0","0","0","0","0","0","0","0","0","0","0","0","0","0","0","0","0","0","0","0","0","0","0","0","0","0","0","0","0","0","0","0","0","0","0","0","0","0","0","0","0","0","0","0","0","0","1","0","0","0","0","0","0","0","0","0","0","0","0","0","0","0","0","0","1","0","0","0","0","0","0","0","0","0","0","0","0","0","0","0","0","0","0","0","0","0","0","0","0","0","0","0","0","0","0","0","0","0","0","0","0","0","0","0","0","0","0","0","0","0","0","22","0","0","5","0","0","0","2","0","0","0","0","0","0","4","0","0","0","0","2","0","0","0","0","0","0","0","0","0","0","0","1","2","0","0","0","0","0","0","0","0","0","0","0","0","0","0","0","0","0","0","0","0","0","0","0","0","0","0","0","0","0","0","0","0","0","0","0","0","0","0","0","0","0","0","0","0","0","0","0","0","0","0","0","0","0","0","0","0","0","0","0","0","0","0","0","0","0"
"36-014 Anvik","1","0","0","0","0","0","0","0","0","0","0","0","0","0","0","0","0","0","0","0","0","0","0","0","0","0","0","0","1","0","0","0","0","0","0","0","0","0","0","0","0","0","0","0","0","0","0","0","0","0","1","0","0","0","0","0","0","0","0","0","0","0","0","0","0","0","0","0","0","0","0","0","0","0","0","0","0","0","0","0","0","0","0","0","0","0","0","0","0","0","0","0","0","0","0","0","0","1","0","0","0","0","0","0","0","0","0","0","0","0","0","0","0","0","0","0","0","0","0","0","0","0","0","0","0","0","0","0","0","0","0","0","0","0","0","0","0","0","0","0","12","0","0","1","0","0","0","2","0","0","0","0","0","0","0","0","1","0","0","3","0","0","0","0","0","0","0","1","0","0","0","0","1","0","0","0","0","0","0","0","0","0","0","0","0","0","0","0","0","0","0","0","0","0","0","0","0","0","0","0","0","0","0","0","0","0","0","0","0","0","0","0","0","0","0","0","0","0","0","0","0","0","0","0","0","0","0","0","0","0","0","0","0","0","0","0","0","0"
"36-018 Arctic Village","2","0","0","0","0","0","0","0","0","0","0","0","0","0","0","0","0","0","0","0","0","0","0","0","0","0","0","0","0","0","0","0","0","1","0","0","0","0","0","0","0","0","0","0","0","0","0","0","0","0","1","1","0","0","0","0","0","0","0","0","0","0","0","0","0","0","0","0","0","0","0","0","0","0","0","0","0","0","0","0","0","0","0","0","0","0","0","0","0","0","0","0","0","0","0","0","0","0","0","0","0","0","0","0","0","0","0","0","0","0","0","0","0","0","0","0","0","0","0","0","0","0","0","0","0","0","0","0","0","0","0","0","0","0","0","0","0","0","0","0","41","1","0","0","0","0","0","0","0","0","0","0","0","0","1","0","1","0","2","1","0","0","0","0","0","0","0","0","0","0","0","0","0","0","1","0","0","0","0","0","0","0","0","0","0","0","0","0","0","0","0","0","0","0","0","0","0","0","0","0","0","0","0","0","0","0","0","0","0","0","0","0","0","0","0","0","0","0","0","0","0","0","0","0","0","0","0","0","0","0","0","0","0","0","0","0","0","0"
"36-022 Beaver","2","0","0","0","0","0","0","0","0","0","0","0","0","0","0","0","0","0","0","0","0","0","0","0","0","0","0","0","0","0","0","0","0","0","0","0","0","0","0","0","0","0","0","0","0","0","0","0","0","0","0","0","0","0","0","0","0","0","0","0","0","0","0","0","0","0","0","0","0","0","0","0","0","0","0","0","0","0","0","0","0","0","0","0","0","0","0","0","0","0","0","0","0","0","0","0","0","0","0","0","0","0","0","0","0","0","0","0","0","0","0","0","0","0","0","0","0","0","0","0","0","0","0","0","0","0","0","0","0","0","0","0","0","0","0","0","0","0","0","0","9","0","0","3","0","0","0","0","0","0","0","0","0","0","0","0","1","0","1","0","0","0","0","0","0","0","0","0","0","0","0","0","0","0","0","0","0","0","0","0","0","0","0","0","0","0","0","0","0","0","0","0","0","0","0","0","0","0","0","0","0","0","0","0","0","0","0","0","0","0","0","0","0","0","0","0","0","0","0","0","0","0","0","0","0","0","0","0","0","0","0","0","0","0","0","0","0","1"
"36-026 Bettles","4","0","0","0","0","0","0","0","0","0","0","0","0","1","0","0","0","0","0","0","0","0","0","0","0","0","0","0","0","0","0","0","0","0","0","0","0","0","0","0","0","0","0","0","0","0","0","0","0","0","0","0","0","0","0","0","0","0","0","0","0","0","0","0","0","0","0","0","0","0","0","0","0","1","0","0","0","0","0","0","0","0","0","0","0","0","0","0","0","0","0","0","0","0","0","0","0","0","0","0","0","0","0","0","0","0","0","0","0","0","0","0","0","0","0","0","0","0","0","0","0","0","0","0","0","0","0","0","0","0","0","0","0","0","0","0","0","0","0","0","2","0","0","0","0","0","0","0","0","0","0","0","0","0","0","0","0","0","0","0","0","0","0","0","0","0","1","1","1","0","0","0","0","0","0","0","0","0","0","0","0","0","0","0","0","0","0","0","0","0","0","0","0","0","0","0","0","0","0","0","0","0","0","0","0","0","0","0","0","0","0","0","0","0","0","0","0","0","0","0","0","0","0","0","0","0","0","0","0","0","0","0","0","0","0","0","0","0"
"36-034 Central","25","0","0","0","0","0","0","0","0","0","0","0","0","4","0","0","0","0","0","0","0","0","0","0","0","0","0","0","0","0","0","0","0","0","0","0","0","0","0","0","0","0","0","0","0","0","0","0","0","0","1","0","0","0","0","0","0","0","0","0","0","0","0","0","0","0","0","0","0","0","0","0","0","0","0","0","0","0","0","0","0","0","0","0","0","0","0","0","0","0","0","0","0","2","0","0","0","0","0","0","0","0","0","0","0","0","0","0","0","0","0","0","0","0","0","0","0","0","0","0","0","0","0","0","0","0","0","0","0","0","0","0","0","0","0","0","0","0","0","0","6","1","0","0","0","0","0","0","0","0","0","0","0","0","0","0","0","0","0","0","0","0","0","0","0","0","0","0","0","0","0","0","1","0","0","0","0","0","0","0","0","0","0","0","0","0","0","0","0","0","0","0","0","0","0","0","0","0","0","0","0","0","0","0","0","0","0","0","0","0","0","0","0","0","0","0","0","0","0","0","0","0","0","0","0","0","0","0","0","0","0","0","0","0","0","0","1","0"
"36-038 Chistochina","34","0","0","0","0","0","0","0","0","0","0","0","0","1","0","0","0","0","0","0","2","0","0","0","0","0","0","0","1","0","0","0","0","0","0","0","0","0","0","0","0","0","0","0","0","0","0","0","0","0","2","0","0","0","0","0","0","0","0","0","0","0","0","0","0","0","0","0","0","0","0","0","0","0","0","0","0","0","0","0","0","0","0","0","0","0","0","0","0","0","0","0","0","3","3","0","0","0","0","0","0","0","0","0","0","0","0","0","0","0","0","0","0","0","0","0","0","0","0","0","1","0","0","0","0","0","0","0","0","0","0","0","0","0","0","0","0","0","0","0","20","0","0","0","0","0","0","0","0","0","0","0","0","0","0","0","0","0","0","0","0","0","0","0","0","0","2","0","0","0","0","0","0","0","0","0","0","0","0","0","0","0","0","0","0","0","0","0","0","0","0","0","0","0","0","0","0","0","0","0","0","0","0","0","0","0","0","0","0","0","0","0","0","0","0","0","0","0","0","0","0","0","0","0","0","0","0","0","0","0","0","0","0","0","0","0","2","0"
"36-042 Circle","2","0","0","0","0","0","0","0","0","0","0","0","0","0","0","0","0","0","0","0","0","0","0","0","0","0","0","0","0","0","0","0","0","0","0","0","0","0","0","0","0","0","0","0","0","0","0","0","0","0","0","0","0","0","0","0","0","0","0","0","0","0","0","0","0","0","0","0","0","0","0","0","0","0","0","0","0","0","0","0","0","0","0","0","0","0","0","0","0","0","0","0","0","2","0","0","0","0","0","0","0","0","0","0","0","0","0","0","0","0","0","0","0","0","0","0","0","0","0","0","0","0","0","0","0","0","0","0","0","0","0","0","0","0","0","0","0","0","0","0","9","1","0","1","0","0","0","0","0","0","0","0","0","0","0","0","0","0","1","2","0","0","0","0","0","0","0","0","0","0","0","0","1","0","0","0","0","0","0","0","0","0","0","0","0","0","0","0","0","0","0","0","0","0","0","0","0","0","0","0","0","0","0","0","0","0","0","0","0","0","0","0","0","0","0","0","0","0","0","0","0","0","0","0","0","0","0","0","0","0","0","0","0","0","0","0","1","0"
"36-046 Copper Center","157","2","0","0","5","0","0","0","0","0","0","0","0","22","0","0","9","2","0","0","0","0","0","0","2","0","0","1","1","0","1","0","0","0","1","0","0","0","0","0","0","0","0","0","0","0","0","0","0","0","0","0","0","0","0","0","0","0","0","0","0","0","0","0","0","0","0","0","0","0","0","0","0","0","0","0","0","0","0","0","0","0","0","0","0","0","0","0","0","0","0","0","0","13","4","0","0","3","0","0","0","0","0","0","0","0","0","0","0","1","0","0","0","0","0","0","0","0","0","0","0","0","0","0","0","0","0","0","0","0","0","0","1","0","0","0","0","0","0","0","66","9","0","3","0","0","0","3","0","0","0","0","0","0","8","0","2","0","3","11","0","1","0","0","0","0","4","2","2","0","0","4","7","0","0","0","0","0","0","1","0","0","0","0","0","0","0","0","0","0","0","0","0","0","0","0","0","0","0","0","0","0","0","0","0","0","0","0","0","0","0","0","0","0","0","0","0","0","0","0","0","0","0","0","0","0","0","0","0","0","0","0","0","0","0","0","3","0"
"36-050 Delta Junction","202","0","1","0","5","0","0","0","0","0","0","0","0","26","3","0","11","1","1","1","4","0","0","0","2","0","0","0","7","0","0","0","0","1","1","0","0","0","0","0","1","0","0","0","0","0","0","0","0","0","1","0","0","0","0","0","0","0","0","0","0","0","0","0","0","0","0","0","0","0","0","0","0","0","0","0","0","0","0","0","0","0","0","0","0","0","0","0","0","0","0","0","0","14","4","0","0","1","0","0","2","3","0","0","0","0","0","0","0","1","0","0","0","1","0","0","0","0","0","0","0","0","1","0","0","0","0","0","0","0","0","0","0","0","0","0","0","0","0","0","22","5","0","1","0","0","0","2","0","0","0","0","0","0","3","1","0","0","3","3","0","1","0","0","0","0","2","0","1","0","0","3","4","0","0","0","0","0","0","0","0","0","0","0","0","0","0","0","0","0","0","0","0","0","0","0","0","0","0","0","0","0","0","0","0","0","0","0","0","0","0","0","0","0","0","0","0","0","0","0","0","0","0","0","0","0","0","0","0","0","0","0","0","0","0","0","10","2"
"36-054 Deltana","743","5","2","0","7","0","0","0","2","0","0","0","0","107","5","0","30","1","0","3","7","0","0","1","3","0","0","0","3","0","7","0","0","0","5","0","0","0","0","0","0","0","0","0","2","1","0","0","0","0","0","1","0","0","0","0","1","0","0","0","0","0","0","0","0","0","0","0","0","0","0","0","0","1","0","0","0","0","1","0","0","0","0","0","0","0","0","0","0","0","0","0","0","42","14","0","0","3","0","0","1","1","0","0","1","0","0","1","1","1","0","0","0","2","0","0","0","0","0","0","2","0","0","0","0","0","0","0","0","0","0","0","0","0","0","0","0","0","0","0","91","15","0","3","0","1","2","3","0","0","0","0","0","0","18","0","2","0","4","11","0","1","0","1","0","0","5","1","3","0","0","3","4","0","0","0","0","0","0","1","0","0","0","0","0","0","0","0","0","0","0","0","1","0","0","0","0","0","0","0","0","0","0","0","0","0","0","0","0","0","0","0","0","0","0","0","0","0","0","1","0","0","0","0","0","0","0","0","0","0","0","0","2","0","0","0","18","0"
"36-058 Dot Lake","37","0","0","0","0","0","0","0","0","0","0","0","0","5","0","0","0","0","0","0","0","0","0","0","0","0","0","0","0","0","0","0","0","0","0","0","0","0","0","0","0","0","0","0","0","0","0","0","0","0","0","0","0","0","0","0","0","0","0","0","0","0","0","0","0","0","0","0","0","0","0","0","0","0","0","0","0","0","0","0","0","0","0","0","0","0","0","0","0","0","0","0","0","1","0","0","0","0","0","0","0","0","0","0","0","0","0","0","0","0","0","0","0","0","0","0","0","0","0","0","0","0","0","0","0","0","0","0","0","0","0","0","0","0","0","0","0","0","0","0","2","0","0","0","0","0","0","0","0","0","0","0","0","0","1","0","0","0","0","1","0","0","0","0","0","0","0","0","0","0","0","0","0","0","0","0","0","0","0","0","0","0","0","0","0","0","0","0","0","0","0","0","0","0","0","0","0","0","0","0","0","0","0","0","0","0","0","0","0","0","0","0","0","0","0","0","0","0","0","0","0","0","0","0","0","0","0","0","0","0","0","0","0","0","0","0","2","0"
"36-062 Eagle","38","0","0","0","0","0","0","0","0","0","0","0","0","3","0","0","0","0","0","0","0","0","0","0","0","0","0","0","0","0","0","0","0","0","0","0","0","0","0","0","0","0","0","0","0","0","0","0","0","0","0","0","0","0","0","0","0","0","0","0","0","0","0","0","0","0","0","0","0","0","0","0","0","0","0","0","0","0","0","0","0","0","0","0","0","0","0","0","0","0","0","0","0","0","0","0","0","0","0","0","0","0","0","0","0","0","0","0","0","0","0","0","0","0","0","0","0","0","0","0","1","0","0","0","0","1","0","0","0","0","0","0","0","0","0","0","0","0","0","0","17","1","0","0","0","0","0","0","0","0","0","0","0","0","2","0","0","0","0","1","0","0","0","0","0","0","0","2","0","0","0","1","0","0","0","0","0","0","0","0","0","0","0","0","0","0","0","0","0","0","0","0","0","0","0","0","0","0","0","0","0","0","0","0","0","0","0","0","0","0","0","0","0","0","0","0","0","0","0","0","0","0","0","0","0","0","0","0","0","0","0","0","0","0","0","0","2","0"
"36-066 Fort Yukon","13","0","0","0","0","0","0","0","0","0","0","0","0","1","0","0","0","0","0","0","0","0","0","0","0","0","0","0","0","0","0","0","0","0","1","0","0","0","0","0","0","0","0","0","0","0","0","0","0","0","1","1","0","0","0","0","0","0","0","0","0","0","0","0","0","0","0","0","0","0","0","0","0","1","0","0","0","0","0","0","0","0","0","0","0","0","0","0","0","0","0","0","0","1","0","0","0","0","0","0","0","0","0","0","0","0","0","0","0","0","0","0","0","0","0","0","0","0","0","0","0","0","0","0","0","0","0","0","0","0","0","0","0","0","0","0","0","0","0","0","108","0","1","2","0","0","0","0","0","0","0","0","0","0","0","0","0","0","0","2","0","0","0","0","0","0","0","0","0","0","0","1","2","0","0","0","0","0","0","1","0","0","0","0","0","0","0","0","0","0","0","0","0","0","0","0","0","0","0","0","0","0","0","0","0","0","0","0","0","0","0","0","0","0","0","0","0","0","0","0","0","0","0","0","0","0","0","0","0","0","0","0","0","0","0","0","3","1"
"36-070 Gakona","56","0","0","0","1","0","0","0","0","0","0","0","0","2","0","0","1","0","0","1","0","0","0","0","0","0","0","0","0","0","2","0","0","0","0","0","0","0","0","0","0","0","0","0","0","0","0","0","0","0","2","0","0","0","0","0","0","0","0","0","0","0","0","0","0","0","0","0","0","0","0","0","0","0","0","0","0","0","0","0","0","0","0","0","0","0","0","0","0","0","0","0","0","3","0","0","0","0","0","0","0","1","0","0","0","0","0","0","0","2","0","0","0","0","0","0","0","0","0","0","0","0","0","0","0","0","0","0","0","0","0","0","0","0","0","0","0","0","0","0","23","0","0","0","0","0","0","1","0","0","0","0","0","0","3","1","0","0","2","0","0","0","0","0","0","0","1","0","0","0","0","1","2","0","0","0","0","0","0","0","0","0","0","0","0","0","0","0","0","0","0","0","0","0","0","0","0","0","0","0","0","0","0","0","0","0","0","0","0","0","0","0","0","0","0","0","0","0","0","0","0","0","0","0","0","0","0","0","0","0","0","0","0","0","0","0","5","0"
"36-074 Galena","27","1","0","0","0","0","0","0","0","0","0","0","0","4","0","0","2","0","0","0","2","0","0","0","0","0","0","0","2","0","0","0","0","1","2","0","0","0","0","0","0","0","0","0","0","0","0","0","0","0","1","0","0","0","0","0","0","0","0","0","0","0","0","0","0","0","0","0","0","0","0","0","0","0","0","0","0","0","0","0","0","0","0","0","0","0","0","0","0","0","0","0","0","3","3","0","0","0","0","0","0","1","0","0","0","0","0","0","0","1","0","0","0","0","0","0","0","0","0","0","0","0","0","0","0","0","0","0","0","0","0","0","0","0","0","0","0","0","0","0","58","6","0","3","0","0","0","1","0","0","0","0","0","0","8","0","0","0","1","5","0","0","0","0","0","0","2","1","2","0","0","0","5","0","0","0","0","0","0","0","0","0","0","0","0","0","0","0","0","1","0","0","0","0","0","0","0","0","0","0","0","0","0","0","0","0","0","0","0","0","0","0","0","0","0","0","0","0","0","0","0","0","0","0","0","0","0","0","0","0","0","0","0","0","0","0","3","0"
"36-078 Glennallen","76","0","4","0","0","0","0","0","0","0","0","0","0","20","2","0","6","3","0","0","0","0","0","0","1","0","0","0","0","0","0","0","0","1","0","0","0","0","0","0","1","0","0","0","0","0","0","0","0","0","0","0","0","0","0","0","0","0","0","0","1","0","0","1","0","0","0","0","0","0","0","0","0","0","0","0","0","0","0","0","0","0","0","0","0","0","0","0","0","0","0","0","0","10","0","0","0","2","0","0","0","0","0","0","0","1","0","0","0","1","0","0","0","1","0","0","0","0","0","0","0","0","0","0","0","1","0","0","0","0","0","0","0","0","0","0","0","0","0","0","23","3","0","1","0","0","0","0","0","0","0","0","0","0","6","0","1","0","2","4","0","0","0","0","0","0","0","1","1","0","0","0","0","0","0","0","0","0","0","0","0","0","0","0","0","0","0","0","0","0","0","0","0","0","0","0","0","0","0","0","0","0","0","0","0","0","0","0","0","0","0","0","0","0","0","0","0","0","0","0","0","0","0","0","0","0","0","0","0","0","0","0","0","0","0","0","5","0"
"36-082 Grayling","5","1","0","0","1","0","0","0","0","0","0","0","0","2","0","0","1","0","0","0","0","0","0","0","1","0","0","0","0","0","0","0","0","0","1","0","0","0","0","0","0","0","0","0","0","0","0","0","0","0","0","0","0","0","0","0","0","0","0","0","0","0","0","0","0","0","0","0","0","0","0","0","0","0","0","0","0","0","0","0","0","0","0","0","0","0","0","0","0","0","0","0","0","5","0","0","0","0","0","0","0","0","0","0","0","0","0","0","0","0","0","0","0","0","0","0","0","0","0","0","0","0","0","0","0","1","0","0","0","0","0","0","0","0","0","0","0","0","0","0","21","0","0","4","0","0","0","1","0","0","0","0","0","0","1","2","2","0","0","1","0","0","0","0","0","0","0","0","0","0","0","0","3","0","0","0","1","0","0","0","0","0","0","0","0","0","0","0","0","0","0","0","0","0","0","0","0","0","0","0","0","0","0","0","0","0","0","0","0","0","0","0","0","0","0","0","0","0","0","0","0","0","0","0","0","0","0","0","0","0","0","0","0","0","0","0","0","1"
"36-086 Holy Cross","3","0","0","0","1","0","0","0","0","0","0","0","0","0","0","0","0","0","0","0","0","0","0","0","0","0","0","0","0","0","0","0","0","0","1","0","0","0","0","0","0","0","0","0","0","0","0","0","0","0","1","0","0","0","0","0","0","0","0","0","0","0","0","0","0","0","0","0","0","0","0","0","0","0","0","0","0","0","0","0","0","0","0","0","0","0","0","0","0","0","0","0","0","0","0","0","0","0","0","0","0","0","0","0","0","0","0","0","0","0","0","0","0","1","0","0","0","0","0","0","0","0","0","0","0","0","0","0","0","0","0","0","0","0","0","0","0","0","0","0","18","0","0","6","0","0","1","2","0","0","1","0","0","0","0","0","0","0","0","1","0","0","0","0","0","0","1","0","2","0","0","0","2","0","0","0","0","0","0","0","0","0","0","0","0","0","0","0","0","0","0","0","0","0","0","0","0","0","0","0","0","0","0","0","0","0","0","0","0","0","0","0","0","0","0","0","0","0","0","0","0","0","0","0","0","0","0","0","0","0","0","0","0","0","0","0","0","0"
"36-090 Hughes","4","0","0","0","0","0","0","0","1","0","0","0","0","0","0","0","0","0","0","0","0","0","0","0","0","0","0","0","0","0","0","0","0","0","0","0","0","0","0","0","0","0","0","0","0","0","0","0","0","0","1","0","0","0","0","0","0","0","0","0","0","0","0","0","0","0","0","0","0","0","0","0","0","0","0","0","0","0","0","0","0","0","0","0","0","0","0","0","0","0","0","0","0","3","0","0","0","0","0","0","0","0","0","0","0","0","0","0","0","0","0","0","0","0","0","0","0","0","0","0","0","0","0","0","0","0","0","0","0","0","0","0","0","0","0","0","0","0","0","0","20","0","0","0","0","0","0","0","0","0","0","0","0","0","0","0","0","0","0","0","0","0","0","0","0","0","0","0","0","0","0","0","0","0","0","0","0","0","0","0","0","0","0","0","0","0","0","0","0","0","0","0","0","0","0","0","0","0","0","0","0","0","0","0","0","0","0","0","0","0","0","0","0","0","0","0","0","0","0","0","0","0","0","0","0","0","0","0","0","0","0","0","0","0","0","0","1","0"
"36-094 Huslia","11","0","0","0","0","0","0","0","1","0","0","0","0","0","1","0","0","0","0","0","0","0","0","0","0","0","0","0","0","0","0","0","0","0","0","0","0","0","0","0","0","0","0","0","0","0","0","0","0","0","1","0","0","0","0","0","0","0","0","0","0","0","0","0","0","0","0","0","0","0","0","0","0","0","0","0","0","0","0","0","0","0","0","0","0","0","0","0","0","0","0","0","0","4","0","0","0","0","0","0","0","0","0","0","0","0","0","0","0","0","0","0","0","0","0","0","0","0","0","0","0","0","0","0","0","0","0","0","0","0","0","0","0","0","0","0","0","0","0","0","47","6","0","4","0","0","1","1","0","0","0","0","0","0","2","0","0","0","2","3","0","0","0","0","0","0","1","0","1","0","0","0","2","0","0","0","0","0","0","0","0","0","0","0","0","0","0","0","0","0","0","0","0","0","0","0","0","0","0","0","0","0","0","0","0","0","0","0","0","0","0","0","0","0","0","0","0","0","0","0","0","0","0","0","0","0","0","0","0","0","0","0","0","0","0","0","6","1"
"36-098 Kaltag","5","1","0","0","0","0","0","0","0","0","0","0","0","0","0","0","0","0","0","1","0","0","0","0","0","0","0","0","0","0","0","0","0","0","0","0","0","0","0","0","0","0","0","0","0","0","0","0","0","0","0","0","0","0","0","0","0","0","0","0","0","0","0","0","0","0","0","0","0","0","0","0","0","0","0","1","0","0","0","0","0","0","0","0","0","0","0","0","0","0","0","0","0","1","0","0","0","0","0","0","0","0","0","0","0","0","0","0","0","0","0","0","0","0","0","0","0","0","0","0","0","0","0","0","0","0","0","0","0","0","0","0","0","0","0","0","0","0","0","0","19","0","0","3","0","0","0","1","0","0","0","0","0","0","0","0","1","0","0","3","0","0","0","0","0","0","0","0","1","0","0","0","1","0","0","0","0","0","0","0","0","0","0","0","0","0","0","0","0","0","0","0","0","0","0","0","0","0","0","0","0","0","0","0","0","0","0","0","0","0","0","0","0","0","0","0","0","0","0","0","0","0","0","0","0","0","0","0","0","0","0","0","0","0","0","0","2","0"
"36-102 Kenny Lake","85","0","0","0","1","0","0","0","0","0","0","0","0","13","0","0","5","0","0","1","2","0","0","0","0","0","0","0","1","0","0","0","0","0","1","0","0","0","0","0","0","0","1","0","0","0","0","0","0","0","2","0","0","0","0","0","0","0","0","0","0","0","0","0","0","0","0","0","0","0","0","0","0","0","0","0","0","0","0","0","0","0","0","0","0","0","0","0","0","0","0","0","0","5","3","0","0","0","0","0","0","2","0","0","0","0","0","0","1","0","0","0","0","0","0","0","0","0","0","0","0","0","0","0","0","3","0","0","0","0","0","0","0","0","0","0","1","0","0","0","40","0","0","1","0","0","0","0","0","0","0","0","0","0","6","0","0","0","4","1","0","0","0","0","0","0","1","0","0","0","0","1","1","0","0","0","0","0","0","0","0","0","0","0","0","0","0","0","0","0","0","0","0","0","0","0","0","0","0","0","0","0","0","0","0","0","0","0","0","0","0","0","0","0","0","0","0","0","0","0","0","0","0","0","0","0","0","0","0","0","0","0","0","0","0","0","3","0"
"36-106 Koyukuk","3","0","0","0","0","0","0","0","0","0","0","0","0","0","0","0","0","0","0","0","0","0","0","0","0","0","0","0","0","0","0","0","0","0","0","0","0","0","0","0","0","0","0","0","0","0","0","0","0","0","0","0","0","0","0","0","0","0","0","0","0","0","0","0","0","0","0","0","0","0","0","0","0","0","0","0","0","0","0","0","0","0","0","0","0","0","0","0","0","0","0","0","0","0","0","0","0","0","0","0","0","1","0","0","0","0","0","0","0","0","0","0","0","0","0","0","0","0","0","0","1","0","0","0","0","0","0","0","0","0","0","0","0","0","0","0","0","0","0","0","15","0","0","2","0","0","0","1","0","0","0","0","0","0","0","0","1","0","0","2","0","0","0","0","0","0","0","0","1","0","0","0","1","0","0","0","0","0","0","0","0","0","0","0","0","0","0","0","0","0","0","0","0","0","0","0","0","0","0","0","0","0","0","0","0","0","0","0","0","0","0","0","0","0","0","0","0","0","0","0","0","0","0","0","0","0","0","0","0","0","0","0","0","0","0","0","1","0"
"36-110 Manley","31","0","0","0","0","0","0","0","0","0","0","0","0","0","0","0","0","0","0","0","0","0","0","0","0","0","0","0","0","0","0","0","0","0","0","0","0","0","0","0","0","0","0","0","0","0","0","0","0","0","0","0","0","0","0","0","0","0","0","0","0","0","0","0","0","0","0","0","0","0","0","0","0","0","0","0","0","0","0","0","0","0","0","0","0","0","0","0","0","0","0","0","0","2","0","0","0","1","0","0","0","0","0","0","0","0","0","0","0","0","0","0","0","0","0","0","0","0","0","0","0","0","0","0","0","0","0","0","0","0","0","0","0","0","0","0","0","0","0","0","8","0","0","0","0","0","1","0","0","0","0","0","0","0","3","0","0","0","0","0","0","0","0","0","0","0","0","0","0","0","0","0","0","0","0","0","0","0","0","0","0","0","0","0","0","0","0","0","0","0","0","0","0","0","0","0","0","0","0","0","0","0","0","0","0","0","0","0","0","0","0","0","0","0","0","0","0","0","0","0","0","0","0","0","0","0","0","0","0","0","0","0","0","0","0","0","1","0"
"36-114 McGrath","43","0","0","0","1","0","0","0","0","0","0","0","0","6","2","0","1","0","0","1","0","0","0","0","0","0","0","0","0","0","1","0","0","0","0","0","0","0","0","0","0","0","0","0","0","1","0","0","0","0","1","0","0","0","0","0","0","0","0","0","0","0","0","0","0","0","0","0","0","0","0","0","0","0","0","0","0","0","0","0","0","0","0","0","0","0","0","0","0","0","0","0","0","0","2","0","0","0","0","0","0","0","0","0","0","0","0","0","0","0","0","0","0","0","0","0","0","0","0","0","0","1","0","0","0","0","0","0","0","0","0","0","0","0","0","0","0","0","0","0","22","1","0","0","0","0","0","1","0","0","0","0","0","0","1","0","0","0","1","1","0","0","0","0","0","0","0","0","0","0","0","0","2","0","0","0","0","0","0","0","0","0","0","0","0","0","0","0","0","0","0","0","0","0","0","0","0","0","0","0","0","0","0","0","0","0","0","0","0","0","0","0","0","0","0","0","0","0","0","0","0","0","0","0","0","0","0","0","0","0","0","0","0","0","0","0","5","0"
"36-118 Mentasta","8","0","0","0","0","0","0","0","1","0","0","0","0","3","0","0","1","0","0","0","0","0","0","0","0","0","0","0","0","0","0","0","0","0","0","0","0","0","0","0","0","0","0","0","0","0","0","0","0","0","0","0","0","0","0","0","0","0","0","0","0","0","0","0","0","0","0","0","0","0","0","0","0","0","0","0","0","0","0","0","0","0","0","0","0","0","0","0","0","0","0","0","0","0","0","0","0","0","0","0","0","0","0","0","0","0","0","0","0","0","0","0","0","0","0","0","0","0","0","0","0","0","0","0","0","0","0","0","0","0","0","0","0","0","0","0","0","0","0","0","20","1","0","0","0","0","0","0","0","0","0","0","0","0","1","0","0","0","0","0","0","0","0","0","0","0","0","0","0","0","0","0","4","0","0","0","0","0","0","0","0","0","0","0","0","0","0","0","0","0","0","0","0","0","0","0","0","0","0","0","0","0","0","0","0","0","0","0","0","0","0","0","0","0","0","0","0","0","0","0","0","0","0","0","0","0","0","0","0","0","0","0","0","0","0","0","0","0"
"36-122 Minto","11","0","0","0","0","0","0","0","0","0","0","0","0","0","0","0","1","0","0","0","0","0","0","0","0","0","0","0","0","0","1","0","0","0","0","0","0","0","0","0","0","0","0","0","0","0","0","0","0","0","1","0","0","0","0","0","0","0","0","0","0","0","0","0","0","0","0","0","0","0","0","0","0","0","0","0","0","0","0","0","0","0","0","0","0","0","0","0","0","0","0","0","0","3","0","0","0","0","0","0","0","0","0","0","0","0","0","0","0","0","0","0","0","1","0","0","0","0","0","0","0","0","0","0","0","0","0","0","0","0","0","0","0","0","0","0","0","0","0","0","18","0","1","1","0","0","0","0","0","1","0","0","0","0","2","0","1","0","1","1","0","0","0","0","0","0","0","0","3","0","0","0","2","0","0","0","0","0","0","0","0","0","0","0","0","0","0","0","0","0","0","0","0","0","0","0","0","0","0","0","0","0","0","0","0","0","0","0","0","0","0","0","0","0","0","0","0","0","0","0","0","0","0","0","0","0","0","0","0","0","0","0","0","0","0","0","2","0"
"36-126 Nenana","127","0","1","0","3","0","0","0","0","0","0","0","0","23","2","0","6","1","0","0","2","0","0","0","1","0","0","0","1","0","2","0","0","0","0","0","0","0","0","0","0","0","0","0","0","0","0","0","0","0","0","0","0","0","0","0","0","0","0","0","0","0","0","0","0","0","0","0","0","0","0","0","0","0","0","0","0","0","0","0","0","0","0","0","0","0","0","0","0","0","0","0","0","7","3","0","0","0","0","0","0","0","0","0","0","0","0","0","0","3","0","0","1","0","0","0","0","0","0","0","1","0","0","0","0","1","0","0","0","0","0","0","0","0","0","0","0","0","0","0","73","3","0","6","0","0","2","2","0","1","0","0","0","0","8","1","3","0","4","6","0","0","0","0","0","0","5","0","0","0","0","2","10","0","0","0","0","0","0","0","0","0","0","0","0","0","0","0","0","0","0","0","1","0","0","0","0","0","0","0","0","0","0","0","0","0","0","0","0","0","0","0","0","0","0","0","0","0","0","0","0","0","0","0","0","0","0","0","0","0","0","0","0","0","0","0","1","1"
"36-130 Nikolai","4","0","0","0","1","0","0","0","0","0","0","0","0","0","0","0","0","0","0","0","0","0","0","0","0","0","0","0","0","0","0","0","0","0","0","0","0","0","0","0","0","0","0","0","0","1","0","0","0","0","0","0","0","0","0","0","0","0","0","0","0","0","0","0","0","0","0","0","0","0","0","0","0","0","0","0","0","0","0","0","0","0","0","0","0","0","0","0","0","0","0","0","0","1","0","0","0","0","0","0","0","0","0","0","0","0","0","0","0","0","0","0","0","0","0","0","0","0","0","0","0","0","0","0","0","0","0","0","0","0","0","0","0","0","0","0","0","0","0","0","13","0","1","0","0","0","0","0","0","0","0","0","0","0","1","0","0","0","0","1","0","0","0","0","0","0","0","0","1","0","0","0","0","0","0","0","0","0","0","0","0","0","0","0","0","0","0","0","0","0","0","0","0","0","0","0","0","0","0","0","0","0","0","0","0","0","0","0","0","0","0","0","0","0","0","0","0","0","0","0","0","0","0","0","0","0","0","0","0","0","0","0","0","0","0","0","3","0"
"36-134 Northway","22","0","0","0","3","0","0","0","0","0","0","0","0","1","1","0","2","0","0","0","0","0","0","0","0","0","0","0","1","0","2","0","0","1","1","0","0","0","0","0","0","0","0","0","0","0","0","0","0","0","1","0","0","0","0","0","0","0","0","0","0","0","0","0","0","0","0","1","0","0","0","0","0","0","0","1","0","0","0","0","0","0","0","0","0","0","0","0","0","0","0","0","0","1","0","0","0","0","0","0","0","0","0","0","0","0","0","0","0","0","0","0","0","0","0","0","0","0","0","0","0","0","0","0","0","0","0","0","0","0","0","0","0","0","0","0","0","0","0","0","19","1","0","5","0","0","0","1","0","0","0","0","0","0","0","1","1","0","0","2","0","0","0","0","0","0","1","0","0","0","0","0","1","0","0","0","0","0","0","0","0","0","0","0","0","0","0","0","0","0","0","0","0","0","0","0","0","0","0","0","0","0","0","0","0","0","0","0","0","0","0","0","0","0","0","0","0","0","0","0","0","0","0","0","0","0","0","0","0","0","0","0","0","0","0","0","1","0"
"36-138 Nulato","8","0","1","0","0","0","0","0","0","0","0","0","0","0","0","0","0","0","0","0","0","0","0","0","0","0","0","0","0","0","0","0","0","0","0","0","0","0","0","0","0","0","0","0","0","0","0","0","0","0","2","0","0","0","0","0","0","0","0","0","0","0","0","0","0","0","0","0","0","0","0","0","0","0","0","0","0","0","0","0","0","0","0","0","0","0","0","0","0","0","0","0","0","0","0","0","0","0","0","0","0","0","0","0","0","0","0","0","0","0","0","0","0","0","0","0","0","0","0","0","0","0","0","0","0","0","0","0","0","0","0","0","0","0","0","0","0","0","0","0","52","2","0","2","0","0","0","0","0","0","0","0","0","0","0","1","1","0","0","3","0","0","0","0","0","0","1","0","0","0","0","0","0","0","0","0","0","0","0","1","0","0","0","0","0","0","0","0","0","0","0","0","0","0","0","0","0","0","0","0","0","0","0","0","0","0","0","0","0","0","0","0","0","0","0","0","0","0","0","0","0","0","0","0","0","0","0","0","0","0","0","0","0","0","0","0","3","0"
"36-142 Ruby","8","0","0","0","0","0","0","0","0","0","0","0","0","0","0","0","0","0","0","0","0","0","0","0","0","0","0","0","1","0","0","0","0","0","0","0","0","0","0","0","0","0","0","0","0","0","0","0","0","0","0","0","0","0","0","0","0","0","0","0","0","0","0","0","0","0","0","0","0","0","0","0","0","0","0","0","0","0","0","0","0","0","0","0","0","0","0","0","0","0","0","0","0","0","0","0","0","0","0","0","0","0","0","0","0","0","0","0","0","0","0","0","0","0","0","0","0","0","0","0","0","0","0","0","0","0","0","0","0","0","0","0","0","0","0","0","0","0","0","0","18","1","0","0","0","0","0","1","0","0","0","0","0","0","0","0","0","0","0","0","0","0","0","0","0","0","1","0","0","0","0","0","0","0","0","0","0","0","0","0","0","0","0","0","0","0","0","0","0","0","0","0","0","0","0","0","0","0","0","0","0","0","0","0","0","0","0","0","0","0","0","0","0","0","0","0","0","0","0","0","0","0","0","0","0","0","0","0","0","0","0","0","0","0","0","0","0","0"
"36-146 Shageluk","0","0","0","0","0","0","0","0","0","0","0","0","0","0","0","0","1","0","0","0","0","0","0","0","0","0","0","0","0","0","0","0","0","0","0","0","0","0","0","0","0","0","0","0","0","0","0","0","0","0","0","0","0","0","0","0","0","0","0","0","0","0","0","0","0","0","0","0","0","0","0","0","0","0","0","1","0","0","0","0","0","0","0","0","0","0","0","0","0","0","0","0","0","0","0","0","0","0","0","0","0","0","0","0","0","0","0","0","0","0","0","0","0","0","0","0","0","0","0","0","0","0","0","0","0","0","0","0","0","0","0","0","0","0","0","0","0","0","0","0","6","2","0","6","0","0","0","0","0","0","0","0","0","0","0","0","0","0","0","4","0","0","0","0","0","0","0","0","0","0","0","0","2","0","0","0","0","0","0","0","0","0","0","0","0","0","0","0","0","0","0","0","0","0","0","0","0","0","0","0","0","0","0","0","0","0","0","0","0","0","0","0","0","0","0","0","0","0","0","0","0","0","0","0","0","0","0","0","0","0","0","0","0","0","0","0","1","0"
"36-162 Tanana","6","0","0","0","0","0","0","0","0","0","0","0","0","0","0","0","0","0","0","0","0","0","0","0","0","0","0","0","0","0","0","0","0","0","0","0","0","0","0","0","0","0","0","0","0","0","0","0","0","0","1","0","0","0","0","0","0","0","0","0","0","0","0","0","0","0","0","0","0","0","0","0","0","0","0","0","0","0","0","0","0","0","0","0","0","0","0","0","0","0","0","0","0","0","0","0","0","0","0","0","0","0","0","0","0","0","0","0","0","0","0","0","0","0","0","0","0","0","0","0","1","0","0","0","0","0","0","0","0","0","0","0","0","0","0","0","0","0","0","0","59","1","0","2","0","0","0","0","0","0","0","0","0","0","1","1","0","0","1","1","0","1","0","0","0","0","0","0","0","0","0","0","2","0","0","0","0","0","0","0","0","0","0","0","0","0","0","0","0","0","0","0","0","0","0","0","0","0","0","0","0","0","0","0","0","0","0","0","0","0","0","0","0","0","0","0","0","0","0","0","0","0","0","0","0","0","0","0","0","0","0","0","0","0","0","0","1","1"
"36-166 Tetlin","10","0","0","0","1","0","0","0","0","0","0","0","0","0","0","0","1","0","0","0","2","0","0","0","0","0","0","0","0","0","1","0","0","0","0","0","0","0","0","0","0","0","0","0","0","0","0","0","0","0","0","0","0","0","0","0","0","0","0","0","0","0","0","0","0","0","0","0","0","0","0","0","0","0","0","0","0","0","0","0","0","0","0","0","0","0","0","0","0","0","0","0","0","0","0","0","0","0","0","0","0","0","0","0","0","0","0","0","0","0","0","0","0","0","0","0","0","0","0","0","0","0","0","0","0","0","0","0","0","0","0","0","0","0","0","0","0","0","0","0","12","0","0","1","0","0","0","0","0","0","0","0","0","0","0","0","0","0","0","1","0","0","0","0","0","0","1","0","0","0","0","0","0","0","0","0","0","0","0","0","0","0","0","0","0","0","0","0","0","0","0","0","0","0","0","0","0","0","0","0","0","0","0","0","0","0","0","0","0","0","0","0","0","0","0","0","0","0","0","0","0","0","0","0","0","0","0","0","0","0","0","0","0","0","0","0","0","0"
"36-170 Tok","281","1","1","0","3","0","0","1","0","0","0","0","1","31","5","0","10","0","0","1","4","0","0","3","0","0","0","0","7","0","5","0","0","0","1","0","0","0","0","0","1","0","0","0","0","0","0","0","0","0","1","0","0","1","0","0","1","0","0","0","0","0","0","0","0","0","0","0","0","0","0","0","0","0","0","0","0","0","0","0","0","0","0","0","0","0","0","0","0","0","0","0","0","16","2","0","0","0","0","0","0","2","0","0","0","0","0","0","0","1","0","0","0","1","0","0","0","0","0","0","0","1","0","0","0","0","0","0","0","0","0","0","0","0","0","0","0","0","0","0","68","9","2","4","0","0","2","2","0","0","0","0","0","0","7","0","0","0","3","9","0","1","0","0","0","1","2","2","1","0","0","3","8","0","0","0","0","0","0","0","0","0","0","0","0","0","0","0","0","0","0","0","2","0","0","0","0","0","0","0","0","0","0","0","0","0","0","0","0","0","0","0","0","0","0","0","0","0","0","0","0","0","0","0","0","0","0","0","0","0","0","0","0","0","0","0","14","0"
"36-174 Venetie","5","0","0","0","0","0","0","0","0","0","0","0","0","0","0","0","0","0","0","0","0","0","0","0","0","0","0","0","0","0","0","0","0","0","0","0","0","0","0","0","0","0","0","0","0","0","0","0","0","0","1","0","0","0","0","0","0","0","0","0","0","0","0","0","0","0","0","0","0","0","0","0","0","0","0","0","0","0","0","0","0","0","0","0","0","0","0","0","0","0","0","0","0","0","0","0","0","0","0","0","0","0","0","0","0","0","0","0","0","0","0","0","0","0","0","0","0","0","0","0","0","0","0","0","0","0","0","0","0","0","0","0","0","0","0","0","0","0","0","0","33","1","1","0","0","0","0","0","0","0","0","0","0","0","0","0","0","0","1","2","0","0","0","0","0","0","0","0","0","0","0","0","0","0","0","0","0","0","0","0","0","0","0","0","0","0","0","0","0","0","0","0","0","0","0","0","0","0","0","0","0","0","0","0","0","0","0","0","0","0","0","0","0","0","0","0","0","0","0","0","0","0","0","0","0","0","0","0","0","0","0","0","0","0","0","0","1","0"
"37-700 Akutan","12","0","0","0","0","0","0","0","0","0","0","0","0","0","0","0","3","0","0","0","0","0","0","0","0","0","0","0","1","0","0","0","0","0","0","0","0","0","0","0","0","0","0","0","0","0","0","0","0","0","2","1","0","0","0","0","0","0","0","0","0","0","0","0","0","0","0","0","0","0","0","0","0","0","0","0","0","0","0","0","0","0","0","0","0","0","0","0","0","0","0","0","0","4","0","0","0","0","0","0","0","0","0","0","0","0","0","0","0","0","0","0","0","0","0","0","0","0","0","0","0","0","0","0","0","0","0","0","0","0","0","0","0","0","0","0","0","0","0","0","18","0","0","1","0","0","0","0","0","0","0","0","0","0","0","1","0","0","0","2","0","0","0","0","0","0","1","0","0","0","0","0","1","0","0","0","0","0","0","0","0","0","0","0","0","0","0","0","0","0","0","0","0","0","0","0","0","0","0","0","0","0","0","0","0","0","0","0","0","0","0","0","0","0","0","0","0","0","0","0","0","0","0","0","0","0","0","0","0","0","0","0","0","0","0","0","2","0"
"37-702 Aleknagik","22","0","0","0","1","0","0","0","0","0","0","0","0","1","0","0","2","0","0","0","0","0","0","0","0","0","0","0","1","0","0","0","0","0","0","0","0","0","0","0","0","0","0","0","0","0","0","0","0","0","0","0","0","1","0","0","0","0","0","0","0","0","0","0","0","0","0","0","0","0","0","0","0","0","0","0","0","0","0","0","0","0","0","0","0","0","0","0","0","0","0","0","0","2","0","1","0","0","0","0","0","0","0","0","1","0","0","0","0","0","0","0","0","0","0","0","0","1","0","0","0","0","0","0","0","0","0","0","0","0","0","0","0","0","0","0","0","0","0","0","12","1","0","3","0","0","0","0","0","0","0","0","0","0","3","2","0","0","0","3","0","0","0","0","0","0","1","0","0","0","0","0","6","0","0","0","0","0","0","0","0","0","0","0","0","0","0","0","0","0","0","0","0","0","0","0","0","0","0","0","0","0","0","0","0","0","0","0","0","0","0","0","0","0","0","0","0","0","0","0","0","0","0","0","0","0","0","0","0","0","0","0","0","0","0","0","2","3"
"37-704 Aleutians No. 1","7","0","0","0","0","0","0","0","0","0","0","0","0","0","0","0","0","0","0","0","0","0","0","0","0","0","0","0","0","0","0","0","0","0","0","0","0","0","0","0","0","0","0","0","0","0","0","0","0","0","1","0","0","0","0","0","0","0","0","0","0","0","0","0","0","0","0","0","0","0","0","0","0","2","0","0","0","0","0","0","0","0","0","0","0","0","0","0","0","0","0","0","0","1","0","0","0","0","0","0","0","0","0","0","0","0","0","0","0","0","0","0","0","0","0","0","0","0","0","0","0","0","0","0","0","0","0","0","0","0","0","0","0","0","0","0","0","0","0","0","6","0","0","0","0","0","0","0","0","0","0","0","0","0","0","0","0","0","0","0","0","0","0","0","0","0","1","0","0","0","0","0","1","0","0","0","0","0","0","0","0","0","0","0","0","0","0","0","0","0","0","0","0","0","0","0","0","0","0","0","0","0","0","0","0","0","0","0","0","0","0","0","0","0","0","0","0","0","0","0","0","0","0","0","0","0","0","0","0","0","0","0","0","0","0","0","0","0"
"37-706 Aleutians No. 2","193","0","1","0","1","0","0","0","2","0","0","0","0","5","1","0","6","0","0","1","2","0","0","0","2","0","0","0","15","1","5","0","0","2","6","0","0","0","0","0","2","0","0","0","0","0","0","0","0","0","11","0","0","1","0","0","0","0","0","0","0","0","0","0","0","0","1","1","0","0","0","0","0","2","0","0","0","0","1","0","0","0","0","0","0","0","0","0","0","0","0","0","0","17","1","0","0","0","0","0","0","1","0","0","0","0","0","1","0","0","0","0","0","0","0","0","0","0","0","0","0","0","0","0","0","0","0","0","0","0","0","0","0","0","0","0","0","0","0","0","179","4","1","4","0","0","1","3","0","0","0","0","0","0","14","0","3","0","5","8","0","0","0","1","0","0","3","1","0","0","0","4","4","0","0","0","0","0","0","0","0","0","0","0","0","0","0","0","0","1","0","0","1","0","0","0","0","0","0","0","0","0","0","0","0","0","0","0","0","0","0","0","0","0","0","0","0","0","0","0","0","0","0","0","0","0","0","0","0","0","0","0","0","0","0","0","13","2"
"37-707 Aniak","24","0","0","0","3","0","0","0","0","0","0","0","0","1","0","0","3","0","0","0","0","0","0","0","0","0","0","0","1","1","2","0","0","0","0","0","0","0","0","0","0","0","0","0","0","0","0","0","0","0","0","0","0","0","0","0","0","0","0","0","0","0","0","0","0","0","0","0","0","0","0","0","0","1","0","0","0","0","0","0","0","0","0","0","0","0","0","0","0","0","0","0","0","2","0","0","0","0","0","0","1","0","0","0","0","0","0","0","0","0","0","0","0","0","0","0","0","0","0","0","0","0","0","0","0","1","0","0","0","0","0","0","0","0","0","0","0","0","0","0","38","3","0","2","0","0","1","2","0","0","0","0","0","0","1","0","3","0","0","3","0","0","0","0","0","0","1","0","1","0","0","1","4","0","0","0","1","0","0","0","0","0","0","0","0","0","0","0","0","0","0","0","1","0","0","0","0","0","0","0","0","0","0","0","0","0","0","0","0","0","0","0","0","0","0","0","0","0","0","0","0","0","0","0","0","0","0","0","0","0","0","0","0","0","0","0","4","1"
"37-708 Chignik","3","0","0","0","0","0","0","0","0","0","0","0","0","1","0","0","0","0","0","0","0","0","0","0","0","0","0","0","0","0","0","0","0","0","0","0","0","0","0","0","0","0","0","0","0","0","0","0","0","0","0","0","0","0","0","0","0","0","0","0","0","0","0","0","0","0","0","0","0","0","0","0","0","0","0","0","0","0","0","0","0","0","0","0","0","0","0","0","0","0","0","0","0","0","0","0","0","1","0","0","0","0","0","0","0","0","0","0","0","0","0","0","0","0","0","0","0","0","0","0","0","0","0","0","0","0","0","0","0","0","0","0","0","0","0","0","0","0","0","0","6","0","0","1","0","0","0","0","0","0","0","0","0","0","0","0","0","0","1","0","0","0","0","0","0","0","0","0","1","0","0","0","1","0","0","0","0","0","0","0","0","0","0","0","0","0","0","0","0","0","0","0","0","0","0","0","0","0","0","0","0","0","0","0","0","0","0","0","0","0","0","0","0","0","0","0","0","0","0","0","0","0","0","0","0","0","0","0","0","0","0","0","0","0","0","0","1","0"
"37-709 Chuathbaluk","3","0","0","0","0","0","0","0","0","0","0","0","0","0","0","0","1","0","0","0","0","0","0","0","0","0","0","0","0","0","0","0","0","0","0","0","0","0","0","0","0","0","0","0","0","0","0","0","0","0","1","0","0","0","0","0","0","0","0","0","0","0","0","0","0","0","0","0","0","0","0","0","0","0","0","0","0","0","0","0","0","0","0","0","0","0","0","0","0","0","0","0","0","1","0","0","0","0","0","0","0","0","0","0","0","0","0","0","0","0","1","0","0","0","0","0","0","0","0","0","0","0","0","0","0","0","0","0","0","0","0","0","0","0","0","0","0","0","0","0","6","0","0","1","0","0","0","1","0","0","0","0","0","0","0","0","0","0","0","2","0","0","0","0","0","0","0","1","0","0","0","0","1","0","0","0","0","0","0","0","0","0","0","0","0","0","0","0","0","0","0","0","0","0","0","0","0","0","0","0","0","0","0","0","0","0","0","0","0","0","0","0","0","0","0","0","0","0","0","0","0","0","0","0","0","0","0","0","0","0","0","0","0","0","0","0","0","0"
"37-710 Clark's Point","3","0","0","0","0","0","0","0","0","0","0","0","0","0","0","0","0","0","0","0","0","0","0","0","0","0","0","0","0","0","1","0","0","0","0","0","0","0","0","0","0","0","0","0","0","0","0","0","0","0","1","0","0","0","0","0","0","0","0","0","0","0","0","0","0","0","0","0","0","0","0","0","0","0","0","0","0","0","0","0","0","0","0","0","0","0","0","0","0","0","0","0","0","0","0","0","0","0","0","0","1","0","0","0","0","0","0","0","0","0","0","0","0","0","0","0","0","0","0","0","0","0","1","0","0","0","0","0","0","0","0","0","0","0","0","0","0","0","0","0","7","0","1","2","0","0","0","1","0","0","0","0","0","0","0","0","0","0","0","0","0","0","0","0","0","0","0","0","0","0","0","0","1","0","0","0","0","0","0","0","0","0","0","0","0","0","0","0","0","0","0","0","0","0","0","0","0","0","0","0","0","0","0","0","0","0","0","0","0","0","0","0","0","0","0","0","0","0","0","0","0","0","0","0","0","0","0","0","0","0","0","0","0","0","0","0","0","0"
"37-712 Cold Bay","9","0","0","0","1","0","0","0","0","0","0","0","0","0","0","0","1","0","0","0","0","0","0","0","0","0","0","0","0","0","0","0","0","0","0","0","0","0","0","0","0","0","0","0","0","0","0","0","0","0","0","0","0","0","0","0","0","0","0","0","0","0","0","0","0","0","0","0","0","0","0","0","0","0","0","0","0","0","0","0","0","0","0","0","0","0","0","0","0","0","0","0","0","1","0","0","0","0","0","0","0","0","0","0","0","0","0","0","0","0","0","0","0","0","0","0","0","0","0","0","0","0","0","0","0","0","0","0","0","0","0","0","0","0","0","0","0","0","0","0","7","0","0","0","0","0","0","0","0","0","0","0","0","0","1","0","0","0","0","0","0","0","0","0","0","0","0","0","0","0","0","0","0","0","0","0","0","0","0","0","0","0","0","0","0","0","0","0","0","0","0","0","0","0","0","0","0","0","0","0","0","0","0","0","0","0","0","0","0","0","0","0","0","0","0","0","0","0","0","0","0","0","0","0","0","0","0","0","0","0","0","0","0","0","0","0","0","0"
"37-713 Crooked Creek","2","0","0","0","0","0","0","1","0","0","0","0","0","0","0","0","0","0","0","0","0","0","0","0","0","0","0","0","0","0","0","0","0","0","0","0","0","0","0","0","0","0","0","0","0","0","0","0","0","0","0","0","0","0","0","0","0","0","0","0","0","0","0","0","0","0","0","0","0","0","0","0","0","1","0","0","0","0","0","0","0","0","0","0","0","0","0","0","0","0","0","0","0","0","0","0","0","0","0","0","0","1","0","0","0","0","0","0","0","0","0","0","0","0","0","0","0","0","0","0","0","0","0","0","0","0","0","0","0","0","0","0","0","0","0","0","0","0","0","0","12","0","0","0","0","0","0","1","0","0","0","0","0","0","1","0","0","0","0","0","0","0","0","0","0","0","0","0","0","0","0","0","0","0","0","0","0","0","0","0","0","0","0","0","0","0","0","0","0","0","0","0","0","0","0","0","0","0","0","0","0","0","0","0","0","0","0","0","0","0","0","0","0","0","0","0","0","0","0","0","0","0","0","0","0","0","0","0","0","0","0","0","0","0","0","0","0","0"
"37-714 Dillingham","141","3","3","0","5","0","0","0","1","0","0","0","0","10","2","0","7","0","0","1","4","0","0","1","0","0","0","1","5","0","4","0","0","1","2","0","0","0","0","0","1","0","1","0","0","0","0","0","0","0","1","0","0","0","0","0","0","0","0","0","0","0","0","2","0","0","0","1","0","0","0","0","0","0","0","0","0","0","0","0","0","0","0","0","0","0","0","0","0","0","0","0","0","12","2","0","0","0","0","1","0","1","0","0","0","0","0","1","0","0","0","0","0","1","0","0","0","0","0","0","0","0","0","0","0","0","0","0","0","0","0","0","0","0","0","0","0","0","0","0","219","10","1","10","0","0","1","3","0","0","0","0","0","0","24","4","4","0","6","15","0","0","0","0","1","0","7","0","3","0","0","3","17","0","1","0","0","0","0","0","0","0","0","0","0","0","0","0","0","0","0","0","0","0","0","0","0","0","0","0","0","0","0","0","0","0","0","0","0","0","0","0","0","0","0","0","0","0","0","0","0","0","0","0","0","0","0","0","0","0","0","0","0","0","0","0","5","1"
"37-716 Egegik","6","0","0","0","0","0","0","0","0","0","0","0","0","0","0","0","0","0","0","0","0","0","0","0","0","0","0","0","0","0","0","0","0","0","0","0","1","0","0","0","0","0","0","0","0","0","0","0","0","0","0","0","0","0","0","0","0","0","0","0","0","0","0","0","0","0","0","0","0","0","0","0","0","0","0","0","0","0","0","0","0","0","0","0","0","0","0","0","0","0","0","0","0","1","0","0","0","0","0","0","0","0","0","0","0","0","0","0","0","0","0","0","0","0","0","0","0","0","0","0","0","0","0","0","0","0","0","0","0","0","0","0","0","0","0","0","0","0","0","0","1","0","0","0","0","0","0","0","0","0","0","0","0","0","0","0","0","0","0","0","0","0","0","0","0","0","0","0","0","0","0","0","0","0","0","0","0","0","0","0","0","0","0","0","0","0","0","0","0","0","0","0","0","0","0","0","0","0","0","0","0","0","0","0","0","0","0","0","0","0","0","0","0","0","0","0","0","0","0","0","0","0","0","0","0","0","0","0","0","0","0","0","0","0","0","0","2","0"
"37-718 Ekwok","14","0","0","0","1","0","0","0","0","0","0","0","0","0","0","0","0","0","0","0","0","0","0","0","0","0","0","0","0","0","0","0","0","0","0","0","0","0","0","0","0","0","0","0","0","0","0","0","0","0","0","0","0","0","0","0","0","0","0","0","0","0","0","0","0","0","0","0","0","0","0","0","0","0","0","0","0","0","0","0","0","0","0","0","0","0","0","0","0","0","0","0","0","1","0","0","0","1","0","0","0","0","0","0","0","0","0","0","0","0","0","0","0","0","0","0","0","0","0","0","0","0","1","0","0","0","0","0","0","0","0","0","0","0","0","0","0","0","0","0","11","0","0","0","0","0","0","0","0","0","0","0","0","0","0","0","1","0","0","0","0","0","0","0","0","0","0","0","0","0","0","0","2","0","0","0","0","0","0","0","0","0","0","0","0","0","0","0","0","0","0","0","0","0","0","0","0","0","0","0","0","0","0","0","0","0","0","0","0","0","0","0","0","0","0","0","0","0","0","0","0","0","0","0","0","0","0","0","0","0","0","0","0","0","0","0","1","1"
"37-719 Goodnews Bay","8","0","1","0","1","0","0","0","0","0","0","0","0","0","1","0","2","0","0","1","0","0","0","0","0","0","0","0","1","0","0","0","0","0","1","0","0","0","0","0","0","0","0","0","0","0","0","0","0","0","0","0","0","1","0","0","0","0","0","0","0","0","0","0","0","0","0","0","0","0","0","0","0","0","0","0","0","0","0","0","0","0","0","0","0","0","0","0","0","0","0","0","0","1","0","0","0","1","0","0","0","0","0","0","0","0","0","0","0","1","0","0","0","0","0","0","0","0","0","0","0","0","1","0","0","1","0","0","0","0","0","0","0","0","0","0","0","0","0","0","9","1","2","7","0","0","0","4","0","0","0","0","0","0","0","0","2","0","0","4","0","0","0","0","0","0","0","0","1","0","0","0","5","0","0","0","0","0","0","1","0","0","0","0","0","0","0","0","0","0","0","0","0","0","0","0","0","0","0","0","0","0","0","0","0","0","0","0","0","0","0","0","0","0","0","0","0","0","0","0","0","0","0","0","0","0","0","0","0","0","0","0","0","0","0","0","0","0"
"37-720 King Cove","69","0","1","0","2","0","0","1","0","0","0","0","0","1","0","0","1","0","0","0","0","0","0","0","0","0","0","0","1","0","1","0","0","0","1","0","0","0","0","0","0","0","0","0","0","0","0","0","0","0","1","0","0","0","0","0","0","1","0","0","0","0","0","0","0","0","0","0","0","0","0","0","0","0","0","0","0","0","0","0","0","0","0","0","0","0","0","0","0","0","0","0","0","1","0","0","0","0","0","0","0","0","0","0","0","0","0","0","0","0","0","0","0","0","0","0","0","0","0","0","0","0","0","0","0","1","0","0","0","0","0","0","0","0","0","0","0","0","0","0","18","1","0","1","0","0","0","1","0","0","0","0","0","0","1","0","0","0","0","1","0","0","0","0","0","0","0","0","0","0","0","0","2","0","0","0","0","0","0","0","0","0","0","0","0","0","0","0","0","0","0","0","0","0","0","0","0","0","0","0","0","0","0","0","0","0","0","0","0","0","0","0","0","0","0","0","0","0","0","0","0","0","0","0","0","0","0","0","0","0","0","0","0","0","0","0","4","0"
"37-722 King Salmon","46","1","0","0","1","0","0","0","0","0","0","0","0","6","0","0","3","0","0","1","0","0","0","0","1","0","0","1","3","0","0","0","0","0","0","0","0","0","0","0","0","0","0","0","0","0","0","0","0","0","3","0","0","0","0","0","0","0","0","0","0","0","0","1","0","0","0","0","0","0","0","0","0","1","0","0","0","0","0","0","0","0","0","0","0","0","0","0","0","0","0","0","0","3","0","0","0","0","0","0","0","0","0","0","0","0","0","0","0","1","0","0","0","0","0","0","0","0","0","0","1","1","0","0","0","0","0","0","0","0","0","0","0","0","0","0","0","0","0","0","34","1","0","0","0","0","0","0","0","0","0","0","0","0","3","0","0","0","0","2","0","0","0","0","0","0","0","0","2","0","0","2","2","0","0","0","0","0","0","0","0","0","0","0","0","0","1","0","0","0","0","0","1","0","0","0","0","0","0","0","0","0","0","0","0","0","0","0","0","0","0","0","0","0","0","0","0","0","0","0","0","0","0","0","0","0","0","0","0","0","0","0","0","0","0","0","6","0"
"37-724 Koliganek","32","0","0","0","1","0","0","0","0","0","0","0","0","0","0","0","0","0","0","0","0","0","0","0","0","0","0","0","0","0","0","0","0","0","0","0","0","0","0","0","0","0","0","0","0","0","0","0","0","0","0","0","0","0","0","0","0","0","0","0","0","0","0","0","0","0","0","0","0","0","0","0","0","0","0","0","0","0","0","0","0","0","0","0","0","0","0","0","0","0","0","0","0","0","0","0","0","0","0","0","0","0","0","0","0","0","0","0","0","0","0","0","0","0","0","0","0","0","0","0","0","0","0","0","0","0","0","0","0","0","0","0","0","0","0","0","0","0","0","0","24","1","0","3","0","0","0","0","0","0","0","0","0","0","1","1","1","0","0","2","0","0","0","0","0","0","0","0","0","0","0","0","5","0","0","0","0","0","0","0","0","0","0","0","0","0","0","0","0","0","0","0","0","0","0","0","0","0","0","0","0","0","0","0","0","0","0","0","0","0","0","0","0","0","0","0","0","0","0","0","0","0","0","0","0","0","0","0","0","0","0","0","0","0","0","0","1","0"
"37-726 Lake Iliamna No. 1","37","3","1","0","2","0","0","0","0","0","0","0","0","2","0","0","2","0","0","0","0","0","0","0","0","0","0","0","3","0","0","0","0","0","1","0","0","0","0","0","0","0","0","0","0","0","0","0","0","0","2","0","0","1","0","0","0","0","0","0","0","0","0","0","0","0","0","1","0","0","0","0","0","0","0","0","0","0","0","0","0","0","0","0","0","0","0","0","0","0","0","0","0","0","0","0","0","1","0","0","0","0","0","0","0","0","0","0","0","0","0","0","0","0","0","0","0","0","0","0","0","0","0","0","0","1","0","0","0","0","0","0","0","0","0","0","0","0","0","0","27","2","1","3","0","0","0","1","0","0","0","0","0","0","1","0","2","0","3","0","0","0","0","0","0","0","0","1","0","0","0","0","2","0","0","0","0","0","0","1","0","0","0","0","0","0","0","0","0","0","0","0","1","0","0","0","0","0","0","0","0","0","0","0","0","0","0","0","0","0","0","0","0","0","0","0","0","0","0","0","0","0","0","0","0","0","0","0","0","0","0","0","0","0","0","0","1","0"
"37-728 Lake Iliamna No. 2","6","0","0","0","2","0","0","0","0","0","0","0","0","1","0","0","2","0","0","0","1","0","0","0","0","0","0","0","0","0","0","0","0","0","2","0","0","0","0","0","0","0","0","0","0","0","0","0","0","0","1","0","0","0","0","0","0","0","0","0","1","0","0","0","0","0","0","0","0","0","0","0","0","0","0","0","0","0","1","0","0","0","0","0","0","0","0","0","0","0","0","0","0","5","1","0","0","0","0","0","0","0","0","0","0","0","0","0","0","0","0","0","0","1","0","0","0","0","0","0","0","0","0","0","1","1","0","0","0","0","0","0","0","0","0","0","0","0","0","0","30","1","0","2","0","0","0","1","0","0","0","0","0","0","1","1","0","0","0","4","0","0","0","0","0","0","1","0","1","0","0","1","4","0","0","0","0","0","0","0","0","0","0","0","0","0","0","0","0","0","0","0","0","0","0","0","0","0","0","0","0","0","0","0","0","0","0","0","0","0","0","0","0","0","0","0","0","0","0","0","0","0","0","0","0","0","0","0","0","0","0","0","0","0","0","0","2","3"
"37-730 Levelock","2","0","0","0","0","0","0","0","0","0","0","0","0","0","0","0","0","0","0","0","0","0","0","0","0","0","0","0","2","0","0","0","0","0","0","0","0","0","0","0","0","0","0","0","0","0","0","0","0","0","0","0","0","0","0","0","0","0","0","0","0","0","0","0","0","0","0","0","0","0","0","0","0","0","0","0","0","0","0","0","0","0","0","0","0","0","0","0","0","0","0","0","0","0","0","0","0","0","0","0","0","0","0","0","0","0","0","0","0","0","0","0","0","0","0","0","0","0","0","0","0","0","0","0","0","0","0","0","0","0","0","0","0","0","0","0","0","0","0","0","14","1","1","0","0","0","0","0","0","0","0","0","0","0","0","1","0","0","0","1","0","0","0","0","0","0","0","0","0","0","0","0","1","0","0","0","0","0","0","0","0","0","0","0","0","0","0","0","0","0","0","0","0","0","0","0","0","0","1","0","0","0","0","0","0","0","0","0","0","0","0","0","0","0","0","0","0","0","0","0","0","0","0","0","0","0","0","0","0","0","0","0","0","0","0","0","0","0"
"37-731 Lower Kalskag","7","0","0","0","0","0","0","0","0","0","0","0","0","1","0","0","0","0","0","0","1","0","0","0","0","0","0","0","0","0","0","0","0","0","1","0","0","0","0","0","0","0","0","0","0","0","0","0","0","0","1","0","0","0","0","0","0","0","0","0","0","0","0","0","0","0","1","0","0","0","0","0","0","0","1","0","0","0","0","0","0","0","0","0","0","0","0","0","0","0","0","0","0","1","0","0","0","0","0","0","0","0","0","0","0","0","0","0","1","2","0","0","0","0","0","0","0","0","0","0","0","0","0","0","0","1","0","0","0","0","0","0","0","0","0","0","0","0","0","0","17","0","0","5","0","0","1","3","0","0","0","0","0","0","0","1","0","0","0","5","0","0","0","0","0","0","0","0","2","0","0","0","8","0","0","0","0","0","0","0","0","0","0","0","0","0","0","0","0","0","0","0","0","0","0","0","0","0","0","0","0","0","0","0","0","0","0","0","0","0","0","0","0","0","0","0","0","0","0","0","0","0","0","0","0","0","0","0","0","0","0","0","0","0","0","0","1","0"
"37-732 Manokotak","16","2","0","0","3","0","0","0","0","0","0","0","0","0","0","0","3","0","0","0","2","0","0","0","0","0","0","1","2","1","0","0","0","1","0","0","0","0","0","0","0","0","0","0","0","0","0","0","0","0","0","0","0","0","0","0","0","0","0","0","0","0","0","0","0","0","0","0","0","0","0","0","0","0","0","0","0","0","0","0","0","0","0","0","0","0","0","0","0","0","0","0","0","5","0","0","0","0","0","0","0","0","0","0","0","0","0","0","0","0","0","0","0","1","0","0","0","0","0","0","0","0","1","0","0","0","0","0","0","0","0","0","0","0","0","0","0","0","0","0","35","4","0","7","0","0","0","2","0","0","0","0","0","0","1","1","3","0","0","2","0","0","0","0","0","0","0","1","2","0","0","0","4","0","0","0","0","0","0","0","0","0","0","0","0","0","0","0","0","0","0","0","1","0","0","0","0","0","0","0","0","0","0","0","0","0","0","0","0","0","0","0","0","0","0","0","0","0","0","0","0","0","0","0","0","0","0","0","0","0","0","0","0","0","0","0","2","1"
"37-734 Naknek","51","0","0","0","0","0","0","0","1","0","0","0","0","8","1","0","2","0","0","0","0","0","0","0","0","0","0","0","3","0","0","0","0","0","0","0","0","0","0","0","0","0","0","0","0","0","0","0","0","0","3","0","0","0","0","0","0","0","0","0","0","0","0","0","0","0","0","0","0","0","0","0","0","0","0","0","0","0","0","0","0","0","0","0","0","0","0","0","0","0","0","0","0","1","2","1","0","0","0","0","0","0","0","0","0","0","0","0","0","0","0","0","0","1","0","0","0","0","0","0","0","0","0","0","0","1","0","0","0","0","0","0","0","0","0","0","0","0","0","0","46","0","1","2","0","0","0","0","0","0","0","0","0","0","3","1","0","0","0","1","0","0","0","0","0","0","1","0","2","0","0","2","5","0","0","0","0","0","0","0","0","0","0","0","0","0","0","0","0","0","0","0","0","0","0","0","0","0","0","0","0","0","0","0","0","0","0","0","0","0","0","0","0","0","0","0","0","0","0","0","0","0","0","0","0","0","0","0","0","0","0","0","0","0","0","0","3","0"
"37-736 New Stuyahok","5","0","0","0","0","0","0","0","0","0","0","0","0","0","0","0","0","0","0","0","0","0","0","0","0","0","0","0","0","0","0","0","0","0","0","0","0","0","0","0","0","0","0","0","0","0","0","0","0","0","1","0","0","0","0","0","0","0","0","0","0","0","0","0","0","0","0","0","0","0","0","0","0","0","0","0","0","0","0","0","0","0","0","0","0","0","0","0","0","0","0","0","0","1","0","0","0","0","0","0","0","0","0","0","0","0","0","0","0","0","0","0","0","0","0","0","0","0","0","0","0","0","0","0","0","0","0","0","0","0","0","0","0","0","0","0","0","0","0","0","45","0","0","0","0","0","0","0","0","0","0","0","0","0","0","0","0","0","0","0","0","0","0","0","0","0","0","0","0","0","0","0","0","0","0","0","0","0","0","0","0","0","0","0","0","0","0","0","0","0","0","0","0","0","0","0","0","0","0","0","0","0","0","0","0","0","0","0","0","0","0","0","0","0","0","0","0","0","0","0","0","0","0","0","0","0","0","0","0","0","0","0","0","0","0","0","1","0"
"37-738 Nondalton","6","0","0","0","0","0","0","0","0","0","0","0","0","1","0","0","1","0","0","0","0","0","0","0","0","0","0","0","0","0","2","0","0","0","0","0","0","0","0","0","0","0","0","0","0","0","0","0","0","0","0","0","0","0","0","0","0","0","0","0","0","0","0","0","0","0","0","0","0","0","0","0","0","0","0","0","0","0","0","0","0","0","0","0","0","0","0","0","0","0","0","0","0","0","0","0","0","0","0","0","0","0","0","0","1","0","0","0","0","0","0","0","0","0","0","0","0","0","0","0","0","0","1","0","0","0","0","0","0","0","0","0","0","0","0","0","0","0","0","0","15","0","0","4","0","0","0","1","0","0","0","0","0","0","0","1","1","0","1","4","0","0","0","0","0","0","2","0","0","0","0","0","0","0","0","0","0","0","0","0","0","0","0","0","0","0","0","0","0","0","0","0","0","0","0","0","0","0","0","0","0","0","0","0","0","0","0","0","0","0","0","0","0","0","0","0","0","0","0","0","0","0","0","0","0","0","0","0","0","0","0","0","0","0","0","0","2","1"
"37-740 Pedro Bay","8","0","0","0","0","0","0","0","0","0","0","0","0","0","0","0","0","0","0","0","0","0","0","0","0","0","0","0","0","0","0","0","0","0","0","0","0","0","0","0","0","0","0","0","0","0","0","0","0","0","0","0","0","0","0","0","0","0","0","0","0","0","0","0","0","0","0","0","0","0","0","0","0","0","0","0","0","0","0","0","0","0","0","0","0","0","0","0","0","0","0","0","0","0","0","0","0","0","0","0","0","0","0","0","0","0","0","0","0","0","0","0","0","0","0","0","0","0","0","0","0","0","0","0","0","0","0","0","0","0","0","0","0","0","0","0","0","0","0","0","5","0","0","0","0","0","0","0","0","0","0","0","0","0","0","0","0","0","0","1","0","0","0","0","0","0","0","0","0","0","0","0","0","0","0","0","0","0","0","0","0","0","0","0","0","0","0","0","0","0","0","0","0","0","0","0","0","0","0","0","0","0","0","0","0","0","0","0","0","0","0","0","0","0","0","0","0","0","0","0","0","0","0","0","0","0","0","0","0","0","0","0","0","0","0","0","0","0"
"37-742 Port Heiden","9","0","0","0","1","0","0","0","0","0","0","0","0","0","0","0","0","0","0","0","0","0","0","0","0","0","0","0","0","0","0","0","0","0","0","0","0","0","0","0","0","0","0","0","0","0","0","0","0","0","0","0","0","0","0","0","0","0","0","0","0","0","0","0","0","0","0","0","0","0","0","0","0","0","0","0","0","0","0","0","0","0","0","0","0","0","0","0","0","0","0","0","0","0","0","0","0","0","0","0","0","0","0","0","0","0","0","0","0","0","0","0","0","0","0","0","0","0","0","0","0","0","0","0","0","0","0","0","0","0","0","0","0","0","0","0","0","0","0","0","9","1","0","0","0","0","0","0","0","0","0","0","0","0","1","0","0","0","0","1","0","0","0","0","0","0","0","0","0","0","0","0","1","0","1","0","0","0","0","0","0","0","0","0","0","0","0","0","0","0","0","0","0","0","0","0","0","0","0","0","0","0","0","0","0","0","0","0","0","0","0","0","0","0","0","0","0","0","0","0","0","0","0","0","0","0","0","0","0","0","0","0","0","0","0","0","0","0"
"37-744 Sand Point","76","0","1","0","0","0","0","0","0","0","0","0","0","1","0","0","4","0","0","0","0","0","0","0","0","0","0","0","3","1","0","0","0","0","0","0","0","0","0","0","0","0","0","0","0","1","0","0","0","0","1","0","0","0","0","0","0","0","0","0","0","0","0","0","0","1","0","0","0","0","0","0","0","0","0","0","0","1","1","0","0","0","0","0","0","0","0","0","0","0","0","0","0","4","0","0","0","0","0","0","0","0","0","0","0","0","0","0","0","1","0","0","0","1","0","0","0","0","0","0","0","0","0","0","0","0","0","0","0","0","0","0","0","0","0","0","0","0","0","0","17","0","0","0","0","0","0","0","0","0","0","0","0","0","1","0","0","0","1","0","0","0","0","0","0","0","2","0","1","0","0","0","0","0","0","0","0","0","0","0","0","0","0","0","0","0","0","0","0","0","0","0","1","0","0","0","0","0","0","0","0","0","0","0","0","0","0","0","0","0","0","0","0","0","0","0","0","0","0","0","0","0","0","0","0","0","0","0","0","0","0","0","0","0","0","0","3","0"
"37-746 Sleetmute","2","0","0","0","0","0","0","0","0","0","0","0","0","2","0","0","1","0","0","0","0","0","0","0","0","0","0","0","0","0","0","0","0","0","2","0","0","0","0","0","0","0","0","0","0","0","0","0","0","0","0","0","0","0","0","0","0","0","0","0","0","0","0","0","0","0","0","0","0","0","0","0","0","0","0","0","0","0","0","0","0","0","0","0","0","0","0","0","0","0","0","0","0","0","0","0","0","0","0","0","0","0","0","0","0","0","0","0","0","0","0","0","0","0","0","0","0","0","0","0","0","0","0","0","0","0","0","0","0","0","0","0","0","0","0","0","0","0","0","0","5","1","0","2","0","0","0","1","0","0","0","0","0","0","0","0","0","0","0","1","0","0","0","0","0","0","1","1","0","0","0","0","4","0","0","1","0","0","0","0","0","0","0","0","0","0","0","0","0","0","0","0","0","0","0","0","0","0","0","0","0","0","0","0","0","0","0","0","0","0","0","0","0","0","0","0","0","0","0","0","0","0","0","0","0","0","0","0","0","0","0","0","0","0","0","0","0","0"
"37-748 South Naknek","3","0","0","0","0","0","0","0","0","0","0","0","0","1","0","0","0","0","0","0","0","0","0","0","0","0","0","0","0","0","0","0","0","0","0","0","0","0","0","0","0","0","0","0","0","0","0","0","0","0","0","0","0","0","0","0","0","0","0","0","0","0","0","0","0","0","0","0","0","0","0","0","0","0","0","0","0","0","0","0","0","0","0","0","0","0","0","0","0","0","0","0","0","0","0","0","0","0","0","0","0","0","0","0","0","0","0","1","0","0","0","0","0","0","0","0","0","0","0","0","0","0","0","0","0","0","0","0","0","0","0","0","0","0","0","0","0","0","0","0","7","1","0","0","0","0","0","0","0","0","0","0","0","0","0","0","0","0","1","1","0","0","0","0","0","0","0","0","1","0","0","0","0","0","0","0","0","0","0","0","0","0","0","0","0","0","0","0","0","0","0","0","0","0","0","0","0","0","0","0","0","0","0","0","0","0","0","0","0","0","0","0","0","0","0","0","0","0","0","0","0","0","0","0","0","0","0","0","0","0","0","0","0","0","0","0","2","0"
"37-750 St. George Island","1","0","0","0","0","0","0","0","0","0","0","0","0","0","0","0","0","0","0","0","0","0","0","0","0","0","0","0","0","0","0","0","0","0","0","0","0","0","0","0","0","0","0","0","0","0","0","0","0","0","0","0","0","0","0","0","0","0","0","0","0","0","0","0","0","0","0","0","0","0","0","0","0","0","0","0","0","0","0","0","0","0","0","0","0","0","0","0","0","0","0","0","0","0","0","0","0","0","0","0","0","0","0","0","0","0","0","0","0","0","0","0","0","0","0","0","0","0","0","0","0","0","0","0","0","0","0","0","0","0","0","0","0","0","0","0","0","0","0","0","3","1","0","1","0","0","0","0","0","0","0","0","0","0","0","0","0","0","0","0","0","0","0","0","0","0","0","0","0","0","0","0","1","0","0","0","0","0","0","0","0","0","0","0","0","0","0","0","0","0","0","0","0","0","0","0","0","0","0","0","0","0","0","0","0","0","0","0","0","0","0","0","0","0","0","0","0","0","0","0","0","0","0","0","0","0","0","0","0","0","0","0","0","0","0","0","0","0"
"37-752 St. Paul Island","16","0","0","0","1","0","0","0","0","0","0","0","0","1","0","0","1","0","0","2","0","0","0","0","0","0","0","0","1","0","0","0","0","0","0","0","0","0","0","0","0","0","0","0","0","0","0","0","0","0","0","0","0","0","0","0","0","0","0","0","0","0","0","0","0","0","0","0","0","0","0","0","0","0","0","0","0","0","0","0","0","0","0","0","0","0","0","0","0","0","0","0","0","0","0","0","0","0","0","0","0","0","0","0","0","0","0","0","0","0","0","0","0","1","0","0","0","0","0","0","1","0","0","0","0","0","0","0","0","0","0","0","0","0","0","0","0","0","0","0","53","4","0","6","0","0","0","1","0","0","0","0","0","0","2","1","2","0","1","2","0","0","0","0","0","0","0","1","1","0","0","1","4","0","0","0","0","0","0","0","0","0","0","0","0","0","0","0","0","0","0","0","0","0","0","0","0","0","0","0","0","0","0","0","0","0","0","0","0","0","0","0","0","0","0","0","0","0","0","0","0","0","0","0","0","0","0","0","0","0","0","0","0","0","0","0","3","1"
"37-754 Togiak","27","0","1","0","5","0","1","0","0","0","0","0","0","1","1","0","4","0","0","0","1","0","0","0","0","0","1","1","3","0","3","1","0","0","3","0","0","0","0","0","0","0","0","0","0","0","0","0","0","0","2","0","0","1","0","0","0","0","0","0","0","0","0","0","0","0","0","0","0","0","0","0","0","0","0","0","0","0","0","0","0","0","0","0","0","0","0","0","0","0","0","0","0","2","1","0","0","1","0","0","0","0","0","0","0","0","0","1","0","1","0","0","0","1","0","0","0","0","0","1","0","0","0","0","0","0","0","0","0","0","0","0","0","0","0","0","0","0","0","0","33","3","0","10","0","0","1","4","0","0","0","0","0","0","1","0","0","0","1","4","0","1","0","0","0","0","1","0","1","0","0","2","11","0","0","0","0","0","0","1","0","0","0","0","0","0","0","0","0","0","0","0","0","0","0","0","0","0","0","0","0","0","0","0","0","0","0","0","0","0","0","0","0","0","0","0","0","0","0","0","0","0","0","0","0","0","0","0","0","0","0","0","0","0","0","0","4","7"
"37-756 Tyonek","6","0","0","0","0","0","0","0","0","0","0","0","0","0","0","0","1","0","0","0","0","0","0","0","0","0","0","0","0","0","1","0","0","0","0","0","0","0","0","0","0","0","0","0","0","0","0","0","0","0","1","0","0","0","0","0","0","0","0","0","0","0","0","0","0","0","0","0","0","0","0","0","0","0","0","0","0","0","0","0","0","0","0","0","0","0","0","0","0","0","0","0","0","0","0","0","0","0","0","0","0","0","0","0","0","0","0","0","0","0","0","0","0","0","0","0","0","0","0","0","0","0","0","0","0","0","0","0","0","0","0","0","0","0","0","0","0","0","0","0","26","0","0","0","0","0","0","0","0","0","0","0","0","0","0","0","0","0","0","1","0","0","0","0","0","0","0","0","1","0","0","0","0","0","0","0","0","0","0","0","0","0","0","0","0","0","0","0","0","0","0","0","0","0","0","0","0","0","0","0","0","0","0","0","0","0","0","0","0","0","0","0","0","0","0","0","0","0","0","0","0","0","0","0","0","0","0","0","0","0","0","0","0","0","0","0","0","0"
"37-758 Upper Kalskag","10","0","0","0","0","0","0","0","0","0","0","0","0","0","0","0","0","0","0","0","0","0","0","0","0","0","0","0","0","0","0","0","0","0","0","0","0","0","0","0","0","0","0","0","0","0","0","0","0","0","0","0","0","0","0","0","0","0","0","0","0","0","0","0","0","0","0","0","0","0","0","0","0","0","0","0","0","0","0","0","0","0","0","0","0","0","0","0","0","0","0","0","0","0","1","1","0","0","0","0","0","0","0","0","0","0","0","0","0","0","0","0","0","0","0","0","0","0","0","0","2","0","0","0","0","0","0","0","0","0","0","0","0","0","0","0","0","0","0","0","21","1","0","2","0","0","0","2","0","0","0","0","0","0","2","1","0","0","0","0","0","0","0","0","0","0","1","0","0","0","0","0","8","0","0","1","0","0","0","0","0","0","0","0","0","0","0","0","0","0","0","0","0","0","0","0","0","0","0","0","0","0","0","0","0","0","0","0","0","0","0","0","0","0","0","0","0","0","0","0","0","0","0","0","0","0","0","0","0","0","0","0","0","0","0","0","1","3"
"38-800 Akiachak","23","0","0","0","1","0","0","0","0","0","0","0","0","0","0","0","5","0","0","1","1","0","0","1","0","0","0","0","2","0","0","0","0","0","3","0","0","0","0","0","0","0","0","0","0","0","0","0","0","0","8","0","0","0","0","0","0","0","0","0","0","0","0","0","0","0","0","1","0","0","0","0","0","0","0","0","0","0","0","0","0","0","0","0","0","0","0","0","0","0","0","0","0","9","0","0","0","2","0","0","0","0","0","0","0","0","0","0","0","2","0","0","0","0","0","0","0","0","0","0","0","1","1","0","0","0","0","0","0","0","0","0","0","0","0","0","0","0","0","0","67","0","0","5","0","0","0","4","0","0","0","0","0","0","1","0","1","0","2","10","0","0","0","0","0","0","2","1","1","0","0","1","4","0","0","0","0","0","0","0","0","0","0","0","0","0","0","0","0","0","0","0","0","0","0","0","0","0","0","0","0","0","0","0","0","0","0","0","0","0","0","0","0","0","0","0","0","0","0","0","0","0","0","0","0","0","0","0","0","0","0","0","0","0","0","0","0","1"
"38-802 Akiak","19","0","0","0","0","0","0","0","0","0","0","0","0","0","0","0","1","0","0","0","2","0","0","0","0","0","0","0","0","0","0","0","0","0","1","0","0","0","0","0","0","0","0","0","0","0","0","0","0","0","3","0","0","0","0","0","0","0","0","0","0","0","0","0","0","0","0","0","0","0","0","0","0","0","0","0","0","0","0","0","0","0","0","0","0","0","0","0","0","0","0","0","0","9","1","0","0","0","0","0","0","0","0","0","0","0","0","0","0","1","0","0","0","1","0","0","0","0","0","0","0","0","0","0","0","1","0","0","0","0","0","0","0","0","0","0","0","0","0","0","41","1","0","1","0","0","0","1","0","0","0","0","0","0","0","0","0","0","0","4","0","0","0","0","0","0","0","0","1","0","0","1","1","0","0","0","0","0","0","0","0","0","0","0","0","0","0","0","0","0","0","0","0","0","0","0","0","0","0","0","0","0","0","0","0","0","0","0","0","0","0","0","0","0","0","0","0","0","0","0","0","0","0","0","0","0","0","0","0","0","0","0","0","0","0","0","0","0"
"38-806 Atmautluak","7","0","0","0","0","0","0","0","0","0","0","0","0","0","0","0","0","0","0","0","0","0","0","0","0","0","0","0","0","0","2","0","0","0","0","0","0","0","0","0","0","0","0","0","0","0","0","0","0","0","0","0","0","0","0","0","0","0","0","0","0","0","0","0","0","0","0","1","0","0","0","0","0","0","0","0","0","1","0","0","0","0","0","0","0","0","0","0","0","0","0","0","0","1","0","0","0","0","0","0","0","0","0","0","0","0","0","0","0","0","0","0","0","0","0","0","0","0","0","0","0","0","0","0","0","0","0","0","0","0","0","0","0","0","0","0","0","0","0","0","23","0","0","1","0","0","0","0","0","0","0","0","0","0","1","0","0","0","0","2","0","0","0","0","0","0","1","0","1","0","0","0","2","0","0","0","0","0","0","1","0","0","0","0","0","0","0","0","0","0","0","0","1","0","0","0","0","0","0","0","0","0","0","0","0","0","0","0","0","0","0","0","0","0","0","0","0","0","0","0","0","0","0","0","0","0","0","0","0","0","0","0","0","0","0","0","0","0"
"38-808 Bethel No. 1","111","2","1","0","7","0","0","0","0","0","0","0","0","6","2","0","21","1","0","2","3","0","0","0","1","0","0","0","5","0","3","0","0","1","11","0","0","0","0","0","1","0","0","0","0","0","0","0","0","0","4","1","0","0","0","1","0","0","0","0","2","0","0","2","0","0","2","2","0","0","0","0","0","1","0","0","0","0","0","0","0","0","0","0","0","0","0","0","0","0","0","0","0","9","1","0","0","1","0","0","1","0","0","0","0","0","0","0","0","0","0","0","0","0","0","0","0","0","0","0","0","0","0","0","0","1","0","0","0","0","0","0","0","0","0","0","0","0","0","0","188","8","0","17","0","0","1","22","0","0","0","0","0","0","13","3","8","0","9","33","0","0","1","0","1","0","4","1","11","0","1","7","30","0","1","0","0","0","0","0","2","0","0","0","0","0","0","0","0","0","0","0","0","0","0","0","0","0","0","0","0","0","0","0","0","0","0","0","0","0","1","0","0","0","0","0","0","0","0","0","0","0","0","0","0","0","1","0","0","0","0","0","0","0","0","0","12","0"
"38-810 Bethel No. 2","107","1","1","0","3","0","0","0","2","0","0","0","0","12","4","0","20","0","0","1","3","0","0","0","2","0","0","0","6","0","3","0","0","1","6","0","0","0","0","0","3","0","0","0","1","0","0","0","0","0","2","0","0","0","0","0","0","0","0","0","0","2","0","0","0","0","0","2","0","0","0","0","1","1","0","1","0","0","2","0","0","0","0","0","0","0","0","0","0","0","0","0","0","3","0","1","0","3","0","0","0","0","0","0","0","0","0","0","0","1","0","0","0","0","0","0","0","0","0","0","2","0","1","0","0","4","0","0","0","0","0","0","0","0","0","0","0","0","0","0","198","9","5","9","0","0","3","33","0","0","0","0","0","0","23","0","8","0","6","28","0","1","1","0","0","0","5","4","2","0","0","5","23","0","0","1","0","0","0","1","2","0","0","0","0","0","1","0","0","0","0","0","1","0","0","0","0","0","0","0","0","0","0","0","0","0","0","0","0","0","0","0","0","0","0","0","0","0","0","0","0","0","0","0","0","0","0","0","0","0","0","0","0","0","0","0","3","1"
"38-812 Chefornak","9","0","0","0","0","0","0","0","0","0","0","0","0","0","0","0","0","0","0","0","0","0","0","0","0","0","0","0","0","0","0","0","0","0","2","0","0","0","0","0","0","0","0","0","0","0","0","0","0","0","3","0","0","0","0","0","0","0","0","0","0","0","0","0","0","0","0","0","0","0","0","0","1","0","0","0","0","0","1","0","0","0","0","0","0","0","0","0","0","0","0","0","0","3","0","0","0","0","0","0","0","1","0","0","0","0","0","0","0","1","0","0","0","0","0","0","0","0","0","0","0","0","0","0","0","0","0","0","0","0","0","0","0","0","0","0","0","0","0","0","57","0","0","0","0","0","2","3","0","0","0","0","0","0","0","0","1","0","0","4","0","0","0","0","0","0","0","0","0","0","0","1","5","0","0","0","0","0","0","0","0","0","0","0","0","0","0","0","0","1","0","0","0","0","0","0","0","0","0","0","0","0","0","0","0","0","0","0","0","0","0","0","0","0","0","0","0","0","0","0","0","0","0","0","0","0","0","0","0","0","0","0","0","0","0","0","1","0"
"38-818 Eek","23","0","0","0","0","0","0","0","1","0","0","0","0","1","0","0","1","0","0","0","0","0","0","0","0","0","0","0","1","0","1","0","0","0","2","0","0","0","0","0","0","0","0","0","0","0","0","0","0","0","0","0","0","1","0","0","0","0","0","0","0","0","0","0","0","0","0","0","0","0","0","0","0","0","0","0","0","0","0","0","0","0","0","0","0","0","0","0","0","0","0","0","0","4","0","0","0","0","0","0","0","0","0","0","0","0","0","0","0","0","0","0","0","1","0","0","0","0","0","0","0","0","0","0","0","1","0","0","0","0","0","0","0","0","0","0","0","0","0","0","41","2","0","0","0","0","2","3","0","0","0","0","0","0","0","0","0","0","0","3","0","0","0","0","0","0","0","0","0","0","0","1","4","0","0","0","0","0","0","1","0","0","0","0","0","0","0","0","0","0","0","0","1","0","0","0","0","0","0","0","0","0","0","0","0","0","0","0","0","0","0","0","0","0","0","0","0","0","0","0","0","0","0","0","0","0","0","0","0","0","0","0","0","0","0","0","0","0"
"38-822 Kasigluk","4","0","0","0","0","0","0","0","0","0","0","0","0","0","0","0","2","0","0","0","0","0","0","0","0","0","0","0","0","0","0","0","0","0","0","0","0","0","0","0","1","0","0","0","0","0","0","0","0","0","1","0","0","0","0","0","0","0","0","0","0","0","0","0","0","0","0","1","0","0","0","0","0","0","0","0","0","0","1","0","0","0","0","0","0","0","0","0","0","0","0","0","0","2","0","0","0","0","0","0","0","0","0","0","0","0","0","1","0","2","0","0","0","1","0","0","0","0","0","0","0","0","0","0","0","0","0","0","0","0","0","0","0","0","0","0","0","0","0","0","24","0","0","1","0","0","0","2","0","0","0","0","0","0","2","0","2","0","1","7","0","0","0","0","0","0","0","2","1","0","0","0","5","0","0","0","0","0","0","0","0","0","0","0","0","0","0","0","0","0","0","0","0","0","0","0","0","0","0","0","0","0","0","0","0","0","0","0","0","0","0","0","0","0","0","0","0","0","0","0","0","0","0","0","0","0","0","0","0","0","0","0","0","0","0","1","0","1"
"38-824 Kipnuk","13","0","1","0","0","0","0","0","0","0","0","0","0","1","2","0","0","0","1","0","3","0","0","0","0","0","0","1","1","0","4","0","0","0","2","0","0","0","0","0","0","0","0","0","0","0","0","0","0","0","1","0","0","0","0","0","0","0","0","0","0","0","0","0","0","0","0","3","0","0","0","0","0","0","0","0","0","0","0","0","0","0","0","0","0","0","0","0","0","0","0","0","0","6","0","0","0","0","0","0","0","0","0","0","0","0","0","0","0","2","0","0","0","2","0","0","0","0","0","0","0","0","0","0","0","1","0","0","0","0","0","0","0","0","0","0","0","0","0","0","42","2","2","1","0","0","0","5","0","0","0","0","0","0","3","0","0","0","0","6","0","0","0","0","0","0","0","0","2","0","0","0","2","0","0","1","0","0","0","0","0","0","0","0","0","0","0","0","0","0","0","0","0","0","0","0","0","0","0","0","0","0","0","0","0","0","0","0","0","0","0","0","0","0","0","0","0","0","0","0","0","0","0","0","0","0","0","0","0","0","0","0","0","0","0","0","1","2"
"38-826 Kongiganak","4","0","0","0","3","0","0","0","0","0","0","0","0","0","0","0","3","0","0","0","1","0","0","0","0","0","0","1","1","0","2","0","0","0","3","0","0","0","0","0","0","0","0","0","0","0","0","0","0","0","1","0","0","0","0","0","0","0","0","0","0","0","0","1","0","0","0","2","0","0","0","0","0","0","0","0","0","1","1","0","0","0","0","0","0","0","0","0","0","0","0","0","0","0","0","0","0","0","0","0","0","0","0","0","0","0","0","0","0","0","0","0","0","4","0","0","0","0","0","0","1","0","1","0","0","0","0","0","0","0","0","0","0","0","0","0","0","0","0","0","24","0","1","6","0","0","1","3","0","0","0","0","0","0","0","1","0","0","0","7","0","0","0","0","0","0","0","1","3","0","0","2","9","0","1","1","0","0","0","0","0","0","0","0","0","0","0","0","0","0","0","0","0","0","0","0","0","0","0","0","0","0","0","0","0","0","0","0","0","0","0","0","0","0","0","0","0","0","0","0","0","0","0","0","0","0","0","0","0","0","0","0","0","0","0","0","2","2"
"38-828 Kwethluk","9","0","0","0","2","0","0","0","0","0","0","0","0","0","0","0","3","0","0","0","0","0","0","0","0","0","0","0","0","0","1","0","0","0","4","0","0","0","0","0","0","0","0","0","0","0","0","0","0","0","2","0","0","0","0","0","0","0","0","0","0","0","0","0","0","0","0","0","0","0","0","0","0","0","0","0","0","0","2","0","0","0","0","1","0","0","0","0","0","0","0","0","0","5","0","0","0","1","0","0","0","0","0","0","0","0","0","0","0","1","0","0","0","0","0","0","0","0","0","0","0","0","0","0","0","0","0","0","0","0","0","0","0","0","0","0","0","0","0","0","34","3","1","5","0","0","0","10","0","0","0","0","0","0","1","2","2","0","3","20","0","1","0","0","0","0","0","0","5","1","0","2","10","0","0","0","0","0","0","0","0","0","0","0","0","0","1","0","0","0","0","0","0","0","0","0","0","0","0","0","0","0","0","0","0","0","0","0","0","0","1","0","0","0","0","0","0","0","0","0","0","0","0","0","0","0","0","0","0","0","0","0","0","0","0","0","0","0"
"38-830 Kwigillingok","14","0","1","0","0","0","0","0","0","0","0","0","0","3","1","0","6","0","0","0","2","0","0","0","0","0","0","0","1","0","1","0","0","0","4","0","0","0","0","0","0","0","0","0","0","0","0","0","0","0","0","0","0","0","0","0","0","0","0","0","0","0","0","0","0","0","0","0","0","0","0","0","0","0","0","0","0","0","0","0","0","0","0","0","0","0","0","0","0","0","0","0","0","3","0","1","0","0","0","0","0","0","0","0","0","0","1","0","0","0","0","0","0","0","0","0","0","0","0","1","0","0","1","0","0","0","0","0","0","0","0","0","0","0","0","0","0","0","0","0","19","1","0","2","0","1","0","4","0","0","0","0","0","0","0","0","0","0","1","4","0","0","0","0","0","0","0","0","1","0","0","0","1","0","0","1","0","0","0","1","0","0","0","0","0","0","0","0","0","0","0","0","0","0","0","0","0","0","0","0","0","0","0","0","0","0","0","0","0","0","0","0","0","0","0","0","0","0","0","0","0","0","0","0","0","0","0","0","0","0","0","0","0","0","0","0","3","2"
"38-836 Mekoryuk","14","0","0","0","0","0","0","0","0","0","0","0","0","0","0","0","1","0","0","0","0","0","0","0","0","0","0","0","2","0","0","0","0","0","1","0","1","0","0","0","0","0","0","0","0","0","0","0","0","0","0","0","0","0","0","0","0","0","0","0","0","0","0","0","0","0","0","0","0","0","0","0","0","0","0","0","0","0","0","0","0","0","0","0","0","0","0","0","0","0","0","0","0","0","0","0","0","0","0","0","0","0","0","0","0","0","0","0","0","1","0","0","0","1","0","0","0","0","0","0","0","0","0","0","0","0","0","0","0","0","0","0","0","0","0","0","0","0","0","0","24","0","0","2","0","0","1","6","0","0","1","0","0","0","0","0","0","0","4","5","0","0","0","0","0","0","0","0","1","0","0","1","1","1","0","0","0","0","0","0","0","0","0","0","0","0","0","0","0","0","0","0","1","0","0","0","0","0","0","0","0","0","0","0","0","0","0","0","0","0","0","0","0","0","0","0","0","0","0","0","0","0","0","0","0","0","0","0","0","0","0","0","0","0","0","0","0","0"
"38-838 Napakiak","11","0","0","0","2","0","0","0","1","0","0","0","0","0","1","0","2","0","0","1","0","0","0","0","0","0","0","0","1","0","0","0","0","0","2","0","0","0","0","0","0","0","0","0","0","0","0","0","0","0","0","0","0","1","0","0","0","0","0","0","0","0","0","1","0","0","0","1","0","0","0","0","0","0","0","0","0","0","0","0","0","0","0","0","0","0","0","0","0","0","0","0","0","0","0","0","0","0","0","0","0","0","0","0","0","0","0","0","0","1","0","0","0","0","0","0","0","0","0","0","0","0","0","0","0","0","0","0","0","0","0","0","0","0","0","0","0","0","0","0","29","4","0","0","0","0","0","5","0","0","0","0","0","0","0","0","1","0","0","3","0","0","1","0","0","0","0","0","1","0","0","0","2","0","0","0","0","0","0","0","0","0","0","0","0","0","0","0","0","0","0","0","0","0","0","0","0","0","0","0","0","0","0","0","0","0","0","0","0","0","0","0","0","0","0","0","0","0","0","0","0","0","0","0","0","0","0","0","0","0","0","0","0","0","0","0","0","0"
"38-840 Napaskiak","4","0","0","0","1","0","0","0","0","0","0","0","0","0","1","0","0","0","0","0","0","0","0","0","0","0","0","0","0","0","1","0","0","0","0","0","0","0","0","0","0","0","0","0","0","0","0","0","0","0","0","0","0","1","0","0","0","0","0","0","0","0","0","1","0","0","0","0","0","0","0","0","0","0","0","1","0","0","0","0","0","0","0","0","0","0","0","0","0","0","0","0","0","1","0","0","0","0","0","0","0","0","0","0","0","0","0","0","0","0","0","0","0","1","0","0","0","0","0","0","0","0","0","0","0","0","0","0","0","0","0","0","0","0","0","0","0","0","0","0","15","0","3","6","0","0","0","11","0","0","0","0","0","0","0","0","2","0","1","5","0","0","0","0","0","0","1","0","2","0","0","0","7","1","0","0","0","0","0","0","0","0","0","0","0","0","0","0","0","0","0","0","0","0","0","0","0","0","0","0","0","0","0","0","0","0","0","0","0","0","0","0","0","0","0","0","0","0","0","0","0","0","0","0","0","0","0","0","0","0","0","0","0","0","0","0","1","1"
"38-842 Newtok","1","0","0","0","2","0","0","0","0","0","0","0","0","1","0","0","1","0","0","0","1","0","0","0","0","0","0","0","0","0","2","1","0","0","1","0","0","0","0","0","0","0","0","0","0","0","0","0","0","0","1","0","0","0","0","0","0","0","0","0","0","0","0","1","0","0","0","1","0","0","0","0","0","0","0","0","0","0","0","0","0","0","0","0","0","0","0","0","0","0","0","0","0","0","0","0","0","1","0","0","0","1","0","0","0","0","0","0","0","0","0","0","0","1","0","0","0","0","0","0","0","0","1","0","0","1","0","0","0","0","0","0","0","0","0","0","0","0","0","0","9","0","0","1","0","0","0","3","0","0","0","0","0","0","0","1","3","0","0","6","0","0","1","0","0","0","0","0","3","0","0","1","5","0","0","0","0","0","0","1","0","0","0","0","0","0","0","0","0","0","0","0","0","0","0","0","0","0","0","0","0","0","0","0","0","0","0","0","0","0","0","0","0","0","0","0","0","0","0","0","0","0","0","0","0","0","0","0","0","0","0","0","0","0","0","0","1","3"
"38-844 Nightmute","5","0","0","0","0","0","0","0","0","0","0","0","0","1","0","0","2","0","0","0","1","0","0","0","0","0","0","0","0","0","0","0","0","0","0","0","0","0","0","0","0","0","0","0","0","0","0","0","0","0","0","0","0","0","0","0","0","0","0","0","0","0","0","0","0","0","0","0","0","0","0","0","0","0","0","0","0","0","0","0","0","0","0","0","0","0","0","0","0","0","0","0","0","1","0","0","0","0","0","0","0","0","0","0","0","0","0","0","0","0","0","0","0","0","0","0","0","0","0","1","0","0","0","0","0","0","0","0","0","0","0","0","0","0","0","0","0","0","0","0","15","0","0","1","0","0","0","2","0","0","0","0","0","0","1","0","0","0","0","0","0","0","0","0","0","0","0","0","0","0","0","0","1","0","0","1","0","0","0","0","0","0","0","0","0","0","0","0","0","0","0","0","0","0","0","0","0","0","0","0","0","0","0","0","0","0","0","0","0","0","0","0","0","0","0","0","0","0","0","0","0","0","0","0","0","0","0","0","0","0","0","0","0","0","0","0","2","0"
"38-846 Nunapitchuk","17","2","0","0","1","0","0","0","0","0","0","0","0","0","0","0","3","0","0","1","0","0","0","0","0","0","0","0","1","0","1","0","0","0","1","0","0","0","0","0","0","0","0","0","0","0","0","0","0","0","3","0","0","0","0","0","0","0","0","0","0","0","0","1","0","0","0","0","0","0","0","0","0","1","0","0","0","0","0","0","0","0","0","0","0","0","0","0","0","0","0","0","0","3","0","0","0","0","0","0","1","0","0","0","0","0","0","0","1","0","0","0","0","1","0","0","0","0","0","0","0","0","0","0","0","1","0","0","0","0","0","0","0","0","0","0","0","0","0","0","38","4","0","2","0","0","1","5","0","0","0","0","0","0","1","0","0","0","1","3","0","1","0","0","0","0","0","0","0","0","0","0","3","0","0","0","0","0","0","0","0","0","0","0","0","0","0","0","0","0","0","0","0","0","0","0","0","0","0","0","0","0","0","0","0","0","0","0","0","0","0","0","0","0","0","0","0","0","0","0","0","0","0","0","0","0","0","0","0","0","0","0","0","0","0","0","0","0"
"38-848 Quinhagak","18","1","0","0","1","0","0","0","0","0","0","0","0","1","0","0","1","0","0","1","0","0","0","0","0","0","0","0","0","0","1","0","0","1","4","0","0","0","0","0","0","0","0","0","0","0","0","0","0","0","2","0","0","0","0","0","0","0","0","0","0","0","0","0","0","0","0","2","0","0","0","0","0","1","0","1","0","0","2","0","0","0","0","0","0","0","0","0","0","0","0","0","0","3","0","0","0","1","0","0","0","1","0","0","0","0","0","1","1","0","1","0","0","2","0","0","0","0","0","2","0","0","1","0","0","0","0","0","0","0","0","0","0","0","0","0","0","0","0","0","55","1","0","5","0","0","0","5","0","0","0","0","0","0","1","1","1","0","2","7","0","0","0","0","0","0","0","0","1","0","0","0","2","0","1","0","0","0","0","0","0","0","0","0","0","0","0","0","0","0","0","0","0","0","0","0","0","0","0","0","0","0","0","0","0","0","0","0","0","0","0","0","0","0","0","0","0","0","0","0","0","0","0","0","0","0","0","0","0","0","0","0","0","0","0","0","0","2"
"38-852 Toksook Bay","14","0","0","0","1","0","0","0","0","0","0","0","0","3","3","0","4","0","0","0","5","0","0","0","0","0","0","1","0","0","1","0","0","0","5","0","0","0","0","0","0","0","0","0","0","0","0","0","0","0","1","0","0","1","0","0","0","0","0","0","0","0","0","0","0","0","0","0","0","0","0","0","0","0","0","0","0","0","0","0","0","0","0","0","0","0","0","0","0","0","0","0","0","1","0","0","0","0","0","0","0","1","0","0","0","0","0","0","0","1","0","0","0","1","0","0","0","0","0","1","0","0","0","0","0","0","0","0","0","0","0","0","0","0","0","0","0","0","0","0","51","1","0","5","0","0","1","16","0","0","0","0","1","0","1","1","4","0","1","19","0","0","0","0","0","1","2","1","5","0","0","2","12","0","0","1","0","0","0","0","0","0","0","0","0","0","0","0","0","0","0","0","0","0","0","0","0","0","0","0","0","0","0","0","0","0","0","0","0","0","0","0","0","0","0","0","0","0","0","0","0","0","0","0","0","0","0","0","0","0","0","0","0","0","0","0","6","5"
"38-854 Tuluksak","0","0","0","0","0","0","0","0","0","0","0","0","0","0","0","0","0","0","0","0","0","0","0","0","0","0","0","0","0","0","0","0","0","0","0","0","0","0","0","0","0","0","0","0","0","0","0","0","0","0","0","0","0","0","0","0","0","0","0","0","0","0","0","0","0","0","0","0","0","0","0","0","0","0","0","0","0","0","0","0","0","0","0","0","0","0","0","0","0","0","0","0","0","0","0","0","0","0","0","0","0","0","0","0","0","0","0","0","0","0","0","0","0","0","0","0","0","0","0","0","0","0","0","0","0","0","0","0","0","0","0","0","0","0","0","0","0","0","0","0","1","0","0","0","0","0","0","1","0","0","0","0","0","0","0","0","0","0","0","0","0","0","0","0","0","0","0","0","0","0","0","0","1","0","0","0","0","0","0","0","0","0","0","0","0","0","0","0","0","0","0","0","0","0","0","0","0","0","0","0","0","0","0","0","0","0","0","0","0","0","0","0","0","0","0","0","0","0","0","0","0","0","0","0","0","0","0","0","0","0","0","0","0","0","0","0","0","0"
"38-856 Tuntutuliak","9","0","0","0","2","0","0","0","0","0","0","0","0","0","0","0","4","0","1","0","0","0","0","0","0","0","0","0","0","0","2","0","0","0","4","0","0","0","0","0","0","0","0","0","0","0","0","0","0","0","0","0","0","0","0","0","0","0","0","0","0","0","0","0","0","0","0","0","0","0","0","0","0","0","0","0","0","0","0","0","0","0","0","0","0","0","0","0","0","0","0","0","0","2","0","1","0","0","0","0","0","0","0","0","0","0","0","0","0","0","0","0","0","0","0","0","0","0","0","0","0","0","0","0","0","0","1","0","0","0","0","0","0","0","0","0","0","0","0","0","44","3","0","6","0","0","0","14","0","0","0","0","0","0","0","1","3","0","0","5","0","1","0","0","0","0","2","0","4","0","0","1","5","0","0","0","0","0","0","0","0","0","0","0","0","0","1","0","0","0","0","0","0","0","0","0","0","0","0","0","0","0","0","0","0","0","0","0","0","0","0","0","0","0","0","0","0","0","0","0","0","0","0","0","0","0","0","0","0","0","0","0","0","0","0","0","0","1"
"38-858 Tununak","5","0","0","0","1","0","0","0","0","0","0","0","0","0","1","0","2","0","0","0","1","0","0","0","0","0","0","0","0","0","0","0","0","0","1","0","0","0","0","0","0","0","0","0","0","0","0","0","0","0","0","0","0","0","0","0","0","0","0","0","0","0","0","0","0","0","0","1","0","0","0","0","0","0","0","0","0","0","0","0","0","0","0","0","0","0","0","0","0","0","0","0","0","1","0","0","0","0","0","0","0","1","0","0","0","0","0","0","0","1","0","0","0","1","0","0","0","0","0","0","0","0","0","0","0","0","0","0","0","0","0","0","0","0","0","0","0","0","0","0","26","0","0","3","0","0","0","12","0","0","1","0","0","0","1","0","0","0","1","9","0","0","0","0","0","0","0","0","0","0","0","0","10","0","0","0","0","0","0","1","0","0","0","0","0","0","0","0","0","0","0","0","0","0","0","0","0","0","0","0","0","0","0","0","0","0","0","0","0","0","0","0","0","0","0","0","0","0","0","0","0","0","0","0","0","0","0","0","0","0","0","0","0","0","0","0","0","1"
"39-900 Alakanuk","16","0","0","0","4","0","0","0","0","0","0","0","0","0","0","0","1","0","0","1","1","0","0","0","0","0","0","0","0","0","1","0","0","0","3","0","0","0","0","0","0","0","0","0","0","1","0","0","0","0","0","0","0","0","0","0","0","0","0","0","0","0","0","0","0","0","0","0","0","0","0","0","0","0","0","0","0","0","0","0","0","0","0","0","0","0","0","0","0","0","0","0","0","1","0","0","0","0","0","0","0","1","0","0","0","0","0","0","0","2","0","0","0","2","0","0","0","0","0","0","0","0","2","0","0","0","0","0","0","0","0","0","0","0","0","0","0","0","0","0","19","2","0","2","0","0","0","7","0","0","1","0","0","0","1","0","2","0","0","6","0","0","0","0","0","0","0","0","2","0","0","0","5","0","0","0","0","0","0","0","0","0","0","0","0","0","0","0","0","0","0","0","0","0","0","0","0","0","0","0","0","0","0","0","0","0","0","0","0","0","0","0","0","0","0","0","0","0","0","1","0","0","0","0","0","0","0","0","0","0","0","0","0","0","0","0","2","1"
"39-902 Brevig Mission","13","0","0","0","0","0","0","0","0","0","0","0","0","1","0","0","1","0","0","0","0","0","0","0","0","0","0","0","0","0","1","0","0","0","0","0","0","0","0","0","0","0","0","0","0","0","0","0","0","0","1","0","0","0","0","0","0","0","0","0","0","0","0","1","0","0","0","1","0","0","0","0","0","0","0","0","0","0","1","0","0","0","0","0","0","0","0","0","0","0","0","0","0","1","0","0","0","1","0","0","0","0","0","0","0","0","0","2","0","1","0","0","0","1","0","0","0","0","0","1","0","0","1","0","0","0","0","0","0","0","0","0","0","0","0","0","0","0","0","0","44","3","0","2","0","0","2","4","0","0","0","0","0","0","1","0","1","0","0","1","0","0","0","0","0","0","0","0","4","0","0","3","7","0","0","0","0","0","0","0","0","0","0","0","0","0","0","0","0","0","0","0","0","0","0","0","0","0","0","0","0","0","0","0","0","0","0","0","0","0","0","0","0","0","0","0","0","0","0","0","0","0","0","0","0","0","0","0","0","0","0","0","0","0","0","0","2","0"
"39-906 Diomede","1","0","0","0","1","0","0","0","1","0","0","0","0","0","0","0","0","0","0","0","0","0","0","0","0","0","0","0","0","0","0","0","0","0","0","0","0","0","0","0","0","0","0","0","0","0","0","0","0","0","0","0","0","0","0","0","0","0","0","0","0","0","0","0","0","0","0","0","0","0","0","0","0","0","0","0","0","0","0","0","0","0","0","0","0","0","0","0","0","0","0","0","0","1","0","0","0","0","0","0","0","0","0","0","0","0","0","0","0","0","0","0","0","0","0","0","0","0","0","0","0","0","0","0","0","1","0","0","0","0","0","0","0","0","0","0","0","0","0","0","2","0","0","0","0","0","0","1","0","0","0","0","0","0","0","1","0","0","0","0","0","0","0","0","0","0","1","0","0","0","0","0","0","0","0","0","0","0","0","0","0","0","0","0","0","0","0","0","0","0","0","0","0","0","0","0","0","0","0","0","0","0","0","0","0","0","0","0","0","0","0","0","0","0","0","0","0","0","0","0","0","0","0","0","0","0","0","0","0","0","0","0","0","0","0","0","0","0"
"39-908 Elim","9","0","1","0","0","0","0","0","0","0","0","0","0","2","1","0","2","0","0","0","5","0","0","0","0","0","0","0","1","0","3","0","0","2","4","0","0","0","0","0","0","0","0","0","0","0","0","0","0","0","0","0","0","2","0","0","0","0","0","0","0","0","0","0","0","0","0","0","0","0","0","0","0","0","0","0","0","0","1","0","0","0","0","0","0","0","0","0","0","0","0","0","0","6","0","0","0","1","0","0","1","0","0","0","0","0","0","0","0","1","0","0","0","2","0","0","0","0","0","0","0","0","2","0","0","1","0","0","0","0","0","0","0","0","0","0","0","0","0","0","25","0","1","5","0","0","0","4","0","0","0","0","0","0","0","1","0","0","1","5","0","0","0","0","0","0","0","1","3","0","0","3","5","0","0","0","0","0","0","0","0","0","0","0","0","0","0","0","0","0","0","0","0","0","0","0","0","0","0","0","0","0","0","0","0","0","0","0","0","0","0","0","0","0","0","0","0","0","0","0","0","0","0","0","0","0","0","0","0","0","0","0","0","0","0","0","2","0"
"39-910 Emmonak","17","0","0","0","0","0","0","0","0","0","0","0","0","0","0","0","3","0","0","0","1","0","0","0","0","0","0","0","1","0","0","0","0","0","2","0","0","0","0","0","0","0","0","0","0","0","0","0","0","0","1","0","0","0","0","0","0","1","0","0","0","0","0","0","0","0","0","0","0","0","0","0","0","0","0","0","0","0","0","0","0","0","0","0","0","0","0","0","0","0","0","0","0","8","0","0","0","0","0","0","0","2","0","0","0","0","0","0","0","1","0","0","0","0","0","0","0","0","0","0","0","0","2","0","0","0","0","0","0","0","0","0","0","0","0","0","0","0","0","0","71","0","0","3","0","0","2","4","0","0","0","0","0","0","1","0","0","0","1","5","0","0","0","0","0","0","0","0","8","0","0","0","7","0","0","0","0","0","0","0","0","0","0","0","0","0","0","0","0","0","0","0","0","0","0","0","0","0","0","0","0","0","0","0","0","0","0","0","0","0","0","0","0","0","0","0","0","0","0","0","0","0","0","0","0","0","0","0","0","0","0","0","0","0","0","0","3","4"
"39-912 Gambell","22","0","0","0","2","0","0","0","1","0","0","0","0","0","0","0","2","0","0","1","3","0","0","0","0","0","0","0","1","1","1","0","0","0","3","0","0","0","0","0","0","0","0","0","0","0","0","0","0","0","1","0","0","0","0","0","0","0","0","0","1","0","0","0","0","0","0","0","0","0","0","0","0","0","0","0","0","0","0","0","0","0","0","0","0","0","0","0","0","0","0","0","0","9","1","0","0","1","0","0","0","1","0","0","0","0","0","0","0","1","0","0","1","0","0","0","0","0","0","0","0","0","3","0","0","3","0","0","0","0","0","0","0","0","0","0","0","0","0","0","48","0","1","3","0","0","1","7","0","0","0","0","0","0","0","1","0","0","0","5","0","0","0","0","0","0","1","0","2","0","0","2","3","0","0","0","0","0","0","0","0","0","0","0","0","0","0","0","0","0","0","0","0","0","0","0","0","0","0","0","0","0","0","0","0","0","0","0","0","0","0","0","0","0","0","0","0","0","0","0","0","0","0","0","0","0","0","0","0","0","0","0","0","0","0","0","11","2"
"39-914 Golovin","5","0","0","0","0","0","0","0","0","0","0","0","0","0","0","0","1","0","0","0","0","0","0","0","0","0","0","0","0","0","0","0","0","0","0","0","0","0","0","0","0","0","0","0","0","0","0","0","0","0","1","0","0","0","0","0","0","0","0","0","0","0","0","0","0","0","0","0","0","0","0","0","0","0","0","0","0","0","0","0","0","0","0","0","0","0","0","0","0","0","0","0","0","4","0","1","0","0","0","0","0","0","0","0","0","0","0","0","0","1","0","0","0","0","0","0","0","0","0","0","0","0","0","0","0","0","0","0","0","0","0","0","0","0","0","0","0","0","0","0","19","0","0","0","0","0","2","3","0","0","0","0","0","0","0","0","0","0","1","0","0","1","0","0","0","0","1","0","2","0","0","0","4","1","0","1","0","0","0","0","0","0","0","0","0","0","0","0","0","0","0","0","0","0","0","0","0","0","0","0","0","0","0","0","0","0","0","0","0","0","0","0","0","0","0","0","0","0","0","0","0","0","0","0","0","0","0","0","0","0","0","0","0","0","0","0","1","0"
"39-916 Hooper Bay","24","0","0","0","2","0","0","0","1","0","0","0","0","0","0","0","5","0","0","0","1","0","0","0","0","0","0","2","1","0","1","0","0","0","0","0","0","0","0","0","0","0","0","0","0","0","0","0","0","0","0","0","0","0","0","0","0","1","0","0","0","0","0","0","0","0","0","0","0","0","0","0","0","0","0","0","0","0","0","0","0","0","0","0","0","0","0","0","0","0","0","0","0","6","0","0","0","0","0","0","0","0","0","0","0","0","0","0","0","1","0","1","0","0","0","0","0","0","0","0","0","0","2","0","0","0","0","0","0","0","0","0","0","0","0","0","0","0","0","0","85","0","0","3","0","0","1","5","0","0","0","0","0","0","1","0","2","0","0","3","0","0","0","0","0","1","1","0","2","0","0","2","6","0","0","0","0","0","0","3","0","0","0","0","0","0","0","0","0","0","0","0","1","0","0","0","0","0","0","0","0","0","0","0","0","0","0","0","0","0","0","0","0","0","0","0","0","0","0","0","0","0","0","0","0","0","0","0","0","0","0","0","0","0","0","0","2","1"
"39-918 Kotlik","23","0","0","0","2","0","0","0","0","0","0","0","0","0","0","0","0","0","0","0","1","0","0","0","0","0","0","0","0","0","1","0","0","0","0","0","0","0","0","0","0","0","0","0","0","0","0","0","0","0","1","0","0","0","0","0","0","0","0","0","0","0","0","0","0","0","0","0","0","0","0","0","0","1","0","0","0","0","0","0","0","0","0","0","0","0","0","0","0","0","0","0","0","6","1","0","0","0","0","0","0","1","0","0","0","0","0","0","0","1","0","0","0","0","0","0","0","0","0","0","0","0","1","0","0","0","0","0","0","0","0","0","0","0","0","0","0","0","0","0","56","1","0","4","0","0","1","0","0","0","0","0","0","0","2","0","0","0","0","1","0","1","0","0","0","0","0","0","1","0","0","0","2","0","0","0","0","0","0","0","0","0","0","0","0","0","0","0","0","0","0","0","0","0","0","0","0","0","0","0","0","0","0","0","0","0","0","0","0","0","0","0","0","0","0","0","0","0","0","0","0","0","0","0","0","0","0","0","0","0","0","0","0","0","0","0","1","0"
"39-920 Koyuk","20","0","0","0","1","0","0","0","0","0","0","0","0","0","0","0","2","0","0","1","2","0","0","0","0","0","0","0","0","0","0","0","0","1","3","0","0","0","0","0","0","0","0","0","0","0","0","0","0","0","1","0","0","0","0","0","0","0","0","0","0","0","0","0","0","0","0","0","0","0","0","0","0","0","0","1","0","0","0","0","0","0","0","0","0","0","0","1","0","0","0","0","0","4","0","0","0","0","0","0","0","0","0","0","0","0","0","0","2","0","0","0","0","0","0","0","0","0","0","0","0","0","0","0","1","0","0","0","0","0","0","0","0","0","0","0","0","0","0","0","36","0","0","1","0","0","0","3","0","0","0","0","0","0","1","0","1","0","2","4","0","1","0","0","0","0","0","1","3","0","0","0","4","0","0","0","0","0","0","0","0","0","0","0","0","0","0","0","0","0","0","0","0","0","0","0","0","0","0","0","0","0","0","0","0","0","0","0","0","0","0","0","0","0","0","0","0","0","0","0","0","0","0","0","0","0","0","0","0","0","0","0","0","0","0","0","1","2"
"39-921 Marshall","15","0","0","0","1","0","0","0","0","0","0","0","0","0","2","0","4","0","0","0","3","0","0","0","0","0","0","0","0","0","1","0","0","0","1","0","0","0","0","0","0","0","0","0","0","0","0","0","0","0","1","0","0","0","0","0","1","0","0","0","0","0","0","0","0","0","0","1","0","0","0","0","0","0","0","0","0","0","0","0","0","0","0","0","0","0","0","0","0","0","0","0","0","5","0","2","0","0","0","0","0","1","0","0","0","0","0","0","0","4","0","1","0","0","0","0","0","0","0","0","0","0","1","0","0","0","0","0","0","0","0","0","0","0","0","0","0","0","0","0","24","0","0","3","0","0","0","0","0","0","1","0","0","0","0","0","1","0","0","5","0","0","0","0","1","0","0","1","0","0","0","0","4","0","0","0","0","0","0","0","0","0","0","0","0","0","0","0","0","0","0","0","0","0","0","0","0","0","0","0","0","0","0","0","0","0","0","0","0","0","0","0","0","0","0","0","0","0","0","0","0","0","0","0","0","0","0","0","0","0","0","0","0","0","0","0","2","0"
"39-922 Mountain Village","14","0","0","0","1","0","0","0","1","0","0","0","0","1","0","0","3","0","0","3","3","0","0","1","0","0","0","0","2","0","1","0","0","0","4","0","0","0","0","0","0","0","0","0","0","0","0","0","0","0","1","0","0","0","0","0","0","0","0","0","1","0","0","0","0","0","0","1","0","0","0","0","0","0","0","0","0","0","2","0","0","0","0","0","0","0","0","0","0","0","0","0","0","0","0","0","0","2","0","0","1","3","0","0","0","0","0","0","0","2","0","0","0","0","0","0","0","0","0","1","0","1","1","0","0","0","0","0","0","0","0","0","0","0","0","0","0","0","0","0","36","5","0","3","0","0","3","8","1","0","0","0","0","0","1","2","1","0","0","7","0","0","0","0","0","0","0","1","2","0","0","3","8","0","0","0","0","0","0","0","0","0","0","0","0","0","0","0","0","0","0","0","0","0","0","0","0","0","0","0","0","0","0","0","0","0","0","0","0","0","0","0","0","0","0","0","0","0","0","0","0","0","0","0","0","0","0","0","0","0","0","0","0","0","0","0","0","1"
"39-924 Nome No. 1","61","0","0","0","0","1","0","0","1","0","0","0","0","6","0","0","4","0","0","2","1","0","0","0","0","0","0","0","4","0","2","0","0","0","1","0","0","0","0","0","0","0","0","0","0","0","0","0","0","1","0","0","0","0","0","0","0","0","0","0","0","0","0","0","0","0","0","0","0","0","0","0","0","0","0","0","0","0","0","0","0","0","0","0","0","0","0","0","0","0","0","0","0","7","1","1","0","2","0","0","0","0","0","0","0","0","0","2","0","0","0","0","0","1","0","0","0","0","0","0","1","0","0","0","1","0","0","0","0","0","0","0","0","0","0","0","0","0","0","0","118","10","2","2","0","0","2","1","0","0","0","0","0","0","8","1","2","0","6","9","0","1","0","0","0","0","8","1","3","0","0","2","17","0","1","0","0","0","0","0","1","0","0","0","0","0","0","0","0","1","0","0","0","0","0","0","0","0","0","0","0","0","0","0","0","0","0","0","0","0","0","0","0","0","0","0","0","0","0","0","0","0","0","0","0","0","0","0","0","0","0","0","0","0","0","0","7","0"
"39-926 Nome No. 2","106","0","1","0","1","0","0","0","1","0","0","0","0","14","4","0","9","0","0","0","6","0","0","0","0","0","1","0","6","1","1","0","0","1","11","0","0","0","0","0","1","0","0","0","1","0","0","0","0","0","1","0","0","0","0","0","0","1","0","0","0","0","0","1","0","0","0","1","0","0","0","0","0","2","0","1","0","0","0","0","0","0","0","0","0","0","0","0","0","0","0","0","0","12","1","0","0","3","0","0","0","5","0","0","0","0","0","1","0","3","0","0","0","0","0","0","0","0","0","0","0","1","5","0","0","1","0","0","0","0","0","0","0","0","0","0","0","0","0","0","179","23","0","13","0","0","0","13","0","0","0","0","0","0","17","2","7","0","12","31","0","1","0","0","0","1","10","4","15","0","0","3","27","0","3","0","0","0","0","1","3","0","0","0","0","0","0","0","0","1","0","0","0","0","0","0","0","0","0","0","0","0","0","0","0","0","0","0","0","0","0","0","0","0","0","0","0","0","0","0","0","0","0","0","0","0","0","0","0","1","0","0","0","0","0","0","7","2"
"39-928 Nunam Iqua","5","0","0","0","0","0","0","0","0","0","0","0","0","0","0","0","0","0","0","0","1","0","0","0","0","0","0","0","0","0","0","0","0","0","0","0","0","0","0","0","0","0","0","0","0","0","0","0","0","0","0","0","0","1","0","0","0","0","0","0","0","0","0","0","0","0","0","0","0","0","0","0","0","0","0","1","0","0","0","0","0","0","0","0","0","0","0","0","0","0","0","0","0","1","1","0","0","0","0","0","0","1","0","0","0","0","0","0","0","0","0","0","0","0","0","0","0","0","1","0","0","0","1","0","0","0","0","0","0","0","0","0","0","0","0","0","0","0","0","0","13","0","1","2","0","0","0","1","0","0","0","0","0","0","0","0","1","0","0","2","0","0","0","0","0","0","1","0","1","0","0","0","0","0","0","0","0","0","1","0","0","0","0","0","0","0","0","0","0","0","0","0","0","0","0","0","0","0","0","0","0","0","0","0","0","0","0","0","0","0","0","0","0","0","0","0","0","0","0","0","0","0","0","0","0","0","0","0","0","0","0","0","0","0","0","0","1","0"
"39-930 Pilot Station","6","0","0","0","1","0","0","0","0","0","0","0","0","0","0","0","4","0","0","1","1","0","0","0","0","0","0","0","0","0","2","0","0","0","2","0","0","0","0","0","0","0","0","0","0","0","0","0","0","0","1","0","0","0","0","0","0","0","0","0","0","0","0","1","0","0","0","0","0","0","0","0","0","0","0","0","0","0","0","0","0","0","0","0","0","0","0","0","0","0","0","0","0","1","0","0","0","2","0","0","0","0","0","0","0","0","0","0","0","1","0","0","0","0","0","0","0","0","0","0","0","0","2","0","0","1","0","0","0","0","0","0","0","0","0","0","0","0","0","0","27","1","1","3","0","0","0","4","0","0","0","0","0","0","1","1","1","0","0","6","1","1","0","0","0","0","1","0","4","0","0","0","13","0","0","0","0","0","0","0","0","0","0","0","0","0","0","0","0","1","0","0","0","0","0","0","0","0","0","0","0","0","0","0","0","0","0","0","0","0","0","0","0","0","0","0","0","0","0","0","0","0","0","0","0","0","0","0","0","0","0","0","0","0","0","0","1","1"
"39-931 Russian Mission","17","0","0","0","1","0","0","0","0","0","0","0","0","0","0","0","0","0","0","1","0","0","0","0","0","0","0","0","0","0","0","0","0","0","0","0","0","0","0","0","0","0","0","0","0","0","0","0","0","0","2","0","0","0","0","0","0","0","0","0","0","0","0","0","0","0","0","0","0","0","0","0","0","0","0","0","0","0","0","0","0","0","0","0","0","0","0","0","0","0","0","0","0","5","0","0","0","0","0","0","0","0","0","0","0","0","0","0","0","0","0","0","0","0","0","0","0","0","0","0","0","0","0","0","0","0","0","0","0","0","0","0","0","0","0","0","0","0","0","0","24","1","0","1","0","0","0","1","0","0","0","0","0","0","0","0","0","0","0","2","0","0","0","0","0","0","0","0","2","0","0","0","1","0","0","0","0","0","0","0","0","0","0","0","0","0","0","0","0","0","0","0","0","0","0","0","0","0","0","0","0","0","0","0","0","0","0","0","0","0","0","0","0","0","0","0","0","0","0","0","0","0","0","0","0","0","0","0","0","0","0","0","0","0","0","0","1","0"
"39-932 Savoonga","9","0","0","0","0","0","0","0","0","0","0","0","0","1","0","0","0","0","0","0","4","0","0","0","0","0","0","0","2","0","1","0","0","0","0","0","1","0","0","0","0","0","0","0","0","0","0","0","0","0","1","0","0","0","0","0","1","0","0","0","0","0","0","2","0","0","1","1","0","0","0","0","0","0","0","0","0","0","0","0","0","0","0","0","0","0","0","0","0","0","0","0","0","8","0","0","0","1","0","0","2","3","0","0","0","0","0","1","0","3","0","0","0","3","0","0","0","0","0","0","1","0","3","0","0","0","0","0","0","0","0","0","0","0","0","0","0","0","0","0","46","3","4","4","0","0","0","6","0","0","0","0","0","0","5","0","1","0","5","12","0","0","0","0","0","0","0","0","4","0","0","1","10","0","0","2","0","0","0","1","0","0","0","0","0","0","0","0","0","0","0","0","0","0","0","0","0","0","0","0","0","0","0","0","0","0","0","0","0","0","0","0","0","0","0","0","0","0","0","0","0","0","0","0","0","0","0","0","0","0","0","0","0","0","0","0","4","2"
"39-934 Scammon Bay","2","0","0","0","0","0","0","1","0","0","0","0","0","0","0","0","3","0","0","0","1","0","0","0","0","0","0","0","1","1","3","0","0","1","3","0","0","0","0","0","0","0","0","0","0","0","0","0","0","0","0","0","0","0","0","0","0","0","0","0","0","0","0","0","0","0","0","0","0","0","0","0","0","0","0","0","0","0","0","0","0","0","0","0","0","0","0","0","0","0","0","0","0","1","0","0","0","0","0","0","0","1","0","0","0","0","0","0","0","1","0","0","0","0","0","0","0","0","0","0","1","0","1","0","0","1","0","0","0","0","0","0","0","0","0","0","0","0","0","0","33","1","4","8","0","0","2","6","0","0","0","0","0","0","5","0","2","0","0","8","0","0","0","0","0","0","0","0","4","0","0","0","6","0","1","0","0","0","1","0","0","0","0","0","0","0","0","0","0","0","0","0","0","0","0","0","0","0","0","0","0","0","0","0","0","0","0","0","0","0","0","0","0","0","0","0","0","0","0","0","0","0","0","0","0","0","0","0","0","0","0","0","0","0","0","0","1","4"
"39-936 Shaktoolik","12","0","0","0","0","0","0","0","1","0","0","0","0","1","0","0","0","0","0","1","1","0","0","0","0","0","0","0","1","0","1","0","0","0","3","0","0","0","0","0","0","0","0","0","0","0","0","0","0","0","0","0","0","0","0","0","1","0","0","0","0","0","0","0","0","0","0","1","0","0","0","0","0","0","0","1","0","0","0","0","0","0","0","0","0","0","0","0","0","0","0","0","0","1","0","0","0","0","0","0","0","0","0","0","0","0","0","0","0","0","0","0","0","0","0","0","0","0","0","0","0","0","0","0","0","0","0","0","0","0","0","0","0","0","0","0","0","0","0","0","21","0","0","0","0","0","0","4","0","0","0","0","0","0","0","0","0","0","0","4","0","0","0","0","0","0","0","0","0","0","0","0","2","0","0","0","0","0","0","0","0","0","0","0","0","0","0","0","0","0","0","0","0","0","0","0","0","0","0","0","0","0","0","0","0","0","0","0","0","0","0","0","0","0","0","0","0","0","0","0","0","0","0","0","0","0","0","0","0","0","0","0","0","0","0","0","1","0"
"39-938 Shishmaref","10","0","0","0","1","0","0","0","0","0","0","0","0","0","0","0","4","0","0","1","1","0","0","0","0","0","0","0","0","1","2","0","0","1","1","0","0","0","0","0","0","0","0","0","0","0","0","0","0","0","1","0","0","0","0","0","0","0","0","0","0","0","0","0","0","0","1","0","0","0","0","0","0","0","0","1","0","0","0","0","0","0","0","0","0","0","0","0","0","0","0","0","0","5","0","0","0","1","0","0","0","0","0","0","0","0","0","0","0","1","0","0","1","2","0","0","0","0","0","0","0","0","0","0","0","1","0","0","0","1","0","0","0","0","0","0","0","0","0","0","88","2","1","2","0","0","2","6","0","0","0","0","0","0","0","2","2","0","0","14","0","0","0","0","0","0","0","0","5","0","0","1","6","0","1","0","0","0","0","0","0","0","0","0","0","0","0","0","0","1","0","0","1","0","0","0","0","0","0","0","0","0","0","0","0","0","0","0","0","0","0","0","0","0","0","0","0","0","0","1","0","0","0","0","0","0","0","0","0","0","0","0","0","0","0","0","2","1"
"39-940 St. Mary's","14","0","0","0","1","0","0","0","0","0","0","0","0","0","0","0","0","0","0","0","0","0","0","0","0","0","0","0","2","0","0","0","0","1","0","0","0","0","0","0","0","0","0","0","0","0","0","0","0","0","0","0","0","0","0","0","0","0","0","0","0","0","0","0","0","0","0","0","0","0","0","0","0","0","0","0","0","0","0","0","0","0","0","0","0","0","0","0","0","0","0","0","0","2","1","0","0","0","0","0","0","0","0","0","0","0","0","0","0","0","0","0","0","0","0","0","0","0","0","0","1","1","0","0","0","0","0","0","0","0","0","0","0","0","0","0","0","0","0","0","56","3","0","3","0","0","2","2","0","0","0","0","0","0","0","1","1","0","0","10","0","0","1","0","0","0","2","1","2","0","0","0","9","0","1","0","0","0","0","0","0","0","0","0","0","0","0","0","0","0","0","0","0","0","0","0","0","0","0","0","0","0","0","0","0","0","0","0","0","0","0","0","0","0","0","0","0","0","0","0","0","0","0","0","0","0","0","0","0","0","0","0","0","0","0","0","0","0"
"39-942 St. Michael","16","0","0","0","0","0","0","0","0","0","0","0","0","2","1","0","2","0","0","0","0","0","0","0","0","0","0","0","0","0","0","0","0","1","1","0","0","0","0","0","0","0","0","0","0","0","0","0","0","0","1","0","0","0","0","0","0","0","0","0","0","0","0","0","0","0","0","0","0","0","0","0","0","0","0","0","0","0","0","0","0","0","0","0","0","0","0","0","0","0","0","0","0","1","2","0","0","0","0","0","0","1","0","0","0","0","0","1","0","0","0","0","0","1","0","0","0","0","0","0","0","0","0","0","0","0","0","0","0","0","0","0","0","0","0","0","0","0","0","0","16","2","0","2","0","0","0","2","0","0","0","0","0","0","0","1","0","0","0","2","0","0","0","0","0","0","0","1","2","0","0","0","3","0","0","0","0","0","0","0","0","0","0","0","0","0","0","0","0","0","0","0","0","0","0","0","0","0","0","0","0","0","0","0","0","0","0","0","0","0","0","0","0","0","0","0","0","0","0","0","0","0","0","0","0","0","0","0","0","0","0","0","0","0","0","0","4","0"
"39-944 Stebbins","4","1","0","0","0","0","0","0","0","0","0","0","0","2","0","0","2","0","0","1","0","0","0","0","0","0","0","0","0","0","3","0","0","0","5","0","0","0","0","0","0","0","0","0","0","0","0","0","0","0","0","0","0","0","0","0","0","0","0","0","0","0","0","0","0","0","0","0","0","0","0","0","0","0","0","0","0","0","0","0","0","0","0","0","0","0","0","0","0","0","0","0","0","1","0","0","0","2","0","0","0","0","0","0","0","0","0","0","0","1","0","0","0","1","0","0","0","0","0","0","0","0","2","0","0","1","0","0","0","0","0","0","0","0","0","0","0","0","0","0","16","2","0","3","0","0","3","8","0","0","0","0","0","0","1","0","2","0","0","1","0","1","0","0","0","0","0","0","6","0","0","1","1","0","0","0","0","0","0","2","0","0","0","0","0","0","0","0","0","0","0","0","0","0","0","0","0","0","0","0","0","0","0","0","0","0","0","0","0","0","0","0","0","0","0","0","0","0","0","0","0","0","0","0","0","0","0","0","0","0","0","0","0","0","0","0","0","0"
"39-946 Teller","6","0","0","0","0","0","0","0","0","0","0","0","0","0","0","0","0","0","0","0","1","0","0","0","0","0","0","0","2","0","0","0","0","0","0","0","0","0","0","0","0","0","0","0","0","0","0","0","0","0","1","0","0","0","0","0","0","0","0","0","0","0","0","0","0","0","0","0","0","0","0","0","0","0","0","0","0","0","0","0","0","0","0","0","0","0","0","0","0","0","0","0","0","0","0","0","0","0","0","0","0","0","0","0","0","0","0","0","0","0","0","0","0","0","0","0","0","0","0","0","0","0","0","0","0","1","0","0","0","0","0","0","0","0","0","0","0","0","0","0","7","1","0","2","0","0","2","4","0","0","0","0","0","0","1","0","0","0","0","2","0","0","0","0","0","0","0","0","4","0","0","0","2","0","0","0","0","0","0","0","0","0","0","0","0","0","0","0","0","0","0","0","0","0","0","0","0","0","0","0","0","0","0","0","0","0","0","0","0","0","0","0","0","0","0","0","0","0","0","0","0","0","0","0","0","0","0","0","0","0","0","0","0","0","0","0","0","0"
"39-948 Unalakleet","41","0","0","0","0","0","0","0","1","0","0","0","0","1","2","0","4","1","0","0","1","0","0","0","0","0","0","0","2","0","2","0","0","0","5","0","0","0","0","0","0","0","0","0","0","0","0","0","0","0","0","0","0","0","0","0","0","0","0","0","1","0","0","0","0","0","0","0","0","0","0","0","0","0","0","0","0","0","0","0","0","0","0","0","0","0","0","0","0","0","0","0","0","2","0","0","0","0","0","0","0","1","0","0","0","0","0","0","0","1","0","0","0","0","0","0","0","0","0","0","0","0","0","0","1","0","0","0","0","0","0","0","0","0","0","0","0","0","0","0","82","8","2","4","0","0","1","8","0","0","1","0","0","0","2","1","4","0","3","8","0","2","0","1","0","0","3","1","4","0","0","0","14","0","0","0","0","0","0","0","0","0","0","0","0","0","0","0","0","0","0","0","0","0","0","0","0","0","0","0","0","0","0","0","0","0","0","0","0","0","0","0","0","0","0","0","0","0","0","0","0","0","0","0","0","0","0","0","0","0","0","0","0","0","1","0","4","1"
"39-950 Wales","0","0","0","0","0","0","0","0","0","0","0","0","0","0","0","0","0","0","0","0","0","0","0","0","0","0","0","0","0","0","0","0","0","0","0","0","0","0","0","0","0","0","0","0","0","0","0","0","0","0","0","0","0","0","0","0","0","0","0","0","0","0","0","0","0","0","0","0","0","0","0","0","0","0","0","0","0","0","0","0","0","0","0","0","0","0","0","0","0","0","0","0","0","0","0","0","0","0","0","0","0","0","0","0","0","0","0","0","0","0","0","0","0","0","0","0","0","0","0","0","0","0","1","0","0","0","0","0","0","0","0","0","0","0","0","0","0","0","0","0","5","0","0","0","0","0","0","1","0","0","0","0","0","0","1","0","0","0","0","0","0","0","0","0","0","0","0","0","0","0","0","0","0","0","0","0","0","0","0","0","0","0","0","0","0","0","0","0","0","0","0","0","0","0","0","0","0","0","0","0","0","0","0","0","0","0","0","0","0","0","0","0","0","0","0","0","0","0","0","0","0","0","0","0","0","0","0","0","0","0","0","0","0","0","0","0","0","0"
"39-952 White Mountain","6","0","1","0","0","0","0","0","0","0","0","0","0","0","0","0","2","0","0","0","0","0","0","0","0","0","0","0","2","0","2","0","0","0","2","0","0","0","0","0","0","0","0","0","0","0","0","0","0","0","1","0","0","0","0","0","0","0","0","0","0","0","0","0","0","0","0","0","0","0","0","0","0","0","0","0","0","0","0","0","0","0","0","0","0","0","0","0","0","0","0","0","0","3","0","0","0","0","0","0","0","0","0","0","0","0","0","1","0","1","0","0","0","0","0","0","0","0","0","0","0","0","1","0","0","0","0","0","0","0","0","0","0","0","0","0","0","0","0","0","25","1","1","1","0","0","0","2","0","0","0","0","0","0","1","0","1","0","1","6","0","0","0","0","0","0","1","0","1","0","0","0","6","0","0","0","0","0","0","0","0","0","0","0","0","0","0","0","0","0","0","0","0","0","0","0","0","0","0","0","0","0","0","0","0","0","0","0","0","0","0","0","0","0","0","0","0","0","0","0","0","0","0","0","0","0","0","0","0","0","0","0","0","0","0","0","0","0"
"40-002 Ambler","6","0","0","0","1","0","1","1","0","0","0","0","0","2","0","0","1","0","0","0","0","0","0","0","0","0","0","0","0","1","1","0","0","0","0","0","0","0","0","0","0","0","0","0","0","0","0","0","0","0","4","0","0","0","0","0","0","0","0","0","0","0","0","0","0","0","0","0","0","0","0","0","0","0","0","0","0","0","0","0","0","0","0","0","0","0","0","0","0","0","0","0","0","1","1","0","0","0","0","0","0","0","0","0","0","0","0","0","0","0","0","0","0","0","0","0","0","0","0","0","0","0","0","0","0","0","0","0","0","0","0","0","0","0","0","0","0","0","0","0","10","2","1","2","0","0","1","1","0","0","0","0","0","0","0","0","2","0","1","2","0","0","0","0","0","0","0","0","0","0","0","1","0","0","0","0","0","0","0","0","0","0","0","0","0","0","0","0","0","0","0","0","0","0","0","0","0","0","0","0","0","0","0","0","0","0","0","0","0","0","0","0","0","0","0","0","0","0","0","0","0","0","0","0","0","0","0","0","0","0","0","0","0","0","0","0","1","0"
"40-004 Anaktuvuk Pass","12","0","0","0","0","0","0","0","0","0","0","0","0","2","0","0","2","0","0","0","0","0","0","0","1","0","0","0","1","0","0","0","0","0","0","0","0","0","0","0","0","0","0","0","0","0","0","0","0","0","1","0","0","0","0","0","0","0","0","0","1","0","0","0","0","0","0","0","0","0","0","0","0","0","0","0","0","0","0","0","0","0","0","0","0","0","0","0","0","0","0","0","0","0","0","0","0","1","0","0","1","0","0","0","0","0","0","0","0","0","0","0","0","0","0","0","0","0","0","0","0","0","0","0","0","0","0","0","0","0","0","0","0","0","0","0","0","0","0","0","24","0","0","2","0","0","0","2","0","0","0","0","0","0","1","0","0","0","1","2","0","0","0","0","0","0","1","0","0","0","0","0","1","0","0","0","0","0","0","0","0","0","0","0","0","0","0","0","0","0","0","0","0","0","0","0","0","0","0","0","0","0","0","0","0","0","0","0","0","0","0","0","0","0","0","0","0","0","0","0","0","0","0","0","0","0","0","0","0","0","0","0","0","0","0","0","2","0"
"40-006 Atqasuk","9","0","0","0","0","0","0","0","0","0","0","0","0","0","0","0","1","0","0","0","1","0","0","0","0","0","0","0","0","0","0","0","0","0","0","0","0","0","0","0","0","0","0","0","0","0","0","0","0","0","0","0","0","0","0","0","0","0","0","0","0","0","0","0","0","0","0","0","0","0","0","0","0","0","0","0","0","0","0","0","0","0","0","0","0","0","0","0","0","0","0","0","0","4","0","0","0","1","0","0","0","0","0","0","0","0","0","0","0","1","0","0","0","1","0","0","0","0","0","0","0","0","0","0","0","0","0","0","0","0","0","0","0","0","0","0","0","0","0","0","10","1","0","1","0","0","0","1","0","0","0","0","0","0","0","0","0","0","0","1","0","0","0","0","0","0","0","0","1","0","0","0","2","0","0","0","0","0","0","0","0","0","0","0","0","0","0","0","0","0","0","0","0","0","0","0","0","0","0","0","0","0","0","0","0","0","0","0","0","0","0","0","0","0","0","0","0","0","0","0","0","0","0","0","0","0","0","0","0","0","0","0","0","0","0","0","0","2"
"40-008 Utqiagvik","68","0","0","0","1","0","0","0","0","0","0","0","0","3","0","0","6","0","0","0","2","0","0","0","0","0","0","0","3","0","3","0","0","0","2","0","0","0","0","0","0","0","0","0","0","0","0","0","0","0","4","0","0","0","0","0","1","1","0","0","0","0","0","0","0","0","0","0","0","0","0","0","0","1","0","1","0","0","0","0","0","0","0","0","0","0","0","0","0","0","0","0","0","7","1","0","0","1","0","0","0","2","0","0","0","0","0","0","1","0","0","0","0","1","0","0","0","0","0","0","0","0","0","0","0","0","0","0","0","0","0","0","0","0","0","0","0","0","0","0","72","2","0","6","0","0","0","1","0","0","0","0","0","0","8","1","4","0","4","18","0","2","0","0","0","0","0","2","0","0","0","1","16","0","1","0","0","0","0","0","0","0","0","0","0","0","0","0","0","0","0","0","1","0","0","0","0","0","0","0","0","0","0","0","0","0","0","0","0","0","0","0","0","0","0","0","0","0","0","0","0","0","0","0","0","0","0","0","0","0","0","0","0","0","0","0","1","0"
"40-010 Browerville","108","1","1","0","15","0","0","0","1","0","0","0","0","6","0","0","7","0","0","1","5","0","0","0","0","0","0","1","5","2","3","0","0","1","5","0","0","0","0","0","0","0","0","0","0","1","0","0","0","0","5","0","0","0","0","0","0","0","0","0","0","0","0","2","0","0","0","2","0","0","0","0","0","1","0","1","0","0","1","0","0","0","0","0","0","0","0","0","0","0","0","0","0","23","0","1","0","2","0","0","0","2","0","0","0","0","0","1","0","4","0","0","1","4","0","0","0","0","0","0","1","1","2","0","0","1","0","0","0","0","0","0","0","0","0","0","0","0","0","0","211","7","2","26","0","0","4","11","0","0","0","0","0","0","10","2","8","0","14","49","0","1","1","1","0","1","2","3","3","0","0","7","38","0","2","0","0","0","1","0","1","0","0","0","0","1","0","0","0","0","0","0","3","0","0","0","0","0","0","0","0","0","0","0","0","0","0","0","0","0","0","0","0","0","0","0","0","0","0","2","0","0","0","0","0","0","0","0","0","1","0","0","0","0","0","0","13","4"
"40-012 Buckland","6","1","1","0","2","0","0","0","0","0","0","0","0","1","0","0","2","0","0","1","0","0","0","0","0","0","0","0","0","0","2","0","0","0","1","0","0","0","0","0","0","0","0","0","0","0","0","0","0","0","1","0","0","0","0","0","0","0","1","0","0","0","0","0","0","0","0","0","0","0","0","0","0","0","0","0","0","1","0","0","0","0","0","0","0","0","0","0","0","0","0","0","0","1","0","0","0","0","0","0","0","1","0","0","0","0","0","0","0","1","0","0","0","0","0","0","0","0","0","0","0","0","1","0","0","0","0","0","0","0","0","0","0","0","0","0","0","0","0","0","29","2","0","6","0","0","1","7","0","0","0","0","0","0","0","0","0","0","1","2","0","0","0","0","0","0","0","0","1","0","0","0","7","0","0","0","0","0","0","1","0","0","0","0","0","0","0","0","0","0","0","0","0","0","0","0","0","0","0","0","0","0","0","0","0","0","0","0","0","0","0","0","0","0","0","0","0","0","0","0","0","0","0","0","0","0","0","0","0","0","0","0","0","0","0","0","2","1"
"40-014 Deering","1","0","0","0","1","0","0","0","0","0","0","0","0","0","0","0","3","0","0","0","0","0","0","0","0","0","0","0","0","0","1","0","0","0","0","0","0","0","0","0","1","0","0","0","0","0","0","0","0","0","0","0","0","0","0","0","0","0","0","0","0","0","0","0","0","0","0","0","0","0","0","0","0","0","0","0","0","0","0","0","0","0","0","0","0","0","0","0","0","0","0","0","0","1","0","0","0","1","0","0","0","0","0","0","0","0","0","0","0","0","0","0","0","1","0","0","0","0","0","0","0","0","0","0","0","0","0","0","0","0","0","0","0","0","0","0","0","0","0","0","10","0","0","1","0","0","1","2","0","0","0","0","0","0","0","0","1","0","3","4","0","0","0","0","0","0","0","1","0","0","0","0","3","0","0","0","0","0","0","0","0","0","0","0","0","0","0","0","0","0","0","0","0","0","0","0","0","0","0","0","0","0","0","0","0","0","0","0","0","0","0","0","0","0","0","0","0","0","0","0","0","0","0","0","0","0","0","0","0","0","0","0","0","0","0","0","0","1"
"40-016 Kaktovik","33","0","0","0","2","0","0","0","0","0","0","0","0","0","1","0","0","0","0","0","0","0","0","0","0","0","0","0","0","0","0","0","0","0","0","0","0","0","0","0","0","0","0","0","0","0","0","0","0","0","1","0","0","0","0","0","0","0","0","0","0","0","0","0","0","0","0","0","0","0","0","0","0","0","0","0","0","0","0","0","0","0","0","0","0","0","0","0","0","0","0","0","0","5","0","0","0","0","0","0","0","0","0","0","0","0","0","1","0","1","0","0","0","0","0","0","0","0","0","0","0","0","0","0","0","0","0","0","0","0","0","0","0","0","0","0","0","0","0","0","18","0","0","1","0","0","1","1","0","0","0","0","0","0","0","0","0","0","0","0","0","0","0","0","0","0","0","0","1","0","0","0","3","0","0","0","0","0","0","0","0","0","0","0","0","0","0","0","0","0","0","0","3","0","0","0","0","0","0","0","0","0","0","0","0","0","0","0","0","0","0","0","0","0","0","0","0","0","0","0","0","0","0","0","0","0","0","0","0","0","0","0","0","0","0","0","1","0"
"40-018 Kiana","19","0","0","0","0","0","0","0","0","0","0","0","0","0","0","0","0","0","0","0","0","0","0","0","0","0","0","0","0","0","0","0","0","0","0","0","0","0","0","0","0","0","0","0","0","0","0","0","0","0","1","0","0","0","0","0","0","0","0","0","0","0","0","0","0","0","0","0","0","0","0","0","0","0","0","0","0","0","0","0","0","0","0","0","0","0","0","0","0","0","0","0","0","2","0","0","0","0","0","0","0","0","0","0","0","0","0","0","0","0","0","0","0","0","0","0","0","0","0","0","0","0","0","0","0","0","0","0","0","0","0","0","0","0","0","0","0","0","0","0","36","0","0","0","0","0","0","0","0","0","0","0","0","0","0","0","0","0","0","0","0","0","0","0","0","0","0","0","0","0","0","0","0","0","0","0","0","0","0","0","0","0","0","0","0","0","0","0","0","0","0","0","0","0","0","0","0","0","0","0","0","0","0","0","0","0","0","0","0","0","0","0","0","0","0","0","0","0","0","0","0","0","0","0","0","0","0","0","0","0","0","0","0","0","0","0","2","0"
"40-020 Kivalina","15","0","0","0","0","0","0","0","0","0","0","0","0","0","0","0","1","0","0","0","0","0","0","0","0","0","0","0","2","0","1","0","0","0","0","0","0","0","0","0","0","0","0","0","0","0","0","0","0","0","1","0","0","0","0","0","0","0","0","0","0","0","0","0","0","0","0","0","0","0","0","0","0","0","0","0","0","0","0","0","0","0","0","0","0","0","0","0","0","0","0","0","0","7","0","0","0","1","0","0","1","0","0","0","0","0","0","0","0","1","0","0","0","0","0","0","0","0","0","0","1","0","0","0","0","0","0","0","0","0","0","0","0","0","0","0","0","0","0","0","19","1","1","2","0","0","0","0","0","0","0","0","0","0","0","0","1","0","0","1","0","1","0","0","0","0","0","0","1","0","0","0","1","0","0","0","0","0","0","0","0","0","0","0","0","0","0","0","0","0","0","0","0","0","0","0","0","0","0","0","0","0","0","0","0","0","0","0","0","0","0","0","0","0","0","0","0","0","0","0","0","0","0","0","0","0","0","0","0","0","0","0","0","0","0","0","2","1"
"40-022 Kobuk","4","0","0","0","0","0","0","0","0","0","0","0","0","0","0","0","0","0","0","0","0","0","0","0","0","0","0","0","0","0","0","0","0","0","0","0","0","0","0","0","0","0","0","0","0","0","0","0","0","0","1","0","0","0","0","0","0","0","0","0","0","0","0","0","0","0","0","0","0","0","0","0","1","0","0","0","0","0","0","0","0","0","0","0","0","0","0","0","0","0","0","0","0","2","0","0","0","0","0","0","0","0","0","0","0","0","0","0","0","1","0","0","0","0","0","0","0","0","0","0","0","0","0","0","0","0","0","0","0","0","0","0","0","0","0","0","0","0","0","0","23","0","0","0","0","0","0","1","0","0","0","0","0","0","0","0","1","0","1","0","0","0","0","0","0","0","0","0","0","0","0","0","0","0","0","0","0","0","0","0","0","0","0","0","0","0","0","0","0","0","0","0","0","0","0","0","0","0","0","0","0","0","0","0","0","0","0","0","0","0","0","0","0","0","0","0","0","0","0","0","0","0","0","0","0","0","0","0","0","0","0","0","0","0","0","0","3","0"
"40-024 Kotzebue","82","0","1","0","7","0","0","1","3","0","0","0","0","9","0","0","11","1","0","1","6","0","1","1","0","0","1","0","9","0","15","0","0","3","6","0","0","0","0","0","0","0","0","0","0","1","0","0","0","0","3","0","0","0","0","0","1","0","0","0","1","0","0","1","0","0","0","0","0","0","0","0","0","0","0","0","0","0","0","0","0","0","0","0","0","0","0","0","0","0","0","0","0","12","2","1","0","3","0","0","1","2","0","0","0","0","0","0","0","4","0","0","2","3","0","0","0","1","0","0","1","0","1","0","1","2","0","0","0","0","0","0","0","0","0","0","0","0","0","0","192","9","3","27","0","0","1","13","0","0","0","0","0","0","11","5","7","0","8","35","0","2","0","0","0","0","3","1","5","0","0","3","30","0","0","0","0","0","0","2","0","0","0","0","0","0","0","0","0","1","0","0","7","0","0","0","0","0","0","0","0","0","0","0","0","0","0","0","0","0","0","0","0","0","0","0","0","0","0","0","0","0","0","0","0","0","0","0","1","0","0","0","0","0","0","0","6","1"
"40-026 Noatak","25","0","0","0","1","1","0","0","1","0","0","0","0","0","0","0","5","0","0","0","1","0","0","0","0","0","0","0","0","0","2","0","0","1","2","0","0","0","0","0","0","0","0","0","0","0","0","0","0","0","0","0","0","0","0","0","0","0","0","0","0","0","0","0","0","0","1","1","0","0","0","0","0","0","0","0","0","0","0","0","0","0","0","0","0","0","0","0","0","0","0","0","0","10","0","0","0","2","0","0","0","0","0","0","0","0","0","1","0","2","0","0","0","0","0","0","0","0","0","0","0","1","0","0","0","0","0","0","0","0","0","0","0","0","0","0","0","0","0","0","18","2","1","5","0","0","1","5","0","0","0","0","0","0","1","0","6","0","0","4","0","0","0","0","0","0","0","0","0","0","0","0","3","0","0","0","0","0","0","0","0","0","0","0","0","0","0","0","0","0","0","0","0","0","0","0","0","0","0","0","0","0","0","0","0","0","0","0","0","0","0","0","0","0","0","0","0","0","0","0","0","0","0","0","0","0","0","0","0","0","0","0","0","0","0","0","1","1"
"40-028 Noorvik","27","0","0","0","1","1","0","0","0","0","0","0","0","1","1","0","0","1","0","0","0","0","0","0","0","0","0","0","2","0","0","0","0","0","2","0","0","0","0","0","0","0","0","0","0","1","0","0","0","0","3","0","0","0","0","0","0","0","0","0","0","0","0","1","0","0","0","0","0","0","0","0","0","0","0","0","0","0","0","0","0","0","0","0","0","0","0","0","0","0","0","0","0","5","0","0","0","2","0","0","0","2","0","0","0","0","0","0","0","1","0","0","0","1","0","0","0","0","0","0","0","0","1","0","0","0","0","0","0","0","0","0","0","0","0","0","0","0","0","0","27","0","0","4","0","0","0","3","0","0","0","0","0","0","0","1","1","0","0","1","0","0","0","0","0","0","0","0","1","0","0","1","3","0","0","0","0","0","0","0","0","0","0","0","0","0","0","0","0","0","0","0","0","0","0","0","0","0","0","0","0","0","0","0","0","0","0","0","0","0","0","0","0","0","0","0","0","0","0","0","0","0","0","0","0","0","0","0","0","0","0","0","0","0","0","0","1","0"
"40-030 Nuiqsut","5","0","1","0","1","0","0","0","0","0","0","0","0","0","0","0","0","0","0","0","0","0","0","0","0","0","0","0","0","0","0","0","0","0","0","0","1","0","0","0","0","0","0","0","0","0","0","0","0","0","4","0","0","0","0","0","0","0","0","0","0","0","0","0","0","0","0","0","0","0","0","0","0","0","0","0","0","0","1","0","0","0","0","0","0","0","0","0","0","0","0","0","0","4","0","0","0","0","0","0","0","0","0","0","0","0","0","0","1","0","0","0","0","0","0","0","0","0","0","0","0","0","0","0","0","2","0","0","0","0","0","0","0","0","0","0","0","0","0","0","16","1","0","0","0","0","0","0","0","0","0","0","0","0","0","0","0","0","0","2","0","0","0","0","0","0","0","0","2","0","0","0","1","0","0","0","0","0","0","0","0","0","0","0","0","0","0","0","0","0","0","0","0","0","0","0","0","0","0","0","0","0","0","0","0","0","0","0","0","0","0","0","0","0","0","0","0","0","0","0","0","0","0","0","0","0","0","0","0","0","0","0","0","0","0","0","1","1"
"40-032 Point Hope","42","0","0","0","0","0","0","0","0","0","0","0","0","1","0","0","0","0","0","0","0","0","0","0","0","0","0","0","0","0","0","0","0","0","0","0","0","0","0","0","0","0","0","0","0","0","0","0","0","0","6","0","0","0","0","0","0","0","0","0","0","0","0","1","0","0","0","0","0","0","0","0","0","0","0","0","0","0","0","0","0","0","0","0","0","0","0","0","0","0","0","0","0","10","0","1","0","0","0","0","0","0","0","0","0","0","0","0","0","0","0","0","0","0","0","0","0","0","0","0","0","0","0","0","0","0","0","0","0","0","0","0","0","0","0","0","0","0","0","0","56","0","0","1","0","0","0","0","0","0","0","0","0","0","0","0","0","0","0","0","0","0","0","0","0","0","0","0","0","0","0","0","0","0","0","0","0","0","0","0","0","0","0","0","0","0","0","0","0","0","0","0","0","0","0","0","0","0","0","0","0","0","0","0","0","0","0","0","0","0","0","0","0","0","0","0","0","0","0","0","0","0","0","0","0","0","0","0","0","0","0","0","0","0","0","0","2","0"
"40-034 Point Lay","6","0","0","0","1","0","0","0","0","0","0","0","0","0","0","0","2","0","0","0","0","0","0","0","0","0","0","0","0","0","0","0","0","0","0","0","0","0","0","0","0","0","0","0","0","0","0","0","0","0","2","0","0","0","0","0","0","0","0","0","0","0","0","0","0","0","0","1","0","0","0","0","0","0","0","0","0","0","1","0","0","0","0","0","0","0","0","0","0","0","0","0","0","0","0","0","0","0","0","0","0","0","0","0","0","0","0","0","0","0","0","0","0","0","0","0","0","0","0","0","0","0","0","0","0","0","0","0","0","0","0","0","0","0","0","0","0","0","0","0","6","0","0","0","0","0","1","3","0","0","0","0","0","0","0","0","0","0","1","3","0","0","0","0","0","0","0","0","0","0","0","0","2","0","0","0","0","0","0","0","0","0","0","0","0","0","0","0","0","0","0","0","0","0","0","0","0","0","0","0","0","0","0","0","0","0","0","0","0","0","0","0","0","0","0","0","0","0","0","0","0","0","0","0","0","0","0","0","0","0","0","0","0","0","0","0","1","0"
"40-036 Selawik","21","1","0","0","0","0","0","0","0","0","0","0","0","0","0","0","3","1","0","0","0","0","0","0","0","0","0","0","0","0","0","0","0","0","0","0","0","0","0","0","0","0","0","0","0","0","0","0","0","0","2","0","0","0","0","0","0","0","0","0","0","0","0","1","0","0","0","0","0","0","0","0","0","0","0","1","0","0","0","0","0","0","0","0","0","0","0","0","0","0","0","0","0","0","0","0","0","0","0","0","0","1","0","0","0","0","0","0","0","0","0","0","0","0","0","0","0","0","0","0","0","0","1","0","0","0","0","0","0","0","0","0","0","0","0","0","0","0","0","0","19","1","1","9","0","0","1","3","0","0","0","0","0","0","0","0","1","0","1","1","0","0","0","0","0","0","2","0","0","0","0","0","2","0","0","0","0","0","0","1","0","0","0","0","0","0","0","0","0","0","0","0","0","0","0","0","0","0","0","0","0","0","0","0","0","0","0","0","0","0","0","0","0","0","0","0","0","0","0","0","0","0","0","0","0","0","0","0","0","0","0","0","0","0","0","0","3","1"
"40-038 Shungnak","10","0","0","0","1","0","0","0","0","0","0","0","0","0","0","0","0","0","0","0","0","0","0","0","0","0","0","0","0","0","1","0","0","0","0","0","0","0","0","0","0","0","0","0","0","0","0","0","0","0","0","0","0","0","0","0","0","0","0","0","0","0","0","0","0","0","0","0","0","0","0","0","0","0","0","0","0","1","0","0","0","0","0","0","0","0","0","0","0","0","0","0","0","2","0","0","0","0","0","0","0","0","0","0","0","0","0","0","0","0","0","0","0","0","0","0","0","0","0","0","0","0","0","0","0","0","0","0","0","0","0","0","0","0","0","0","0","0","0","0","18","0","0","7","0","0","0","2","0","0","0","0","0","0","0","0","2","0","0","1","0","0","0","0","0","0","0","0","0","0","0","0","4","0","0","0","0","0","0","1","0","0","0","0","0","0","0","0","0","0","0","0","0","0","0","0","0","0","0","0","0","0","0","0","0","0","0","0","0","0","0","0","0","0","0","0","0","0","0","0","0","0","0","0","0","0","0","0","0","0","0","0","0","0","0","0","0","0"
"40-040 Wainwright","39","0","1","0","1","0","0","0","0","0","0","0","0","1","1","0","2","0","0","2","0","0","0","0","2","0","0","0","2","0","3","0","0","0","4","0","0","0","0","0","0","0","0","0","0","0","0","0","0","0","3","0","0","0","0","0","0","0","0","0","1","0","0","1","0","0","0","0","0","0","0","0","0","0","0","0","0","0","0","0","0","0","0","0","0","0","0","0","0","0","0","0","0","8","0","0","0","0","0","0","0","0","0","0","0","0","0","0","1","0","0","0","0","0","0","0","0","0","0","0","0","0","1","0","0","0","0","0","0","0","0","0","0","0","0","0","0","0","0","0","35","1","0","5","0","0","2","1","0","0","0","0","0","0","1","0","2","0","0","2","0","0","0","0","0","0","0","1","0","0","0","0","3","0","0","0","0","0","0","0","0","0","0","0","0","0","0","0","0","0","0","0","0","0","0","0","0","0","0","0","0","0","0","0","0","0","0","0","0","0","0","0","0","0","0","0","0","0","0","0","0","0","0","0","0","0","0","0","0","0","0","0","0","0","0","0","0","3"
"District 1 - Absentee","1225","10","8","0","8","0","0","0","2","0","0","0","0","79","8","0","28","1","0","6","17","0","0","2","3","1","0","0","35","0","4","0","0","2","8","0","0","0","0","0","0","0","0","0","0","0","1","0","0","0","18","1","0","0","1","0","0","0","0","0","1","0","0","2","0","0","1","0","0","0","0","0","0","13","0","0","0","2","4","0","0","0","0","0","0","0","0","0","0","0","0","0","0","43","18","1","0","7","1","0","1","2","0","0","0","0","0","2","0","1","0","0","1","3","0","0","0","0","0","0","4","2","2","0","1","2","0","0","0","0","1","0","0","0","0","0","0","0","0","1","849","49","5","7","0","0","1","5","0","1","0","0","0","0","147","8","17","0","62","87","0","6","0","3","0","1","33","4","6","0","1","18","41","0","1","0","0","0","1","0","2","0","0","1","0","0","0","0","0","0","0","0","1","0","0","0","0","1","1","0","0","0","0","0","0","0","0","0","0","0","0","0","0","0","0","0","0","0","0","0","0","0","0","0","0","0","0","0","0","0","0","0","1","0","0","1","63","4"
"District 1 - Early Voting","2","0","0","0","0","0","0","0","0","0","0","0","0","0","0","0","2","0","0","0","0","0","0","0","0","0","0","0","0","0","0","0","0","0","0","0","0","0","0","0","0","0","0","0","0","0","0","0","0","0","0","0","0","0","0","0","0","0","0","0","0","2","0","0","0","0","1","0","0","0","0","0","0","0","0","0","0","0","0","0","0","0","0","0","0","0","0","0","0","0","0","0","0","0","0","0","0","0","0","0","1","0","0","0","0","0","0","0","0","0","0","0","0","0","0","0","0","0","0","0","0","0","0","0","0","1","0","0","0","0","0","0","0","0","0","0","0","0","0","0","5","0","0","0","0","0","0","0","0","0","0","0","0","0","0","0","1","0","1","2","0","0","0","0","0","0","1","0","0","0","0","0","1","0","0","0","0","0","0","0","0","0","0","0","0","0","0","0","0","0","0","0","0","0","0","0","0","0","0","0","0","0","0","0","0","0","0","0","0","0","0","0","0","0","0","0","0","0","0","0","0","0","0","0","0","0","0","0","0","0","0","0","0","0","0","0","0","0"
"District 1  - Question","154","1","0","0","2","0","0","0","1","0","0","0","0","13","0","0","12","0","0","0","4","0","0","2","1","0","0","0","5","0","1","0","0","1","2","0","0","0","0","0","0","0","0","0","0","0","0","0","0","1","3","0","1","0","0","0","0","0","0","0","0","0","0","0","0","0","0","0","0","0","0","0","0","2","0","0","0","0","1","0","0","0","0","0","0","0","0","0","0","0","0","0","0","20","3","0","0","0","0","0","1","1","0","0","0","0","0","0","0","5","0","0","1","2","0","0","0","0","0","0","0","0","2","0","1","2","0","0","0","0","0","0","0","0","0","0","0","0","0","0","91","4","1","3","0","0","0","5","0","0","0","0","0","0","13","0","0","0","8","14","0","1","0","0","0","0","2","0","1","0","0","2","5","0","1","0","0","0","0","0","1","0","0","0","0","0","0","0","0","1","0","0","0","0","0","0","0","0","0","0","0","0","0","1","0","0","0","0","0","0","0","0","0","0","0","0","0","0","0","0","0","0","0","0","0","0","0","0","0","0","0","0","0","0","0","0","22","0"
"District 10 - Absentee","526","7","5","0","1","1","0","1","0","0","0","0","0","42","8","0","22","3","0","3","4","0","0","1","1","0","0","0","20","0","4","0","0","2","5","0","0","0","0","0","4","0","0","0","0","1","0","0","0","0","9","1","0","0","0","0","0","0","0","0","2","0","0","0","0","0","2","1","0","0","0","0","0","5","0","1","0","3","2","0","1","0","0","0","0","0","0","0","0","0","0","0","0","16","5","0","0","1","0","0","0","1","0","0","0","0","0","0","0","1","0","0","2","2","0","0","0","0","0","0","2","1","0","0","1","2","0","0","0","0","0","0","0","0","0","0","0","0","0","0","782","32","1","6","0","0","1","13","0","0","0","0","0","0","145","5","15","0","58","70","0","4","0","4","0","0","15","3","9","0","1","4","34","0","1","0","0","0","0","0","2","0","0","0","5","0","3","1","0","1","0","0","3","0","1","0","0","0","0","0","0","0","0","0","0","0","0","0","0","1","0","0","0","0","0","0","0","0","0","0","0","0","0","0","0","0","1","0","0","0","0","1","0","0","0","0","16","2"
"District 10 - Early Voting","626","2","4","0","5","0","0","0","2","0","0","0","0","54","6","0","26","1","0","1","7","0","0","0","2","0","0","0","7","0","0","0","0","3","5","0","0","0","0","1","2","0","0","0","1","1","0","0","0","0","3","0","0","0","0","0","0","0","0","0","1","0","0","0","0","0","2","2","0","0","0","0","0","2","1","1","0","0","1","0","0","0","0","0","0","0","0","0","0","0","0","0","0","14","2","1","0","1","1","0","0","0","0","0","0","0","0","0","0","1","0","0","1","1","0","0","0","0","0","0","0","0","0","0","0","2","0","0","0","0","0","0","0","0","0","0","0","0","0","0","417","16","1","6","0","0","1","7","0","0","0","0","0","0","95","5","9","0","53","46","0","9","0","3","0","1","23","4","5","0","0","12","21","0","1","0","0","0","0","0","3","0","0","1","0","0","1","0","0","1","0","0","2","0","0","0","0","1","0","0","0","0","0","0","0","0","0","0","0","0","0","0","0","0","0","0","0","0","0","0","0","0","0","0","0","0","0","0","0","0","0","0","0","0","0","0","18","2"
"District 10  - Question","77","0","1","0","1","0","0","0","1","0","0","0","0","7","2","0","5","1","0","1","3","0","0","0","0","0","0","0","3","0","0","0","0","0","3","0","0","0","0","0","0","0","0","0","0","0","0","0","0","0","1","0","0","0","0","0","0","0","0","0","0","0","0","0","0","0","0","2","0","0","0","0","0","0","0","0","0","0","0","0","0","0","0","0","0","0","0","0","0","0","0","0","0","4","1","0","0","1","0","0","1","0","0","0","0","0","0","0","0","0","0","0","0","1","0","0","0","0","0","0","0","0","0","0","0","0","0","0","0","0","0","0","0","0","0","0","0","0","0","0","60","2","0","1","0","0","0","1","0","0","0","0","0","0","9","0","2","0","1","10","0","0","0","0","0","0","1","0","1","0","0","2","1","0","1","0","1","0","0","0","0","0","0","0","0","0","0","0","0","0","0","0","0","0","0","0","0","0","0","0","0","0","0","0","0","0","0","0","0","0","0","0","0","0","0","0","0","0","0","0","0","0","0","0","0","0","0","0","0","0","0","0","0","0","0","0","7","4"
"District 11 - Absentee","720","3","1","0","1","1","0","2","1","0","0","0","0","48","4","0","37","1","0","5","12","0","0","2","4","0","0","1","19","0","3","0","0","3","7","0","0","0","0","0","5","0","0","0","2","2","0","0","0","0","7","0","0","1","0","0","0","0","0","0","0","0","0","1","0","0","1","0","0","0","0","0","0","4","0","1","0","1","2","0","0","0","0","0","0","0","0","0","0","0","0","0","0","24","4","0","0","2","1","0","1","1","0","0","0","1","0","0","0","0","0","0","1","2","0","0","0","0","0","0","2","1","0","0","1","4","0","0","0","0","0","1","0","0","0","0","0","0","0","0","984","50","1","11","0","0","9","13","0","1","0","0","0","0","201","10","10","0","65","80","0","10","0","2","0","4","37","7","15","0","0","20","22","0","2","1","0","0","1","0","4","0","0","0","1","0","2","0","1","3","0","0","0","2","0","0","0","1","0","0","0","0","0","0","0","0","0","0","0","0","0","0","0","0","0","0","0","0","0","0","0","0","0","0","0","0","0","0","0","0","0","0","0","0","0","0","25","0"
"District 11 - Early Voting","719","7","3","0","4","1","0","0","0","0","0","0","0","56","9","0","17","3","0","4","10","0","0","0","3","0","0","0","24","0","2","0","0","1","7","0","0","0","0","0","4","0","1","0","0","3","0","1","0","0","2","0","0","1","0","0","1","0","0","0","0","0","0","0","0","0","0","1","0","0","0","0","0","2","0","1","0","0","3","0","0","0","0","0","0","0","0","0","0","0","0","0","0","12","6","0","0","4","0","0","2","0","0","0","0","0","0","1","0","1","0","0","0","1","0","0","0","0","0","0","2","0","1","0","0","1","0","0","0","0","0","0","0","0","0","0","0","0","0","0","500","23","2","6","0","0","4","6","0","0","0","0","0","0","100","3","9","0","41","50","0","5","0","1","1","2","19","6","8","0","0","16","37","0","4","0","0","0","0","0","4","0","0","0","0","0","0","0","1","3","0","0","0","0","0","0","0","0","0","0","0","0","0","0","0","0","0","0","0","0","0","0","0","0","0","0","0","0","0","0","1","0","0","0","0","0","0","0","0","0","0","0","0","0","0","0","9","2"
"District 11  - Question","66","3","0","0","2","0","0","0","1","0","0","0","0","14","0","0","7","0","0","2","2","0","0","0","1","0","0","0","2","0","1","0","0","0","0","0","0","0","0","0","0","0","0","0","0","0","0","0","0","0","0","0","0","0","0","0","0","0","0","0","0","0","0","0","0","0","0","0","0","0","0","0","0","0","0","0","0","0","0","0","0","0","0","0","0","0","0","0","0","0","0","0","0","3","2","0","0","1","0","0","0","0","0","0","0","0","0","0","0","1","0","0","0","1","0","0","0","0","0","0","1","0","0","0","0","2","0","0","0","0","0","0","0","0","0","0","0","0","0","0","47","3","0","0","0","0","1","4","0","0","0","0","0","0","10","1","0","0","1","10","0","1","0","0","0","0","0","0","1","0","0","1","4","0","0","0","0","0","0","0","0","0","0","0","0","0","0","0","0","0","0","0","0","0","0","0","0","0","0","0","0","0","0","0","0","0","0","0","0","0","0","0","0","0","0","0","0","0","0","0","0","0","0","0","0","1","0","0","0","0","0","0","0","0","0","0","1","0"
"District 12 - Absentee","455","3","4","0","4","0","0","1","0","0","0","0","0","38","8","0","24","1","0","5","4","0","0","2","4","0","0","0","19","2","7","0","0","3","6","0","0","0","0","0","0","0","0","0","0","2","0","0","0","0","8","0","0","0","0","0","0","2","0","0","0","0","0","0","0","0","0","0","0","0","0","0","0","4","2","0","0","0","1","0","0","0","0","0","0","0","0","0","0","0","0","0","0","12","7","0","0","1","0","0","1","1","0","0","0","0","0","0","0","1","0","0","0","2","0","0","0","0","0","0","2","2","1","0","0","0","0","0","0","0","0","0","0","0","0","0","0","0","0","0","782","29","3","11","0","0","3","14","0","1","0","0","0","0","190","9","15","0","57","80","0","8","0","1","0","1","21","6","10","0","0","7","15","0","0","0","0","1","2","1","5","0","0","2","0","0","1","0","1","4","0","0","1","0","0","0","0","0","1","1","0","0","0","0","0","0","0","0","0","0","1","0","0","0","0","0","0","0","0","0","0","0","0","0","0","0","0","0","0","0","0","0","0","0","0","0","37","1"
"District 12 - Early Voting","580","3","3","0","4","1","0","0","0","0","0","0","0","45","7","0","20","0","0","3","2","0","0","2","1","0","1","0","13","0","9","0","0","1","5","0","0","0","0","0","4","0","0","0","2","0","0","0","0","0","1","1","0","0","0","0","0","0","0","0","0","0","0","0","0","0","0","0","0","0","0","0","0","3","0","2","0","0","1","0","0","0","0","0","0","0","0","0","0","0","0","0","0","7","5","0","0","1","0","0","1","0","0","0","0","0","1","0","0","2","0","0","0","0","0","0","1","0","0","0","1","0","1","0","1","1","0","0","0","0","0","0","0","0","0","0","0","0","0","0","479","24","3","15","0","0","2","5","0","0","0","0","0","0","112","7","11","0","36","73","0","5","1","3","0","2","17","3","5","0","0","14","26","0","1","0","0","0","2","1","4","2","0","0","1","0","1","0","1","2","0","0","0","0","0","0","0","0","0","0","0","0","0","0","0","0","0","0","0","0","0","0","0","0","0","0","0","0","0","0","0","0","0","0","0","0","0","0","0","0","0","0","0","0","0","0","4","2"
"District 12  - Question","66","0","0","0","2","0","0","0","0","0","0","0","0","4","2","0","11","0","0","1","1","0","0","0","0","0","0","1","2","1","5","0","0","0","1","0","0","0","0","0","1","0","0","0","0","1","0","0","0","0","0","0","0","0","0","0","0","0","0","0","0","0","0","0","0","0","0","0","0","0","0","0","0","0","0","0","0","0","1","0","0","0","0","0","0","0","0","0","0","0","0","0","0","6","2","0","0","1","0","0","1","0","0","0","0","0","0","0","0","1","0","0","0","1","0","0","0","0","0","0","0","0","1","0","0","0","0","0","0","0","0","0","0","0","0","0","0","0","0","0","43","4","1","6","0","0","1","4","0","0","0","0","0","0","7","1","3","0","5","10","0","0","0","0","0","0","3","1","2","0","0","0","4","0","0","0","0","0","0","0","0","0","0","0","0","0","0","0","0","0","0","0","0","0","0","0","0","0","0","0","0","0","0","0","0","0","0","0","0","0","0","0","0","0","0","0","0","0","0","0","0","0","0","0","0","0","0","0","0","0","0","0","0","0","0","0","6","1"
"District 13 - Absentee","393","1","4","0","3","0","0","0","1","0","0","0","0","22","5","0","26","1","0","0","4","0","0","2","0","0","0","0","11","0","2","0","0","1","5","0","0","0","0","2","0","0","1","0","0","1","0","0","0","0","14","1","0","0","0","0","0","0","0","0","0","1","0","0","0","0","1","0","0","0","0","0","0","11","0","1","0","2","4","0","0","0","1","0","0","0","0","0","0","0","0","0","0","15","1","0","0","4","0","0","0","1","0","0","1","0","0","0","0","1","0","0","0","3","0","0","0","0","0","0","0","0","0","0","1","0","0","0","0","0","0","0","0","0","0","1","0","0","0","0","629","26","0","6","0","0","5","12","0","0","0","0","0","0","140","4","13","0","63","65","0","9","0","2","0","3","22","5","9","0","0","11","22","0","1","0","0","0","0","0","5","1","0","0","1","0","0","0","0","2","0","0","0","0","0","0","0","0","0","0","0","0","0","0","0","0","0","0","0","0","0","0","0","0","0","0","0","0","0","0","0","0","0","0","0","0","3","0","0","0","0","0","0","0","1","0","17","2"
"District 13 - Early Voting","513","4","5","0","11","2","0","0","2","0","0","0","0","46","7","0","25","2","0","1","9","0","0","3","1","0","1","0","8","3","7","0","1","4","6","0","0","0","1","0","1","0","1","0","1","4","0","0","0","0","6","0","1","1","0","0","0","1","0","0","0","0","0","0","0","0","0","1","0","0","0","0","0","5","0","0","0","1","1","0","0","0","1","0","0","0","0","0","0","0","0","1","0","7","5","0","0","2","0","0","0","1","0","0","0","0","0","1","0","1","0","0","0","1","0","0","0","0","0","0","2","0","0","0","0","1","0","0","0","0","0","0","0","0","0","0","0","0","0","0","335","15","1","9","0","0","6","10","0","0","0","0","0","0","103","4","4","0","55","52","0","4","0","1","0","2","10","1","2","0","0","10","36","0","1","0","0","1","0","0","2","0","0","0","0","0","2","0","0","2","0","0","4","0","0","0","0","0","0","0","0","0","0","0","0","0","0","0","0","0","0","0","0","0","0","0","0","0","0","0","0","0","0","0","0","0","0","0","0","0","0","0","0","0","0","0","10","1"
"District 13  - Question","97","0","1","0","4","0","0","0","0","0","0","0","0","10","3","0","10","0","0","1","1","0","0","1","0","0","0","0","10","0","1","0","0","1","1","0","0","0","0","0","0","0","0","0","0","0","0","0","1","0","2","1","1","0","0","0","0","1","0","0","0","0","0","2","0","0","0","0","0","0","0","0","0","0","0","0","0","1","1","0","0","0","0","0","0","0","0","0","0","0","0","0","0","5","3","0","0","2","0","0","2","1","0","0","0","0","0","1","0","2","0","0","0","2","0","0","0","0","0","0","0","0","0","0","1","1","0","0","0","0","0","0","0","0","0","0","0","0","0","0","60","6","0","2","0","0","0","0","0","0","0","1","0","0","12","1","3","0","2","11","0","2","0","1","0","0","4","0","3","0","0","1","8","0","0","0","0","0","0","0","0","0","0","0","0","0","0","0","0","1","0","0","0","0","0","0","0","0","1","0","0","0","0","0","0","0","0","0","0","0","0","0","0","0","0","0","0","0","0","0","0","0","0","0","0","0","1","0","0","0","0","0","0","0","0","0","9","4"
"District 14 - Absentee","317","1","0","0","5","0","0","0","0","0","0","0","0","17","4","0","14","2","0","1","8","0","0","0","2","0","0","0","20","0","1","0","0","1","7","0","0","0","0","0","1","0","1","0","0","2","0","0","0","1","8","0","0","0","0","0","0","0","0","0","1","0","0","1","0","0","1","3","0","0","0","0","0","13","0","4","1","1","4","0","0","0","1","0","0","0","0","0","0","0","0","0","0","20","2","0","0","1","0","0","1","4","0","0","0","0","0","0","0","1","0","0","1","1","0","0","0","0","0","0","3","0","0","0","0","1","0","0","0","0","0","0","0","0","0","0","0","0","0","0","826","23","1","10","0","0","6","16","0","0","0","0","0","0","143","8","12","0","58","107","0","8","0","5","0","3","29","6","12","0","0","15","22","0","2","0","1","1","0","0","4","0","1","0","0","0","2","2","1","1","0","0","1","1","0","0","0","0","0","0","0","0","0","0","0","0","0","0","0","0","0","0","0","0","0","0","0","0","0","0","0","0","0","0","0","0","0","0","0","0","0","0","0","0","0","0","26","5"
"District 14 - Early Voting","433","2","2","0","4","0","1","0","0","0","0","0","0","41","8","0","17","0","0","2","3","0","1","1","3","0","0","0","17","0","3","0","0","2","6","0","0","1","0","0","2","0","0","0","0","0","0","0","0","0","4","0","0","0","0","0","0","0","0","0","0","0","0","0","0","0","0","0","0","0","0","0","0","9","0","0","0","1","1","0","0","0","0","0","0","0","0","0","0","0","0","0","0","9","3","1","0","0","0","0","0","3","0","0","0","0","0","2","1","2","0","0","0","0","0","0","0","0","0","0","2","0","0","0","0","2","0","0","0","0","0","0","0","0","0","0","0","0","0","0","581","21","3","5","0","0","1","9","0","0","0","0","0","0","153","6","4","0","51","72","3","5","0","3","0","0","26","0","8","0","0","17","25","0","1","0","1","0","1","0","4","2","0","0","1","0","3","0","0","0","0","0","2","0","0","0","0","0","0","1","0","0","0","0","0","0","0","0","0","0","0","0","0","0","0","0","0","0","0","0","0","0","0","0","0","0","0","0","0","0","0","0","0","0","0","0","32","5"
"District 14  - Question","96","0","1","0","4","0","0","0","0","0","0","0","0","12","2","0","11","0","1","1","6","0","0","0","0","0","0","0","5","0","2","0","0","0","7","0","0","0","0","0","2","0","0","0","0","0","0","0","0","0","5","1","0","0","0","0","0","2","0","0","0","0","0","0","0","0","0","4","0","0","0","0","1","2","0","1","0","0","2","0","0","0","0","0","0","0","0","0","0","0","0","0","0","9","2","1","0","1","0","0","0","1","0","0","0","0","0","0","0","2","0","0","2","0","0","0","0","0","0","1","0","1","0","0","1","0","0","0","0","0","0","0","0","0","0","0","0","0","0","0","90","5","2","4","0","0","0","4","0","0","0","1","0","0","12","0","3","0","6","18","0","1","0","1","0","1","4","1","3","0","0","3","18","0","1","0","0","0","0","0","1","0","0","0","0","0","0","0","0","0","0","1","1","0","0","0","0","0","0","0","0","0","0","0","0","0","0","0","0","0","0","0","0","0","0","0","0","0","0","0","0","0","0","0","0","0","0","0","0","0","0","0","0","0","0","0","19","3"
"District 15 - Absentee","580","9","5","0","3","2","0","1","0","0","0","0","0","37","7","0","11","0","0","2","6","0","0","2","1","0","0","0","40","1","4","0","0","3","9","0","0","0","0","0","4","0","0","0","0","1","0","0","0","0","7","0","0","0","0","0","0","0","0","0","0","0","0","0","0","0","0","2","0","0","0","0","0","2","0","1","0","2","1","0","0","0","0","0","0","0","0","0","0","0","0","0","0","26","4","0","0","3","0","0","0","4","0","0","2","0","0","0","0","1","0","0","0","2","0","0","0","0","0","0","6","0","0","1","0","0","0","0","0","0","0","0","0","0","0","0","0","0","0","0","806","48","6","9","0","0","2","19","0","0","0","1","0","0","167","9","19","0","54","74","0","3","1","4","0","3","17","3","12","0","0","12","26","0","2","0","0","0","0","0","3","0","0","0","0","2","2","1","1","3","0","0","2","0","0","0","0","0","0","0","0","0","0","0","0","0","0","0","0","0","0","0","0","0","0","0","0","0","0","0","0","0","0","0","0","0","0","0","0","0","0","0","0","0","0","0","20","1"
"District 15 - Early Voting","714","8","5","0","2","0","0","2","0","0","0","0","0","49","6","0","23","1","0","3","8","0","0","0","1","0","0","0","12","0","1","0","0","3","6","0","0","0","0","0","3","0","2","0","1","1","0","0","0","1","2","0","0","0","0","0","0","0","0","0","0","1","0","0","0","0","1","0","0","0","0","0","0","1","0","0","0","0","2","0","0","0","0","0","0","0","0","0","0","0","0","0","0","8","7","1","0","0","0","0","0","0","0","0","0","0","0","0","0","0","0","0","0","0","0","0","0","0","0","0","1","0","1","0","2","0","0","0","0","0","0","0","0","1","0","0","0","0","0","0","475","19","1","8","0","0","4","9","0","0","0","0","0","0","135","8","7","0","50","56","0","4","0","3","0","0","16","6","7","0","0","10","21","0","2","0","0","0","0","1","0","0","0","0","1","0","3","0","0","2","0","0","1","0","0","0","0","0","0","0","0","0","0","0","0","0","0","0","0","0","1","0","0","0","0","0","0","0","0","1","0","0","0","0","0","0","0","0","0","0","0","0","0","0","0","0","10","2"
"District 15  - Question","75","0","0","0","1","0","0","0","0","0","0","0","0","6","1","0","7","0","0","2","4","0","0","0","0","0","0","0","3","0","1","0","0","2","6","0","0","0","0","0","0","0","0","0","0","0","0","0","0","0","2","1","0","0","0","0","0","0","0","0","0","0","0","0","0","0","0","0","0","0","0","0","0","0","0","0","0","0","0","0","0","0","0","0","0","0","0","0","0","0","0","0","0","5","1","0","0","1","0","0","1","1","0","0","0","0","0","0","0","0","0","0","0","1","0","0","0","0","0","0","1","0","4","0","0","6","0","0","0","0","0","0","0","0","0","0","0","0","0","0","47","7","1","4","0","0","0","5","0","1","0","0","0","0","10","2","1","0","5","4","0","0","0","1","0","0","3","1","2","0","0","0","9","0","0","0","0","0","0","0","0","0","0","0","0","0","0","0","0","0","0","0","0","0","0","0","0","0","0","0","0","0","0","0","0","0","0","0","0","0","0","0","0","0","0","0","0","0","0","0","0","0","0","0","0","0","1","0","0","0","0","0","0","0","0","0","5","0"
"District 16 - Absentee","483","6","3","0","3","0","0","2","2","0","0","0","0","49","5","0","11","1","0","3","6","0","0","3","1","0","1","0","16","3","5","0","0","0","3","0","0","0","0","0","3","0","0","0","0","1","0","0","0","0","4","0","0","0","0","0","0","0","0","0","0","0","0","0","0","0","0","0","0","0","0","0","0","5","1","0","0","2","0","0","0","0","0","0","0","1","0","0","0","0","0","0","0","17","5","0","0","1","0","0","0","1","0","0","0","1","0","1","0","0","0","0","0","1","0","0","0","0","0","0","1","0","2","0","1","0","0","0","0","0","1","0","0","0","0","0","0","0","0","0","960","40","5","17","0","0","3","10","0","0","0","2","0","1","211","13","15","0","69","93","0","15","0","3","0","5","26","3","8","0","2","12","28","0","4","0","1","0","1","1","9","0","1","1","0","0","1","0","0","2","0","0","2","0","0","0","0","0","0","0","0","0","0","0","0","0","0","0","0","0","0","0","0","0","0","0","0","0","0","0","0","0","0","0","0","0","0","0","0","0","0","1","0","0","0","0","21","2"
"District 16 - Early Voting","523","8","3","0","7","0","0","2","1","0","0","0","0","63","8","0","21","1","0","4","3","0","0","0","3","0","0","0","19","0","5","0","0","0","3","0","0","1","0","0","1","0","0","0","1","3","0","0","0","0","3","0","0","0","0","0","0","0","0","0","0","0","0","0","0","0","1","0","0","0","0","0","0","1","0","1","0","0","1","0","0","0","0","0","0","0","0","0","0","0","0","0","0","10","2","0","0","1","0","0","1","0","0","0","0","0","0","0","0","1","0","0","0","4","0","0","0","0","0","0","2","1","0","0","0","1","0","0","0","0","0","0","0","0","0","0","0","0","0","0","632","35","1","17","0","0","2","4","0","0","0","0","0","1","161","7","10","0","53","85","0","10","0","3","0","2","23","5","5","0","0","9","28","0","5","0","0","0","2","1","4","0","1","1","0","0","1","1","2","1","0","0","1","0","0","0","0","0","0","0","0","0","0","0","0","0","0","1","0","0","0","0","0","0","0","0","0","0","0","0","0","0","0","0","0","0","0","0","0","0","0","0","1","0","0","0","10","2"
"District 16  - Question","74","0","0","0","4","0","0","0","0","0","0","0","0","12","1","0","7","0","0","0","3","0","0","0","0","0","0","0","2","0","7","0","0","1","1","0","0","0","0","0","0","0","0","0","0","0","0","0","0","0","4","0","0","0","0","0","0","0","0","0","0","0","0","0","0","0","0","0","0","0","0","0","0","0","0","2","0","0","0","0","0","0","0","0","0","0","0","0","0","0","0","0","0","4","2","0","0","0","0","0","0","0","0","0","0","0","0","0","0","1","0","0","0","2","0","0","0","0","0","1","0","1","0","0","0","1","0","0","0","0","0","0","0","0","0","0","0","0","0","0","60","4","0","7","0","0","2","2","0","0","0","0","0","0","14","1","0","0","9","8","0","1","0","0","0","0","2","1","2","0","0","1","7","0","0","0","0","0","0","0","0","0","0","0","0","0","0","0","0","0","0","0","1","0","0","0","0","0","0","0","0","0","0","0","0","0","0","0","0","0","0","0","0","0","0","0","0","0","0","0","0","0","0","0","0","0","0","0","0","0","0","0","0","0","0","0","13","1"
"District 17 - Absentee","406","6","2","0","7","2","0","0","1","0","0","0","0","32","2","0","19","1","1","4","7","0","0","1","2","0","0","2","17","0","1","0","0","1","0","0","0","0","0","0","0","0","0","0","0","1","2","0","0","0","12","1","0","0","0","0","0","0","0","0","1","1","0","0","0","0","2","0","0","0","0","0","0","10","0","0","0","0","5","0","0","0","0","0","0","0","0","0","0","0","0","0","1","5","5","0","0","2","0","0","0","2","0","0","1","0","0","0","0","1","0","0","0","3","0","0","0","0","0","0","0","0","3","0","0","3","0","0","0","0","0","0","0","0","0","0","0","0","0","0","1005","44","1","5","0","0","2","13","0","0","0","1","1","0","231","5","18","0","67","78","0","6","0","1","0","4","32","6","7","0","0","18","37","0","2","1","0","0","2","0","9","0","0","0","3","0","4","0","0","1","0","0","2","0","0","0","0","0","0","0","0","0","1","0","0","0","0","0","0","0","0","0","0","0","0","0","0","0","0","0","0","0","0","0","0","0","2","0","0","0","0","0","1","0","0","0","47","2"
"District 17 - Early Voting","441","3","5","0","19","0","0","1","0","0","0","0","0","40","14","0","23","1","0","3","6","0","0","1","1","0","0","2","9","0","3","0","0","1","3","0","0","0","0","0","3","0","0","0","1","0","0","0","0","0","9","0","0","2","0","0","0","0","0","0","1","0","0","1","0","0","1","1","0","0","1","0","0","9","0","1","0","2","2","0","0","0","0","0","0","0","0","0","0","0","0","0","0","6","4","0","0","1","0","0","1","2","0","0","0","0","0","1","1","0","0","0","0","1","0","0","0","0","0","0","2","1","1","0","1","3","0","0","0","0","0","0","0","0","0","0","0","0","1","0","864","29","5","9","0","0","0","7","0","0","0","0","0","0","190","10","24","0","63","84","0","12","2","2","0","5","19","6","7","0","0","22","42","0","3","0","0","0","0","0","6","0","0","1","0","0","2","0","0","5","0","0","3","1","0","0","0","1","0","0","0","0","0","0","0","0","0","0","0","0","0","0","0","0","0","0","0","0","0","0","0","0","0","0","0","0","0","0","0","0","1","0","0","0","0","1","38","5"
"District 17  - Question","74","1","1","0","6","1","0","0","1","0","0","0","0","9","1","0","6","0","0","1","1","0","0","0","0","0","0","1","3","0","2","0","0","0","4","0","0","0","0","0","0","0","0","0","0","0","0","0","0","0","4","0","0","0","0","0","0","0","0","0","0","0","0","0","0","0","0","0","0","0","0","0","0","2","0","0","0","2","1","0","0","0","0","0","0","0","0","0","0","0","0","0","0","8","4","0","0","4","0","0","0","1","0","0","0","0","0","0","0","1","0","0","0","3","0","0","0","0","0","0","1","0","0","0","0","0","0","0","0","0","1","0","0","0","0","0","0","0","0","0","89","5","0","4","0","0","1","2","0","0","0","0","0","0","16","2","2","0","9","21","0","0","1","0","0","1","4","0","1","0","0","3","12","0","0","0","0","0","2","0","2","1","0","0","0","0","0","0","0","0","0","0","2","0","0","0","0","0","0","0","1","0","0","0","0","0","0","0","0","0","0","0","0","0","0","0","0","0","0","1","1","0","0","0","0","0","0","0","0","0","0","0","0","0","0","0","16","5"
"District 18 - Absentee","522","1","0","0","3","0","0","0","2","0","0","0","0","59","4","0","36","0","0","2","17","0","0","1","2","0","0","0","13","0","6","0","0","2","5","0","0","0","0","0","1","0","0","0","0","2","0","0","0","0","20","0","0","0","0","0","0","1","0","0","0","0","0","0","0","0","2","2","0","0","0","0","0","18","1","3","0","1","6","0","0","0","0","0","0","0","0","0","0","0","0","0","0","17","9","1","0","2","0","0","1","2","0","0","0","0","1","1","0","0","0","0","1","2","0","0","0","0","0","0","2","0","3","0","0","0","0","0","0","0","0","0","0","0","0","0","0","0","0","0","361","25","1","3","0","0","2","7","0","0","0","0","0","0","96","7","10","0","27","55","0","4","0","2","1","0","13","3","4","0","1","9","12","0","1","0","2","0","0","0","0","0","0","0","0","1","1","0","0","0","0","0","1","1","0","0","0","0","0","0","0","0","0","0","0","0","0","0","0","0","0","0","0","0","1","0","0","0","0","0","0","0","0","0","0","0","0","0","0","0","0","0","1","0","0","0","53","1"
"District 18 - Early Voting","160","2","0","0","4","0","0","0","0","0","0","0","0","15","0","0","10","0","0","2","3","0","0","0","1","0","0","0","3","0","0","0","0","0","1","0","1","0","0","0","1","0","0","0","0","0","0","0","0","0","5","0","0","0","0","0","0","0","0","0","0","0","0","0","0","0","0","0","0","0","0","0","0","1","0","0","0","1","2","0","0","0","0","0","0","0","0","0","0","0","0","0","0","9","7","0","0","3","0","0","0","3","0","0","0","0","0","0","0","1","0","0","1","1","0","0","0","0","0","0","0","0","0","0","1","0","0","0","0","0","0","0","1","0","0","0","0","0","0","0","153","7","0","2","0","0","0","3","0","0","0","0","0","0","37","2","0","0","17","24","0","1","0","0","0","1","6","1","2","0","0","3","1","0","0","0","0","0","0","0","0","1","0","0","0","0","0","0","0","0","0","0","0","0","0","0","0","0","0","0","0","0","0","0","0","0","0","0","0","0","0","0","0","0","0","0","0","0","0","0","0","0","0","0","0","0","0","0","0","0","0","0","0","0","0","0","7","1"
"District 18  - Question","85","0","0","0","4","0","0","0","1","0","0","0","0","8","1","0","10","0","0","0","5","0","0","0","0","0","0","0","4","0","2","0","0","0","0","0","0","0","0","0","0","0","0","0","0","0","0","0","0","0","0","0","0","0","0","0","0","0","0","0","0","0","0","0","0","0","0","1","0","0","0","0","0","1","1","0","0","0","1","0","0","0","0","0","0","0","0","0","0","0","0","0","0","7","3","2","0","0","0","0","0","2","0","0","0","0","0","0","0","1","0","0","0","1","0","0","0","0","0","0","0","0","0","0","0","1","0","0","0","0","0","0","0","0","0","0","0","0","0","0","36","0","2","0","0","0","0","0","0","0","0","0","0","0","5","0","2","0","3","10","0","0","0","0","0","0","1","0","0","0","0","1","3","0","0","0","0","0","0","0","0","0","0","0","0","0","0","0","0","0","0","0","2","0","0","0","0","0","0","0","0","0","0","0","0","0","0","0","0","0","0","0","0","0","0","0","0","0","0","0","0","0","0","0","0","0","0","0","0","0","0","0","0","0","0","0","36","1"
"District 19 - Absentee","177","0","0","0","0","0","0","0","1","0","0","0","0","21","2","0","12","0","0","0","4","0","0","3","1","0","0","0","10","0","3","0","0","0","3","0","0","0","0","0","2","0","0","0","2","1","0","0","0","0","5","0","0","0","0","0","0","0","0","0","1","0","0","1","0","0","0","2","0","0","0","0","0","3","0","0","0","0","2","0","0","0","0","0","0","0","0","0","0","0","0","0","0","15","1","1","0","1","0","0","0","3","0","0","0","0","0","0","0","0","0","0","0","2","0","0","0","0","0","1","2","0","0","0","0","0","0","0","0","0","0","0","0","0","0","1","0","0","0","0","466","19","3","12","0","0","3","10","0","0","0","0","0","0","122","5","10","0","30","52","0","3","0","2","2","1","17","3","11","0","0","10","23","0","1","0","0","0","0","1","3","0","0","0","1","0","0","0","1","0","0","0","3","0","0","0","0","0","0","0","0","0","0","0","0","0","0","0","0","0","0","0","0","0","0","0","0","0","0","1","0","0","0","0","0","0","0","0","0","0","0","0","0","0","0","0","21","6"
"District 19 - Early Voting","203","3","0","1","3","2","0","0","0","0","0","0","0","18","2","0","8","0","0","3","3","0","1","0","4","0","0","0","3","0","1","0","0","1","2","0","0","0","0","0","0","0","0","0","0","1","0","0","0","0","2","0","0","1","0","0","0","0","0","0","1","0","0","0","0","0","1","1","0","0","0","0","0","0","0","0","0","0","1","0","0","0","0","0","0","1","0","0","0","0","0","0","0","12","3","0","0","1","0","0","0","0","0","0","0","1","0","1","0","2","0","0","0","0","0","0","0","0","0","0","4","0","0","0","1","3","0","0","0","0","0","0","0","0","0","0","0","0","0","0","292","7","1","3","0","0","1","3","0","0","0","0","0","0","77","1","7","0","23","42","0","2","0","0","1","0","18","5","7","0","0","7","22","0","0","0","1","0","0","0","1","1","0","0","0","0","0","0","0","1","0","0","1","0","0","0","0","0","0","0","0","0","0","0","0","0","0","0","0","0","0","0","0","0","0","0","0","0","0","0","0","0","0","0","0","0","0","0","0","0","0","0","0","0","0","0","9","2"
"District 19  - Question","76","0","0","0","1","0","1","0","0","0","0","0","0","11","2","0","11","0","0","0","1","0","0","0","0","0","0","0","1","0","4","0","0","0","2","0","0","0","0","0","1","0","0","0","0","0","0","0","0","0","4","0","0","0","0","0","0","0","0","0","1","0","0","0","0","0","0","0","0","0","0","0","0","1","0","1","0","1","1","0","0","0","0","0","0","0","0","0","0","0","0","0","0","14","1","1","0","2","0","0","0","1","0","0","0","0","0","0","0","2","0","0","0","0","0","0","0","1","0","0","1","2","2","0","0","2","0","0","0","0","0","0","0","0","0","0","0","0","0","0","107","11","0","3","0","0","3","1","0","0","0","0","0","0","12","0","5","0","4","8","0","0","0","0","0","0","6","0","3","0","0","2","4","0","0","0","0","0","0","0","0","0","0","0","0","0","1","0","0","0","0","0","2","0","0","0","0","0","0","0","0","0","0","0","0","0","0","0","0","0","0","0","0","0","0","0","0","0","0","0","0","0","0","0","0","0","0","0","0","0","0","0","0","0","0","0","13","4"
"District 2 - Absentee","1395","13","6","0","16","2","0","0","0","0","0","0","0","124","14","0","43","1","0","5","23","0","0","4","2","0","2","0","36","1","0","0","0","3","21","0","0","0","0","0","2","0","0","0","0","4","0","0","0","0","24","0","2","0","0","0","0","0","0","0","4","1","0","1","0","0","0","3","0","0","0","0","1","10","2","0","0","1","9","0","0","0","0","0","0","0","0","0","0","0","0","0","0","61","23","2","0","11","0","0","6","3","0","0","0","0","0","5","0","1","0","0","0","6","0","0","0","0","0","0","11","2","4","0","1","4","0","0","0","0","1","0","0","0","0","0","0","0","0","0","1634","46","5","10","0","0","4","25","0","0","0","2","0","0","306","8","18","1","153","156","0","10","1","2","1","3","61","18","17","0","0","43","52","0","6","0","2","0","0","0","5","0","0","0","0","0","1","1","0","1","0","0","3","0","0","0","0","1","0","0","1","0","0","0","0","0","0","0","0","0","0","0","0","0","1","0","0","0","0","0","0","0","0","0","0","0","0","0","0","0","0","0","0","0","0","0","123","15"
"District 2 - Early Voting","14","0","0","0","0","0","0","0","0","0","0","0","0","1","0","0","0","0","0","1","0","0","0","0","0","0","0","0","0","0","0","0","0","0","1","0","0","0","0","0","0","0","0","0","0","0","0","0","0","0","0","0","0","0","0","0","0","0","0","0","0","0","0","0","0","0","0","0","0","0","0","0","0","0","0","0","0","0","0","0","0","0","0","0","0","0","0","0","0","0","0","0","0","4","0","0","0","0","0","0","0","2","0","1","0","0","0","0","0","1","0","0","0","0","0","0","0","0","0","0","0","1","0","0","0","0","0","0","0","0","0","0","0","0","1","0","0","0","0","0","31","0","0","1","0","0","0","1","0","0","0","0","0","0","4","0","0","0","2","4","0","0","0","0","0","0","1","0","1","0","0","0","0","0","0","0","0","0","0","0","0","0","0","0","0","0","0","0","0","0","0","0","0","0","0","0","0","0","0","0","0","0","0","0","0","0","0","0","0","0","0","0","0","0","0","0","0","0","0","0","0","0","0","0","0","0","0","0","0","0","0","0","0","0","0","0","4","0"
"District 2  - Question","48","0","0","0","1","0","0","0","1","0","0","0","0","7","0","0","5","0","0","0","2","0","0","0","0","0","0","1","1","0","0","0","0","0","3","0","0","0","0","0","0","0","0","0","0","0","0","0","0","0","1","0","0","0","0","0","0","0","0","0","0","0","0","0","0","0","0","1","0","0","0","0","0","0","0","0","0","0","0","0","0","0","0","0","0","0","0","0","0","0","0","0","0","6","2","0","0","3","0","0","0","1","0","0","0","0","0","0","0","0","0","0","0","4","0","0","0","0","0","0","0","0","1","0","0","1","0","0","0","0","0","0","0","0","0","0","0","0","0","0","36","2","0","0","0","0","0","3","0","0","0","0","0","0","10","0","0","0","4","5","0","0","0","0","0","0","0","0","0","0","0","4","5","0","0","0","0","0","0","0","0","0","0","0","0","0","0","0","0","0","0","0","0","1","0","0","0","0","0","0","0","0","0","0","0","0","0","1","0","0","0","0","0","0","1","0","0","0","0","0","0","0","0","0","0","0","0","0","0","0","0","0","0","0","0","0","13","1"
"District 20 - Absentee","422","2","2","0","2","1","0","1","0","0","0","0","0","26","5","0","18","1","0","2","6","0","0","1","1","0","0","0","7","2","2","0","0","2","4","0","0","0","0","0","0","0","0","0","0","4","0","0","0","0","9","1","0","1","0","0","0","0","0","0","3","1","0","1","0","0","0","0","0","0","0","1","0","3","1","0","0","1","0","0","0","0","0","0","0","0","0","0","0","0","0","0","0","11","5","0","0","1","0","0","0","2","0","0","0","0","0","0","0","2","0","0","0","2","0","0","0","0","0","0","2","0","2","0","0","2","0","0","0","0","0","0","0","0","0","0","0","0","0","0","710","31","4","22","0","0","1","17","0","1","0","1","0","0","142","10","16","0","66","66","0","9","0","4","0","3","26","6","13","0","0","9","16","0","1","0","2","0","1","0","3","1","0","2","0","0","2","1","2","2","0","0","1","0","0","0","0","0","0","0","0","0","0","0","0","0","0","0","0","0","0","0","0","0","0","0","0","0","0","0","0","0","0","0","0","0","0","0","0","0","0","0","0","0","0","0","24","4"
"District 20 - Early Voting","397","7","2","0","4","0","0","0","3","0","0","0","0","34","6","0","22","1","0","2","4","0","0","3","2","0","1","0","5","0","8","0","1","1","5","0","0","0","0","0","0","0","0","0","3","1","0","0","0","0","1","0","0","0","0","0","0","0","0","0","1","0","0","1","1","0","1","0","0","0","0","0","0","2","0","0","0","1","0","0","0","0","0","0","0","0","0","0","0","0","0","0","0","11","4","0","0","2","0","0","0","0","0","0","0","0","0","1","0","0","0","0","0","1","0","0","0","0","0","0","2","0","0","0","0","0","0","0","0","0","0","0","0","0","0","0","0","0","0","0","398","11","2","15","0","0","3","9","0","0","0","0","0","0","112","5","5","0","50","63","0","5","0","1","0","2","13","3","7","0","0","6","26","0","1","0","1","0","0","1","2","0","0","0","0","0","0","0","0","4","0","0","1","0","0","0","0","0","0","0","0","0","0","0","0","0","0","0","0","0","0","0","0","0","1","0","0","0","0","0","0","0","0","0","0","0","0","0","0","0","0","0","0","0","0","0","11","1"
"District 20  - Question","71","2","1","0","4","0","0","1","2","0","0","0","0","7","2","0","9","0","0","2","6","0","0","0","2","0","0","0","3","0","4","0","0","0","2","0","0","0","0","0","0","0","0","0","0","0","0","0","0","0","3","0","0","0","0","0","0","0","0","0","0","0","0","0","0","0","0","0","0","0","0","0","0","3","0","0","0","0","0","0","0","0","0","0","0","0","0","0","0","0","0","0","0","4","3","0","0","1","0","0","0","1","0","0","0","0","0","1","0","4","0","0","2","3","0","0","0","0","0","0","2","0","2","0","2","3","0","0","0","0","0","0","0","0","0","0","0","0","0","0","74","1","1","4","0","0","1","8","0","0","0","0","0","0","14","1","3","0","5","19","0","0","0","0","0","0","2","0","2","0","0","2","4","0","0","0","2","0","0","0","0","0","1","0","0","0","0","0","0","0","0","0","1","0","0","0","0","0","0","0","0","0","0","0","0","0","0","0","0","0","0","0","0","0","0","0","0","0","0","0","0","0","0","0","0","0","0","0","0","0","0","0","0","0","0","0","16","3"
"District 21 - Absentee","552","3","3","0","8","0","0","2","3","0","0","0","0","47","5","0","36","1","1","3","8","0","0","3","3","0","1","0","12","0","6","0","0","7","5","0","0","0","0","0","3","0","0","0","0","2","1","0","0","0","18","0","0","1","0","0","0","0","0","0","0","3","0","0","0","0","0","1","0","0","0","0","0","17","0","2","0","0","7","0","0","0","0","0","0","0","0","0","0","0","0","0","0","29","5","0","0","1","0","0","1","0","0","0","1","0","0","0","0","0","0","0","1","1","0","0","0","0","0","0","1","0","0","0","0","1","0","0","0","0","0","1","1","0","0","0","1","0","0","0","995","27","2","9","0","0","4","9","0","0","0","1","0","0","245","11","15","0","61","90","0","13","0","1","1","3","25","5","11","0","0","14","39","0","1","0","4","0","0","1","11","0","0","0","1","1","2","0","1","2","0","0","5","1","0","0","0","0","0","0","0","0","0","0","0","0","0","0","0","0","0","0","0","0","0","0","0","0","0","0","0","0","0","0","0","0","0","0","0","0","0","0","0","1","0","0","33","6"
"District 21 - Early Voting","523","3","4","0","5","2","0","0","3","0","0","0","0","34","6","0","23","4","0","3","5","0","0","4","4","0","1","0","12","0","0","0","0","2","4","0","0","0","0","0","4","0","0","0","1","2","0","0","0","0","8","0","0","0","0","0","0","0","0","0","0","1","0","1","0","0","0","1","0","0","0","0","0","2","1","0","0","1","6","0","0","0","1","0","0","0","0","0","0","0","0","0","0","10","2","2","0","1","0","0","0","0","0","1","0","0","0","0","0","0","0","0","0","0","0","0","0","0","0","0","1","1","0","0","0","0","0","0","0","0","1","0","0","0","0","0","0","0","0","0","474","24","1","6","0","0","0","2","0","0","0","0","0","0","103","8","15","0","44","76","0","7","0","0","0","0","22","4","2","0","0","7","21","0","2","0","1","0","1","0","1","0","0","0","0","0","0","0","1","5","0","0","2","0","0","0","0","0","0","0","0","0","0","0","0","0","0","0","0","0","0","0","0","1","0","0","0","0","0","0","0","0","0","0","0","0","0","0","0","0","0","0","0","0","0","0","16","5"
"District 21  - Question","84","1","0","0","5","0","1","1","1","0","0","0","0","9","0","0","10","0","0","0","9","0","0","0","0","0","1","0","5","0","3","0","0","2","4","0","0","0","0","0","0","0","0","0","0","0","0","0","0","0","2","0","0","0","0","0","0","1","0","0","0","0","0","1","0","0","0","0","0","0","0","0","1","2","0","0","0","1","0","0","0","0","0","0","0","0","0","0","0","0","0","0","0","9","5","1","0","4","0","0","0","1","0","0","0","1","0","1","0","2","0","0","0","0","0","0","0","0","0","1","0","0","1","0","0","2","0","0","0","0","0","0","0","0","0","0","0","0","0","0","88","3","0","3","0","0","0","4","0","0","0","0","0","0","22","1","5","0","6","15","0","0","0","0","0","1","1","0","2","0","0","4","12","0","0","0","0","0","0","0","1","0","0","0","0","0","0","0","0","0","0","0","0","0","0","0","0","0","0","0","0","0","0","0","0","0","0","0","0","0","0","0","0","0","0","0","0","0","0","0","0","0","0","0","0","0","0","0","0","0","0","0","0","0","0","0","9","5"
"District 22 - Absentee","314","0","2","0","6","1","0","0","2","0","0","0","0","27","5","0","27","0","0","1","8","0","0","0","1","0","0","1","5","2","1","0","0","2","8","0","0","0","0","0","2","0","0","0","2","2","0","0","0","0","7","0","0","1","0","0","0","0","0","0","1","0","0","0","0","0","0","1","0","0","0","0","1","9","1","0","0","0","3","0","0","0","0","0","0","0","0","0","0","0","0","0","0","13","9","2","0","0","0","0","0","1","0","0","0","0","0","1","1","1","0","0","0","3","0","0","0","0","0","2","1","0","0","0","2","2","0","0","0","0","0","0","0","0","0","0","0","0","0","0","403","16","3","1","0","0","2","12","0","0","0","0","0","1","89","3","7","2","31","82","0","6","0","0","0","0","8","3","10","0","0","5","12","0","0","0","0","1","0","0","2","0","0","0","0","0","2","0","0","1","0","0","3","0","0","0","0","0","0","0","0","0","0","0","0","0","0","0","0","0","0","0","0","0","0","0","0","0","0","0","0","0","0","0","0","0","0","0","0","0","0","0","0","0","0","0","17","5"
"District 22 - Early Voting","325","2","3","0","3","1","0","0","0","0","0","0","0","18","4","0","17","1","1","0","2","0","0","1","3","0","1","1","8","0","2","0","0","2","5","0","0","0","0","0","0","0","0","0","0","0","0","0","0","0","3","0","1","0","0","0","0","0","0","0","0","0","0","0","0","0","1","2","0","0","0","0","0","4","0","0","0","1","2","0","0","0","0","0","0","0","0","0","0","0","0","0","0","6","10","0","0","0","0","0","2","1","0","0","0","0","0","1","0","0","0","0","0","2","0","0","0","0","0","0","2","2","0","0","0","3","0","0","0","0","0","0","0","0","0","0","0","0","0","0","252","12","0","2","0","0","1","7","0","0","0","0","0","0","67","4","5","0","23","48","0","1","1","0","0","1","3","2","6","0","0","5","14","0","1","0","0","0","0","0","1","0","0","0","0","0","2","1","0","1","0","0","2","0","0","0","0","0","0","0","0","0","1","0","0","0","0","0","0","0","0","0","0","0","0","0","0","0","0","0","0","0","1","0","0","0","0","0","0","0","0","0","0","0","0","0","14","2"
"District 22  - Question","65","0","1","0","3","0","0","0","0","0","0","0","0","7","0","0","7","1","0","1","3","0","0","0","0","0","0","1","5","0","0","0","0","1","4","0","0","0","0","0","1","0","0","0","1","0","0","0","0","0","2","0","0","0","0","0","0","0","0","0","0","0","0","3","0","0","0","0","0","0","0","0","0","1","0","0","0","1","2","0","0","0","0","0","0","0","0","0","0","0","0","0","0","8","2","0","0","4","0","0","1","3","0","0","0","0","0","0","0","1","0","0","0","3","0","0","0","0","0","0","0","2","1","0","1","1","0","0","0","0","0","0","0","0","0","0","0","0","0","0","53","5","1","1","0","0","1","8","0","0","0","0","0","0","8","1","1","0","2","12","1","1","0","0","0","0","3","0","3","0","0","0","5","1","1","0","0","0","0","0","0","0","0","0","0","0","0","0","0","1","0","0","1","1","0","0","0","0","0","0","0","0","0","0","0","0","0","0","0","0","0","0","0","0","0","0","0","0","0","0","0","0","0","0","0","0","0","0","0","0","0","0","0","0","0","0","11","1"
"District 23 - Absentee","913","4","5","0","5","1","0","0","1","0","0","0","0","117","5","0","46","3","1","6","20","1","0","2","2","0","0","0","19","1","5","0","0","4","6","0","0","0","0","0","1","0","0","0","1","1","0","1","0","1","5","0","0","0","0","0","0","0","0","0","2","0","0","0","0","0","0","0","0","0","0","0","0","8","0","0","0","0","1","0","0","0","0","0","0","0","0","0","0","0","0","0","0","35","11","1","0","8","0","0","3","10","0","0","0","0","0","0","0","1","0","0","0","1","0","0","0","0","0","0","5","1","0","0","2","4","0","0","0","0","0","0","0","0","0","0","0","0","0","0","810","53","3","14","0","1","5","20","0","0","0","0","0","0","185","7","17","0","64","69","0","5","0","4","0","1","29","4","18","0","1","17","19","0","1","0","1","0","0","0","4","0","0","0","2","1","0","0","0","1","0","0","0","0","0","0","0","0","0","0","0","0","0","0","0","0","0","0","0","0","0","0","0","0","0","0","0","1","0","0","0","0","0","0","0","0","0","0","0","0","0","0","0","0","0","0","67","1"
"District 23 - Early Voting","1680","12","4","0","10","1","0","0","0","0","0","0","0","151","10","0","49","8","1","12","20","0","1","4","7","0","0","0","26","1","7","0","0","7","13","0","0","0","0","0","12","0","1","0","4","3","0","0","0","0","11","0","0","0","0","0","0","0","0","0","2","0","0","0","0","0","1","0","0","0","0","0","0","3","1","0","0","0","1","0","0","0","0","0","0","0","0","0","0","0","0","0","0","41","24","2","0","3","0","0","3","4","0","0","2","0","0","0","0","1","0","0","1","2","0","0","0","0","0","0","6","5","1","0","0","3","0","0","0","1","0","0","0","0","0","0","0","0","0","0","766","50","3","8","0","0","5","20","0","1","0","0","0","0","177","8","5","0","53","86","0","7","0","2","0","5","42","13","12","0","0","14","29","0","4","0","0","1","0","1","8","0","0","0","0","0","2","1","0","4","0","0","2","0","0","0","0","0","0","0","0","0","0","0","0","0","0","0","0","0","0","0","0","0","0","0","0","0","0","0","0","0","0","0","0","0","0","0","0","0","0","0","0","0","0","0","26","0"
"District 23  - Question","87","0","0","0","1","0","0","0","0","0","0","0","0","15","1","0","6","0","0","0","10","0","0","0","1","0","0","0","3","0","1","0","0","0","3","0","0","0","0","0","0","0","0","0","0","0","0","0","0","0","4","0","0","0","0","0","0","0","0","0","0","1","0","0","0","0","0","0","0","0","0","0","0","1","0","0","0","0","0","0","0","0","0","0","0","0","0","0","0","0","0","0","0","6","4","0","0","1","0","0","0","3","0","0","0","0","0","0","0","1","0","0","0","1","0","0","0","0","0","0","1","0","0","0","0","2","0","0","0","0","0","0","0","0","1","0","0","0","0","0","39","5","0","1","0","0","1","4","0","0","0","0","0","0","7","0","0","0","3","5","0","2","0","0","0","1","0","1","2","0","0","1","4","0","1","0","0","0","0","0","0","0","0","0","0","0","0","0","0","0","0","0","0","0","0","0","0","0","1","0","0","0","0","0","0","0","1","0","0","0","0","0","0","0","0","0","0","0","0","0","0","0","0","0","0","0","0","0","0","0","0","0","0","0","0","0","5","1"
"District 24 - Absentee","776","2","3","0","11","2","0","1","0","0","0","0","0","89","8","0","41","1","0","8","18","0","0","5","4","0","0","1","20","2","3","0","0","1","7","0","0","0","0","0","5","0","0","0","0","2","0","0","0","0","7","0","0","0","0","0","0","1","0","0","0","0","0","1","0","0","0","0","0","0","0","0","0","2","0","2","0","1","1","0","0","0","1","0","0","0","0","0","0","0","0","0","0","26","9","0","0","2","0","0","1","1","0","0","1","0","0","0","1","3","0","0","0","0","0","0","0","0","0","0","2","0","1","0","0","1","0","0","0","0","0","0","0","0","0","0","0","0","0","0","523","28","5","11","0","0","5","5","0","0","0","0","0","0","125","9","15","0","41","55","0","4","0","0","0","2","25","6","3","0","0","3","23","0","2","0","0","0","0","0","9","0","0","0","0","0","0","0","0","1","0","0","4","0","0","0","0","0","1","0","0","0","0","0","0","0","0","0","0","0","0","0","0","0","0","0","0","0","0","0","0","0","0","0","0","0","1","0","0","0","0","0","0","0","0","0","42","1"
"District 24 - Early Voting","1699","13","9","0","13","3","0","2","4","0","0","0","0","144","13","0","71","6","1","4","11","0","0","7","4","0","2","0","32","0","8","0","0","2","6","0","0","0","0","0","14","0","0","0","5","2","2","0","0","0","5","0","0","0","0","0","0","0","0","0","1","0","0","0","0","0","0","1","0","0","0","0","0","0","0","1","0","0","0","0","0","0","0","0","0","0","0","0","0","0","0","0","0","28","14","1","0","4","0","0","4","1","0","0","1","0","0","0","1","5","0","0","0","1","0","0","0","0","0","0","2","0","0","0","1","0","0","0","0","0","1","0","1","0","0","0","0","0","0","0","614","41","1","13","0","0","3","5","0","0","0","0","0","0","124","6","15","0","47","101","0","4","0","1","0","3","34","8","7","0","0","10","25","0","3","0","0","1","0","1","4","0","1","0","1","0","0","1","2","1","0","0","1","0","0","0","0","0","0","0","0","0","0","0","0","0","0","0","0","0","0","0","0","0","0","1","0","0","0","0","0","0","0","0","0","0","1","0","0","0","0","0","0","0","0","0","29","1"
"District 24  - Question","107","0","0","0","2","0","0","0","0","0","0","0","0","19","0","0","11","0","0","0","2","0","0","0","0","0","0","0","5","0","5","0","0","2","1","0","0","0","0","0","0","0","0","0","0","1","0","0","1","0","1","0","0","0","0","0","0","0","0","0","0","0","0","0","0","0","0","0","0","0","0","0","0","1","0","0","0","1","0","0","0","0","0","0","0","0","0","0","0","0","0","0","0","6","3","0","0","3","0","0","0","1","0","0","0","0","0","0","0","2","0","0","0","1","0","0","0","0","0","0","0","1","0","0","0","0","0","0","0","0","0","1","0","0","0","0","0","0","0","0","45","4","0","5","0","0","0","6","0","0","0","0","0","0","5","0","2","0","4","7","1","1","0","0","0","0","1","0","2","0","0","2","4","0","0","0","0","0","0","0","0","0","0","0","0","0","1","0","0","0","0","0","0","0","0","0","0","0","0","0","0","0","0","0","0","0","0","0","0","0","0","0","0","0","0","0","0","1","0","0","0","0","0","0","0","0","0","0","0","0","0","0","0","0","0","0","10","2"
"District 25 - Absentee","636","1","2","0","9","0","0","0","1","0","0","0","0","58","6","0","27","0","1","5","3","0","0","0","2","0","0","0","10","1","1","0","0","1","4","0","0","0","0","0","3","0","0","0","0","0","0","0","0","0","6","0","0","0","0","0","0","0","0","0","1","0","0","0","0","0","1","0","0","0","0","0","0","7","0","0","0","1","0","0","0","0","0","0","0","0","0","0","0","0","0","0","0","30","9","0","0","5","0","0","1","3","0","0","0","0","0","1","1","1","0","0","0","0","0","0","0","0","0","0","1","0","1","0","2","2","0","0","0","0","0","0","0","0","0","0","1","0","0","0","400","26","2","3","0","0","2","4","1","0","0","0","0","0","97","3","11","0","31","39","0","8","0","1","0","0","12","1","4","0","1","7","19","0","0","0","1","1","1","1","4","1","0","0","0","0","0","0","0","0","0","0","1","0","0","0","0","0","1","0","0","0","0","0","0","0","0","0","0","0","0","0","0","0","0","0","0","0","0","0","0","0","0","0","0","0","2","0","0","1","0","0","0","0","0","0","44","4"
"District 25 - Early Voting","1725","7","11","0","18","1","1","4","1","0","0","0","0","139","17","0","63","6","1","10","11","0","1","5","2","0","0","0","21","0","4","0","0","4","8","0","0","0","0","0","9","0","0","0","0","2","1","0","0","0","4","1","0","1","0","0","0","0","0","0","2","0","0","1","0","0","0","0","1","0","0","0","0","3","1","2","0","3","1","0","0","0","0","0","0","0","0","0","0","0","0","0","0","30","17","0","0","5","0","0","2","1","0","0","0","0","0","2","0","1","0","0","2","2","0","0","0","0","0","0","1","0","0","0","2","3","0","0","0","0","0","0","0","0","0","0","0","0","0","0","717","25","1","10","0","0","5","6","0","0","0","0","0","0","142","10","7","0","70","88","0","9","0","2","0","3","21","9","12","0","0","18","44","0","2","0","0","1","2","0","8","0","0","0","0","0","2","2","0","4","0","0","4","1","0","0","0","0","0","0","0","0","0","0","0","0","0","0","0","0","0","1","0","0","0","0","0","0","0","0","0","0","0","0","0","0","0","0","0","0","0","0","0","0","1","0","38","1"
"District 25  - Question","149","0","1","0","2","0","0","1","0","0","0","0","0","15","2","0","12","0","0","2","10","0","0","0","0","0","0","0","7","1","3","0","0","0","1","0","0","0","0","0","0","0","0","0","0","0","0","0","0","0","2","0","0","0","0","0","0","0","0","0","0","0","0","0","0","0","0","1","0","0","0","0","0","1","0","0","0","1","1","0","0","0","0","0","0","0","0","0","0","0","0","0","0","17","4","0","0","2","0","0","1","0","0","0","0","0","0","0","0","2","0","0","0","1","0","0","0","0","0","0","2","0","1","0","0","0","0","0","0","0","0","0","0","0","0","0","0","0","0","0","36","5","0","1","0","0","1","4","0","0","0","0","0","0","6","0","1","0","3","7","0","1","0","0","0","0","3","0","4","0","0","3","8","0","0","0","0","0","0","0","0","0","0","0","0","0","0","0","0","0","0","0","0","0","0","0","0","0","0","0","0","0","0","0","0","0","0","0","0","0","0","0","0","0","0","0","0","0","0","0","0","0","0","0","0","0","0","0","0","0","0","0","0","0","0","0","14","2"
"District 26 - Absentee","651","1","4","0","6","0","0","0","0","0","0","0","0","59","8","0","28","1","0","2","9","0","0","1","2","0","0","0","8","0","2","0","0","0","10","0","0","0","0","0","5","0","0","0","0","2","0","0","0","0","2","0","0","0","0","0","0","0","0","0","0","0","0","0","0","0","0","1","0","0","0","0","0","3","0","0","0","0","1","0","0","0","0","0","0","0","0","0","0","0","0","0","0","24","12","0","0","3","0","0","2","1","0","0","0","0","0","0","0","1","0","0","0","1","0","0","0","1","0","0","0","1","0","0","1","2","0","0","0","0","3","0","0","0","0","0","0","0","0","0","281","13","0","2","0","0","1","6","0","0","0","0","0","0","71","3","4","0","27","28","0","7","0","0","0","0","8","0","3","0","0","5","11","0","0","0","0","0","0","0","1","0","0","0","0","0","0","0","1","0","0","0","1","0","0","0","0","1","0","0","0","0","2","0","0","0","0","0","0","0","0","0","0","0","0","0","0","0","0","0","0","0","0","0","0","0","0","0","0","0","0","0","0","0","0","0","30","0"
"District 26 - Early Voting","1643","6","8","0","4","1","0","0","1","0","0","0","0","128","26","0","60","6","0","6","16","0","0","5","2","0","2","0","14","0","5","0","0","4","11","0","0","0","0","0","10","0","0","0","0","3","0","0","0","0","7","1","0","1","0","0","0","0","0","0","0","1","0","0","0","0","2","3","0","0","0","0","0","3","0","1","0","2","4","0","0","0","0","0","0","0","0","0","0","0","0","0","0","46","23","1","0","5","0","0","2","5","0","0","0","0","0","0","0","1","0","0","3","2","0","0","0","0","0","0","4","0","3","0","0","2","0","0","0","0","0","0","0","0","0","0","0","0","0","0","307","17","0","4","0","0","2","11","0","1","0","0","0","0","66","1","7","0","31","54","0","6","0","0","1","0","11","2","5","0","0","11","11","0","1","0","1","0","0","0","4","0","0","0","2","0","1","0","0","1","0","0","4","1","0","0","0","0","0","0","0","0","0","0","0","0","0","0","0","0","0","0","0","0","0","1","0","0","0","0","1","0","0","0","1","0","0","0","0","0","0","1","0","0","0","0","47","1"
"District 26  - Question","167","0","0","0","3","0","0","0","1","0","0","0","0","21","1","0","13","1","0","0","3","0","0","1","0","0","0","0","5","0","2","0","0","0","5","0","0","0","0","0","0","0","0","0","0","1","0","0","0","0","1","0","0","0","0","0","0","0","0","0","0","0","0","0","0","0","0","0","0","0","0","0","1","1","0","0","0","0","1","0","0","0","0","0","0","0","0","0","0","0","0","0","0","5","9","1","0","1","0","0","0","0","1","0","1","0","0","0","1","1","0","0","1","3","0","0","0","0","0","0","4","0","2","0","0","3","1","0","0","0","0","0","0","0","0","0","0","0","0","0","41","2","0","0","0","0","0","2","0","0","0","0","0","0","9","0","0","0","3","8","1","0","0","0","0","0","2","0","2","0","0","2","5","0","0","0","0","0","0","0","0","0","0","0","0","0","0","0","0","0","0","0","1","0","0","1","0","0","0","0","0","0","0","0","0","0","0","0","0","0","0","0","0","0","0","0","0","0","0","0","0","0","0","0","0","0","0","0","0","0","0","0","1","0","0","0","15","0"
"District 27 - Absentee","609","3","7","0","0","0","0","0","1","0","0","0","0","54","8","1","26","3","0","1","12","0","0","2","5","0","1","0","12","0","1","0","0","1","2","0","0","0","0","0","4","0","1","0","0","6","1","0","0","0","3","0","0","1","0","0","0","0","0","0","0","0","0","2","0","0","0","0","0","0","0","0","0","2","0","0","0","0","1","0","0","0","0","0","0","0","0","0","0","0","0","0","0","24","9","1","0","3","0","0","1","2","0","0","0","0","0","3","0","1","0","0","0","1","0","0","0","0","0","0","0","1","3","0","0","1","0","0","0","0","0","0","0","0","0","0","0","0","0","0","249","7","2","1","0","0","2","3","0","0","0","0","0","0","64","3","8","0","21","35","0","1","0","0","0","0","7","1","4","0","0","8","9","0","3","0","0","0","0","0","2","0","0","0","0","0","0","0","0","0","0","0","2","0","0","0","0","0","0","0","0","0","0","0","0","0","0","0","0","0","0","0","0","0","0","0","0","0","0","0","0","0","0","0","0","0","0","0","0","0","0","0","0","0","0","1","30","1"
"District 27 - Early Voting","1579","9","8","0","7","1","0","1","1","0","0","0","0","171","23","0","62","3","0","8","21","1","0","4","0","0","1","1","18","0","1","0","0","3","10","0","0","0","0","0","3","0","1","0","1","6","0","0","0","0","8","0","0","0","0","0","0","0","0","0","2","0","0","0","0","0","0","1","0","0","0","0","0","1","0","0","0","0","1","0","0","0","0","0","0","0","0","0","0","0","0","0","0","43","22","3","0","6","0","0","2","5","0","0","0","1","0","0","0","4","0","0","0","2","0","0","1","0","0","0","3","0","4","0","1","3","0","0","0","0","0","0","0","0","0","0","0","0","0","0","355","25","2","4","0","0","5","12","0","0","0","0","0","0","66","1","7","0","38","44","0","2","0","0","0","0","16","3","4","0","0","16","33","0","2","0","0","0","0","0","2","0","0","0","0","0","0","0","0","1","0","0","6","1","0","0","0","1","0","0","0","0","0","0","0","0","0","0","0","0","0","0","0","0","0","0","0","0","0","0","0","0","0","0","0","0","0","0","1","0","0","0","0","0","0","0","32","4"
"District 27  - Question","194","1","0","0","1","0","0","0","1","0","0","0","0","20","2","0","21","1","0","1","9","0","0","0","2","0","0","0","3","0","2","0","0","0","2","0","0","0","0","0","0","0","0","0","0","1","0","0","0","0","1","0","0","0","0","0","1","2","0","0","0","0","0","0","1","0","0","1","0","0","0","0","0","0","0","0","0","0","0","0","0","0","0","0","0","0","0","0","0","0","0","0","0","19","10","2","0","2","2","0","2","3","0","1","1","1","0","0","0","4","0","0","0","0","0","0","0","1","0","0","4","0","2","0","0","0","0","0","0","0","0","0","0","0","0","0","0","0","0","0","39","3","1","0","0","0","0","2","0","0","0","0","0","0","7","0","1","0","3","6","0","2","0","0","0","0","5","0","4","0","0","1","2","0","1","0","0","0","0","0","0","0","0","0","0","0","0","0","0","0","0","0","0","0","0","0","0","0","0","0","0","0","0","0","0","0","0","0","0","0","0","0","0","0","0","0","0","0","0","0","0","0","0","0","0","0","0","0","0","0","0","0","0","0","0","0","17","2"
"District 28 - Absentee","605","2","3","0","7","1","0","1","0","0","0","0","0","66","8","0","23","1","1","10","5","0","0","3","4","0","0","0","16","0","2","0","0","1","4","0","0","0","0","1","2","0","1","0","3","2","1","0","0","0","1","0","0","0","0","0","0","0","0","0","0","0","0","2","0","0","0","3","0","0","0","0","0","1","0","0","0","0","0","0","0","0","0","0","0","0","0","0","0","0","0","0","0","26","16","0","0","2","0","0","2","3","0","0","0","0","0","1","1","1","0","0","0","0","0","0","0","0","0","0","0","1","1","0","1","0","0","0","0","1","1","0","0","0","0","0","0","0","0","0","287","8","2","15","0","0","1","5","0","0","0","0","0","0","60","3","6","0","34","32","0","7","0","0","0","1","15","2","3","0","0","4","12","0","0","0","1","0","1","2","4","0","0","0","0","0","2","0","0","0","0","0","3","1","0","0","0","0","0","0","0","0","0","0","0","0","0","0","0","0","0","0","0","0","0","0","0","0","0","0","0","0","0","0","0","0","1","0","0","0","0","0","0","0","0","0","21","1"
"District 28 - Early Voting","1721","9","13","0","11","1","0","2","1","0","0","0","0","164","19","0","60","3","0","7","20","0","1","7","8","0","2","0","24","3","15","0","0","2","7","0","1","1","0","0","5","1","0","0","4","3","0","0","0","0","6","0","0","0","0","0","1","0","0","0","0","1","0","0","0","0","0","0","0","0","0","0","0","1","0","1","0","1","0","0","0","0","0","0","0","0","0","0","0","0","0","0","0","41","20","0","0","6","0","0","2","4","0","0","0","1","0","4","0","1","0","0","1","3","0","0","0","0","0","0","5","0","1","0","2","0","0","0","0","0","0","0","0","0","0","0","0","0","0","0","453","31","0","3","0","0","1","6","0","0","0","0","0","0","88","3","14","0","50","59","0","5","0","2","0","1","20","3","5","0","0","13","28","0","1","0","0","0","0","1","4","0","0","0","0","0","1","0","0","2","0","0","2","0","0","0","0","0","0","0","0","0","0","0","0","0","0","0","0","0","0","0","0","0","0","0","0","0","0","0","0","0","0","0","0","0","0","0","0","0","0","0","0","0","0","0","31","1"
"District 28  - Question","179","0","3","0","4","0","0","0","0","1","0","0","0","21","3","0","17","0","1","2","3","0","0","1","0","0","0","0","5","1","1","0","0","1","1","0","0","0","0","0","0","0","0","0","1","1","0","0","0","0","6","0","0","0","0","0","0","0","0","0","0","1","0","1","0","0","0","0","0","0","0","0","0","0","0","0","0","0","0","0","0","0","0","0","0","0","0","0","0","0","0","0","0","13","4","0","0","3","0","0","0","1","0","0","0","0","0","0","0","1","0","0","0","1","0","0","0","0","0","0","1","0","0","0","0","3","0","0","0","0","0","0","0","0","0","0","0","0","0","0","40","3","0","0","0","0","0","2","0","0","0","0","0","0","6","2","1","0","3","13","0","2","0","0","0","0","4","0","0","0","0","1","5","0","2","0","0","0","0","0","0","0","0","0","0","0","1","0","0","0","0","0","0","0","0","0","0","0","0","0","0","0","0","0","0","0","0","0","0","0","0","0","0","0","0","0","0","0","0","0","0","0","0","0","0","0","0","0","0","0","0","0","0","0","0","0","18","0"
"District 29 - Absentee","859","2","3","0","3","0","0","1","2","0","0","0","0","100","11","0","33","3","0","7","3","0","0","2","2","0","0","0","15","1","1","0","0","1","4","0","0","0","0","0","0","0","1","0","0","4","1","0","0","0","6","0","0","0","0","0","0","0","0","0","0","1","0","0","0","0","1","1","1","0","0","0","0","10","0","0","0","1","3","0","0","0","0","0","0","0","0","0","0","0","0","0","0","38","16","1","0","0","0","0","1","2","0","0","0","3","0","1","2","1","0","0","0","0","0","0","0","0","0","0","4","1","0","0","0","0","0","0","0","0","0","0","0","0","0","0","0","0","0","0","458","24","1","5","0","0","1","10","0","0","0","0","0","0","97","12","9","0","43","42","0","4","0","2","1","0","17","8","4","0","0","13","30","0","0","0","0","0","0","0","7","0","0","0","0","0","3","2","1","0","0","0","2","0","0","0","0","0","0","0","0","0","0","0","0","0","0","0","1","0","0","0","0","0","0","0","0","0","0","0","0","0","0","0","0","0","2","0","0","1","0","0","0","0","0","0","32","1"
"District 29 - Early Voting","1649","12","14","0","28","1","0","0","0","0","0","0","0","126","14","0","64","2","0","11","17","0","0","4","3","0","2","0","26","0","3","0","0","6","6","0","0","0","0","0","5","0","1","0","0","3","1","0","0","0","7","1","0","0","0","0","0","0","0","0","1","0","0","0","0","0","0","0","0","0","0","0","0","6","0","0","0","1","1","0","0","0","0","0","0","0","0","0","0","0","0","0","0","38","16","2","0","2","0","0","2","4","0","0","0","1","0","1","1","2","0","0","1","1","0","0","0","0","0","0","3","1","1","0","0","2","0","0","0","0","0","0","0","0","0","0","0","0","0","0","394","17","2","4","0","0","2","8","0","0","0","0","0","0","80","4","6","0","35","50","0","3","0","1","0","1","21","2","3","0","0","17","25","0","3","0","1","1","0","0","2","0","0","0","0","0","1","0","0","0","0","0","4","0","0","0","0","0","0","0","0","0","0","0","0","0","0","0","0","0","0","0","0","0","0","0","0","0","0","0","0","0","0","0","0","0","0","0","0","0","0","0","0","0","0","0","32","0"
"District 29  - Question","130","0","0","0","2","0","0","0","2","0","0","0","0","28","2","0","11","0","1","1","6","0","0","0","0","0","0","0","3","0","0","0","0","1","2","0","0","0","0","0","0","0","0","0","0","0","0","0","0","0","1","0","0","2","0","0","0","1","0","0","0","1","0","0","0","0","0","1","0","0","0","0","0","0","0","0","0","0","2","0","0","0","0","0","0","0","0","0","0","0","0","0","0","11","8","0","0","4","0","0","0","0","0","0","0","0","0","0","0","1","0","0","0","0","0","0","0","0","0","0","1","0","1","0","0","0","0","0","0","0","0","0","0","0","0","0","0","0","0","0","44","3","0","3","0","0","0","1","0","0","0","0","0","0","9","0","0","0","7","5","0","1","0","0","0","0","7","0","2","0","0","1","5","0","1","0","0","0","0","0","0","0","0","0","0","0","0","0","0","0","0","0","1","0","0","0","0","0","0","0","0","0","0","0","0","0","0","0","0","0","0","0","0","0","0","0","0","0","0","0","0","0","0","0","0","0","0","0","0","0","0","0","0","0","0","0","16","2"
"District 3 - Absentee","589","5","2","0","2","0","0","0","0","0","0","0","0","62","8","0","23","1","0","8","15","0","0","6","0","0","0","0","22","0","8","0","0","6","4","0","0","0","0","0","4","0","0","0","1","2","0","0","0","0","2","0","0","0","0","0","0","0","0","0","0","0","0","0","0","0","0","2","0","0","0","0","0","11","0","0","0","1","3","0","0","0","0","0","0","0","0","0","0","0","0","0","0","35","12","1","0","2","0","0","1","2","0","0","1","0","0","2","0","0","0","0","1","1","0","0","0","0","0","0","5","0","3","0","0","1","0","0","0","0","1","0","0","0","0","0","0","0","0","0","1078","41","1","4","0","0","7","8","0","0","0","0","0","0","259","7","12","0","98","85","0","11","0","4","0","2","41","5","6","0","0","26","34","0","2","0","0","0","0","1","6","0","0","0","1","0","1","4","0","0","0","0","2","1","0","0","0","1","0","0","0","0","0","0","0","0","0","0","0","0","0","0","0","0","0","0","0","0","0","0","1","0","0","0","0","0","0","0","0","0","0","0","0","0","0","0","38","3"
"District 3 - Early Voting","1001","6","1","0","3","1","0","2","1","0","0","0","0","102","11","0","31","4","1","5","12","0","1","3","1","0","0","1","38","0","5","0","0","4","4","0","0","0","0","0","0","0","0","0","0","2","1","1","0","0","6","1","0","1","1","0","1","1","0","0","1","1","0","1","0","0","0","1","0","0","0","0","0","4","1","1","0","0","1","0","0","0","0","0","0","0","0","0","0","0","0","0","0","37","12","1","0","1","1","0","3","1","0","0","0","1","0","2","0","2","0","0","1","0","0","0","0","0","0","0","3","3","2","0","2","2","0","0","0","0","0","0","0","0","0","0","1","0","0","0","1455","56","4","8","0","0","4","13","0","0","0","0","0","0","269","5","15","0","79","90","0","5","0","0","1","2","59","8","11","0","0","29","46","0","4","0","1","0","3","0","4","0","0","0","1","0","5","1","0","1","0","0","3","0","0","0","0","0","0","0","0","0","0","0","0","0","0","0","0","0","0","0","0","0","0","0","0","0","0","0","0","0","0","0","0","0","1","0","0","0","0","0","0","0","0","0","35","3"
"District 3  - Question","50","0","1","0","1","0","0","0","0","0","0","0","0","9","1","0","1","0","0","2","1","0","0","0","0","0","0","0","1","1","0","0","0","0","0","0","0","0","0","0","0","0","0","0","0","0","0","0","0","0","1","0","0","0","0","0","0","0","0","0","0","0","0","0","0","0","0","1","0","0","0","0","0","0","0","0","0","0","1","0","0","0","0","0","0","0","0","0","0","0","0","0","0","10","1","1","0","3","0","0","0","1","0","0","0","0","0","1","0","1","0","0","0","2","0","0","0","0","0","0","2","0","0","0","0","3","0","0","0","0","0","0","0","0","0","0","0","0","0","0","73","5","0","0","0","0","0","3","0","0","0","0","0","0","13","0","0","0","10","8","0","3","0","0","0","0","3","0","4","0","0","5","2","0","0","0","0","0","0","1","0","0","0","0","0","0","0","0","1","0","0","0","1","0","0","0","0","0","0","0","0","0","0","0","0","0","0","0","0","0","0","0","0","0","0","0","0","0","0","0","0","0","0","0","0","0","0","0","0","0","0","0","0","0","0","0","10","4"
"District 31 - Absentee","321","0","1","0","1","0","0","0","3","0","0","0","0","39","5","0","9","0","0","1","11","0","0","1","2","0","0","0","5","1","4","0","0","2","4","0","0","0","0","0","1","0","0","0","1","1","0","0","1","0","2","1","0","0","0","0","0","0","0","0","1","0","0","0","0","0","0","0","0","0","0","0","0","1","0","0","0","0","3","0","1","0","0","0","0","0","0","0","0","0","0","0","0","19","9","0","0","5","0","0","0","3","0","0","1","0","0","1","0","0","0","0","1","3","0","0","0","0","0","0","4","1","6","0","0","1","0","0","0","0","0","0","0","0","0","1","0","0","0","0","345","13","1","4","0","0","3","13","0","0","0","0","0","1","57","2","7","0","31","40","0","5","0","0","0","2","10","6","9","0","0","9","13","0","3","0","0","0","0","0","0","0","0","0","0","0","2","0","1","0","0","0","0","0","0","0","0","0","0","0","0","0","0","0","0","0","0","0","0","0","0","0","0","0","0","0","0","0","0","0","0","0","0","0","0","0","0","0","0","0","0","0","0","0","0","0","21","5"
"District 31 - Early Voting","590","5","5","0","15","0","0","1","2","0","0","1","0","54","4","0","40","8","0","6","12","0","0","3","1","0","0","0","14","1","3","0","0","2","4","0","0","0","0","0","1","0","0","0","0","3","0","0","0","0","7","0","0","0","0","0","0","1","0","0","2","0","0","0","0","0","0","2","0","0","0","0","0","7","0","1","0","1","3","1","0","0","0","0","0","0","0","0","0","0","0","0","0","36","14","0","0","4","0","0","3","6","0","0","0","2","0","2","3","3","0","0","1","1","0","0","0","0","0","0","5","1","2","0","1","3","1","0","0","0","0","0","0","0","0","1","0","0","0","0","580","28","1","5","0","0","3","20","0","0","0","0","0","0","121","5","9","0","52","96","0","11","0","2","0","3","27","4","8","0","0","12","34","0","5","0","0","0","0","2","4","1","1","1","0","0","2","0","0","0","0","0","3","0","0","0","0","0","0","0","0","0","0","0","0","0","0","0","0","0","0","0","0","1","0","0","0","0","0","0","0","0","0","0","0","0","0","0","0","0","0","0","0","0","0","0","25","12"
"District 31  - Question","77","0","0","0","1","0","0","0","0","0","0","0","0","8","0","0","6","0","0","0","5","0","0","0","0","0","0","0","1","0","0","0","0","0","0","0","0","0","0","0","0","0","0","0","0","0","0","0","0","0","1","0","0","0","0","0","0","0","0","0","0","0","0","0","0","0","0","1","0","0","0","0","0","0","0","0","0","0","0","0","0","0","0","0","0","0","0","0","0","0","0","0","0","11","7","0","0","3","0","0","0","4","0","0","0","0","0","0","0","0","0","0","0","0","0","0","0","0","0","0","1","0","1","0","0","1","0","0","0","0","0","0","0","0","0","0","0","0","0","0","56","6","0","1","0","0","1","3","0","0","0","0","0","0","16","1","1","0","4","11","0","0","0","0","0","0","1","0","4","0","0","1","12","0","0","0","0","0","0","0","0","1","0","0","0","0","0","0","0","0","0","0","0","0","0","0","0","0","0","0","0","0","0","0","0","0","0","0","0","0","0","0","0","0","0","0","0","0","0","0","1","0","0","0","0","0","0","0","0","0","0","0","0","0","0","0","9","3"
"District 32 - Absentee","373","3","0","0","0","2","0","1","1","0","0","0","0","40","2","0","28","2","0","1","9","0","1","0","3","0","1","0","9","2","7","0","0","1","1","0","0","0","0","0","0","0","0","0","0","5","0","0","0","0","6","0","0","0","0","0","0","0","0","0","1","0","0","0","0","0","0","0","0","0","0","0","0","0","0","1","0","1","4","0","0","0","0","0","0","0","0","0","0","0","0","0","0","12","4","0","0","4","0","0","1","5","0","0","0","0","0","0","0","1","0","0","1","2","0","0","0","0","0","0","1","1","0","0","1","2","0","0","0","0","0","0","0","0","0","0","0","0","0","0","225","6","3","6","0","0","1","2","0","0","0","0","0","0","59","3","7","0","17","37","0","0","0","0","0","1","3","0","7","0","0","1","8","0","0","0","0","0","1","0","0","0","0","0","0","0","0","0","1","0","0","0","1","0","0","0","0","0","0","0","0","0","0","0","0","0","0","0","0","0","0","0","0","0","0","0","0","0","0","0","0","0","0","0","0","0","0","0","0","0","0","0","0","0","0","0","29","1"
"District 32 - Early Voting","438","3","3","0","6","1","0","0","2","0","0","0","0","57","6","0","30","2","0","0","10","0","0","2","0","0","0","0","9","1","8","0","0","0","5","0","1","0","0","0","1","0","1","0","0","2","0","0","0","0","4","1","1","1","0","0","0","1","0","0","1","0","0","1","0","0","0","0","0","0","0","0","0","3","1","1","0","1","1","0","0","0","0","0","0","0","0","0","0","0","0","0","0","18","3","0","0","1","0","0","1","5","0","0","0","0","0","1","0","2","0","0","0","1","0","0","0","0","0","1","1","0","1","0","0","1","0","0","0","0","0","1","0","0","0","0","0","0","0","0","208","18","1","9","0","0","1","4","0","0","0","0","0","0","58","1","8","0","30","47","0","6","0","0","0","1","9","2","3","0","1","6","12","0","1","0","0","0","0","0","0","0","0","0","0","0","2","0","0","2","0","0","3","0","0","0","0","0","0","0","0","0","0","0","0","0","0","0","0","0","0","0","0","0","0","0","0","0","0","0","0","0","0","0","0","0","0","0","0","0","0","0","0","0","0","0","16","3"
"District 32  - Question","79","1","1","0","2","0","0","0","2","0","0","0","0","15","2","0","5","0","0","1","3","0","0","0","4","0","0","0","5","0","4","0","0","0","3","0","0","0","0","0","0","0","0","1","0","0","0","0","0","0","0","0","0","0","0","0","0","0","0","0","0","0","0","0","0","0","0","0","0","0","0","0","0","0","0","2","0","0","0","0","0","0","0","0","0","0","0","0","0","0","0","0","0","11","4","1","0","1","0","0","0","0","0","0","0","0","0","0","0","1","0","0","0","1","0","0","0","0","0","0","1","0","1","0","0","0","0","0","0","0","0","0","0","0","0","0","0","0","0","1","44","8","1","4","0","0","1","4","0","0","0","0","0","0","2","0","1","0","2","7","0","0","0","1","0","0","1","1","0","0","0","1","2","0","0","0","0","0","0","0","0","0","0","0","0","0","0","0","0","0","0","0","1","0","0","0","0","0","0","0","0","0","0","0","0","0","0","0","0","0","0","0","0","0","0","0","0","0","0","0","0","0","0","0","0","0","0","0","0","0","0","0","0","0","0","0","9","0"
"District 33 - Absentee","537","3","2","0","3","0","0","0","0","0","0","0","0","58","6","0","33","2","0","4","14","0","1","3","3","0","0","0","7","2","2","0","0","5","7","0","0","0","0","0","1","0","1","0","0","1","2","0","0","0","13","1","0","0","0","0","0","0","0","0","1","0","0","1","0","0","0","0","0","0","0","0","0","7","0","0","0","1","0","0","0","0","0","0","0","0","0","0","0","0","0","0","0","22","3","0","0","4","0","0","1","1","0","0","0","0","0","0","0","4","0","0","0","1","0","0","0","0","0","0","0","0","1","0","0","1","0","0","0","0","0","0","0","0","0","0","0","0","0","0","231","15","1","5","0","0","3","2","0","0","0","0","0","0","60","3","8","0","26","31","0","3","0","0","0","0","11","2","7","0","1","7","10","0","0","1","0","0","0","1","1","0","0","0","0","0","1","0","1","0","0","0","0","1","0","0","0","0","1","0","0","0","0","2","0","0","0","0","0","0","0","0","0","0","0","0","0","0","0","0","1","0","0","0","1","0","1","0","0","0","1","0","2","0","0","1","38","2"
"District 33 - Early Voting","876","6","3","0","14","0","1","0","0","0","0","0","0","92","14","0","41","2","1","4","23","0","0","0","6","0","1","1","15","1","8","0","0","4","3","0","0","0","0","0","3","0","1","0","1","0","0","0","0","0","3","0","0","0","0","0","0","0","0","0","1","0","0","0","0","0","0","1","0","0","0","0","1","3","0","0","0","0","1","0","0","0","0","0","0","0","0","0","0","0","0","0","0","26","15","0","0","1","0","0","0","2","0","0","0","0","0","1","1","2","0","0","0","1","0","0","0","0","0","0","0","0","0","0","0","6","0","0","0","0","0","1","0","0","0","0","0","0","0","0","248","11","0","9","0","0","1","7","0","0","0","0","0","0","63","6","5","0","14","43","0","6","0","0","0","0","19","2","5","0","0","10","23","0","1","0","0","0","1","0","3","0","0","0","0","0","2","0","0","1","0","0","0","0","0","0","0","0","0","0","0","0","1","0","0","0","0","0","1","0","0","0","0","0","0","0","0","0","0","0","0","0","0","0","0","0","0","0","0","0","0","0","0","0","1","1","19","3"
"District 33  - Question","94","1","0","0","2","0","0","0","0","0","0","0","0","10","3","0","7","0","0","1","3","0","0","0","0","0","0","0","2","1","0","0","0","2","2","0","0","0","0","0","0","0","0","0","0","0","0","0","0","0","1","0","0","2","0","0","0","0","0","0","0","1","0","0","0","0","0","0","0","0","0","0","0","0","0","0","0","0","1","0","0","0","0","0","0","0","0","0","0","0","0","0","0","7","4","0","0","0","0","0","0","1","0","0","0","0","0","2","0","0","0","1","0","0","0","0","0","0","0","0","1","0","0","0","0","3","0","0","0","0","0","0","0","0","0","0","0","0","0","0","22","2","0","0","0","0","0","1","0","0","0","0","0","0","3","1","1","0","3","5","0","0","0","0","0","0","1","0","1","0","0","1","5","0","1","0","0","0","0","0","0","0","0","0","0","0","0","0","0","1","0","0","0","0","0","0","0","0","0","0","0","0","0","0","0","0","0","0","0","0","0","0","0","0","0","0","1","0","0","0","0","0","0","0","0","0","1","0","0","0","0","0","0","0","0","0","10","0"
"District 34 - Absentee","524","0","0","0","3","0","0","0","1","0","0","0","0","48","13","0","28","1","0","4","8","0","2","2","3","0","2","0","15","1","4","0","0","4","8","0","0","0","0","0","3","0","0","0","0","2","0","0","0","0","7","0","0","0","0","0","0","0","0","0","1","0","0","0","0","0","0","1","0","0","0","0","0","3","0","0","0","0","3","0","0","0","0","0","0","0","0","0","0","0","0","0","0","21","9","0","0","0","0","0","1","2","0","0","0","0","0","1","0","1","0","0","0","1","0","0","0","0","0","0","3","0","0","0","0","2","0","0","0","0","1","0","0","0","0","0","0","0","0","0","450","23","2","1","0","0","1","12","0","0","0","1","0","0","115","4","9","0","44","48","0","1","0","1","1","2","17","4","5","0","0","2","9","0","1","0","0","0","0","0","1","0","0","0","0","0","0","0","1","0","0","0","3","1","0","0","0","0","0","0","0","0","0","0","0","0","0","0","0","0","0","0","0","0","0","0","0","1","0","0","0","0","0","0","0","0","0","0","0","0","0","0","0","0","0","0","48","2"
"District 34 - Early Voting","943","7","1","0","5","1","0","0","2","0","0","0","0","121","14","1","54","2","0","10","18","0","1","7","2","0","1","0","24","1","2","0","1","0","11","0","0","0","1","0","5","0","1","0","2","4","0","0","0","0","7","1","0","0","0","0","0","0","0","0","0","0","0","0","0","0","1","2","0","0","0","0","0","2","0","0","0","3","0","0","0","0","0","0","0","0","0","0","0","0","0","0","0","38","17","1","0","3","0","0","3","6","0","0","1","1","0","2","0","1","0","0","1","2","0","0","0","0","0","1","4","3","2","0","1","1","0","0","0","0","0","0","0","0","0","0","0","0","0","0","622","34","0","1","0","0","2","11","0","0","0","0","0","0","174","7","12","0","76","100","0","8","0","2","0","0","34","7","9","0","0","15","31","0","5","0","0","0","0","1","4","0","0","0","0","0","2","0","0","3","0","0","0","1","0","0","0","0","0","0","0","0","0","0","0","0","0","0","0","0","0","0","0","0","0","0","0","0","0","0","0","0","0","0","0","0","0","0","0","0","0","0","0","0","0","0","36","2"
"District 34  - Question","105","0","0","0","1","0","0","0","0","0","0","0","0","15","2","0","17","0","0","1","8","0","0","1","1","0","0","0","4","0","2","0","0","1","1","0","0","0","0","0","0","0","0","0","0","0","0","0","0","0","2","0","0","1","0","0","0","0","0","0","1","0","0","0","0","0","0","1","0","0","0","0","0","1","0","0","0","0","1","0","0","0","0","0","0","0","0","0","0","0","0","0","0","11","10","0","0","3","1","1","1","2","0","0","0","0","0","1","0","4","0","0","2","0","0","0","0","0","0","0","2","0","2","0","1","2","0","0","0","0","0","0","0","0","0","0","0","0","0","0","43","11","2","0","0","0","0","2","0","0","0","0","0","0","9","0","0","0","2","5","0","0","0","0","0","0","3","3","3","0","0","0","3","0","0","0","0","0","0","0","0","0","0","0","0","0","0","0","0","0","0","0","1","0","0","1","0","0","0","0","0","0","0","0","0","0","0","0","0","0","0","0","0","0","0","0","0","0","0","0","0","0","0","0","0","0","0","0","0","0","0","0","0","0","0","0","21","2"
"District 35 - Absentee","364","2","0","0","1","1","0","0","1","0","0","0","0","47","3","0","20","2","0","2","9","0","0","2","4","0","0","0","14","0","2","0","0","0","2","0","0","0","0","0","3","0","0","0","0","1","0","0","0","0","4","0","0","0","0","0","0","0","0","0","0","0","0","1","0","0","0","0","0","0","0","0","0","3","1","0","0","2","1","0","0","0","0","0","0","0","0","0","0","0","0","0","0","10","10","2","0","1","0","0","2","3","0","0","0","0","1","0","0","1","0","0","0","1","0","0","0","0","0","0","1","2","0","0","0","1","0","0","0","0","0","0","0","0","0","0","0","0","0","0","489","16","1","7","0","0","3","5","0","0","0","0","0","2","141","6","10","1","37","53","1","5","0","1","0","1","21","5","3","0","0","4","6","0","2","0","0","1","2","0","2","0","0","0","0","0","1","0","0","1","0","0","2","0","0","0","0","0","0","0","0","0","0","0","0","0","0","0","0","0","0","0","0","0","0","0","0","0","0","0","0","0","0","0","0","0","0","0","0","0","0","0","1","0","0","1","18","1"
"District 35 - Early Voting","751","5","4","0","3","0","0","0","2","0","0","0","0","105","22","0","30","2","0","2","14","0","1","3","3","0","0","2","24","2","3","0","0","1","8","0","0","0","0","0","4","0","0","0","1","2","0","0","0","0","5","1","0","0","0","0","0","1","0","0","1","0","0","0","0","0","1","2","0","0","0","0","0","10","0","0","0","2","5","0","0","0","0","0","0","0","0","0","0","0","0","0","0","21","9","2","0","2","0","0","1","4","0","0","0","0","0","0","0","0","0","0","1","1","0","0","0","0","0","1","3","2","3","0","2","3","0","0","0","0","0","0","0","0","0","0","0","0","0","0","840","27","2","3","0","0","8","19","0","1","0","0","0","0","293","10","16","0","93","95","0","5","0","3","0","2","35","15","15","0","0","24","36","0","2","0","1","0","4","0","5","0","0","1","0","0","4","0","0","2","0","0","1","0","0","0","0","0","0","0","0","0","0","0","0","0","0","0","0","0","0","0","0","0","0","0","0","0","0","0","0","0","0","0","0","0","0","1","0","0","0","0","1","0","0","0","25","4"
"District 35  - Question","78","0","0","0","0","0","0","0","1","0","0","0","0","11","0","0","8","0","0","0","6","0","0","0","0","0","0","0","5","0","1","0","0","0","1","0","0","0","0","0","1","0","0","0","0","0","0","0","0","0","1","0","0","0","0","0","0","0","0","0","0","0","0","0","0","0","0","0","0","0","0","0","0","1","0","1","0","0","0","0","0","0","0","0","0","0","0","0","0","0","0","0","0","10","6","0","0","2","0","0","2","3","0","0","0","0","0","1","0","0","0","0","0","1","0","0","0","0","0","0","3","1","1","0","1","2","0","0","0","0","0","0","0","0","0","0","0","0","0","0","64","3","0","3","0","0","0","4","0","0","0","0","0","0","14","0","1","0","5","13","0","0","0","1","0","0","4","1","3","0","0","3","4","0","0","0","0","0","0","0","0","0","0","0","0","0","0","0","0","0","0","0","0","0","0","0","0","0","0","0","0","0","0","0","0","0","0","0","0","0","0","0","0","0","0","0","0","0","0","0","0","0","0","0","0","0","0","0","0","0","0","0","0","0","0","0","12","1"
"District 38 - Absentee","86","1","1","0","1","0","0","0","0","0","0","0","0","12","2","0","5","0","0","1","3","0","0","0","0","0","0","0","8","2","1","0","0","1","7","0","0","0","0","0","0","0","0","0","0","0","0","0","0","0","2","0","0","0","0","0","0","1","0","0","0","1","0","0","0","0","0","0","0","0","0","0","0","0","1","0","0","0","2","0","0","0","0","0","0","0","0","0","0","0","0","0","0","3","1","1","0","5","0","0","0","0","0","0","0","0","0","0","0","3","0","0","1","0","0","0","0","0","0","0","1","1","0","0","0","1","0","0","0","0","0","0","0","0","0","0","0","0","0","0","206","8","0","7","0","0","3","8","0","0","0","0","0","0","32","2","5","0","17","29","0","1","0","0","1","0","6","2","6","0","1","4","20","0","0","0","0","0","0","1","1","0","0","0","1","0","2","0","0","0","0","0","3","0","0","0","0","0","0","0","0","0","0","0","0","0","0","0","0","0","0","0","0","0","0","0","0","0","0","0","0","0","0","0","0","0","0","0","0","0","0","0","0","0","0","0","6","2"
"District 38 - Early Voting","3","0","0","0","0","0","0","0","0","0","0","0","0","0","0","0","0","0","0","0","2","0","0","0","0","0","0","0","1","0","0","0","0","1","0","0","0","0","0","0","0","0","0","0","0","0","0","0","0","0","0","0","0","0","0","0","0","0","0","0","0","0","0","0","0","0","0","0","0","0","0","0","0","0","0","0","0","0","0","0","0","0","0","0","0","0","0","0","0","0","0","0","0","0","0","0","0","0","0","0","0","0","0","0","0","0","0","0","0","0","0","0","0","0","0","0","0","0","0","0","0","0","0","0","0","0","0","0","0","0","0","0","0","0","0","0","0","0","0","0","10","1","0","0","0","0","0","1","0","0","0","0","0","0","2","0","0","0","0","5","0","0","0","0","0","0","0","0","0","0","0","0","4","0","0","0","0","0","0","0","0","0","0","0","0","0","0","0","0","0","0","0","0","0","0","0","0","0","0","0","0","0","0","0","0","0","0","0","0","0","0","0","0","0","0","0","0","0","0","0","0","0","0","0","0","0","0","0","0","0","0","0","0","0","0","0","0","0"
"District 38  - Question","58","0","1","0","4","0","0","1","1","0","0","0","0","7","0","0","10","1","0","1","4","0","0","0","0","0","0","0","3","0","3","0","0","1","7","0","0","0","0","0","1","0","0","0","0","0","0","0","0","0","1","0","0","0","0","0","1","0","0","0","0","0","0","1","0","0","0","1","0","0","0","0","0","1","0","0","0","0","0","0","0","0","0","0","0","0","0","0","0","0","0","0","0","5","0","0","0","1","0","0","1","0","0","0","0","0","0","0","0","0","0","0","0","1","0","0","0","0","0","0","0","0","1","0","0","3","0","0","0","0","0","0","0","0","0","0","0","0","0","0","54","5","0","6","0","0","0","11","0","0","0","0","0","0","3","0","0","0","3","11","0","0","1","0","0","0","1","0","2","0","0","1","4","0","0","0","0","0","0","0","0","0","0","0","0","0","0","0","0","0","0","0","0","0","0","0","0","0","0","0","0","0","0","0","0","0","0","0","0","0","0","0","0","0","0","0","0","0","0","0","0","0","0","0","0","0","0","0","0","0","0","0","0","0","0","0","7","3"
"District 4 - Absentee","244","3","0","0","1","0","0","0","0","0","0","0","0","19","3","0","4","0","0","2","4","0","0","0","2","0","0","0","13","0","6","0","1","1","3","0","0","0","0","0","1","0","0","0","0","0","1","0","0","0","3","0","0","1","0","0","1","1","0","0","0","0","0","0","0","0","0","1","0","0","0","0","0","3","0","1","0","0","1","0","0","0","0","0","0","0","0","0","0","0","0","0","0","12","8","1","0","2","0","0","1","1","0","0","0","0","1","0","0","0","0","0","0","0","0","0","0","0","0","1","1","0","0","0","1","0","0","0","0","0","0","0","0","0","0","0","0","0","0","0","803","23","2","17","0","0","3","11","0","0","0","0","0","0","188","8","14","0","48","60","0","7","0","0","0","3","23","1","3","0","0","9","23","0","0","0","0","0","0","1","8","0","0","0","1","1","2","0","1","1","0","0","0","0","0","0","0","0","0","0","0","0","0","0","0","0","0","0","0","0","0","0","0","0","0","0","0","0","0","0","0","0","0","0","0","0","1","0","0","0","0","0","0","0","0","0","22","1"
"District 4 - Early Voting","732","8","4","0","6","1","0","3","3","0","0","0","0","66","13","0","17","1","0","1","12","0","0","0","2","0","0","0","34","1","8","0","0","1","3","0","0","0","0","0","3","0","0","0","1","2","0","0","0","0","9","0","0","1","0","0","1","0","0","0","0","0","0","3","0","0","0","0","0","0","0","0","1","10","0","0","0","2","4","0","0","1","0","0","0","0","0","0","0","0","0","0","0","36","9","0","0","2","0","0","0","3","0","0","0","0","0","1","1","4","0","0","2","1","0","0","0","0","0","0","5","2","3","0","3","2","0","0","0","0","0","0","0","0","0","0","0","0","0","0","1718","56","5","25","0","0","1","13","0","0","0","0","0","0","402","26","19","0","158","152","0","20","0","2","3","1","62","12","8","0","0","20","46","0","3","0","0","2","2","2","17","0","0","0","1","0","1","0","1","3","0","0","0","0","0","0","0","0","0","0","0","0","0","0","0","0","0","0","0","0","0","0","0","0","0","0","0","0","0","0","0","0","0","0","0","0","1","0","0","0","0","0","0","0","0","0","38","8"
"District 4  - Question","80","0","1","0","3","0","0","0","1","0","0","0","0","11","1","0","5","0","0","0","1","0","0","0","2","0","0","0","3","0","6","0","0","1","3","0","0","0","0","0","1","0","0","0","0","0","0","0","0","0","0","0","0","0","0","0","0","0","0","0","1","0","0","2","0","0","0","0","0","0","0","0","0","0","0","0","0","0","0","0","0","0","0","0","0","0","0","0","0","0","0","0","0","6","3","0","0","0","0","0","0","2","0","0","0","0","0","0","0","3","0","0","0","2","0","0","0","0","0","0","1","2","2","0","0","0","0","0","0","0","0","0","0","0","0","0","0","0","0","0","92","14","1","5","0","0","0","6","0","0","0","0","0","0","22","0","5","0","16","18","0","1","1","0","0","0","11","2","2","0","0","1","9","0","0","0","1","0","1","0","0","0","0","0","0","0","0","0","0","0","0","0","2","0","0","0","0","0","0","0","0","0","0","0","0","0","0","0","0","0","0","0","0","0","0","0","0","0","0","0","0","0","0","0","0","0","0","0","0","0","0","0","0","1","0","0","10","2"
"District 40 - Absentee","114","0","1","0","3","0","0","0","1","0","0","0","0","13","0","0","8","1","0","2","2","0","0","0","0","0","0","0","4","0","6","0","0","1","2","0","0","0","0","0","0","0","0","0","0","0","0","0","0","0","0","0","0","0","0","0","0","0","0","0","1","0","0","0","0","0","0","0","0","0","0","0","0","0","0","0","0","0","0","0","0","0","0","0","0","0","0","0","0","0","0","0","0","9","2","1","0","1","0","0","1","1","0","0","0","0","0","0","0","0","0","0","0","0","0","0","0","0","0","0","1","0","2","0","1","0","0","0","0","0","0","0","0","0","0","0","0","0","0","0","145","4","2","7","0","0","2","1","0","0","0","0","0","0","31","1","2","0","11","18","0","1","0","1","0","0","6","1","2","0","0","2","14","0","1","0","0","0","0","0","0","0","0","0","0","0","0","0","0","1","0","0","0","0","0","0","0","0","0","0","0","0","0","0","0","0","0","0","0","0","0","0","0","0","0","0","0","0","0","0","0","0","0","0","0","0","0","0","0","0","0","0","0","1","0","0","10","0"
"District 40 - Early Voting","12","0","0","0","0","0","0","0","0","0","0","0","0","0","0","0","1","0","0","0","0","0","0","0","0","0","0","0","1","0","1","0","0","0","1","0","0","0","0","0","0","0","0","0","0","1","0","0","0","0","1","0","0","0","0","0","0","0","0","0","0","0","0","0","1","0","0","0","0","0","0","0","0","0","0","0","0","0","0","0","0","0","0","0","0","0","0","0","0","0","0","0","0","1","0","0","0","0","0","0","0","0","0","0","0","0","0","0","0","1","0","0","0","0","0","0","0","0","0","0","0","0","0","0","0","1","0","0","0","0","0","0","0","0","0","0","0","0","0","0","15","1","0","0","0","0","0","1","0","0","0","0","0","0","3","0","1","0","0","0","0","0","0","0","0","0","0","0","0","0","0","0","1","0","0","0","0","0","0","0","0","0","0","0","0","0","0","0","0","0","0","0","0","0","0","0","0","0","0","0","0","0","0","0","0","0","0","0","0","0","0","0","0","0","0","0","0","0","0","0","0","0","0","0","0","0","0","0","0","0","0","0","0","0","0","0","2","0"
"District 40  - Question","60","0","1","0","1","0","0","0","2","0","0","0","0","1","0","0","8","1","0","0","2","0","1","0","0","0","0","0","6","0","3","0","0","1","3","0","0","0","0","0","0","0","0","0","0","0","0","0","0","0","0","0","0","0","0","0","0","1","0","0","1","0","0","1","0","0","0","1","0","0","0","0","0","0","0","0","0","0","2","0","0","0","0","0","0","0","0","0","0","0","0","0","0","8","1","0","0","1","0","0","0","0","0","0","0","0","0","0","0","0","0","0","0","1","0","0","0","0","0","0","0","1","1","0","0","2","0","0","0","0","0","0","0","0","0","0","0","0","0","0","49","1","0","1","0","0","1","4","0","0","0","1","0","0","4","2","5","0","4","10","0","0","0","0","0","0","1","0","1","0","0","0","3","0","0","0","0","0","0","0","0","0","0","0","0","0","0","0","0","0","0","0","2","0","0","0","0","0","0","0","0","0","0","0","0","0","0","0","0","0","0","0","0","0","0","0","0","0","0","0","0","0","0","0","0","0","0","0","0","0","0","0","0","0","0","0","7","0"
"District 5 - Absentee","1017","7","7","0","15","1","0","2","1","0","0","2","0","122","9","0","40","6","1","6","17","0","0","3","1","0","2","2","32","2","6","0","0","5","14","0","0","0","0","0","6","0","0","0","0","0","1","0","0","0","15","0","0","0","0","0","0","0","0","0","1","0","0","1","0","0","2","1","0","0","0","0","0","10","1","1","0","7","4","0","0","0","0","0","0","0","0","0","0","0","0","0","0","39","15","1","0","7","0","0","1","3","0","0","0","0","0","0","1","0","0","0","0","2","0","0","0","0","0","0","4","2","5","0","2","4","0","0","0","0","1","0","0","0","0","0","0","0","0","0","948","47","4","8","0","0","4","11","0","0","0","0","0","0","192","11","16","0","62","93","0","9","0","2","0","2","38","5","12","0","0","27","49","0","1","3","2","0","0","0","1","0","0","0","0","0","1","0","1","1","0","0","0","0","0","0","0","0","1","0","0","0","0","0","0","0","0","0","0","0","0","0","0","0","0","0","0","0","0","0","0","0","0","1","1","0","0","0","0","0","0","0","0","0","0","0","66","8"
"District 5 - Early Voting","26","0","0","0","0","0","0","0","0","0","0","0","0","3","0","0","2","0","0","1","0","0","0","0","0","0","0","0","0","0","0","0","0","0","0","0","0","0","0","0","0","0","0","0","0","0","0","0","0","0","0","0","0","0","0","0","0","0","0","0","0","0","0","0","0","0","0","0","0","0","0","0","0","0","0","1","0","0","0","0","0","0","0","0","0","0","0","0","0","0","0","0","0","1","0","0","0","0","0","0","0","0","0","0","0","0","0","0","0","0","0","0","0","0","0","0","0","0","0","0","0","0","0","0","0","0","0","0","0","0","0","0","0","0","0","0","0","0","0","0","14","0","0","1","0","0","1","0","0","0","0","0","0","0","4","0","0","0","2","1","0","0","0","0","0","0","2","0","1","0","0","0","0","0","0","0","0","0","0","0","0","0","0","0","0","0","0","0","0","1","0","0","0","0","0","0","0","0","0","0","0","0","0","0","0","0","0","0","0","0","0","0","0","0","0","0","0","0","0","0","0","0","0","0","0","0","0","0","0","0","0","0","0","0","0","0","1","0"
"District 5  - Question","97","0","0","0","7","0","0","0","0","0","0","0","0","24","4","0","8","0","0","1","3","0","0","0","2","0","0","0","3","0","1","0","0","1","3","0","0","0","0","0","1","0","0","0","0","0","0","0","0","0","4","0","0","0","0","0","0","0","0","0","0","0","0","0","0","0","0","0","0","0","0","0","0","1","0","0","0","1","0","0","0","0","0","0","0","0","0","0","0","0","0","0","0","8","1","0","0","1","0","0","1","0","0","0","0","0","0","0","0","2","0","0","0","1","0","0","0","0","0","0","0","1","1","0","0","2","0","0","0","0","0","0","0","0","0","0","0","0","0","0","39","3","0","3","0","0","0","1","0","0","0","0","0","0","10","2","1","0","3","4","0","0","0","0","0","0","3","3","1","0","0","1","3","0","0","0","0","0","0","1","0","0","0","0","0","0","0","0","0","0","0","0","1","0","0","0","0","0","0","0","0","0","0","0","0","0","0","0","0","0","0","0","0","0","0","0","0","0","0","0","0","0","0","0","0","0","0","0","0","0","0","0","0","0","0","0","7","2"
"District 6 - Absentee","823","4","1","0","2","0","0","0","1","0","0","0","0","57","4","0","27","0","0","1","10","0","0","1","4","0","0","0","18","1","6","0","0","1","1","0","0","1","0","0","2","0","1","0","4","0","0","0","0","0","7","0","0","0","0","0","0","1","0","0","3","0","0","0","0","0","1","0","0","0","0","0","0","11","0","1","0","1","3","0","0","0","0","0","0","0","0","0","0","0","0","0","0","35","5","0","0","5","0","0","1","0","0","0","0","0","0","1","0","4","0","0","0","0","0","0","0","0","0","1","0","1","3","0","1","3","0","0","0","0","0","0","0","0","0","0","0","0","0","0","770","30","2","3","0","0","3","10","0","1","0","0","0","0","183","6","7","0","58","74","0","9","0","3","0","3","16","5","7","0","0","11","13","0","1","0","1","0","2","1","4","0","0","0","1","0","3","1","1","2","0","0","2","0","0","0","0","1","0","0","0","0","0","0","0","0","0","0","0","0","0","0","0","0","0","0","0","0","0","0","0","0","0","0","0","0","1","0","0","0","0","0","1","0","0","0","60","3"
"District 6 - Early Voting","1699","7","7","0","6","3","0","0","0","0","0","0","0","118","6","1","47","4","0","10","10","0","0","4","3","0","0","0","21","1","2","0","0","1","9","0","0","0","0","0","4","0","0","0","1","1","0","0","0","0","11","1","0","0","0","0","0","0","0","0","2","1","0","0","0","0","0","3","0","0","0","0","0","2","0","0","0","2","2","0","0","0","0","0","0","0","0","0","0","0","0","0","0","59","15","2","0","1","0","0","1","0","0","0","1","1","0","2","0","3","0","1","1","3","0","0","0","0","0","0","6","1","1","0","0","1","0","0","0","0","0","0","0","0","0","0","0","0","0","0","1168","33","2","2","0","0","5","9","0","1","0","0","0","0","301","7","8","0","132","99","0","13","0","2","0","2","51","7","6","0","0","31","35","0","1","0","0","0","1","0","2","0","0","0","3","0","0","1","1","2","0","0","4","0","0","0","0","0","0","0","0","0","0","0","0","0","0","0","0","0","0","0","0","0","0","0","0","0","0","0","0","0","0","0","0","0","0","0","0","0","0","0","0","0","0","0","52","0"
"District 6  - Question","94","0","0","0","0","0","0","0","0","0","0","0","0","9","0","0","4","0","1","0","2","0","0","0","0","0","1","0","4","0","0","0","0","1","4","0","0","0","0","0","2","0","0","0","0","0","0","0","0","0","3","0","0","0","0","0","0","0","0","0","1","0","0","0","0","0","0","0","0","0","0","0","0","0","0","0","0","0","0","0","0","0","0","0","0","0","0","0","0","0","0","0","0","11","2","0","0","0","0","0","0","0","0","0","0","0","0","0","0","1","0","0","0","0","0","0","0","0","0","0","0","1","0","0","0","1","0","0","0","0","0","0","1","0","0","0","0","0","0","0","48","4","0","1","0","0","0","1","0","0","0","0","0","0","5","0","0","0","3","5","0","2","0","0","1","0","2","0","0","0","0","2","4","0","1","0","0","0","0","0","2","0","0","0","0","0","0","0","0","0","0","0","1","0","0","0","0","0","0","0","0","0","0","0","0","0","0","0","0","0","0","0","0","0","0","0","1","0","0","0","0","0","0","0","0","0","0","0","0","0","0","0","0","0","0","0","34","1"
"District 7 - Absentee","779","9","2","0","3","0","0","1","1","0","0","0","0","73","8","0","30","1","0","8","12","0","0","1","1","0","1","3","12","0","1","0","0","2","4","0","0","0","0","0","5","0","1","0","3","3","0","0","0","0","7","2","0","1","0","0","0","0","0","0","0","0","0","1","0","0","0","1","0","0","0","0","0","2","0","0","0","1","0","0","0","0","0","0","0","0","0","0","0","0","0","0","0","31","10","0","0","1","1","0","1","4","0","0","0","1","0","1","0","2","0","0","0","1","0","0","0","0","0","0","1","0","1","0","0","3","0","0","0","0","0","0","0","0","0","1","1","0","0","0","366","16","2","5","0","0","4","4","0","0","0","0","0","0","86","4","5","0","26","40","0","1","0","2","1","1","11","1","5","0","0","2","9","0","1","0","0","0","1","1","0","0","0","0","0","0","0","2","0","0","0","0","0","0","0","0","1","0","0","0","0","0","0","0","0","0","0","0","0","0","0","0","0","0","0","0","0","0","0","0","0","0","0","0","0","0","0","0","0","0","0","0","0","0","0","0","37","2"
"District 7 - Early Voting","1940","12","7","0","8","1","0","0","3","0","0","0","0","162","16","0","86","4","0","8","18","0","0","4","5","0","1","1","31","1","6","0","0","2","11","1","0","0","0","0","7","0","1","1","1","4","0","1","0","0","13","1","0","1","0","0","0","0","0","0","2","2","0","0","0","0","0","2","0","0","0","0","0","4","1","0","0","0","1","0","0","0","0","0","0","0","0","0","0","1","0","0","0","80","24","1","0","2","0","1","2","7","0","0","0","0","0","0","0","2","0","0","1","0","0","0","0","0","1","0","7","1","6","0","1","2","0","0","0","0","1","0","0","0","0","1","0","0","0","0","640","37","3","4","0","0","4","14","0","0","1","1","0","1","129","3","6","0","38","65","0","7","0","3","0","1","25","7","10","0","0","16","30","0","2","0","1","0","0","3","3","0","0","0","0","0","1","2","1","0","0","0","6","0","0","0","0","0","0","0","0","0","0","2","0","0","0","0","0","0","0","0","0","0","0","0","0","0","0","0","0","0","0","0","0","0","1","0","1","0","0","0","0","0","0","0","63","3"
"District 7  - Question","96","0","0","0","0","0","0","0","1","0","0","0","0","5","0","0","10","0","0","0","3","0","0","0","0","0","0","0","2","1","0","0","0","0","0","0","0","1","0","0","0","0","0","0","0","0","0","0","0","0","1","0","0","0","0","0","0","0","0","0","0","0","0","1","0","0","0","0","0","0","0","0","0","0","0","2","0","1","0","0","0","0","0","0","0","0","0","0","0","0","0","0","0","17","2","0","0","4","0","0","2","1","0","0","0","0","0","0","0","0","0","0","2","1","0","0","0","0","0","0","2","0","1","0","0","2","0","0","0","0","0","0","0","0","0","1","0","0","0","0","14","0","0","1","0","0","0","2","0","0","0","0","0","0","4","0","2","0","2","4","0","0","1","0","0","0","2","2","4","0","0","5","2","0","0","0","0","0","0","1","0","0","0","0","0","0","0","0","0","0","0","0","1","0","0","0","0","1","0","0","0","0","0","0","0","0","0","0","0","0","0","0","0","0","0","0","0","0","0","0","0","0","0","0","0","0","0","0","0","0","0","0","0","0","0","0","21","0"
"District 8 - Absentee","1060","10","6","0","7","2","0","0","4","0","1","0","0","83","14","0","43","1","0","4","8","0","0","6","5","0","0","0","24","1","7","0","0","2","2","0","0","0","0","0","4","1","0","0","1","4","0","0","0","0","6","0","0","0","0","0","0","0","0","0","0","0","0","1","0","0","0","0","0","0","0","0","0","2","0","0","0","0","1","0","0","0","0","0","0","0","0","0","0","0","0","0","0","28","11","3","0","4","0","0","1","0","0","0","0","0","0","0","0","2","0","0","0","1","0","0","0","0","0","0","0","0","1","0","0","0","0","0","0","0","0","0","0","0","0","0","0","0","0","0","471","34","3","7","0","0","0","9","0","0","0","0","0","0","126","3","11","1","49","58","0","3","0","1","0","0","19","3","5","0","1","8","11","0","2","0","1","0","0","1","1","0","0","0","0","0","1","0","0","0","0","0","2","0","0","0","0","0","2","0","0","0","0","0","0","0","0","0","0","0","0","0","0","0","1","0","0","0","0","0","0","0","0","0","0","0","0","0","0","0","0","0","1","0","0","0","34","3"
"District 8 - Early Voting","1924","11","11","0","14","0","1","2","2","0","0","1","0","148","22","0","64","7","1","8","16","0","1","6","6","0","0","1","30","0","8","0","0","1","5","0","0","0","0","0","3","1","1","0","1","4","1","0","0","0","9","0","1","0","0","0","0","1","0","0","0","0","0","0","0","0","0","0","0","0","0","0","0","2","0","0","0","0","2","0","0","0","0","0","0","0","0","0","0","0","0","0","0","42","19","0","0","7","0","0","1","3","0","0","0","0","0","1","0","2","0","0","2","2","0","0","0","0","0","0","0","1","1","0","0","2","0","0","0","0","0","1","1","0","0","0","0","0","0","0","425","28","2","6","0","0","8","7","0","0","0","0","0","0","95","9","9","0","43","48","0","3","1","1","0","0","11","2","4","0","1","10","14","0","1","0","0","0","0","0","2","0","0","0","0","0","0","0","0","2","0","0","0","1","0","0","0","0","0","0","0","0","0","0","0","0","0","0","0","0","0","0","0","0","0","0","0","0","0","0","0","0","0","0","0","0","0","0","0","0","0","0","0","0","0","0","41","3"
"District 8  - Question","77","0","1","0","1","0","0","0","0","0","0","0","0","7","0","0","6","0","0","0","2","0","0","0","0","0","0","0","2","0","1","0","0","0","1","0","0","0","0","0","0","0","0","0","0","0","0","0","0","0","0","0","0","2","0","0","0","0","0","0","0","0","0","0","0","0","0","0","0","0","0","0","0","0","0","0","0","0","0","0","0","0","0","0","0","0","0","0","0","0","0","0","0","6","6","0","0","1","0","0","0","0","0","0","0","0","0","0","0","0","0","0","0","0","0","0","0","1","0","0","0","0","0","0","0","1","0","0","0","0","0","0","0","0","0","0","0","0","0","0","13","3","0","0","0","0","1","0","0","0","0","0","0","0","0","0","0","0","0","1","0","0","0","0","0","0","1","0","0","0","0","0","1","0","0","0","0","0","0","0","0","0","0","0","0","0","0","0","0","0","0","0","0","0","0","0","0","0","0","0","0","0","0","0","0","0","0","0","0","0","0","0","0","0","0","0","0","0","0","0","0","0","0","0","0","0","0","0","0","0","0","0","0","0","0","0","9","0"
"District 9 - Absentee","916","7","12","1","11","1","0","2","0","0","0","0","0","82","10","0","33","6","0","1","11","0","0","4","2","0","1","0","28","2","4","0","0","3","11","0","0","0","0","1","3","0","1","0","0","1","0","0","0","0","5","0","0","0","0","0","0","0","0","0","0","0","0","0","0","0","1","0","0","0","0","0","0","3","1","0","0","2","4","0","0","0","0","0","1","0","0","0","0","0","0","0","0","20","3","0","0","1","0","0","0","0","0","0","0","0","0","1","0","1","0","0","0","0","0","0","0","0","0","0","0","2","2","0","0","2","0","0","0","0","0","0","0","0","0","0","0","0","0","0","1295","69","4","13","0","0","8","10","0","0","1","0","0","0","220","15","18","0","73","131","0","11","0","3","0","2","46","3","11","0","0","27","46","0","3","0","0","4","0","1","7","1","0","0","3","0","2","3","2","5","0","0","5","0","0","0","0","0","0","1","0","0","0","0","0","0","0","0","0","0","0","0","0","0","0","0","0","0","0","0","0","0","1","0","0","0","1","0","0","0","0","0","0","0","0","1","37","2"
"District 9 - Early Voting","850","7","7","0","9","0","0","0","0","0","0","0","0","75","15","0","21","4","0","5","3","0","1","4","3","0","0","1","13","0","2","0","0","0","8","0","0","0","0","0","3","0","1","0","0","2","0","0","0","2","2","0","0","2","0","0","0","0","0","0","0","0","0","0","0","0","0","0","0","0","0","0","0","2","0","0","0","2","0","0","0","0","0","0","0","0","0","0","0","0","0","0","0","7","4","0","0","2","0","0","1","1","0","0","0","0","0","0","0","3","0","0","0","1","0","0","0","0","0","0","1","0","0","0","0","1","0","0","0","0","0","0","0","0","0","0","0","0","0","0","668","41","0","4","0","0","3","1","0","0","0","1","0","0","139","7","3","0","51","60","0","12","0","0","0","1","29","3","3","0","1","14","27","0","1","0","0","0","0","1","5","1","0","0","1","0","1","0","0","1","0","0","2","1","0","0","0","0","0","0","0","0","0","0","0","0","0","0","0","0","0","0","0","0","0","0","0","0","0","0","0","0","0","0","0","0","0","0","0","0","0","0","0","0","0","0","14","1"
"District 9  - Question","56","1","0","0","2","0","0","0","0","0","0","0","0","8","2","0","8","0","0","2","3","0","0","1","0","0","0","0","1","0","0","0","0","1","1","0","0","0","1","0","0","0","0","0","0","0","0","0","0","0","0","0","0","0","0","0","0","0","0","0","0","0","0","1","0","0","0","1","0","0","0","0","0","1","0","0","0","0","0","0","0","0","0","0","0","0","0","0","0","0","0","0","0","4","1","0","0","0","0","0","1","1","0","0","0","0","0","0","0","1","0","0","0","1","0","0","0","0","0","0","1","0","0","0","0","2","0","0","0","0","0","0","0","0","0","0","0","0","0","0","47","5","0","2","0","0","1","2","0","0","0","0","0","0","7","0","1","0","8","8","0","0","0","0","0","0","4","0","1","0","0","4","11","0","0","0","0","0","0","0","1","0","0","0","0","0","0","0","0","1","0","0","0","0","0","0","0","0","0","0","0","0","0","0","0","0","0","0","0","0","0","0","0","0","0","0","0","0","0","0","0","0","0","0","0","0","0","0","0","0","0","0","0","0","0","0","4","0"
"HD99 Fed Overseas Absentee","34","0","0","0","0","0","0","0","0","0","0","0","0","5","1","0","4","0","0","0","0","0","0","1","2","0","0","0","3","0","0","0","0","0","0","0","0","0","0","0","0","0","0","0","0","0","0","0","0","0","12","1","0","0","0","0","0","0","0","0","0","0","0","0","0","0","0","0","0","0","0","0","0","11","0","0","0","0","6","0","0","0","0","0","0","0","0","0","0","0","0","0","0","4","1","0","0","0","0","0","0","1","0","0","0","0","0","0","0","0","0","0","0","1","0","0","0","0","0","0","0","0","1","0","0","0","0","0","0","0","0","0","0","0","0","0","0","0","0","0","160","4","1","2","0","0","2","3","0","0","0","0","0","0","69","4","9","0","5","25","0","0","0","0","1","1","0","1","1","0","0","0","3","0","0","0","0","0","0","0","0","0","0","0","0","1","1","0","1","0","0","0","0","0","0","0","0","0","0","0","0","0","0","0","0","0","0","0","0","0","0","0","0","0","0","0","0","0","0","0","0","0","0","0","0","0","0","0","0","0","0","0","0","0","0","0","15","1"
"House District 30 - Judicial District 3","2222","19","7","0","10","3","0","0","5","0","0","0","0","213","37","0","81","5","0","8","18","0","1","6","11","0","0","1","21","0","3","0","0","6","11","0","1","0","0","0","6","1","1","0","2","9","0","0","0","0","8","0","1","1","0","0","0","0","0","0","0","0","0","4","0","0","0","4","0","0","0","0","0","7","0","0","0","0","2","0","0","0","0","0","0","0","0","0","0","0","0","0","0","100","42","2","0","6","0","0","2","6","0","1","2","0","0","2","1","2","0","0","1","6","0","0","1","0","0","0","3","1","2","0","0","3","0","0","0","0","1","0","0","0","0","0","0","0","0","0","752","28","4","5","0","0","3","17","0","0","1","0","0","0","149","7","5","0","75","88","0","5","0","0","1","1","38","7","9","0","0","19","34","0","0","1","2","1","1","0","8","0","0","0","0","1","2","0","0","1","0","0","7","5","0","1","0","0","0","0","0","0","0","0","0","0","0","0","1","0","0","0","0","0","0","0","0","0","0","1","0","1","0","0","1","0","0","0","0","0","1","0","0","0","0","0","100","5"
"House District 30 - Judicial District 4","180","0","1","0","0","0","0","0","0","0","0","0","0","21","1","0","4","0","0","2","3","0","0","0","0","0","0","0","3","0","0","0","0","0","0","0","0","0","0","0","2","0","0","0","0","0","0","0","0","0","0","0","0","1","0","0","0","0","0","0","0","0","0","0","0","0","0","0","0","0","0","0","0","3","0","0","0","0","0","0","0","0","0","0","0","0","0","0","0","0","0","0","0","10","3","0","0","1","0","0","0","0","0","0","0","0","0","0","0","0","0","0","0","0","0","0","0","0","0","0","2","0","0","0","0","0","0","0","0","0","0","0","0","0","0","0","0","0","0","0","148","4","0","0","0","0","3","0","0","0","0","0","0","0","68","3","2","0","20","13","0","2","0","0","0","0","8","2","5","0","1","3","5","0","0","0","0","0","0","0","1","0","0","1","0","0","0","0","0","0","0","0","0","0","0","0","0","1","0","0","0","0","0","0","0","0","0","0","0","0","0","0","0","0","0","0","0","0","0","0","0","0","0","0","0","0","0","0","0","0","0","0","0","0","0","0","5","2"
"House District 36 - Judicial District 3","298","4","3","0","2","0","0","1","0","0","0","0","0","32","2","0","11","1","0","0","2","0","0","1","1","0","0","0","3","0","1","0","0","2","3","0","0","0","0","0","1","0","0","1","1","0","0","0","0","0","3","0","0","0","0","0","0","0","0","0","0","0","0","0","0","0","0","0","0","0","1","0","0","1","0","0","0","1","0","0","0","0","0","0","0","0","0","0","0","0","0","0","0","13","4","0","0","3","0","0","0","1","0","0","0","1","0","1","0","0","0","0","0","0","0","0","0","0","0","0","0","0","0","0","0","0","0","0","0","0","0","0","1","0","0","0","0","0","0","0","167","4","0","3","0","0","1","5","0","0","0","0","0","1","37","3","5","0","17","11","0","3","0","1","0","0","12","0","5","0","0","5","7","0","1","0","0","1","0","0","0","0","0","0","0","1","0","1","0","0","0","0","0","0","0","0","0","0","0","0","0","0","0","0","0","0","0","0","0","0","0","0","0","0","0","0","0","0","0","0","0","0","0","0","0","0","0","0","0","0","0","0","0","0","0","0","6","0"
"House District 36 - Judicial District 4","993","3","3","0","5","4","0","1","1","0","0","0","0","114","16","0","48","3","1","3","12","0","0","2","3","0","0","1","19","1","8","0","0","5","6","0","0","0","0","0","3","0","0","0","0","5","0","0","0","0","10","0","0","0","0","0","1","0","0","0","0","0","0","3","0","0","0","1","0","0","0","0","0","6","1","1","0","3","2","0","0","0","0","0","1","0","0","0","0","0","0","0","0","48","26","2","0","3","0","0","2","3","0","0","0","0","0","0","0","1","0","0","2","3","0","1","0","0","0","0","6","1","1","0","1","2","0","0","0","1","0","0","0","0","0","0","0","1","0","0","672","36","5","28","0","0","5","22","0","0","1","0","0","1","177","13","14","0","65","72","0","15","1","1","0","0","36","5","5","0","0","12","35","0","1","0","1","0","0","2","4","0","1","0","1","1","0","0","0","1","0","0","5","1","0","0","0","0","0","0","0","0","0","0","0","0","0","0","0","0","0","0","0","0","0","0","0","0","0","0","0","0","0","0","0","1","1","1","0","0","0","0","0","0","0","0","40","8"
"House District 37 - Judicial District 3","372","4","2","0","14","0","0","1","0","0","0","0","0","40","2","0","23","0","0","1","4","0","0","1","0","0","0","1","10","1","3","0","0","1","8","1","1","0","0","0","1","0","1","0","0","0","0","0","0","0","14","0","0","0","0","0","0","0","0","0","0","0","0","1","0","0","0","1","0","0","0","0","0","4","1","0","0","1","2","0","0","0","0","0","0","0","0","0","0","0","0","0","0","26","6","0","0","1","0","0","1","4","0","0","0","0","0","0","1","1","0","0","0","3","0","0","0","0","0","0","0","0","1","0","1","2","0","0","0","0","0","0","0","0","0","0","0","0","0","0","346","19","2","10","0","0","2","8","0","0","2","0","0","0","43","3","8","0","17","38","0","3","1","0","1","0","8","2","12","0","0","11","33","0","1","0","2","0","0","3","0","0","0","1","0","0","1","1","0","1","0","0","2","0","0","0","0","0","0","0","0","0","0","0","0","0","0","0","0","0","0","0","0","0","0","0","0","0","0","0","0","0","0","0","0","0","0","0","0","0","0","0","0","0","0","0","30","3"
"House District 37 - Judicial District 4","51","1","2","0","0","0","0","0","0","0","0","0","0","7","0","0","4","0","0","1","0","0","0","0","0","0","0","0","3","0","1","0","0","0","0","0","0","0","0","0","0","0","0","0","0","1","0","0","0","0","1","0","0","0","0","0","0","0","0","0","0","0","0","0","0","0","0","0","0","0","0","0","0","1","0","0","0","0","0","0","0","0","0","0","0","0","0","0","0","0","0","0","0","2","0","0","0","1","0","0","0","0","0","0","0","0","0","0","0","0","0","0","0","0","0","0","0","0","0","0","0","0","0","0","0","0","0","0","0","0","0","0","0","0","0","0","0","0","0","0","67","3","0","0","0","0","1","1","0","0","0","0","0","0","3","2","2","0","4","15","0","0","0","0","0","0","2","0","2","0","0","1","6","0","0","0","0","0","0","1","0","0","0","0","0","0","0","0","0","0","0","0","1","0","0","0","0","0","0","0","0","0","0","0","0","0","0","0","0","0","0","0","0","0","0","0","0","0","0","0","0","0","0","0","0","0","0","0","0","0","0","0","0","0","0","0","4","0"
"House District 39 - Judicial District 2","147","1","2","0","1","0","0","0","0","0","0","1","0","25","3","0","21","1","0","1","4","0","0","0","1","0","0","1","7","0","3","0","0","1","6","0","0","0","0","0","0","0","1","0","0","0","0","0","0","0","5","0","0","0","0","0","0","0","0","0","1","0","0","0","0","0","0","0","0","0","0","0","0","0","0","0","0","0","1","0","0","0","0","0","0","0","0","0","0","0","0","0","0","14","6","0","0","1","0","0","1","1","0","0","0","0","0","1","0","2","0","0","0","1","0","0","0","0","0","0","3","0","4","0","1","0","0","0","0","0","0","0","0","0","0","0","0","0","0","0","257","10","2","6","0","0","1","16","0","0","1","0","0","0","50","5","10","0","17","32","0","3","0","0","0","0","5","0","10","0","0","6","17","1","0","0","0","0","1","1","1","0","0","0","0","0","0","0","0","0","0","0","4","0","0","0","0","0","0","0","0","0","0","0","0","0","0","0","0","0","0","0","0","0","0","0","0","0","0","0","0","0","0","0","0","0","0","0","0","0","0","0","0","0","0","1","13","3"
"House District 39 - Judicial District 4","30","0","1","0","2","0","0","0","1","0","0","0","0","2","0","0","4","0","0","1","1","0","0","0","0","0","0","0","2","0","1","0","0","0","1","0","0","0","0","0","0","0","0","0","0","0","0","0","0","0","0","0","0","0","0","0","0","0","0","0","0","0","0","0","0","0","0","0","0","0","0","0","0","0","0","0","0","0","0","0","0","0","0","0","0","0","0","0","0","0","0","0","0","1","0","0","0","0","0","0","1","0","0","0","0","0","0","0","0","0","0","0","0","0","0","0","0","0","0","0","0","1","0","0","0","3","0","0","0","0","0","0","0","0","0","0","0","0","0","0","24","5","1","3","0","0","0","5","0","0","0","0","0","0","2","0","1","0","2","5","0","1","0","0","0","0","1","2","1","0","0","2","6","0","0","0","0","0","1","0","0","0","0","0","0","0","0","0","0","0","0","0","0","0","0","0","0","0","0","0","0","0","0","0","0","0","0","0","0","0","0","0","0","0","0","0","0","0","0","0","0","0","0","0","0","0","0","0","0","0","0","0","0","0","0","0","1","1"
"Total","124495","729","597","3","1552","118","13","110","254","1","5","13","3","12394","1479","10","6198","372","38","823","2137","4","24","388","423","2","63","75","3207","147","1024","4","7","415","1540","9","14","8","7","9","459","6","49","8","94","275","27","7","8","12","1288","74","16","84","2","1","32","49","1","1","147","44","1","132","4","2","67","233","5","3","2","4","17","649","45","94","2","147","339","1","9","2","8","3","4","3","1","1","1","1","1","1","2","5890","2146","144","2","740","18","6","301","548","3","7","39","40","8","195","62","472","5","6","102","496","1","5","6","11","3","24","504","219","405","5","133","465","13","2","1","9","36","9","10","1","7","14","11","3","3","3","87828","5019","405","1966","2","6","611","2282","2","18","21","20","5","16","17460","913","1625","11","7362","10944","14","881","31","189","38","196","3706","784","1460","1","24","2209","5180","7","292","23","72","28","79","104","438","22","9","18","52","19","160","46","41","195","1","2","394","51","1","4","2","13","26","11","2","1","7","9","1","2","2","2","4","1","7","1","2","4","14","5","7","5","2","19","10","1","2","3","9","3","39","3","5","10","3","3","20","5","6","17","5394","569"
