"1","Begich","Begich","Begich","Begich","Begich","Begich","Begich","Begich","Begich","Begich","Begich","Begich","Begich","Begich","Hafner","Hafner","Hafner","Hafner","Hafner","Hafner","Hafner","Hafner","Hafner","Hafner","Hafner","Hafner","Hafner","Hafner","Howe","Howe","Howe","Howe","Howe","Howe","Howe","Howe","Howe","Howe","Howe","Howe","Howe","Howe","Peltola","Peltola","Peltola","Peltola","Peltola","Peltola","Peltola","Peltola","Peltola","Peltola","Peltola","Peltola","Peltola","Peltola","Blank","Overvote"
"2","","Hafner","Hafner","Hafner","Hafner","Howe","Howe","Howe","Howe","Overvote","Peltola","Peltola","Peltola","Peltola","","Begich","Begich","Begich","Begich","Howe","Howe","Howe","Howe","Overvote","Peltola","Peltola","Peltola","Peltola","","Begich","Begich","Begich","Begich","Hafner","Hafner","Hafner","Hafner","Overvote","Peltola","Peltola","Peltola","Peltola","","Begich","Begich","Begich","Begich","Hafner","Hafner","Hafner","Hafner","Howe","Howe","Howe","Howe","Overvote","",""
"3","","","Howe","Overvote","Peltola","","Hafner","Overvote","Peltola","","","Hafner","Howe","Overvote","","","Howe","Overvote","Peltola","","Begich","Overvote","Peltola","","","Begich","Howe","Overvote","","","Hafner","Overvote","Peltola","","Begich","Overvote","Peltola","","","Begich","Hafner","Overvote","","","Hafner","Howe","Overvote","","Begich","Howe","Overvote","","Begich","Hafner","Overvote","","",""
"01-600 Ketchikan No. 1","158","1","8","0","0","15","13","0","3","0","4","3","3","0","2","1","0","0","0","0","0","0","1","0","2","0","1","0","13","7","2","0","1","0","4","0","2","0","2","1","1","0","176","12","3","6","1","23","5","40","0","9","4","26","0","0","7","1"
"01-610 Ketchikan No. 2","293","3","11","0","0","23","9","0","7","0","6","5","6","0","3","0","0","0","0","0","0","0","0","1","1","0","1","0","22","14","4","0","0","0","1","0","1","0","1","0","3","0","259","16","7","3","0","40","7","42","0","9","4","20","0","0","23","1"
"01-620 Ketchikan No. 3","264","2","1","0","0","17","4","0","0","0","11","2","2","0","3","0","0","0","0","1","0","0","0","0","1","1","1","0","28","3","1","0","3","1","0","0","0","0","2","0","1","0","138","13","1","1","0","14","1","12","0","4","3","13","0","0","11","1"
"01-640 North Tongass No. 1","220","4","6","0","1","12","6","0","3","0","4","0","2","0","3","0","0","0","0","0","0","0","0","0","0","0","0","0","13","2","1","0","0","0","0","0","1","0","0","0","0","0","79","6","3","2","0","9","1","13","0","3","0","13","0","0","6","0"
"01-650 North Tongass No. 2","379","4","9","0","1","35","18","0","4","0","12","1","5","0","2","0","0","0","1","0","0","0","0","0","0","0","0","0","16","4","2","0","1","0","0","0","0","0","3","0","2","0","142","6","2","5","0","20","4","28","0","7","1","13","0","0","12","1"
"01-660 Saxman","23","0","0","0","0","2","2","1","0","0","1","0","1","0","2","0","0","0","0","0","0","0","0","0","0","0","1","0","3","0","0","0","0","2","0","0","0","0","0","0","0","0","48","0","3","1","0","3","1","5","0","1","2","10","0","0","2","0"
"01-670 South Tongass","274","2","8","0","1","29","14","0","11","0","7","3","4","0","2","0","0","0","0","0","0","0","1","0","1","0","0","0","11","6","0","0","0","0","0","0","1","0","2","2","0","0","145","13","3","2","0","23","3","26","0","12","7","13","0","0","2","1"
"01-675 Coffman Cove","59","0","1","0","0","3","1","0","0","0","0","0","0","0","1","0","0","0","0","0","0","0","0","0","0","0","0","0","8","1","0","0","0","0","0","0","0","0","0","0","0","0","22","1","0","1","0","0","1","1","0","0","0","1","0","0","9","0"
"01-680 Metlakatla","101","0","6","0","1","6","8","0","1","0","5","2","5","0","3","0","0","0","0","1","1","0","1","0","0","0","4","0","12","1","0","0","2","1","1","0","2","0","1","1","3","0","193","11","2","7","0","9","2","19","0","6","4","23","0","0","11","1"
"01-690 Wrangell","302","2","5","0","0","36","18","1","7","0","7","2","3","0","2","0","0","0","0","0","0","0","0","0","0","0","0","0","21","8","6","0","2","1","2","0","0","0","0","2","0","0","135","9","2","3","0","22","4","27","0","7","5","18","1","0","15","2"
"02-700 Angoon","18","1","0","0","0","0","0","0","0","0","0","0","0","0","1","0","0","0","0","0","0","0","1","0","1","0","0","0","5","1","0","0","0","0","0","0","0","0","0","2","1","0","62","0","0","3","0","1","0","10","0","2","0","3","0","0","1","0"
"02-705 Craig","174","0","1","0","0","12","10","1","3","0","4","0","2","0","3","0","0","0","0","0","1","0","1","1","2","0","1","0","14","1","1","0","2","0","0","0","2","0","0","2","2","0","84","3","2","0","0","5","0","23","0","2","1","10","0","0","24","2"
"02-720 Hoonah","80","0","3","0","0","4","1","1","1","0","2","0","4","0","1","0","0","0","0","0","1","0","2","0","0","0","0","0","6","2","1","0","0","1","0","0","2","0","0","0","3","0","98","1","2","3","0","5","0","16","0","4","1","9","0","0","9","1"
"02-725 Hydaburg","9","0","0","0","0","1","0","0","0","0","1","0","1","0","3","0","0","0","0","0","0","0","0","0","0","0","0","0","0","0","1","0","0","0","0","0","1","0","0","0","3","0","61","0","0","1","0","3","0","5","0","1","0","4","0","0","3","0"
"02-730 Kake","34","0","3","0","0","2","5","0","0","0","1","1","2","0","3","0","0","0","0","0","0","0","1","0","0","2","1","0","3","0","0","0","1","0","0","0","2","0","0","1","2","0","79","2","1","2","0","2","1","14","0","1","3","6","0","0","6","0"
"02-735 Kasaan","10","0","0","0","0","0","0","0","0","0","0","0","0","0","0","0","0","0","0","0","0","0","0","0","0","0","0","0","2","1","0","0","0","0","0","0","1","0","0","0","0","0","8","0","0","0","0","0","0","1","0","0","0","1","0","0","1","0"
"02-740 Klawock","123","1","0","0","0","14","8","0","2","0","3","0","3","0","3","0","3","0","0","0","1","0","3","0","0","0","0","0","12","2","2","0","1","0","1","0","1","0","2","2","0","0","95","5","2","1","0","10","1","16","0","1","2","9","0","0","14","2"
"02-750 Pelican-Elfin Cove","15","0","0","0","0","0","0","0","0","0","1","0","0","0","0","0","0","0","0","0","0","0","0","0","0","0","0","0","0","0","0","0","0","0","0","0","0","0","0","0","0","0","10","1","1","1","0","2","0","1","0","2","1","1","0","0","4","0"
"02-755 Petersburg-Kupreanof","307","1","7","0","2","38","18","0","13","0","10","1","8","0","4","0","0","0","1","0","0","0","0","0","0","1","0","0","25","7","3","0","5","0","1","0","3","0","4","0","2","0","218","13","6","9","0","41","3","22","0","10","5","17","0","0","37","1"
"02-760 Port Alexander","3","0","0","0","0","0","0","0","0","0","0","0","0","0","0","0","0","0","0","0","0","0","0","0","1","0","0","0","0","0","0","0","0","0","0","0","0","0","0","0","0","0","5","0","0","0","0","0","0","1","0","0","0","0","0","0","0","1"
"02-765 Sitka No. 1","293","1","5","0","0","29","22","1","7","1","15","5","11","1","2","0","0","0","0","1","0","0","0","0","1","0","1","0","24","6","5","0","1","2","0","0","5","0","3","1","4","0","304","12","3","16","0","42","3","69","0","13","4","27","0","1","24","1"
"02-770 Sitka No. 2","228","1","6","0","1","34","13","0","8","0","13","3","9","0","3","0","0","0","0","1","2","1","3","0","2","1","4","0","25","2","3","0","2","1","0","0","5","0","5","3","2","0","264","27","7","11","0","53","5","75","0","9","7","41","0","0","25","0"
"02-775 Tenakee Springs","6","0","0","0","0","1","1","0","0","0","2","0","0","0","0","0","0","0","0","0","0","0","0","0","0","0","1","0","2","1","0","0","0","0","0","0","0","0","0","0","0","0","23","0","0","0","0","0","0","2","0","1","0","1","0","0","1","0"
"02-780 Thorne Bay","113","0","0","0","0","6","4","0","1","0","0","0","1","0","0","0","0","0","0","0","0","0","0","0","0","0","0","0","18","1","1","0","0","0","0","0","0","0","0","0","1","0","21","3","1","1","0","4","0","2","0","0","1","2","0","0","9","0"
"02-785 Yakutat","60","0","0","0","0","4","2","0","0","1","2","0","2","0","3","0","0","0","0","0","0","0","0","0","1","0","1","0","12","2","1","0","0","0","1","0","1","0","0","2","1","0","101","1","0","1","0","5","1","10","0","0","0","7","0","0","2","2"
"03-300 Auke Bay","123","0","2","0","0","19","6","0","4","0","6","0","3","0","3","0","0","0","0","0","0","0","0","0","0","0","0","0","2","8","1","0","1","1","2","0","0","0","4","1","2","0","175","18","0","2","0","37","1","27","0","7","8","16","0","1","4","0"
"03-305 Lynn Canal","122","0","1","0","2","20","3","0","2","0","6","1","0","0","1","0","0","0","0","0","0","0","0","0","0","0","0","0","2","3","0","0","0","0","1","0","0","0","0","0","0","0","176","4","0","3","0","28","3","20","0","9","8","8","0","0","8","0"
"03-310 Melvin Park","159","2","0","0","1","32","12","0","10","0","7","1","9","0","1","0","0","0","0","0","0","0","0","0","1","0","0","0","7","3","4","0","2","0","2","0","4","0","4","0","2","0","167","16","1","5","0","26","5","45","0","11","4","23","0","0","8","2"
"03-315 Mendenhall Glacier","314","1","10","0","1","37","14","0","10","0","6","3","10","0","2","0","0","0","0","0","0","0","0","0","3","0","0","0","19","7","3","0","2","0","1","0","3","0","1","5","3","0","258","14","3","12","0","39","9","52","0","17","15","44","0","0","5","1"
"03-320 Thunder Mountain","246","2","3","0","0","29","16","0","5","0","10","3","1","0","2","0","2","0","1","0","1","0","2","0","0","1","1","0","15","7","4","0","4","0","2","0","1","0","1","2","3","0","221","20","5","14","0","46","4","53","0","15","11","36","0","0","13","0"
"03-325 Gustavus","43","0","0","0","0","6","2","0","4","0","2","1","4","0","1","0","0","0","0","0","0","0","0","0","0","0","0","0","4","3","1","0","0","1","2","0","0","0","0","0","0","0","69","0","0","2","0","15","0","14","0","7","2","4","0","0","2","0"
"03-330 Haines No. 1","184","1","4","0","1","29","9","0","9","0","13","0","7","0","1","0","0","0","0","0","0","0","0","0","0","0","0","0","24","12","1","0","2","1","0","0","2","0","2","4","3","0","191","10","5","5","0","44","3","43","0","7","4","20","0","0","7","1"
"03-335 Haines No. 2","41","0","0","0","0","4","1","0","1","0","1","0","1","0","0","0","0","0","0","0","0","0","0","0","0","0","0","0","2","0","0","0","0","0","0","0","0","0","0","0","0","0","30","2","0","0","0","7","1","6","0","4","0","4","0","0","4","0"
"03-340 Klukwan","5","0","0","0","0","0","0","0","0","0","0","0","0","0","0","0","0","0","0","0","0","0","0","0","0","0","0","0","1","0","1","0","0","0","1","0","0","1","0","0","0","0","16","1","0","0","0","0","1","4","0","0","3","6","0","0","1","0"
"03-345 Skagway","68","1","0","0","1","10","5","0","3","0","6","2","2","0","0","0","0","0","0","0","0","0","1","0","0","0","4","0","9","4","4","0","0","0","2","0","2","0","4","3","4","0","130","6","0","6","0","49","3","36","0","6","12","17","0","0","12","0"
"04-100 Douglas","71","0","1","0","0","9","4","0","3","0","8","3","3","0","1","0","0","0","0","0","0","0","0","0","0","0","0","0","7","2","2","0","0","0","1","0","2","0","1","1","0","0","239","9","5","4","0","53","8","54","0","10","6","17","0","0","4","1"
"04-105 Juneau Airport Area","98","0","0","0","0","13","11","0","5","0","3","3","0","0","1","0","0","0","0","0","1","0","0","0","0","0","0","0","9","3","1","0","1","1","0","0","4","0","0","0","0","0","71","12","5","5","0","20","3","17","0","3","1","4","0","0","4","0"
"04-110 Juneau No. 1","73","1","2","0","2","8","7","0","3","0","5","0","1","0","2","0","0","0","0","0","1","0","0","0","0","0","0","0","4","4","1","0","2","1","1","1","0","0","2","1","0","0","170","7","3","6","0","42","2","45","0","12","6","12","0","0","6","0"
"04-115 Juneau No. 2","46","1","1","0","0","7","3","0","2","0","3","1","0","0","0","0","0","0","0","0","2","0","1","0","1","0","1","0","3","2","0","0","1","0","0","0","1","0","0","0","0","0","221","7","3","4","0","63","1","58","0","10","0","17","0","0","1","0"
"04-120 Juneau No. 3","48","0","2","0","0","6","1","0","3","0","4","1","1","0","0","0","0","0","0","0","0","0","0","0","0","0","0","0","3","1","0","0","0","0","0","0","0","0","1","0","0","0","104","4","4","2","0","26","4","21","0","8","1","9","0","0","3","1"
"04-125 Lemon Creek","126","1","6","0","2","15","11","0","10","0","5","4","5","0","1","0","0","0","1","0","0","0","1","0","0","2","0","0","10","4","4","0","2","0","9","0","2","0","0","2","0","0","202","12","12","8","0","26","5","44","0","8","5","15","1","0","9","1"
"04-130 Glacier Valley Area","102","1","4","0","0","20","7","0","4","1","2","3","7","0","1","0","0","0","0","0","1","0","2","0","0","0","1","0","3","2","1","0","1","0","1","0","4","0","2","2","0","0","104","8","4","5","0","21","6","34","0","8","4","17","0","0","3","2"
"04-135 North Douglas","67","1","3","0","0","13","6","0","2","0","4","2","1","0","0","0","0","0","1","0","0","0","0","0","0","0","0","0","3","0","0","0","0","0","1","0","0","0","1","0","1","0","178","11","4","2","0","53","2","58","0","9","4","12","0","0","6","0"
"05-800 Chiniak","25","0","0","0","0","2","2","0","0","0","0","0","0","0","0","1","0","0","0","0","0","0","0","0","0","0","0","0","2","0","0","0","0","0","0","0","0","0","0","0","0","0","16","0","0","0","0","0","1","2","0","1","0","1","0","0","1","0"
"05-810 Flats","241","2","5","0","0","37","13","0","8","0","7","2","7","0","1","0","0","0","0","0","0","0","0","0","0","0","0","0","21","5","0","0","2","0","0","0","0","0","1","4","1","0","114","5","2","2","0","18","4","15","0","17","6","12","0","0","9","1"
"05-815 Kodiak Island South","2","0","0","0","0","0","1","0","0","0","0","0","0","0","0","0","0","0","0","0","0","0","0","0","0","0","0","0","1","0","0","0","0","0","0","0","0","0","0","0","0","0","12","0","0","1","0","0","0","0","0","0","0","0","0","0","0","0"
"05-820 Kodiak No. 1","240","1","3","0","2","12","18","0","7","0","11","6","6","0","4","0","1","0","0","0","2","0","1","0","0","1","1","0","10","3","2","0","2","1","3","0","2","0","0","2","1","0","198","10","4","8","0","29","3","15","0","5","5","15","0","0","13","2"
"05-825 Kodiak No. 2","247","0","6","0","3","12","13","0","4","0","9","2","8","0","4","0","0","0","0","0","1","0","0","0","0","0","1","0","23","6","5","0","3","0","1","0","1","0","1","2","4","0","218","18","5","2","0","18","4","27","0","5","4","22","1","0","14","2"
"05-830 Mission Road","545","2","12","1","3","68","40","0","21","0","14","6","13","0","4","3","0","0","1","0","0","0","0","0","1","1","0","0","30","16","9","0","6","0","1","0","4","0","1","2","2","0","340","20","14","11","0","42","16","67","0","22","9","38","0","0","22","1"
"05-835 Old Harbor","7","0","0","0","0","0","0","0","0","0","0","0","0","0","0","0","0","0","0","0","0","0","0","0","0","0","0","0","2","0","0","0","0","0","0","0","0","0","0","0","0","0","14","1","0","0","0","1","0","3","0","1","0","0","0","0","1","0"
"05-840 Ouzinkie","9","0","3","0","0","0","0","0","1","0","0","0","0","0","1","0","0","0","0","0","0","0","0","0","0","0","0","0","1","0","1","0","0","0","0","0","0","0","0","0","1","0","29","1","1","1","0","1","0","4","0","1","1","0","0","0","1","0"
"05-845 Port Lions","36","0","1","0","0","3","0","0","0","0","1","0","1","0","0","0","0","0","0","0","0","0","0","0","0","0","0","0","3","1","0","0","0","0","0","0","0","0","0","0","0","0","18","0","0","0","0","0","0","2","0","0","0","1","0","0","0","0"
"05-860 Cordova","140","1","6","0","1","25","8","0","2","1","6","2","4","0","0","0","0","0","0","0","0","0","1","1","0","0","0","0","7","5","2","0","1","0","0","0","1","0","2","0","2","0","158","7","4","4","0","28","4","31","0","7","0","14","0","0","10","2"
"05-865 Seward-Lowell Point","149","1","4","0","1","14","13","0","5","0","5","1","1","0","5","0","1","0","0","0","0","0","0","0","0","1","0","0","12","5","2","0","1","0","0","0","1","0","1","1","2","0","149","10","1","4","0","31","5","22","0","8","1","13","0","0","10","1"
"05-870 Tatitlek","2","0","1","0","0","0","0","0","2","0","0","0","0","0","1","0","0","0","0","0","0","0","0","0","0","0","0","0","0","0","0","0","0","0","1","0","0","0","0","0","0","0","3","1","1","0","0","1","1","4","0","0","0","1","0","0","0","0"
"06-200 Anchor Point","523","4","6","0","2","54","31","0","11","1","12","0","4","1","7","0","0","0","0","0","1","0","0","0","0","1","0","0","38","7","1","0","5","1","2","0","2","0","2","1","2","0","161","4","2","3","0","16","2","33","0","12","2","16","0","0","20","1"
"06-210 Diamond Ridge","125","0","0","0","0","8","5","0","0","0","3","0","1","0","1","0","0","0","0","0","0","0","0","0","0","0","1","0","5","6","2","0","0","0","1","0","0","0","0","1","1","0","101","5","0","2","0","26","2","25","0","9","1","10","0","0","8","0"
"06-220 Fox River","152","0","0","0","0","8","1","0","0","0","2","1","0","0","0","0","0","0","0","0","0","0","1","0","1","0","0","0","3","2","1","0","0","0","0","0","1","0","0","1","0","0","38","6","0","1","0","10","2","9","0","3","0","5","0","1","9","0"
"06-230 Homer No. 1","189","0","1","0","0","19","10","0","4","0","8","1","3","0","5","0","0","0","0","1","0","0","0","0","1","0","1","0","15","4","1","0","0","1","0","0","0","0","2","1","0","0","129","19","2","8","0","46","3","35","0","15","4","18","0","0","9","0"
"06-240 Homer No. 2","224","0","2","0","0","22","7","0","2","0","0","2","1","0","3","0","0","0","0","0","0","0","0","0","2","0","2","0","12","5","0","0","0","1","0","0","0","0","2","0","2","0","147","6","0","2","0","35","3","34","0","12","1","11","0","0","8","0"
"06-250 Kachemak-Fritz Creek","217","0","2","0","0","23","11","0","6","0","5","0","2","0","0","1","0","0","0","1","0","0","0","0","2","0","1","0","13","7","3","0","3","1","0","0","2","0","0","0","0","0","207","10","2","8","0","59","5","41","0","16","5","17","0","1","9","0"
"06-260 Kasilof","595","0","5","0","0","45","26","0","9","0","14","2","10","0","4","1","0","0","0","1","0","0","3","0","2","0","1","0","46","7","5","0","0","1","2","0","3","0","1","0","0","0","193","8","2","3","0","21","3","31","0","7","1","13","0","0","22","2"
"06-270 Ninilchik","343","0","5","0","0","32","19","0","1","0","3","0","2","0","1","0","0","0","0","0","0","0","0","0","1","0","0","0","26","7","1","0","2","0","1","0","0","0","1","2","0","0","99","4","3","4","0","20","3","22","0","5","2","11","1","0","13","0"
"06-280 Seldovia-Kachemak Bay","51","0","0","0","0","5","5","0","0","0","1","0","1","0","1","0","0","0","0","0","0","0","0","0","1","0","0","0","3","0","0","0","0","0","0","0","0","0","0","0","0","0","56","1","1","2","0","7","0","8","0","1","1","4","0","1","10","1"
"07-005 Central","375","4","1","0","0","43","27","0","11","1","3","2","8","0","2","0","0","0","0","3","0","0","0","0","2","1","0","0","27","13","4","0","4","0","2","0","2","0","5","1","0","0","103","8","2","4","0","20","6","20","0","9","2","16","0","0","15","1"
"07-010 K Beach","472","1","3","0","0","46","41","0","13","0","7","4","3","0","2","0","1","0","0","0","0","0","0","0","1","0","0","0","20","16","5","0","2","1","2","0","1","0","2","5","1","0","122","18","0","6","0","21","5","31","0","9","10","13","0","0","16","1"
"07-015 Kenai No. 1","321","0","6","0","0","31","30","0","15","2","10","4","4","0","1","0","0","0","0","0","0","0","1","0","2","0","1","0","35","9","5","0","6","1","2","0","1","0","0","6","2","0","132","6","8","2","0","23","7","29","0","9","3","17","0","0","19","4"
"07-020 Kenai No. 2","222","1","2","0","1","26","14","0","9","0","1","3","5","0","3","0","0","0","0","0","0","0","0","0","0","0","0","0","11","3","2","0","2","1","4","0","2","0","1","2","1","0","76","3","2","4","0","12","3","14","0","3","5","4","0","0","6","0"
"07-025 Kenai No. 3","164","0","0","0","0","13","12","0","5","0","1","0","3","0","0","0","0","0","0","0","0","0","0","0","0","0","0","0","8","2","1","0","2","1","1","0","1","0","1","2","0","0","67","6","4","4","0","15","0","11","0","5","4","2","0","0","7","0"
"07-030 Soldotna","388","3","6","0","1","39","27","0","11","0","9","1","5","0","8","0","1","0","0","1","0","0","1","0","0","0","0","0","34","11","4","0","4","0","4","0","4","0","1","2","2","0","149","19","1","2","0","29","4","21","0","3","3","23","0","0","24","1"
"08-035 Bear Creek","220","2","4","0","1","31","23","0","2","0","6","2","1","0","1","1","0","0","1","0","1","0","0","0","1","1","0","0","15","1","1","0","3","3","1","0","1","0","1","2","0","0","159","5","2","5","0","33","3","34","0","11","2","8","0","1","8","0"
"08-040 Cooper Landing","59","2","2","0","0","4","2","0","0","0","0","0","0","0","0","0","0","0","1","0","0","0","0","0","0","0","0","0","2","0","0","0","0","0","0","0","0","0","0","0","0","0","47","0","1","2","0","11","0","9","0","2","0","3","0","0","0","0"
"08-045 Funny River No. 1","194","1","3","0","0","15","11","0","5","0","2","0","0","0","0","0","0","0","0","0","0","0","0","0","0","0","0","0","20","1","0","0","0","0","0","0","0","0","0","0","0","0","50","3","2","0","0","9","1","12","1","2","0","6","0","0","2","0"
"08-050 Funny River No. 2","153","0","0","0","0","25","10","0","4","0","1","0","2","0","0","0","0","0","0","0","0","0","1","0","0","0","0","0","4","4","0","0","2","0","0","0","2","0","0","0","0","0","35","4","1","1","0","4","2","5","0","2","1","1","0","0","10","0"
"08-055 Hope","17","0","1","0","0","1","1","0","0","0","0","0","0","0","0","0","0","0","0","0","0","0","0","0","0","0","0","0","1","0","0","0","0","0","0","0","0","0","0","0","0","0","31","1","0","0","0","2","1","6","0","1","0","4","0","0","2","0"
"08-060 Mackey Lake","296","4","5","0","0","25","26","0","3","0","4","5","2","0","0","0","0","0","0","0","0","0","0","0","3","1","0","0","10","2","2","0","1","0","1","0","0","0","0","0","1","0","70","7","3","7","0","17","4","17","0","2","3","4","0","0","14","0"
"08-065 Moose Pass","61","0","0","0","0","9","2","0","1","0","0","1","0","0","0","0","0","0","0","0","0","0","0","0","0","0","0","0","5","2","0","0","0","0","0","0","0","0","0","0","0","0","55","0","1","1","0","10","0","5","0","3","2","1","0","0","2","0"
"08-070 Nikiski","461","3","10","0","0","51","32","0","9","0","7","2","2","0","0","1","0","0","0","0","1","0","0","0","0","0","0","0","20","21","6","0","1","0","1","0","0","0","0","5","1","0","94","8","3","2","0","14","1","15","0","3","2","10","0","0","17","0"
"08-075 Salamatof","443","2","13","0","1","33","25","0","5","1","4","5","4","0","0","0","1","0","0","1","0","0","0","0","0","0","0","0","36","11","1","0","4","2","5","0","2","0","0","3","3","0","73","4","2","2","0","16","1","33","0","5","6","6","0","0","14","1"
"08-080 Sterling No. 1","401","2","5","0","0","51","24","0","5","0","8","6","0","0","2","0","0","0","0","0","0","0","0","0","1","0","1","0","16","10","2","0","1","1","4","0","0","0","2","1","2","0","87","6","3","2","1","15","7","17","0","4","2","7","0","0","11","0"
"08-085 Sterling No. 2","500","2","6","0","0","51","22","1","6","0","6","4","3","0","3","0","0","0","0","0","1","0","0","0","1","0","0","0","22","6","2","0","2","0","0","0","0","0","1","1","0","0","95","10","6","4","0","17","0","14","0","7","1","5","0","0","19","0"
"09-105 Girdwood","127","1","6","0","1","18","8","0","3","0","5","2","4","0","3","0","0","0","0","0","0","0","2","0","2","0","3","0","6","3","0","0","2","0","0","0","0","0","1","1","1","0","310","17","10","5","0","89","9","97","0","21","15","43","0","0","14","1"
"09-110 Indian","39","0","1","0","0","2","0","0","0","0","0","0","0","0","1","0","0","0","0","0","0","0","0","0","0","0","0","0","4","0","0","0","1","0","0","0","0","0","1","0","0","0","57","1","0","0","0","7","0","8","0","2","0","3","0","0","4","0"
"09-115 South Anchorage No. 1","433","4","13","0","2","48","24","0","16","0","20","5","7","0","3","0","0","0","0","1","0","0","1","0","4","0","3","0","12","8","1","0","6","1","0","0","2","0","1","1","0","0","288","19","15","8","0","46","3","74","0","11","11","41","0","1","7","0"
"09-120 South Anchorage No. 2","561","4","17","0","1","44","30","0","8","0","9","1","2","0","3","1","0","0","1","0","2","0","0","0","2","0","0","0","15","5","3","1","2","1","1","0","1","0","0","1","0","0","249","34","13","10","1","52","17","61","0","11","8","34","0","0","9","1"
"09-125 South Anchorage No. 3","422","0","7","0","1","55","22","0","9","0","5","1","7","0","2","0","0","0","0","1","0","0","1","0","1","0","2","0","15","5","1","0","1","1","1","0","3","0","0","1","1","0","263","18","5","10","0","52","6","65","0","10","7","25","0","0","8","1"
"09-130 South Anchorage No. 4","471","3","14","0","1","39","26","0","4","0","19","3","6","0","4","0","0","0","0","1","0","0","0","0","3","0","0","0","5","2","1","0","0","0","0","0","2","0","1","1","0","0","294","43","10","7","0","37","11","68","1","9","7","23","0","0","13","0"
"09-135 South Anchorage No. 5","199","1","4","0","0","17","10","0","4","0","8","0","5","0","0","0","1","0","0","0","0","0","0","0","1","0","1","0","3","2","0","0","0","0","1","0","0","0","1","0","1","0","139","10","1","1","0","19","5","36","1","11","2","14","0","0","2","0"
"09-140 Stuckagain Heights","48","3","3","0","0","2","3","0","0","0","2","0","1","0","0","0","0","0","0","0","0","0","0","0","1","0","0","0","0","0","0","0","0","0","0","0","0","0","0","0","0","0","58","5","0","2","0","9","0","8","0","4","0","8","0","0","2","0"
"09-145 Whittier","38","0","2","0","0","0","3","0","0","0","0","0","0","0","0","0","0","0","0","0","0","0","0","0","0","0","0","0","0","0","0","0","0","0","0","0","0","0","0","0","1","0","15","5","2","0","0","3","1","4","0","0","0","5","0","0","4","0"
"10-150 Dimond","255","4","7","0","2","27","35","0","6","0","10","1","9","0","7","0","1","0","0","0","1","0","3","0","4","1","5","0","18","4","2","0","1","0","3","0","2","0","3","2","1","0","200","20","4","13","0","41","3","63","0","11","10","21","0","1","22","1"
"10-155 Oceanview No. 1","382","1","8","0","0","35","22","0","13","1","22","7","11","0","4","1","0","0","0","0","0","0","1","1","3","2","0","0","9","4","3","0","0","0","1","0","0","0","0","1","2","0","296","23","5","15","0","37","9","79","0","8","6","16","0","0","17","0"
"10-160 Oceanview No. 2","261","0","1","0","0","28","16","0","7","0","13","1","4","0","0","0","0","0","0","0","0","0","1","0","1","0","3","0","12","2","2","0","2","1","0","0","3","0","0","0","2","0","196","21","4","4","0","30","5","46","1","9","4","10","0","0","25","3"
"10-165 Oceanview No. 3","352","1","6","0","0","29","36","0","13","1","15","4","2","0","5","0","0","0","1","0","0","0","4","0","1","2","2","0","16","2","1","0","1","2","0","0","3","1","0","0","3","0","228","19","3","9","0","44","9","79","0","12","8","27","0","2","15","3"
"10-170 Oceanview No. 4","313","1","5","0","0","32","18","1","9","0","18","3","8","0","1","0","0","0","0","0","1","0","2","0","3","1","0","0","4","1","0","0","4","0","0","0","0","0","0","1","2","0","226","18","3","6","0","39","7","60","0","8","6","23","0","0","8","2"
"10-175 Oceanview No. 5","245","1","3","0","0","33","13","0","6","0","12","3","8","0","4","0","0","0","0","0","1","0","1","0","4","0","2","0","16","1","1","0","0","0","1","0","4","0","1","1","1","0","180","7","1","10","0","37","5","34","0","6","2","19","0","0","12","0"
"11-205 Hillside No. 1","216","1","4","0","1","18","19","0","9","0","8","3","7","0","0","0","1","0","0","0","1","0","1","0","2","1","1","0","17","2","4","0","1","0","3","0","3","0","3","4","2","0","147","10","7","5","0","31","6","46","1","9","5","20","0","1","8","3"
"11-210 Hillside No. 2","438","2","4","0","2","57","26","0","14","1","19","8","13","0","1","1","0","0","1","1","0","0","1","0","1","0","6","0","13","11","5","0","3","0","2","0","0","0","4","0","7","0","303","31","7","13","0","54","8","78","0","14","9","42","1","0","8","2"
"11-215 Hillside No. 3","286","3","1","0","0","20","14","0","7","0","5","1","2","0","0","0","0","0","1","0","0","0","0","0","0","0","1","0","3","2","0","0","2","0","1","0","1","0","1","2","2","0","144","19","4","9","0","33","1","27","0","4","7","20","0","0","17","0"
"11-220 Hillside No. 4","323","0","5","0","1","23","18","0","4","0","7","3","1","0","2","0","0","0","1","1","0","0","1","0","0","2","0","0","2","2","1","0","2","0","0","0","1","0","2","1","1","0","148","10","4","10","0","37","5","26","0","11","4","19","0","0","6","1"
"11-225 Hillside No. 5","326","0","3","0","0","14","4","0","1","0","8","0","5","0","4","0","0","0","0","0","1","0","0","0","1","0","0","0","13","5","0","0","0","0","1","0","0","0","1","3","0","0","258","10","0","4","0","32","3","26","0","10","5","10","0","0","3","0"
"11-230 Hillside No. 6","309","3","4","0","1","25","22","0","5","0","7","2","5","0","1","0","0","0","0","0","1","0","0","0","0","1","1","0","5","2","3","0","2","0","0","0","2","0","1","0","0","0","211","16","0","7","0","36","4","61","0","15","2","21","0","0","5","1"
"11-235 Hillside No. 7","243","2","2","0","1","18","17","0","6","0","11","0","5","0","1","0","0","0","1","0","0","0","0","0","0","0","0","0","2","1","0","0","1","0","1","0","0","0","3","1","2","0","190","7","3","9","0","45","4","36","0","8","8","17","0","0","3","0"
"12-250 Southeast Anchorage No. 1","296","4","15","0","0","31","35","0","8","0","9","7","5","0","4","1","0","0","0","1","4","0","1","0","2","1","3","0","18","3","2","0","4","0","0","0","1","0","2","3","3","0","197","19","15","6","0","39","7","76","1","9","7","25","0","0","13","3"
"12-255 Southeast Anchorage No. 2","188","2","4","0","1","19","20","0","6","0","4","11","2","0","0","0","1","0","0","0","1","0","1","0","0","0","1","0","9","1","2","0","1","1","0","0","0","0","0","0","0","0","112","8","4","2","0","20","6","40","0","6","1","12","0","0","2","0"
"12-260 Southeast Anchorage No. 3","275","3","6","0","5","29","22","0","8","0","10","10","4","0","4","0","0","0","1","2","0","0","2","0","0","1","0","0","9","6","5","0","2","0","2","0","0","0","2","3","0","0","198","16","13","14","1","30","12","61","0","8","5","23","0","0","7","0"
"12-265 Southeast Anchorage No. 4","296","0","8","0","2","26","10","0","8","0","8","6","3","0","2","3","0","0","0","0","0","0","0","0","0","0","1","0","17","4","0","0","2","0","3","0","0","0","0","3","1","0","206","13","7","9","0","60","6","54","0","9","3","27","0","0","12","0"
"12-270 Southeast Anchorage No. 5","345","0","6","0","5","33","27","0","12","0","11","12","10","0","2","0","0","0","0","0","0","0","1","0","2","0","4","0","10","2","1","0","2","0","2","0","4","0","2","1","0","0","231","21","22","10","0","52","5","67","0","17","8","28","0","1","9","3"
"12-275 Southeast Anchorage No. 6","254","0","10","0","3","19","11","0","6","1","15","4","5","0","0","0","0","0","0","1","0","0","0","0","0","0","1","0","5","3","1","0","3","0","2","0","0","0","0","1","0","0","268","16","13","7","0","47","4","58","0","11","8","19","0","0","4","2"
"13-305 South Midtown No. 1","81","2","3","0","1","16","10","0","1","0","3","0","1","0","0","0","0","0","0","1","0","0","1","0","0","0","0","0","1","2","2","0","1","0","0","0","1","0","0","1","0","0","45","3","3","6","0","10","3","20","0","2","0","3","0","0","0","0"
"13-310 South Midtown No. 2","396","1","8","0","0","29","24","0","13","0","11","7","7","0","10","0","0","0","0","1","2","0","1","0","1","0","2","0","10","7","4","0","2","1","0","0","5","0","3","4","3","0","299","21","14","9","0","47","9","77","2","11","6","25","0","0","16","0"
"13-315 South Midtown No. 3","335","0","12","0","1","33","27","0","14","0","13","3","10","0","4","0","1","0","0","1","2","0","1","0","4","3","3","0","17","7","5","0","3","2","4","0","5","0","0","1","2","0","229","15","12","9","0","53","9","80","0","11","4","32","0","0","13","0"
"13-320 South Midtown No. 4","320","6","5","0","3","17","34","0","5","1","13","3","5","0","3","0","1","0","0","1","1","0","2","0","3","0","1","0","13","9","4","0","1","1","1","0","5","0","2","4","4","0","231","13","16","8","0","49","9","74","0","10","5","47","0","0","23","1"
"13-325 South Midtown No. 5","242","4","10","0","0","26","31","0","15","0","15","6","4","0","7","0","0","0","1","1","2","0","1","0","5","0","6","0","12","6","3","0","5","0","1","0","1","0","0","2","1","0","295","16","8","11","0","66","16","97","0","19","8","31","0","2","12","1"
"14-350 North Midtown No. 1","58","1","0","0","1","18","2","0","2","0","2","2","6","0","0","0","0","0","1","0","0","0","0","0","3","0","1","0","6","2","0","0","0","0","0","0","0","0","1","0","0","0","94","7","1","5","0","27","4","29","0","4","2","8","0","0","3","0"
"14-355 North Midtown No. 2","98","1","3","0","0","7","10","0","0","0","1","1","3","0","3","1","0","0","0","1","0","0","0","0","1","0","2","0","7","4","1","0","3","0","2","0","1","0","1","0","0","0","132","4","1","9","0","28","3","30","0","5","1","18","0","0","7","0"
"14-360 North Midtown No. 3","101","1","3","0","0","5","11","0","1","0","7","1","5","0","1","0","0","0","0","0","0","0","1","0","0","0","2","0","5","5","4","0","1","0","2","0","2","0","0","1","0","0","82","6","1","4","0","25","1","27","0","2","2","7","0","0","5","0"
"14-365 North Midtown No. 4","120","0","4","0","2","15","6","0","4","0","4","1","5","0","2","0","0","0","0","0","2","0","2","0","2","0","4","0","10","3","0","0","1","1","1","0","2","0","0","1","0","0","127","13","1","6","0","27","6","47","0","7","3","14","0","0","9","0"
"14-370 North Midtown No. 5","193","0","7","0","0","27","18","0","7","0","6","0","5","0","4","2","1","0","0","2","1","0","1","0","2","0","0","1","18","3","1","0","1","3","3","0","2","0","3","2","1","0","225","7","9","8","0","61","3","66","0","12","6","22","0","0","13","1"
"14-375 North Midtown No. 6","146","1","3","0","0","17","13","0","3","0","8","1","4","0","3","0","0","0","0","1","0","0","0","0","1","1","2","0","2","7","3","0","2","0","0","0","1","0","1","0","1","0","146","13","5","6","0","27","2","42","0","5","2","14","0","3","11","1"
"14-380 North Midtown No. 7","217","2","3","0","0","18","15","0","4","0","8","0","5","0","1","0","0","0","0","0","1","0","0","0","2","0","1","0","5","3","2","0","1","1","0","0","4","0","2","2","0","0","352","14","4","7","0","69","2","74","0","10","7","25","0","0","7","0"
"15-405 Southwest Anchorage No. 1","256","3","5","0","1","25","16","0","10","0","9","1","6","0","0","1","0","0","0","1","1","0","0","0","1","0","0","0","9","0","1","0","1","0","1","0","0","0","3","1","1","0","184","21","3","10","0","25","3","31","0","7","5","18","0","0","7","0"
"15-410 Southwest Anchorage No. 2","291","1","4","0","2","28","18","0","12","0","11","4","5","0","5","1","0","0","1","1","0","0","1","0","0","0","0","0","9","4","3","0","5","0","0","0","2","0","1","3","1","0","190","20","5","13","0","40","9","55","0","11","10","21","0","0","6","1"
"15-415 Southwest Anchorage No. 3","338","1","6","0","0","28","18","0","10","0","12","4","16","0","4","0","0","0","1","0","0","0","1","0","3","1","2","0","9","5","3","0","4","1","0","0","0","0","2","4","5","0","249","24","8","14","0","47","12","58","1","8","10","25","0","0","9","0"
"15-420 Southwest Anchorage No. 4","266","2","4","0","1","22","25","0","17","0","13","1","6","0","5","0","0","0","1","0","0","0","1","0","2","0","1","0","8","5","4","0","4","0","3","0","2","1","1","5","2","0","224","18","5","8","1","47","4","56","0","11","13","23","0","0","14","4"
"15-425 Southwest Anchorage No. 5","266","0","2","0","2","27","24","0","9","0","9","5","2","0","2","0","0","0","0","1","0","0","0","0","2","0","1","0","7","7","3","0","1","1","1","0","2","0","3","3","2","0","229","24","5","10","0","43","4","37","0","9","9","33","0","0","8","1"
"15-430 Southwest Anchorage No. 6","475","2","12","0","0","41","33","0","13","1","21","1","9","0","7","0","0","0","0","0","0","0","0","0","0","0","0","0","4","6","3","0","4","1","1","0","2","0","1","3","3","0","281","24","3","18","0","63","9","60","0","19","8","36","0","1","15","2"
"16-450 West Anchorage No. 1","119","2","3","0","0","19","5","0","1","0","9","1","2","0","1","0","0","0","0","0","0","0","0","0","0","0","0","0","2","0","0","0","2","0","0","0","0","0","0","1","1","0","305","20","6","3","0","47","14","62","1","8","4","15","0","0","7","0"
"16-455 West Anchorage No. 2","191","2","9","0","0","25","16","0","6","0","11","10","4","0","1","0","1","0","2","0","0","0","0","0","1","1","1","0","7","3","2","0","3","0","0","0","0","0","0","2","3","0","251","19","16","12","0","78","9","67","0","8","7","25","0","2","3","1"
"16-460 West Anchorage No. 3","298","1","6","0","2","27","25","0","6","0","6","9","5","0","5","0","1","0","0","0","0","0","1","0","0","2","0","0","6","1","2","0","0","0","4","0","1","0","2","1","1","0","346","23","27","12","1","66","9","95","0","18","6","25","0","0","13","1"
"16-465 West Anchorage No. 4","157","0","8","0","0","14","26","0","3","0","6","9","3","0","2","0","0","0","0","1","1","0","0","0","2","0","1","0","3","2","2","0","2","0","1","0","0","0","1","1","0","0","158","13","7","5","0","31","6","43","0","4","2","15","0","0","7","0"
"16-470 West Anchorage No. 5","320","2","5","0","1","44","20","0","8","0","9","4","2","0","0","0","0","0","1","0","0","0","1","0","0","0","2","0","8","4","3","0","2","0","2","0","1","0","0","3","1","0","253","22","18","9","1","56","10","60","0","12","5","16","0","0","5","0"
"16-475 West Anchorage No. 6","281","1","2","0","0","25","13","0","7","0","6","5","1","0","2","0","0","0","0","0","0","0","0","0","1","0","1","0","9","4","1","0","4","1","2","0","2","0","1","0","0","0","219","23","6","4","0","46","7","61","0","5","10","13","0","0","7","0"
"16-480 West Anchorage No. 7","178","2","4","0","2","11","32","0","8","0","8","5","4","0","2","0","1","0","0","0","0","0","0","0","2","0","3","0","8","3","2","0","3","0","2","0","3","0","0","4","1","0","162","15","10","8","0","37","4","46","1","14","4","17","0","0","12","2"
"17-505 Downtown Anchorage No. 1","93","1","1","0","0","8","1","0","2","0","8","1","2","0","2","0","0","0","0","0","0","0","1","0","2","0","0","0","2","2","0","0","0","1","3","0","0","0","1","0","0","0","127","8","1","2","0","23","6","27","0","6","1","10","0","0","5","0"
"17-510 Downtown Anchorage No. 2","103","2","4","0","0","6","4","0","3","0","3","1","3","0","0","0","0","0","0","0","0","0","1","0","1","0","2","0","6","0","1","0","1","0","0","0","0","0","1","0","0","0","221","8","1","5","0","30","8","43","0","14","3","16","0","0","2","1"
"17-515 Downtown Anchorage No. 3","89","0","2","0","1","7","3","0","1","0","2","2","1","0","1","0","0","0","0","0","0","0","0","0","1","0","1","0","0","0","0","0","0","0","0","0","0","0","0","1","0","0","134","10","1","1","0","30","2","35","0","7","4","10","0","0","1","0"
"17-520 Downtown Anchorage No. 4","147","0","10","0","0","13","10","0","7","0","6","5","4","0","1","0","1","0","0","0","1","0","3","0","3","1","4","0","5","2","1","0","1","0","3","0","2","0","0","1","1","0","208","10","6","7","0","60","6","58","0","7","2","33","0","0","3","4"
"17-525 Downtown Anchorage No. 5","80","1","6","0","0","12","11","0","2","0","7","0","4","0","5","0","0","0","1","0","1","0","1","0","4","0","3","0","7","0","1","0","1","0","0","0","0","0","1","3","1","0","149","4","2","2","0","30","5","45","0","11","2","17","0","0","12","2"
"17-530 Downtown Anchorage No. 6","66","0","2","0","0","9","5","0","3","0","3","2","0","0","2","0","0","0","1","0","0","0","0","0","3","0","2","0","7","1","2","0","1","0","1","0","0","0","0","0","4","0","97","5","1","4","0","18","2","39","0","3","4","17","1","0","8","3"
"17-535 Downtown Anchorage No. 7","99","2","3","0","0","8","14","0","3","0","9","5","7","0","7","1","0","0","0","0","0","0","0","0","4","0","1","0","5","1","2","0","1","0","1","0","0","0","1","1","1","0","139","13","4","5","0","23","6","34","0","5","3","28","0","0","11","0"
"18-550 Government Hill","106","0","1","0","0","13","9","0","2","0","3","1","3","0","3","0","0","0","0","0","0","0","1","0","0","0","1","0","9","1","2","0","1","1","0","0","1","0","1","3","0","0","139","14","3","2","0","30","4","33","0","5","3","10","0","0","11","3"
"18-555 JBER No.1","384","3","5","0","0","47","30","0","12","0","8","4","9","0","10","0","0","0","0","2","0","0","2","0","3","2","2","0","26","10","7","0","3","0","2","0","3","0","1","2","3","0","122","10","1","13","0","28","2","33","0","4","5","9","0","0","25","0"
"18-556 JBER No.2","86","0","2","0","1","10","18","0","5","0","3","0","4","0","3","0","0","0","0","1","0","0","0","0","4","0","0","0","5","1","2","0","0","0","2","0","1","0","0","2","2","0","33","2","1","2","0","9","2","17","0","3","1","5","0","0","11","0"
"18-560 North Muldoon","119","0","3","0","1","5","4","0","2","0","2","2","5","0","1","0","0","0","0","0","0","0","1","0","0","0","0","0","9","0","0","0","0","2","1","0","0","0","2","2","2","0","113","8","3","3","0","17","3","19","0","5","2","8","0","0","6","1"
"18-565 Ship Creek","16","1","1","0","0","3","2","0","0","0","2","0","0","0","2","0","0","0","0","0","0","0","0","0","0","0","0","0","2","0","0","0","0","1","0","0","0","0","0","0","0","0","25","1","0","0","0","9","0","11","0","1","1","4","0","0","4","0"
"19-605 Airport Heights No. 1","145","1","1","0","1","19","14","0","4","0","6","2","5","0","4","1","0","0","1","0","0","0","1","0","1","0","0","0","10","5","4","0","1","0","1","0","1","0","0","2","2","0","272","15","12","6","0","71","9","59","0","11","6","22","0","0","9","0"
"19-610 Airport Heights No. 2","241","0","3","0","0","19","6","0","1","0","7","1","5","0","4","0","0","0","0","2","0","0","0","0","0","0","1","0","25","4","1","0","1","1","2","0","1","0","1","3","1","0","255","13","3","3","1","37","3","31","0","10","6","13","0","1","14","3"
"19-615 Mountainview No. 1","81","1","0","0","2","16","11","0","7","1","6","3","1","0","2","0","0","0","0","0","1","0","0","0","1","0","0","0","8","4","1","0","1","0","5","0","1","0","1","1","6","0","127","4","9","5","0","26","4","26","0","3","5","23","0","0","8","1"
"19-620 Mountainview No. 2","90","0","0","0","0","14","16","1","2","0","4","3","4","0","3","0","0","0","2","0","0","0","1","0","1","2","1","0","9","6","2","0","1","0","0","0","1","0","0","1","3","0","135","3","3","9","0","10","5","23","0","1","3","10","0","0","8","3"
"19-625 South Mountainview","143","1","1","0","0","16","10","0","6","0","5","1","1","0","2","0","0","0","0","0","2","0","3","0","1","0","1","0","11","2","2","0","2","1","2","0","1","0","1","0","1","0","159","5","3","5","0","20","2","18","0","9","5","5","0","0","14","1"
"20-650 University No. 1","61","0","4","0","0","12","9","0","4","0","5","4","1","1","1","1","0","0","0","0","0","0","0","0","3","0","0","0","2","1","0","0","4","0","0","0","1","0","0","1","0","0","59","0","3","0","0","20","9","32","0","2","4","13","0","1","10","2"
"20-655 University No. 2","268","2","6","0","3","30","16","0","7","1","7","10","5","0","6","0","0","0","0","1","0","0","0","0","2","3","1","0","25","2","3","0","2","3","2","0","7","0","3","0","5","0","263","25","19","10","0","53","8","75","0","8","3","19","0","0","16","1"
"20-660 University No. 3","241","1","6","0","1","26","23","0","7","0","15","3","3","0","7","0","0","0","0","0","1","0","0","0","1","0","1","0","12","3","0","0","1","1","1","0","3","0","0","0","1","0","273","27","17","11","0","70","11","102","0","10","6","20","0","0","10","4"
"20-665 University No. 4","111","1","6","0","1","18","12","0","3","0","5","4","1","0","1","0","0","0","0","1","0","0","1","0","0","0","0","0","6","2","0","0","0","1","2","0","1","0","0","0","0","0","120","10","8","5","0","33","5","39","0","5","4","12","0","0","9","0"
"20-670 University No. 5","374","6","13","0","2","44","26","0","14","1","21","12","6","0","4","0","1","0","0","0","1","0","0","0","3","0","0","0","11","2","0","0","4","2","4","0","4","1","3","0","2","0","371","32","27","14","0","83","16","120","1","17","7","38","0","0","18","7"
"21-705 East Anchorage No. 1","232","1","6","0","1","23","4","0","4","0","7","3","1","0","2","0","0","0","0","0","0","0","0","0","1","0","1","0","7","1","1","0","2","0","3","0","0","0","1","0","1","0","207","25","6","4","0","52","3","37","0","16","4","26","0","0","9","3"
"21-710 East Anchorage No. 2","284","0","14","0","1","22","25","1","9","1","12","5","6","0","7","0","1","0","1","0","1","0","1","0","1","0","1","0","9","3","3","0","1","0","0","0","2","0","0","3","5","0","199","15","7","11","0","38","11","52","0","5","10","32","0","1","3","1"
"21-715 East Anchorage No. 3","384","1","18","0","2","33","28","0","13","1","11","5","7","0","5","0","0","0","1","0","0","0","1","0","2","1","4","0","16","2","6","1","3","0","1","0","4","0","1","1","4","0","292","17","12","13","0","47","14","89","0","5","7","47","0","1","16","1"
"21-720 East Anchorage No. 4","257","1","10","0","1","30","33","0","10","0","11","3","6","0","4","0","0","0","0","2","0","0","0","0","3","0","0","0","14","3","0","0","2","2","1","0","2","0","3","2","0","0","260","28","4","2","0","57","9","51","0","7","5","22","0","0","11","2"
"21-725 East Anchorage No. 5","381","2","17","1","1","36","44","1","6","0","11","3","8","0","4","1","2","0","0","2","2","0","0","0","4","1","1","0","10","8","3","0","0","1","6","0","2","0","0","1","4","0","356","24","9","7","0","65","14","97","0","13","10","49","0","1","8","1"
"22-750 Northeast Anchorage No. 1","228","2","6","0","2","24","29","1","9","0","11","5","13","0","8","0","0","0","1","2","0","0","4","0","6","1","3","0","15","2","1","0","4","0","2","0","9","0","2","3","1","0","208","19","6","18","0","46","3","69","0","13","9","23","0","2","14","2"
"22-755 Northeast Anchorage No. 2","245","2","6","0","0","26","29","0","5","0","10","4","15","0","8","1","0","0","0","2","1","0","4","0","2","1","3","0","10","0","0","0","5","1","0","0","4","0","2","3","3","0","162","13","7","17","0","31","10","78","0","6","5","25","0","1","13","6"
"22-760 Northeast Anchorage No. 3","273","2","8","0","5","20","23","0","7","0","9","6","5","0","8","0","2","0","0","1","0","0","7","0","1","0","1","0","13","3","2","0","1","2","2","0","1","0","4","1","1","0","264","12","5","15","0","47","6","72","0","14","5","28","0","0","14","3"
"22-765 Northeast Anchorage No. 4","179","2","6","0","1","12","28","1","3","0","3","1","8","0","5","0","0","0","0","0","2","0","2","1","1","0","0","0","11","4","1","0","3","2","0","0","5","0","1","0","1","0","136","9","3","10","0","24","6","54","0","7","5","21","0","0","11","5"
"23-805 Chugach Park No. 1","403","0","4","0","0","60","29","0","21","0","13","2","14","0","0","1","0","0","1","1","0","0","1","0","0","0","1","0","11","9","2","0","7","0","2","0","1","0","4","5","1","0","247","22","7","18","0","42","10","53","0","16","14","28","0","0","16","0"
"23-810 Eagle River No. 1","244","2","2","0","0","30","21","0","9","0","9","3","8","0","3","0","1","0","1","0","0","0","1","0","3","0","1","0","14","6","2","0","2","0","1","0","2","0","2","1","3","0","146","8","5","5","0","23","3","34","0","6","10","15","0","0","5","1"
"23-815 Eagle River No. 2","248","0","2","0","3","33","22","0","13","0","9","4","12","0","2","0","0","0","0","0","0","0","0","0","0","0","2","0","13","9","1","0","3","0","0","1","0","0","1","3","2","0","141","13","4","13","0","34","7","39","0","8","10","23","0","0","6","0"
"23-820 Hiland","263","0","4","0","2","35","20","0","15","0","11","4","4","0","0","1","0","0","0","0","1","0","0","0","1","0","1","0","12","4","0","0","6","1","2","0","1","0","1","3","2","0","127","14","5","9","0","20","3","30","0","8","5","14","0","0","9","0"
"23-825 Meadow Creek No. 1","265","0","6","0","2","38","19","0","14","0","10","3","6","0","3","0","0","0","0","2","0","0","0","0","0","1","1","0","5","11","4","0","6","0","1","0","1","0","1","4","3","0","158","16","8","7","0","39","6","42","0","10","11","14","0","1","5","0"
"23-830 Meadow Creek No. 2","183","3","1","0","0","18","8","0","9","0","8","0","4","0","1","0","0","0","0","2","0","0","0","0","0","0","0","0","5","6","1","0","3","0","0","0","0","0","2","2","1","0","84","12","1","5","0","11","2","18","0","7","7","12","0","0","7","0"
"24-850 Chugach Park No. 2","342","0","3","0","1","26","12","0","5","0","17","5","7","0","0","0","0","0","0","0","0","0","0","0","2","0","1","0","5","4","0","0","2","0","1","0","1","0","0","1","1","0","130","16","5","6","0","26","7","25","0","5","3","12","0","0","6","2"
"24-855 Chugiak","164","1","3","0","1","25","11","0","5","0","4","3","3","0","0","0","0","0","0","0","1","0","0","0","0","0","0","0","9","1","0","0","2","0","1","0","4","0","0","1","2","0","73","5","3","2","0","11","0","16","0","7","2","4","0","0","4","0"
"24-860 Eagle River No. 3","257","1","6","0","2","33","18","0","5","0","14","4","5","0","1","0","0","0","0","1","1","0","2","0","0","0","0","0","13","5","7","0","1","2","0","0","1","0","1","2","3","0","115","16","4","3","0","22","9","31","0","6","4","12","0","0","6","1"
"24-865 Eklutna","277","5","6","0","2","33","22","0","8","0","7","5","5","0","1","1","0","0","0","0","0","0","1","0","3","0","2","0","12","7","2","0","2","1","0","0","0","0","0","1","1","0","125","12","4","3","0","20","7","36","0","6","2","14","0","0","9","0"
"24-870 Fire Lake","321","3","5","0","0","31","31","0","11","0","10","4","5","0","0","0","0","0","0","0","0","0","0","0","0","0","1","0","8","4","3","0","5","0","3","0","1","1","1","2","1","0","137","16","3","16","0","31","3","34","0","10","3","12","0","0","7","2"
"24-875 Peters Creek No. 1","488","2","8","0","1","51","27","0","11","0","18","8","5","0","2","0","1","0","0","0","1","0","1","0","2","0","0","0","27","14","2","0","2","0","1","0","3","0","0","1","0","0","158","19","10","3","0","23","5","41","0","11","3","20","0","1","12","1"
"24-880 Peters Creek No. 2","243","0","6","0","0","37","22","0","2","0","5","9","0","0","0","0","0","0","0","0","0","0","0","0","0","1","0","0","11","4","1","0","1","1","1","0","3","0","2","0","0","0","99","5","3","4","0","16","4","24","0","8","2","7","0","0","5","0"
"25-305 Butte","610","9","13","0","0","63","51","0","16","1","7","1","9","0","2","0","0","0","2","0","1","0","0","0","1","1","0","0","31","18","5","0","4","0","5","0","4","0","1","2","1","0","176","17","12","2","0","29","3","48","0","5","7","26","0","0","24","1"
"25-310 Greater Palmer","259","1","3","0","1","30","15","0","10","0","4","2","3","0","2","0","0","0","0","0","1","0","0","0","1","0","0","0","15","3","6","0","2","0","0","0","1","0","0","0","0","0","81","4","8","5","0","17","7","26","0","10","2","15","0","0","8","0"
"25-315 Lazy Mountain","393","0","10","0","2","46","27","0","5","0","8","0","3","0","2","0","0","0","1","0","0","0","2","0","0","0","0","0","17","9","3","0","0","1","1","0","1","0","1","2","2","0","136","10","4","3","0","24","9","27","0","9","6","18","0","0","5","1"
"25-320 Palmer City No. 1","238","2","11","0","0","20","12","0","5","0","5","0","2","0","7","0","0","0","0","0","0","0","1","0","2","0","2","0","16","5","4","0","2","0","1","0","1","0","0","0","4","0","116","2","6","4","0","15","1","29","0","5","3","17","0","0","13","0"
"25-325 Palmer City No. 2","213","0","8","0","1","25","22","0","10","0","6","4","2","0","3","1","2","0","0","1","0","0","2","0","3","0","2","0","18","6","4","0","0","0","2","0","3","0","2","3","2","0","95","7","4","4","0","24","3","39","0","6","4","19","0","0","10","2"
"25-330 Springer Loop","376","1","12","0","0","37","31","0","18","0","10","4","3","0","3","0","0","0","0","2","0","0","0","0","0","0","0","0","17","9","1","0","4","0","2","0","0","0","0","2","4","0","105","12","2","3","0","19","3","29","0","8","1","18","0","0","13","2"
"25-335 Walby","340","1","9","0","5","42","45","0","7","0","7","1","9","0","1","0","1","0","0","0","1","0","1","0","1","0","2","0","7","5","2","0","1","0","1","0","0","0","0","0","1","0","82","11","3","1","0","18","3","20","0","8","2","16","0","0","15","1"
"26-350 Fairview No. 1","275","0","2","0","0","29","22","0","9","0","6","3","5","0","1","0","0","0","0","0","0","0","0","0","0","0","0","0","16","4","1","0","3","0","0","0","5","0","1","1","3","0","49","7","2","4","0","7","1","17","0","5","2","6","0","0","11","1"
"26-355 Fairview No. 2","190","1","1","0","0","15","16","0","6","0","6","1","10","0","0","0","0","0","0","1","0","0","0","0","1","0","1","0","12","1","4","0","2","0","0","0","3","0","1","0","0","0","50","9","5","2","0","13","1","17","0","4","2","7","0","1","10","1"
"26-360 Knik Goose Bay No. 1","640","1","5","0","0","74","46","0","12","0","14","5","9","0","5","0","0","0","2","1","0","0","1","0","0","0","1","0","38","13","4","0","3","1","2","0","7","0","2","4","4","0","120","18","2","9","0","25","3","44","0","13","7","8","0","0","33","0"
"26-365 Knik Goose Bay No. 2","425","2","6","0","0","47","18","0","5","0","8","1","3","0","1","1","2","0","0","0","0","0","1","0","0","0","3","0","31","10","7","0","6","1","1","0","2","0","4","1","2","0","95","3","4","7","0","18","4","19","0","8","3","18","0","0","16","0"
"26-370 Knik Goose Bay No. 3","257","1","4","0","0","25","26","0","2","0","5","2","3","0","3","0","0","0","0","1","0","0","3","0","1","0","0","0","13","9","6","0","2","0","2","0","2","0","2","1","2","0","64","5","1","2","0","10","0","15","0","5","1","16","0","0","19","0"
"26-375 Mat-Su Campus","318","1","5","0","0","34","25","0","6","0","6","1","4","1","2","0","0","0","0","0","0","0","0","0","0","0","1","0","11","10","1","0","2","1","2","0","2","0","0","0","1","0","104","7","1","3","0","20","2","20","0","9","5","17","0","0","10","1"
"26-380 Snowshoe","540","2","6","1","1","48","32","0","14","0","7","2","8","0","3","0","0","0","0","0","0","0","2","0","0","0","0","0","39","14","8","0","5","0","5","0","2","0","3","4","3","0","104","14","1","10","0","32","5","36","0","2","5","9","0","0","20","0"
"27-405 Foothills","403","4","7","0","1","32","42","0","11","0","4","2","3","0","3","2","0","0","0","1","0","0","0","0","2","0","2","0","15","13","1","0","6","1","1","0","1","0","1","2","2","1","83","2","1","4","0","12","0","21","0","1","6","13","0","0","10","0"
"27-410 Meadow Lakes No. 1","609","4","6","0","1","56","58","1","14","0","4","0","4","0","2","0","0","0","0","1","0","0","0","0","0","0","4","0","42","12","5","0","4","0","2","0","2","0","2","6","1","0","111","6","3","6","0","28","3","33","0","5","2","18","0","0","11","1"
"27-415 Meadow Lakes No. 2","509","2","8","0","0","53","37","2","10","2","11","3","5","0","2","0","0","0","1","0","1","0","0","0","1","1","0","0","27","13","3","0","5","1","6","0","1","0","0","1","4","0","91","9","5","2","0","8","0","20","0","10","4","14","0","2","19","3"
"27-420 Wasilla No. 1","378","0","5","0","3","43","29","0","13","0","7","2","5","0","4","1","0","0","0","1","1","0","1","0","2","0","0","0","20","5","4","0","2","1","2","0","1","0","0","1","3","0","95","5","2","6","0","18","4","30","0","5","7","18","0","0","16","2"
"27-425 Wasilla No. 2","497","1","8","0","2","42","43","0","13","0","12","2","9","0","3","0","1","0","0","0","0","0","2","0","0","1","1","0","35","13","3","0","6","1","0","0","1","0","1","3","2","0","122","6","4","7","0","25","5","22","0","9","5","18","0","0","18","0"
"28-450 Lakes No. 1","306","0","11","0","4","45","18","0","7","0","6","5","1","0","2","0","0","0","0","1","0","0","1","0","0","0","1","0","11","7","2","0","2","0","2","0","3","0","1","2","0","0","73","11","7","3","0","10","1","25","0","8","2","7","0","0","5","0"
"28-455 Lakes No. 2","219","2","2","0","0","14","15","0","2","0","4","3","3","0","1","1","0","0","0","0","0","0","0","0","2","0","1","0","11","3","2","0","2","0","1","0","2","0","2","1","1","0","52","9","1","3","0","10","3","19","0","3","1","6","0","0","5","0"
"28-460 Seldon No. 1","572","3","8","0","2","40","30","1","9","0","12","4","3","0","3","0","0","0","0","0","0","0","0","0","3","0","2","0","28","9","2","0","3","1","1","0","1","0","1","2","2","0","99","10","3","6","0","16","5","25","0","14","3","6","0","0","21","3"
"28-465 Seldon No. 2","431","1","11","0","3","71","33","0","15","0","6","8","8","0","1","0","1","0","0","1","0","0","0","0","1","2","0","0","40","9","2","0","2","1","6","0","3","0","1","2","1","0","140","14","11","4","0","24","6","45","0","6","8","19","0","0","12","1"
"28-470 Seward Meridian","203","2","2","0","0","21","15","0","5","0","4","3","0","0","0","0","0","0","0","0","0","0","0","0","0","0","0","0","14","1","1","0","3","1","0","0","1","0","0","0","1","0","73","9","2","2","0","8","3","13","0","5","3","2","0","0","6","0"
"28-475 Trunk","348","2","5","0","2","49","27","0","14","1","6","4","2","0","2","0","0","0","0","0","1","0","0","0","2","0","1","0","17","11","4","0","5","0","1","0","3","0","1","3","3","0","104","15","3","4","0","29","1","48","0","8","3","12","0","1","16","1"
"28-480 Wasilla Lake","202","4","3","0","2","22","16","0","7","0","4","2","4","0","1","0","1","0","0","0","0","0","1","0","0","0","2","0","17","1","2","0","2","5","3","0","2","0","0","0","1","0","42","3","3","3","0","13","0","18","0","3","2","3","0","0","1","0"
"29-505 Farm Loop","520","7","8","0","1","78","48","0","12","0","8","3","5","0","0","0","1","0","0","0","0","0","0","0","0","0","0","0","27","9","3","0","4","0","0","0","2","0","0","1","1","0","124","12","2","4","0","15","4","23","0","15","6","22","0","0","11","1"
"29-510 Fishhook","712","2","14","0","1","77","43","0","15","0","9","1","6","0","5","1","0","0","0","0","2","0","1","0","1","0","1","0","34","11","5","0","8","1","4","0","0","0","2","2","1","0","228","22","5","5","0","37","7","54","0","19","9","22","0","0","29","2"
"29-515 Kings Lake","464","1","5","1","1","68","37","0","18","0","9","1","6","0","1","0","0","0","0","0","0","0","0","0","1","0","0","0","13","10","2","0","5","0","1","0","2","0","3","2","0","0","114","10","5","3","0","20","7","29","0","8","6","17","0","0","15","0"
"29-520 Lakes No. 3","190","1","5","0","1","14","16","0","3","0","5","1","1","0","2","0","0","0","0","1","0","0","1","0","0","0","1","0","3","8","1","0","3","0","0","0","0","0","3","0","1","0","37","5","1","2","0","10","1","16","0","2","3","9","0","0","6","0"
"29-525 Sheep Mountain","104","0","1","0","0","11","1","0","1","0","0","0","0","0","0","0","0","0","0","0","0","0","0","0","0","0","0","0","2","2","0","0","0","0","0","0","0","0","0","0","0","0","20","0","0","1","0","1","1","1","0","1","0","1","0","0","2","0"
"29-530 Sutton","253","1","5","0","1","32","15","0","7","0","2","2","1","0","1","0","1","0","0","0","1","0","0","0","0","0","1","0","14","2","1","0","0","0","1","0","0","0","2","0","1","0","87","0","0","5","0","11","3","17","0","3","1","21","0","0","11","1"
"29-535 Valdez No. 1","203","3","3","0","0","17","15","0","5","0","5","0","4","0","0","0","0","0","0","0","0","0","1","0","0","0","0","0","9","6","2","0","0","1","1","0","0","0","2","2","1","0","110","7","4","3","0","20","6","15","0","7","1","13","0","0","9","0"
"29-540 Valdez No. 2","91","1","1","0","0","5","2","0","4","0","3","1","2","0","1","0","0","0","0","0","0","0","1","0","1","0","0","0","4","5","1","0","0","0","0","0","0","0","0","0","0","0","54","3","1","0","0","7","1","16","0","4","2","8","0","0","4","1"
"29-545 Valdez No. 3","155","1","6","0","0","15","10","0","5","0","4","1","3","0","5","0","0","0","0","0","0","0","0","0","0","0","0","0","10","4","2","0","3","0","0","0","0","0","1","1","0","0","89","8","1","3","0","12","4","16","0","5","3","6","0","0","6","0"
"30-550 Anderson/Clear","77","0","2","0","0","7","2","0","0","0","0","0","0","0","1","0","0","0","0","0","0","0","0","0","0","0","0","0","6","4","0","0","1","0","0","0","0","0","0","0","0","0","24","1","0","0","0","1","0","4","0","0","0","3","0","0","4","0"
"30-555 Big Lake","655","2","8","0","5","61","51","0","9","1","7","3","9","0","6","0","1","0","1","0","1","0","2","0","0","1","1","0","41","13","8","0","1","0","4","0","7","0","3","7","5","0","142","11","3","6","0","20","1","32","0","7","6","20","0","0","30","3"
"30-560 Cantwell","24","1","0","0","1","4","4","0","0","0","1","0","1","0","0","0","0","0","0","0","0","0","0","0","1","0","1","0","0","0","0","0","0","0","0","0","0","0","0","0","0","0","26","0","0","1","0","9","1","4","0","3","1","2","0","0","1","0"
"30-565 Denali Park","4","0","0","0","0","2","0","0","0","0","2","0","0","0","0","0","0","0","0","0","0","0","0","0","1","0","0","0","1","1","0","0","1","0","0","0","0","0","1","0","0","0","29","2","0","0","0","13","0","9","0","2","3","1","0","0","0","0"
"30-570 East Schrock","42","0","2","0","0","9","6","0","3","0","0","1","3","0","2","0","0","0","0","0","1","0","0","0","0","0","0","0","1","2","1","0","0","0","0","0","0","0","0","0","0","0","7","0","0","1","0","0","1","7","0","1","0","0","0","0","0","0"
"30-575 Healy","157","0","1","0","1","21","16","0","7","0","5","0","5","0","1","0","0","0","0","0","0","0","2","0","2","0","1","0","8","10","3","0","2","0","0","0","0","0","0","1","0","0","68","2","1","5","0","20","2","16","0","6","1","4","0","0","6","0"
"30-580 Houston","275","0","2","0","0","30","15","0","7","0","4","1","6","0","3","0","0","0","0","0","1","0","0","0","1","0","0","0","25","10","6","0","3","1","2","0","2","0","0","1","0","0","56","4","2","4","0","12","2","15","0","4","3","12","0","0","15","1"
"30-585 Knik Goose Bay No. 4","598","8","8","0","3","72","45","0","14","0","9","5","8","0","3","0","0","0","0","0","2","0","1","0","2","1","0","0","31","13","5","0","2","2","1","0","2","0","1","3","2","0","130","12","3","9","0","28","3","36","0","5","3","22","0","0","23","0"
"30-590 Trapper Creek","66","0","0","0","0","3","1","0","1","0","0","0","1","0","0","0","0","0","0","0","0","0","1","0","2","0","0","0","5","0","1","0","1","0","0","0","0","0","0","1","0","0","20","1","1","0","0","1","0","3","0","0","1","2","0","1","6","0"
"30-595 Susitna","253","1","1","0","0","25","16","0","7","0","1","0","2","0","4","1","0","0","0","3","0","0","0","0","1","0","0","0","23","7","0","0","0","1","1","0","0","0","0","0","2","0","80","7","0","4","0","18","0","20","0","3","3","3","0","0","10","0"
"30-600 Talkeetna","62","0","3","0","0","6","8","0","0","0","2","0","0","0","2","0","0","0","0","0","0","0","0","0","0","0","1","0","7","4","0","0","0","1","0","0","0","0","0","1","1","0","89","6","0","0","0","25","1","25","0","6","2","6","0","0","2","0"
"30-605 Willow","518","2","10","0","1","59","38","0","7","1","8","0","3","0","2","3","0","0","0","0","0","0","0","0","1","0","0","0","40","10","3","0","5","0","3","0","3","0","0","1","0","1","153","6","2","7","0","29","1","26","0","1","0","18","0","0","28","6"
"31-446 Aurora","310","2","4","0","2","26","14","0","12","0","11","0","7","0","3","2","2","0","1","2","1","0","0","0","1","0","2","0","24","9","2","0","3","2","2","0","2","0","3","4","4","0","261","11","9","9","0","38","12","51","0","8","11","15","0","0","10","0"
"31-455 Fairbanks No. 1","277","4","7","0","0","27","15","0","11","0","7","5","9","0","3","0","0","0","0","2","0","0","2","1","1","0","0","0","22","13","1","0","4","1","2","0","0","0","3","6","3","0","300","26","3","5","0","47","4","67","0","13","11","23","0","2","13","1"
"31-480 Fairbanks No. 2","293","1","12","0","1","42","22","0","12","0","10","2","12","0","4","1","0","0","0","0","0","0","1","0","0","0","1","0","17","5","5","0","6","0","0","0","1","0","4","11","4","0","247","12","10","8","0","41","7","58","0","14","8","35","0","1","6","0"
"31-485 Fairbanks No. 3","242","1","3","0","0","37","25","0","10","3","4","4","11","0","4","0","0","0","0","1","0","0","1","0","0","2","0","0","21","8","3","0","5","0","1","0","7","0","4","6","2","0","246","13","5","26","0","33","8","62","0","8","13","31","0","1","22","1"
"32-355 Fairbanks No. 4","292","1","9","0","3","32","24","0","12","0","6","7","3","0","4","1","0","0","1","0","1","0","1","0","2","0","0","0","16","5","3","0","0","0","2","0","4","0","2","2","1","0","175","10","10","7","0","38","8","74","0","10","6","22","0","0","9","1"
"32-365 Fairbanks No. 5","189","0","3","0","0","25","16","0","7","0","8","3","4","0","6","0","0","0","0","0","0","0","1","0","1","0","3","0","12","4","5","0","2","0","1","0","0","0","3","3","2","0","154","10","9","4","0","32","7","43","0","8","2","14","0","0","8","0"
"32-375 Fort Wainwright","139","0","1","0","1","31","24","0","11","0","7","7","1","0","1","0","0","0","0","0","0","0","0","0","1","0","0","0","8","1","4","0","4","0","2","0","2","0","0","3","1","0","43","7","12","4","0","8","6","23","0","2","1","7","0","0","14","1"
"32-385 Badger No. 2","532","3","8","0","0","75","47","0","13","1","10","17","9","0","2","0","0","0","0","1","0","0","0","0","0","2","1","0","39","24","4","0","4","2","10","0","1","0","3","4","2","0","180","18","8","10","0","27","7","51","0","15","5","25","0","0","19","1"
"33-130 Badger No. 1","563","3","18","0","2","86","49","0","13","3","9","7","8","0","5","0","1","0","0","1","2","0","2","0","5","1","3","0","33","12","12","1","1","1","2","0","2","0","6","4","4","0","158","15","9","7","0","20","3","47","0","12","4","32","0","0","16","1"
"33-135 Chena Lakes","628","3","14","0","2","75","66","0","23","0","11","5","11","0","3","1","4","0","0","1","0","0","1","1","2","0","3","0","34","10","8","0","8","0","3","0","2","0","3","1","1","0","126","13","6","8","0","14","4","28","0","13","9","23","0","0","11","0"
"33-155 Moose Creek","75","1","2","0","0","10","3","0","0","0","2","0","1","0","4","0","0","0","0","1","0","0","0","0","0","0","1","0","7","1","1","0","0","0","1","0","0","0","0","0","2","0","16","1","1","1","0","2","1","3","0","1","0","8","0","0","2","0"
"33-165 Newby","660","4","22","0","2","76","55","0","25","0","8","6","10","0","3","1","0","0","0","2","1","0","2","0","3","0","1","0","35","13","4","0","5","2","0","0","4","0","2","5","2","0","145","7","6","8","0","11","7","46","0","10","7","33","0","0","15","1"
"33-175 North Pole","370","2","7","0","1","48","48","0","7","0","8","0","2","0","3","0","0","0","0","1","1","0","2","0","0","0","3","0","23","7","7","0","1","0","2","0","1","0","2","2","2","0","72","12","8","4","0","12","5","34","0","4","4","20","0","0","13","0"
"33-183 Plack","599","2","22","0","2","91","71","1","26","0","7","4","4","0","2","0","0","0","0","0","0","0","0","0","1","0","2","0","22","12","14","0","9","0","4","0","1","0","1","1","2","0","109","16","5","6","0","18","3","31","0","10","7","11","0","0","22","0"
"34-235 Eielson","124","0","5","0","0","20","24","0","13","0","10","2","5","0","2","0","0","0","0","0","0","0","0","0","2","1","3","0","10","5","1","0","1","1","0","0","2","0","1","0","3","0","41","5","0","1","0","7","3","16","0","0","4","8","0","0","12","0"
"34-238 Eielson Farm Road","38","0","0","0","0","4","3","0","0","0","0","0","0","0","0","0","0","0","0","0","0","0","0","0","0","0","0","0","0","1","0","0","0","0","0","0","0","0","0","0","0","0","5","2","0","1","0","0","1","2","0","1","0","0","0","0","0","0"
"34-240 Farmers Loop","258","1","3","0","0","37","24","0","10","0","4","2","8","0","2","0","1","0","0","0","1","0","1","0","4","0","2","0","12","5","1","0","4","1","2","0","1","0","2","0","0","0","300","14","3","7","0","66","9","72","0","17","5","20","0","0","12","0"
"34-260 Salcha","301","2","3","0","1","35","25","0","4","0","1","2","7","0","2","0","0","0","0","0","0","0","0","0","0","0","0","0","14","8","0","0","2","1","2","0","2","0","0","1","1","0","66","5","2","1","0","9","0","12","0","4","2","9","0","0","11","1"
"34-263 Steele Creek","433","3","6","0","0","53","42","0","16","1","7","1","8","1","2","0","1","0","0","0","0","0","1","0","1","0","1","0","23","18","5","0","2","1","1","0","3","0","1","2","3","0","219","21","3","11","0","37","10","48","0","17","9","27","0","0","8","3"
"34-265 Steese","387","0","5","0","0","59","32","0","12","0","9","2","9","0","5","0","0","0","0","1","0","0","1","0","1","0","2","0","33","11","2","0","4","2","1","0","1","0","1","5","2","0","217","20","6","9","0","44","3","58","0","16","12","32","0","0","22","1"
"34-270 Summit","320","2","5","0","2","52","33","0","11","1","10","2","9","0","2","0","0","0","0","0","0","0","2","0","0","0","1","0","23","17","3","0","1","1","1","0","4","0","5","4","4","0","194","18","5","5","0","35","6","41","0","12","6","27","0","0","15","1"
"34-280 Two Rivers","216","0","1","0","0","35","16","0","6","0","7","0","5","0","1","0","0","0","0","0","1","0","1","0","0","0","0","0","7","12","0","0","1","0","2","0","2","0","1","6","1","0","113","5","1","2","0","11","0","22","0","6","2","7","0","0","13","0"
"35-580 Airport","134","1","3","0","1","13","11","0","4","0","3","1","3","0","1","0","1","0","0","0","0","0","0","0","0","0","0","0","8","2","1","0","1","0","1","0","0","0","0","1","2","0","81","5","1","2","0","8","0","15","0","3","4","17","0","0","6","1"
"35-582 Chena","484","2","9","0","0","67","44","1","11","0","17","5","5","0","3","0","0","0","0","0","0","0","2","0","1","0","3","0","15","13","5","0","3","0","2","0","2","0","5","5","2","0","388","32","7","16","0","92","11","87","0","25","19","28","0","0","19","2"
"35-584 Ester","147","1","2","0","0","19","12","0","2","0","2","1","2","0","3","1","0","0","0","0","0","0","0","0","1","0","0","0","10","2","2","0","0","0","3","0","1","0","2","4","2","0","168","9","3","2","0","60","6","57","0","17","5","15","0","0","6","0"
"35-586 Geist","195","0","4","0","0","21","12","0","2","0","5","1","6","0","2","0","1","0","0","1","0","0","2","0","2","0","2","0","11","4","5","0","3","0","1","0","1","0","1","2","3","0","150","8","8","5","0","42","5","34","0","10","5","21","0","0","5","0"
"35-587 Lakeview","53","0","0","0","0","6","4","0","4","0","1","1","0","0","1","0","0","0","0","0","0","0","0","0","0","0","1","0","11","1","1","0","0","0","0","0","0","0","0","0","0","0","24","0","1","2","0","3","2","1","0","1","0","3","0","0","2","0"
"35-592 Shanly","108","1","4","0","1","19","12","0","12","0","5","2","3","0","0","0","0","0","0","0","0","0","0","0","0","0","0","0","5","1","1","0","3","1","1","0","0","0","0","2","0","0","134","2","4","8","0","27","2","34","0","16","6","10","0","0","7","1"
"35-595 University Hills","145","0","2","0","0","31","11","0","5","0","8","2","3","0","3","0","0","0","0","0","0","0","0","0","2","0","0","0","6","5","3","0","1","0","1","0","4","0","0","1","1","0","185","8","2","12","0","61","4","63","0","17","5","22","0","0","7","0"
"35-596 University West","390","0","6","1","1","56","32","0","19","0","21","2","12","0","3","0","1","0","0","1","0","0","2","0","0","0","0","0","23","7","8","0","10","0","1","0","0","0","2","1","4","0","350","27","9","24","0","71","12","113","0","18","21","37","0","0","6","0"
"36-001 Goldstream No. 1","190","0","0","0","0","43","21","0","5","0","6","0","3","0","2","0","0","0","0","0","0","0","2","0","0","0","1","0","4","11","1","0","1","2","1","0","2","0","2","2","2","0","184","6","7","4","0","50","3","53","0","12","5","17","0","0","8","1"
"36-002 Goldstream No. 2","162","2","4","0","3","38","14","0","4","0","7","3","2","0","0","0","0","0","0","0","1","0","1","0","0","0","2","0","15","3","3","0","3","2","0","0","1","0","2","1","1","0","259","7","6","5","0","90","6","74","0","19","4","23","0","0","10","1"
"36-010 Allakaket","0","0","0","0","0","0","0","0","0","0","0","0","0","0","0","0","0","0","0","0","0","0","0","0","0","1","0","0","1","0","0","0","0","0","0","0","0","0","0","0","0","0","22","0","5","2","0","4","0","2","0","0","0","3","0","0","0","0"
"36-014 Anvik","1","0","0","0","0","0","0","0","0","0","1","0","0","0","1","0","0","0","0","0","0","0","0","0","0","0","0","0","0","0","1","0","0","0","0","0","0","0","0","0","0","0","12","0","1","2","0","0","1","3","0","0","1","1","0","0","0","0"
"36-018 Arctic Village","2","0","0","0","0","0","0","0","0","0","0","0","1","0","1","1","0","0","0","0","0","0","0","0","0","0","0","0","0","0","0","0","0","0","0","0","0","0","0","0","0","0","41","1","0","0","0","1","1","3","0","0","0","1","0","0","0","0"
"36-022 Beaver","2","0","0","0","0","0","0","0","0","0","0","0","0","0","0","0","0","0","0","0","0","0","0","0","0","0","0","0","0","0","0","0","0","0","0","0","0","0","0","0","0","0","9","0","3","0","0","0","1","1","0","0","0","0","0","0","0","1"
"36-026 Bettles","4","0","0","0","0","1","0","0","0","0","0","0","0","0","0","0","0","0","0","0","0","0","0","0","1","0","0","0","0","0","0","0","0","0","0","0","0","0","0","0","0","0","2","0","0","0","0","0","0","0","0","1","2","0","0","0","0","0"
"36-034 Central","25","0","0","0","0","4","0","0","0","0","0","0","0","0","1","0","0","0","0","0","0","0","0","0","0","0","0","0","2","0","0","0","0","0","0","0","0","0","0","0","0","0","6","1","0","0","0","0","0","0","0","0","0","1","0","0","1","0"
"36-038 Chistochina","34","0","0","0","0","1","0","0","2","0","1","0","0","0","2","0","0","0","0","0","0","0","0","0","0","0","0","0","3","3","0","0","0","0","0","0","0","0","1","0","0","0","20","0","0","0","0","0","0","0","0","2","0","0","0","0","2","0"
"36-042 Circle","2","0","0","0","0","0","0","0","0","0","0","0","0","0","0","0","0","0","0","0","0","0","0","0","0","0","0","0","2","0","0","0","0","0","0","0","0","0","0","0","0","0","9","1","1","0","0","0","0","3","0","0","0","1","0","0","1","0"
"36-046 Copper Center","157","2","5","0","0","22","13","0","0","1","1","1","1","0","0","0","0","0","0","0","0","0","0","0","0","0","0","0","13","4","4","0","0","0","1","0","0","0","0","0","0","0","66","9","3","3","0","8","2","15","0","4","4","11","0","1","3","0"
"36-050 Delta Junction","203","0","6","0","0","26","17","1","5","0","7","0","2","0","1","0","0","0","0","0","0","0","0","0","0","0","0","0","14","4","1","0","5","0","1","0","1","0","0","1","0","0","22","5","1","2","0","3","1","7","0","2","1","7","0","0","10","2"
"36-054 Deltana","743","5","9","0","2","110","40","0","10","0","3","7","5","0","0","1","0","0","1","0","0","0","0","0","1","0","1","0","42","15","3","0","2","1","3","0","2","0","2","0","0","0","91","15","4","5","0","19","2","18","0","5","4","7","0","1","19","0"
"36-058 Dot Lake","37","0","0","0","0","5","0","0","0","0","0","0","0","0","0","0","0","0","0","0","0","0","0","0","0","0","0","0","1","0","0","0","0","0","0","0","0","0","0","0","0","0","2","0","0","0","0","1","0","1","0","0","0","0","0","0","2","0"
"36-062 Eagle","38","0","0","0","0","3","0","0","0","0","0","0","0","0","0","0","0","0","0","0","0","0","0","0","0","0","0","0","0","0","0","0","0","0","0","0","0","0","1","0","1","0","17","1","0","0","0","2","0","1","0","0","2","1","0","0","2","0"
"36-066 Fort Yukon","13","0","0","0","0","1","0","0","0","0","0","0","1","0","1","1","0","0","0","0","0","0","0","0","1","0","0","0","1","0","0","0","0","0","0","0","0","0","0","0","0","0","108","0","3","0","0","0","0","2","0","0","0","3","0","1","3","1"
"36-070 Gakona","56","0","1","0","0","2","1","0","1","0","0","2","0","0","2","0","0","0","0","0","0","0","0","0","0","0","0","0","3","0","0","0","1","0","2","0","0","0","0","0","0","0","23","0","0","1","0","3","1","2","0","1","0","3","0","0","5","0"
"36-074 Galena","27","1","0","0","0","4","2","0","2","0","2","0","3","0","1","0","0","0","0","0","0","0","0","0","0","0","0","0","3","3","0","0","1","0","1","0","0","0","0","0","0","0","58","6","3","1","0","8","0","6","0","2","3","6","0","0","3","0"
"36-078 Glennallen","77","0","4","0","0","20","12","0","0","0","0","0","1","0","0","0","0","0","0","1","1","0","0","0","0","0","0","0","10","0","3","0","0","0","1","0","1","0","0","0","1","0","23","3","1","0","0","6","1","6","0","0","2","0","0","0","5","0"
"36-082 Grayling","5","1","1","0","0","2","2","0","0","0","0","0","1","0","0","0","0","0","0","0","0","0","0","0","0","0","0","0","5","0","0","0","0","0","0","0","0","0","0","0","1","0","21","0","4","1","0","1","4","1","0","1","0","3","0","0","0","1"
"36-086 Holy Cross","3","0","1","0","0","0","0","0","0","0","0","0","1","0","1","0","0","0","0","0","0","0","0","0","0","0","0","0","0","0","0","0","0","0","0","0","1","0","0","0","0","0","18","0","6","3","1","0","0","1","0","1","2","2","0","0","0","0"
"36-090 Hughes","4","0","0","0","1","0","0","0","0","0","0","0","0","0","1","0","0","0","0","0","0","0","0","0","0","0","0","0","3","0","0","0","0","0","0","0","0","0","0","0","0","0","20","0","0","0","0","0","0","0","0","0","0","0","0","0","1","0"
"36-094 Huslia","11","0","0","0","1","0","1","0","0","0","0","0","0","0","1","0","0","0","0","0","0","0","0","0","0","0","0","0","4","0","0","0","0","0","0","0","0","0","0","0","0","0","47","6","4","2","0","2","0","5","0","1","1","2","0","0","6","1"
"36-098 Kaltag","5","1","0","0","0","0","0","0","1","0","0","0","0","0","0","0","0","0","0","0","0","0","0","0","0","1","0","0","1","0","0","0","0","0","0","0","0","0","0","0","0","0","19","0","3","1","0","0","1","3","0","0","1","1","0","0","2","0"
"36-102 Kenny Lake","85","0","2","0","0","13","5","0","3","0","1","0","1","0","2","0","0","0","0","0","0","0","0","0","0","0","0","0","5","3","0","0","2","0","1","0","1","0","0","0","3","0","40","0","1","0","0","6","0","5","0","1","0","2","0","0","3","0"
"36-106 Koyukuk","3","0","0","0","0","0","0","0","0","0","0","0","0","0","0","0","0","0","0","0","0","0","0","0","0","0","0","0","0","0","0","0","1","0","0","0","0","0","1","0","0","0","15","0","2","1","0","0","1","2","0","0","1","1","0","0","1","0"
"36-110 Manley","31","0","0","0","0","0","0","0","0","0","0","0","0","0","0","0","0","0","0","0","0","0","0","0","0","0","0","0","2","0","1","0","0","0","0","0","0","0","0","0","0","0","8","0","0","1","0","3","0","0","0","0","0","0","0","0","1","0"
"36-114 McGrath","43","0","1","0","0","6","4","0","1","0","0","1","0","0","1","0","0","0","0","0","0","0","0","0","0","0","0","0","0","2","0","0","0","0","0","0","0","0","0","1","0","0","22","1","0","1","0","1","0","2","0","0","0","2","0","0","5","0"
"36-118 Mentasta","8","0","0","0","1","3","1","0","0","0","0","0","0","0","0","0","0","0","0","0","0","0","0","0","0","0","0","0","0","0","0","0","0","0","0","0","0","0","0","0","0","0","20","1","0","0","0","1","0","0","0","0","0","4","0","0","0","0"
"36-122 Minto","11","0","0","0","0","0","1","0","0","0","0","1","0","0","1","0","0","0","0","0","0","0","0","0","0","0","0","0","3","0","0","0","0","0","0","0","1","0","0","0","0","0","18","0","2","1","0","2","1","2","0","0","3","2","0","0","2","0"
"36-126 Nenana","127","0","4","0","0","23","10","0","2","0","1","2","0","0","0","0","0","0","0","0","0","0","0","0","0","0","0","0","7","3","0","0","0","0","3","0","1","0","1","0","1","0","73","3","6","5","0","8","4","10","0","5","0","12","0","0","2","1"
"36-130 Nikolai","4","0","1","0","0","0","1","0","0","0","0","0","0","0","0","0","0","0","0","0","0","0","0","0","0","0","0","0","1","0","0","0","0","0","0","0","0","0","0","0","0","0","13","0","1","0","0","1","0","1","0","0","1","0","0","0","3","0"
"36-134 Northway","22","0","3","0","0","1","3","0","0","0","1","2","2","0","1","0","0","0","0","0","0","0","1","0","0","1","0","0","1","0","0","0","0","0","0","0","0","0","0","0","0","0","19","1","5","1","0","0","2","2","0","1","0","1","0","0","1","0"
"36-138 Nulato","8","0","1","0","0","0","0","0","0","0","0","0","0","0","2","0","0","0","0","0","0","0","0","0","0","0","0","0","0","0","0","0","0","0","0","0","0","0","0","0","0","0","52","2","2","0","0","0","2","3","0","1","0","0","0","1","3","0"
"36-142 Ruby","8","0","0","0","0","0","0","0","0","0","1","0","0","0","0","0","0","0","0","0","0","0","0","0","0","0","0","0","0","0","0","0","0","0","0","0","0","0","0","0","0","0","18","1","0","1","0","0","0","0","0","1","0","0","0","0","0","0"
"36-146 Shageluk","0","0","0","0","0","0","1","0","0","0","0","0","0","0","0","0","0","0","0","0","0","0","0","0","0","1","0","0","0","0","0","0","0","0","0","0","0","0","0","0","0","0","6","2","6","0","0","0","0","4","0","0","0","2","0","0","1","0"
"36-162 Tanana","6","0","0","0","0","0","0","0","0","0","0","0","0","0","1","0","0","0","0","0","0","0","0","0","0","0","0","0","0","0","0","0","0","0","0","0","0","0","1","0","0","0","59","1","2","0","0","1","1","3","0","0","0","2","0","0","1","1"
"36-166 Tetlin","10","0","1","0","0","0","1","0","2","0","0","1","0","0","0","0","0","0","0","0","0","0","0","0","0","0","0","0","0","0","0","0","0","0","0","0","0","0","0","0","0","0","12","0","1","0","0","0","0","1","0","1","0","0","0","0","0","0"
"36-170 Tok","282","1","4","0","2","34","15","0","5","0","7","5","1","0","1","0","1","0","1","0","0","0","0","0","0","0","0","0","16","2","0","0","2","0","1","0","1","0","0","1","0","0","68","9","6","4","0","7","0","14","0","2","3","11","0","0","16","0"
"36-174 Venetie","5","0","0","0","0","0","0","0","0","0","0","0","0","0","1","0","0","0","0","0","0","0","0","0","0","0","0","0","0","0","0","0","0","0","0","0","0","0","0","0","0","0","33","1","1","0","0","0","0","3","0","0","0","0","0","0","1","0"
"37-700 Akutan","12","0","0","0","0","0","3","0","0","0","1","0","0","0","2","1","0","0","0","0","0","0","0","0","0","0","0","0","4","0","0","0","0","0","0","0","0","0","0","0","0","0","18","0","1","0","0","0","1","2","0","1","0","1","0","0","2","0"
"37-702 Aleknagik","22","0","1","0","0","1","2","0","0","0","1","0","0","0","0","0","1","0","0","0","0","0","0","0","0","0","0","0","2","1","1","0","0","0","1","0","0","0","0","0","0","0","12","1","3","0","0","3","2","3","0","1","0","6","0","0","2","3"
"37-704 Aleutians No. 1","7","0","0","0","0","0","0","0","0","0","0","0","0","0","1","0","0","0","0","0","0","0","0","0","2","0","0","0","1","0","0","0","0","0","0","0","0","0","0","0","0","0","6","0","0","0","0","0","0","0","0","1","0","1","0","0","0","0"
"37-706 Aleutians No. 2","195","0","2","0","2","5","9","0","3","0","15","6","8","0","11","0","1","0","0","0","0","0","2","0","2","0","1","0","17","1","0","0","1","1","0","0","0","0","0","0","0","0","179","4","5","4","0","15","3","13","0","3","1","9","0","0","14","2"
"37-707 Aniak","24","0","3","0","0","1","3","0","0","0","1","3","0","0","0","0","0","0","0","0","0","0","0","0","1","0","0","0","2","0","0","0","1","0","0","0","0","0","0","0","1","0","38","3","2","3","0","1","3","3","0","2","1","5","0","0","5","1"
"37-708 Chignik","3","0","0","0","0","1","0","0","0","0","0","0","0","0","0","0","0","0","0","0","0","0","0","0","0","0","0","0","0","0","1","0","0","0","0","0","0","0","0","0","0","0","6","0","1","0","0","0","0","1","0","0","1","1","0","0","1","0"
"37-709 Chuathbaluk","3","0","0","0","0","0","1","0","0","0","0","0","0","0","1","0","0","0","0","0","0","0","0","0","0","0","0","0","1","0","0","0","0","0","1","0","0","0","0","0","0","0","6","0","1","1","0","0","0","2","0","0","1","1","0","0","0","0"
"37-710 Clark's Point","3","0","0","0","0","0","0","0","0","0","0","1","0","0","1","0","0","0","0","0","0","0","0","0","0","0","0","0","0","0","0","0","1","0","0","0","0","0","0","1","0","0","7","0","3","1","0","0","0","0","0","0","0","1","0","0","0","0"
"37-712 Cold Bay","9","0","1","0","0","0","1","0","0","0","0","0","0","0","0","0","0","0","0","0","0","0","0","0","0","0","0","0","1","0","0","0","0","0","0","0","0","0","0","0","0","0","7","0","0","0","0","1","0","0","0","0","0","0","0","0","0","0"
"37-713 Crooked Creek","2","0","0","0","1","0","0","0","0","0","0","0","0","0","0","0","0","0","0","0","0","0","0","0","1","0","0","0","0","0","0","0","1","0","0","0","0","0","0","0","0","0","12","0","0","1","0","1","0","0","0","0","0","0","0","0","0","0"
"37-714 Dillingham","142","3","9","0","1","11","9","0","5","1","5","4","3","0","1","0","0","0","0","0","2","0","1","0","0","0","0","0","12","2","0","1","1","1","0","0","1","0","0","0","0","0","219","10","11","4","0","24","9","21","0","7","3","21","0","0","5","1"
"37-716 Egegik","6","0","0","0","0","0","0","0","0","0","0","0","0","1","0","0","0","0","0","0","0","0","0","0","0","0","0","0","1","0","0","0","0","0","0","0","0","0","0","0","0","0","1","0","0","0","0","0","0","0","0","0","0","0","0","0","2","0"
"37-718 Ekwok","14","0","1","0","0","0","0","0","0","0","0","0","0","0","0","0","0","0","0","0","0","0","0","0","0","0","0","0","1","0","1","0","0","0","0","0","0","0","0","1","0","0","11","0","0","0","0","0","1","0","0","0","0","2","0","0","1","1"
"37-719 Goodnews Bay","8","0","2","0","0","0","3","0","1","0","1","0","1","0","0","0","1","0","0","0","0","0","0","0","0","0","0","0","1","0","1","0","0","0","1","0","0","0","0","1","1","0","9","1","9","4","0","0","2","4","0","0","1","5","0","1","0","0"
"37-720 King Cove","69","0","3","0","1","1","1","0","0","0","1","1","1","0","1","0","0","0","1","0","0","0","0","0","0","0","0","0","1","0","0","0","0","0","0","0","0","0","0","0","1","0","18","1","1","1","0","1","0","1","0","0","0","2","0","0","4","0"
"37-722 King Salmon","46","1","1","0","0","6","4","0","1","1","3","0","0","0","3","0","0","0","0","0","1","0","0","0","1","0","0","0","3","0","0","0","0","0","1","0","0","0","1","1","0","0","34","1","0","0","0","3","0","3","0","0","2","4","0","0","7","0"
"37-724 Koliganek","32","0","1","0","0","0","0","0","0","0","0","0","0","0","0","0","0","0","0","0","0","0","0","0","0","0","0","0","0","0","0","0","0","0","0","0","0","0","0","0","0","0","24","1","3","0","0","1","2","2","0","0","0","5","0","0","1","0"
"37-726 Lake Iliamna No. 1","37","3","3","0","0","2","2","0","0","0","3","0","1","0","2","0","1","0","0","0","0","0","1","0","0","0","0","0","0","0","1","0","0","0","0","0","0","0","0","0","1","0","27","2","4","1","0","1","2","3","0","0","1","2","0","1","2","0"
"37-728 Lake Iliamna No. 2","6","0","2","0","0","1","2","0","1","0","0","0","2","0","1","0","0","0","0","1","0","0","0","0","0","0","1","0","5","1","0","0","0","0","0","0","1","0","0","0","2","0","30","1","2","1","0","1","1","4","0","1","1","5","0","0","2","3"
"37-730 Levelock","2","0","0","0","0","0","1","0","0","0","2","0","0","0","0","0","0","0","0","0","0","0","0","0","0","0","0","0","0","0","0","0","0","0","0","0","0","0","0","0","0","0","14","1","1","0","0","0","1","1","0","0","0","1","0","0","0","0"
"37-731 Lower Kalskag","7","0","0","0","0","1","0","0","1","0","0","0","1","0","1","0","0","0","0","0","0","0","1","0","0","1","0","0","1","0","0","0","0","0","3","0","0","0","0","0","1","0","17","0","5","4","0","0","1","5","0","0","2","8","0","0","1","0"
"37-732 Manokotak","16","2","3","0","0","0","3","0","2","1","2","1","1","0","0","0","0","0","0","0","0","0","0","0","0","0","0","0","5","0","0","0","0","0","0","0","1","0","0","1","0","0","35","4","7","2","0","1","4","2","0","0","3","4","0","0","3","1"
"37-734 Naknek","51","0","0","0","1","8","3","0","0","0","3","0","0","0","3","0","0","0","0","0","0","0","0","0","0","0","0","0","1","2","1","0","0","0","0","0","1","0","0","0","1","0","46","0","3","0","0","3","1","1","0","1","2","7","0","0","3","0"
"37-736 New Stuyahok","5","0","0","0","0","0","0","0","0","0","0","0","0","0","1","0","0","0","0","0","0","0","0","0","0","0","0","0","1","0","0","0","0","0","0","0","0","0","0","0","0","0","45","0","0","0","0","0","0","0","0","0","0","0","0","0","1","0"
"37-738 Nondalton","6","0","0","0","0","1","1","0","0","0","0","2","0","0","0","0","0","0","0","0","0","0","0","0","0","0","0","0","0","1","0","0","0","0","0","0","0","0","0","1","0","0","15","0","4","1","0","0","2","5","0","2","0","0","0","0","2","1"
"37-740 Pedro Bay","8","0","0","0","0","0","0","0","0","0","0","0","0","0","0","0","0","0","0","0","0","0","0","0","0","0","0","0","0","0","0","0","0","0","0","0","0","0","0","0","0","0","5","0","0","0","0","0","0","1","0","0","0","0","0","0","0","0"
"37-742 Port Heiden","9","0","1","0","0","0","0","0","0","0","0","0","0","0","0","0","0","0","0","0","0","0","0","0","0","0","0","0","0","0","0","0","0","0","0","0","0","0","0","0","0","0","9","1","0","0","0","1","0","1","0","0","0","2","0","0","0","0"
"37-744 Sand Point","76","0","1","0","0","1","5","0","0","0","3","1","0","0","1","0","0","0","0","0","0","1","0","0","0","0","2","0","4","0","0","0","0","0","1","0","1","0","0","0","0","0","17","0","0","0","0","1","0","1","0","2","1","0","0","0","4","0"
"37-746 Sleetmute","2","0","0","0","0","2","1","0","0","0","0","0","2","0","0","0","0","0","0","0","0","0","0","0","0","0","0","0","0","0","0","0","0","0","0","0","0","0","0","0","0","0","5","1","2","1","0","0","0","1","0","1","1","4","1","0","0","0"
"37-748 South Naknek","3","0","0","0","0","1","0","0","0","0","0","0","0","0","0","0","0","0","0","0","0","0","0","0","0","0","0","0","0","0","0","0","0","1","0","0","0","0","0","0","0","0","7","1","0","0","0","0","0","2","0","0","1","0","0","0","2","0"
"37-750 St. George Island","1","0","0","0","0","0","0","0","0","0","0","0","0","0","0","0","0","0","0","0","0","0","0","0","0","0","0","0","0","0","0","0","0","0","0","0","0","0","0","0","0","0","3","1","1","0","0","0","0","0","0","0","0","1","0","0","0","0"
"37-752 St. Paul Island","16","0","1","0","0","1","1","0","2","0","1","0","0","0","0","0","0","0","0","0","0","0","0","0","0","0","0","0","0","0","0","0","0","0","0","0","1","0","1","0","0","0","53","4","6","1","0","2","3","3","0","0","2","5","0","0","3","1"
"37-754 Togiak","27","0","6","1","0","1","5","0","2","1","3","4","3","0","2","0","1","0","0","0","0","0","0","0","0","0","0","0","2","1","1","0","0","1","1","0","1","1","0","0","0","0","33","3","10","5","0","1","0","6","0","1","1","13","0","1","4","7"
"37-756 Tyonek","6","0","0","0","0","0","1","0","0","0","0","1","0","0","1","0","0","0","0","0","0","0","0","0","0","0","0","0","0","0","0","0","0","0","0","0","0","0","0","0","0","0","26","0","0","0","0","0","0","1","0","0","1","0","0","0","0","0"
"37-758 Upper Kalskag","10","0","0","0","0","0","0","0","0","0","0","0","0","0","0","0","0","0","0","0","0","0","0","0","0","0","0","0","0","1","1","0","0","0","0","0","0","0","2","0","0","0","21","1","2","2","0","2","1","0","0","1","0","8","1","0","1","3"
"38-800 Akiachak","23","0","1","0","0","1","5","0","2","0","2","0","3","0","8","0","0","0","0","0","0","0","1","0","0","0","0","0","9","0","2","0","0","0","2","0","0","0","0","2","0","0","67","0","5","4","0","1","1","12","0","2","2","5","0","0","0","1"
"38-802 Akiak","19","0","0","0","0","0","1","0","2","0","0","0","1","0","3","0","0","0","0","0","0","0","0","0","0","0","0","0","9","1","0","0","0","0","1","0","1","0","0","0","1","0","41","1","1","1","0","0","0","4","0","0","1","2","0","0","0","0"
"38-806 Atmautluak","7","0","0","0","0","0","0","0","0","0","0","2","0","0","0","0","0","0","0","0","0","0","1","0","0","0","1","0","1","0","0","0","0","0","0","0","0","0","0","0","0","0","23","0","1","0","0","1","0","2","0","1","1","2","0","1","1","0"
"38-808 Bethel No. 1","112","2","8","0","0","6","25","0","5","0","5","3","12","0","4","1","0","1","0","2","2","0","5","0","1","0","0","0","9","1","1","0","1","0","0","0","0","0","0","0","1","0","191","8","17","23","0","13","12","42","1","4","13","38","0","0","12","0"
"38-810 Bethel No. 2","110","1","4","0","2","13","26","0","4","0","6","3","7","0","2","0","0","0","0","0","2","0","2","1","1","1","2","0","3","0","4","0","0","0","1","0","0","0","2","1","4","0","200","9","14","36","0","23","8","36","1","5","6","28","1","1","4","1"
"38-812 Chefornak","9","0","0","0","0","0","0","0","0","0","0","0","2","0","3","0","0","0","0","0","0","0","0","1","0","0","1","0","3","0","0","0","1","0","1","0","0","0","0","0","0","0","57","0","0","5","0","0","1","4","0","0","0","7","0","0","1","0"
"38-818 Eek","23","0","0","0","1","1","1","0","0","0","1","1","2","0","0","0","1","0","0","0","0","0","0","0","0","0","0","0","4","0","0","0","0","0","0","0","1","0","0","0","1","0","41","2","0","5","0","0","0","3","0","0","0","5","0","1","1","0"
"38-822 Kasigluk","5","0","0","0","0","0","2","0","0","0","0","0","0","0","1","0","0","0","0","0","0","0","1","0","0","0","1","0","2","0","0","0","0","1","2","0","1","0","0","0","0","0","24","0","1","2","0","2","2","8","0","0","3","6","0","0","0","1"
"38-824 Kipnuk","13","0","1","0","0","1","2","1","3","1","1","4","2","0","1","0","0","0","0","0","0","0","3","0","0","0","0","0","6","0","0","0","0","0","2","0","2","0","0","0","1","0","42","2","3","5","0","3","0","6","0","0","2","2","1","0","1","2"
"38-826 Kongiganak","4","0","3","0","0","0","3","0","1","1","1","2","3","0","1","0","0","0","0","0","1","0","2","0","0","0","2","0","0","0","0","0","0","0","0","0","4","0","1","1","0","0","24","0","7","4","0","0","1","7","0","0","4","12","1","0","2","2"
"38-828 Kwethluk","9","0","2","0","0","0","3","0","0","0","0","1","4","0","2","0","0","0","0","0","0","0","1","0","0","1","2","0","5","0","1","0","0","0","1","0","0","0","0","0","0","0","34","3","6","10","0","1","4","25","0","0","6","12","0","0","0","0"
"38-830 Kwigillingok","14","0","1","0","0","3","7","0","2","0","1","1","4","0","0","0","0","0","0","0","0","0","0","0","0","0","0","0","3","0","1","0","1","0","0","0","0","1","0","1","0","0","19","1","3","4","0","0","0","5","0","0","1","1","1","1","3","2"
"38-836 Mekoryuk","14","0","0","0","0","0","1","0","0","0","2","0","1","1","0","0","0","0","0","0","0","0","0","0","0","0","0","0","0","0","0","0","0","0","1","0","1","0","0","0","0","0","24","0","2","7","1","0","0","9","0","0","1","3","0","0","1","0"
"38-838 Napakiak","11","0","2","0","1","0","3","0","1","0","1","0","2","0","0","0","1","0","0","0","1","0","1","0","0","0","0","0","0","0","0","0","0","0","1","0","0","0","0","0","0","0","29","4","0","5","0","0","1","3","1","0","1","2","0","0","0","0"
"38-840 Napaskiak","4","0","1","0","0","0","1","0","0","0","0","1","0","0","0","0","1","0","0","0","1","0","0","0","0","1","0","0","1","0","0","0","0","0","0","0","1","0","0","0","0","0","15","0","9","11","0","0","2","6","0","1","2","8","0","0","1","1"
"38-842 Newtok","1","0","2","0","0","1","1","0","1","0","0","3","1","0","1","0","0","0","0","0","1","0","1","0","0","0","0","0","0","0","1","0","1","0","0","0","1","0","0","1","1","0","9","0","1","3","0","0","4","6","1","0","3","6","0","1","1","3"
"38-844 Nightmute","5","0","0","0","0","1","2","0","1","0","0","0","0","0","0","0","0","0","0","0","0","0","0","0","0","0","0","0","1","0","0","0","0","0","0","0","0","1","0","0","0","0","15","0","1","2","0","1","0","0","0","0","0","1","1","0","2","0"
"38-846 Nunapitchuk","17","2","1","0","0","0","3","0","1","0","1","1","1","0","3","0","0","0","0","0","1","0","0","0","1","0","0","0","3","0","0","0","1","0","1","0","1","0","0","0","1","0","38","4","2","6","0","1","0","5","0","0","0","3","0","0","0","0"
"38-848 Quinhagak","18","1","1","0","0","1","1","0","1","0","0","1","5","0","2","0","0","0","0","0","0","0","2","0","1","1","2","0","3","0","1","0","1","1","2","0","2","2","0","1","0","0","55","1","5","5","0","1","2","9","0","0","1","3","0","0","0","2"
"38-852 Toksook Bay","14","0","1","0","0","3","7","0","5","1","0","1","5","0","1","0","1","0","0","0","0","0","0","0","0","0","0","0","1","0","0","0","1","0","1","0","1","1","0","0","0","0","51","1","6","17","0","1","5","21","0","2","6","14","1","0","6","5"
"38-854 Tuluksak","0","0","0","0","0","0","0","0","0","0","0","0","0","0","0","0","0","0","0","0","0","0","0","0","0","0","0","0","0","0","0","0","0","0","0","0","0","0","0","0","0","0","1","0","0","1","0","0","0","0","0","0","0","1","0","0","0","0"
"38-856 Tuntutuliak","9","0","2","0","0","0","4","1","0","0","0","2","4","0","0","0","0","0","0","0","0","0","0","0","0","0","0","0","2","0","1","0","0","0","0","0","0","0","0","0","1","0","44","3","6","14","0","0","4","7","0","2","4","6","0","0","0","1"
"38-858 Tununak","5","0","1","0","0","0","3","0","1","0","0","0","1","0","0","0","0","0","0","0","0","0","1","0","0","0","0","0","1","0","0","0","1","0","1","0","1","0","0","0","0","0","26","0","3","12","1","1","0","10","0","0","0","10","0","1","0","1"
"39-900 Alakanuk","16","0","4","0","0","0","2","0","2","0","0","1","3","0","0","0","0","0","0","0","0","0","0","0","0","0","0","0","1","0","0","0","1","0","3","0","2","0","0","2","0","0","19","2","2","7","1","1","2","6","0","0","2","5","0","0","2","1"
"39-902 Brevig Mission","13","0","0","0","0","1","1","0","0","0","0","1","0","0","1","0","0","0","0","0","1","0","1","0","0","0","1","0","1","0","1","0","0","2","1","0","1","1","0","1","0","0","44","3","2","6","0","1","1","1","0","0","4","10","0","0","2","0"
"39-906 Diomede","1","0","1","0","1","0","0","0","0","0","0","0","0","0","0","0","0","0","0","0","0","0","0","0","0","0","0","0","1","0","0","0","0","0","0","0","0","0","0","0","1","0","2","0","0","1","0","0","1","0","0","1","0","0","0","0","0","0"
"39-908 Elim","9","0","1","0","0","2","3","0","5","0","1","3","6","0","0","0","2","0","0","0","0","0","0","0","0","0","1","0","6","0","1","0","1","0","1","0","2","0","0","2","1","0","25","0","6","4","0","0","1","6","0","0","4","8","0","0","2","0"
"39-910 Emmonak","17","0","0","0","0","0","3","0","1","0","1","0","2","0","1","0","0","0","1","0","0","0","0","0","0","0","0","0","8","0","0","0","2","0","1","0","0","0","0","2","0","0","71","0","3","6","0","1","0","6","0","0","8","7","0","0","3","4"
"39-912 Gambell","22","0","2","0","1","0","2","0","4","0","1","2","3","0","1","0","0","0","0","1","0","0","0","0","0","0","0","0","9","1","1","0","1","0","1","0","1","0","0","3","3","0","48","0","4","8","0","0","1","5","0","1","2","5","0","0","11","2"
"39-914 Golovin","5","0","0","0","0","0","1","0","0","0","0","0","0","0","1","0","0","0","0","0","0","0","0","0","0","0","0","0","4","0","1","0","0","0","1","0","0","0","0","0","0","0","19","0","0","5","0","0","0","2","0","1","2","5","1","0","1","0"
"39-916 Hooper Bay","24","0","2","0","1","0","5","0","1","2","1","1","0","0","0","0","0","0","1","0","0","0","0","0","0","0","0","0","6","0","0","0","0","0","1","1","0","0","0","2","0","0","85","0","3","6","0","1","2","4","0","1","2","8","0","3","3","1"
"39-918 Kotlik","23","0","2","0","0","0","0","0","1","0","0","1","0","0","1","0","0","0","0","0","0","0","0","0","1","0","0","0","6","1","0","0","1","0","1","0","0","0","0","1","0","0","56","1","4","1","0","2","0","2","0","0","1","2","0","0","1","0"
"39-920 Koyuk","20","0","1","0","0","0","2","0","3","0","0","0","4","0","1","0","0","0","1","0","0","0","0","0","0","1","0","0","4","0","0","0","0","0","2","0","0","0","0","0","1","0","36","0","1","3","0","1","1","7","0","0","4","4","0","0","1","2"
"39-921 Marshall","15","0","1","0","0","0","6","0","3","0","0","1","1","0","1","0","0","0","1","0","0","0","1","0","0","0","0","0","5","0","2","0","1","0","4","1","0","0","0","1","0","0","24","0","3","0","1","0","2","5","0","0","1","4","0","0","2","0"
"39-922 Mountain Village","14","0","1","0","1","2","3","0","6","0","2","1","4","0","1","0","0","0","0","1","0","0","1","0","0","0","2","0","0","0","2","0","4","0","2","0","0","1","0","2","0","0","36","5","3","12","0","1","3","7","0","0","3","11","0","0","0","1"
"39-924 Nome No. 1","61","0","1","0","1","6","4","0","3","0","4","2","2","0","0","0","0","0","0","0","0","0","0","0","0","0","0","0","7","1","3","0","0","2","0","0","1","0","1","0","1","0","119","10","4","3","0","8","3","16","0","8","4","21","0","0","7","0"
"39-926 Nome No. 2","107","0","2","0","1","15","13","0","7","0","6","2","12","0","1","0","0","0","1","0","1","0","1","0","2","1","0","0","12","1","3","0","5","1","3","0","0","0","0","6","1","0","182","23","13","14","0","17","9","45","0","10","19","34","0","1","7","2"
"39-928 Nunam Iqua","5","0","0","0","0","0","0","0","1","0","0","0","0","0","0","0","1","0","0","0","0","0","0","0","0","1","0","0","1","1","0","0","1","0","0","0","1","0","0","1","0","0","13","0","3","1","0","0","1","2","0","1","1","1","0","0","1","0"
"39-930 Pilot Station","6","0","1","0","0","0","4","0","2","0","0","2","2","0","1","0","0","0","0","0","1","0","0","0","0","0","0","0","1","0","2","0","0","0","1","0","0","0","0","2","1","0","27","1","4","4","0","1","2","8","0","1","4","14","0","0","1","1"
"39-931 Russian Mission","17","0","1","0","0","0","0","0","1","0","0","0","0","0","2","0","0","0","0","0","0","0","0","0","0","0","0","0","5","0","0","0","0","0","0","0","0","0","0","0","0","0","24","1","1","1","0","0","0","2","0","0","2","1","0","0","1","0"
"39-932 Savoonga","9","0","0","0","0","1","0","0","4","0","2","1","0","1","1","0","0","0","1","0","2","0","2","0","0","0","0","0","8","0","1","0","5","1","3","0","3","0","1","3","0","0","46","3","8","6","0","5","1","17","0","0","4","11","2","1","4","2"
"39-934 Scammon Bay","2","0","0","0","1","0","3","0","1","0","1","4","4","0","0","0","0","0","0","0","0","0","0","0","0","0","0","0","1","0","0","0","1","0","1","0","0","0","1","1","1","0","33","1","12","8","0","5","2","8","0","0","4","8","0","0","1","4"
"39-936 Shaktoolik","12","0","0","0","1","1","0","0","2","0","1","1","3","0","0","0","0","0","1","0","0","0","1","0","0","1","0","0","1","0","0","0","0","0","0","0","0","0","0","0","0","0","21","0","0","4","0","0","0","4","0","0","0","2","0","0","1","0"
"39-938 Shishmaref","10","0","1","0","0","0","4","0","2","0","0","3","2","0","1","0","0","0","0","0","0","0","1","0","0","1","0","0","5","0","1","0","0","0","2","0","3","0","0","0","2","0","88","2","3","8","0","0","4","14","0","0","5","9","0","0","3","1"
"39-940 St. Mary's","14","0","1","0","0","0","0","0","0","0","2","0","1","0","0","0","0","0","0","0","0","0","0","0","0","0","0","0","2","1","0","0","0","0","0","0","0","0","1","1","0","0","56","3","3","4","0","0","2","10","1","2","3","10","0","0","0","0"
"39-942 St. Michael","16","0","0","0","0","2","3","0","0","0","0","0","2","0","1","0","0","0","0","0","0","0","0","0","0","0","0","0","1","2","0","0","1","1","0","0","1","0","0","0","0","0","16","2","2","2","0","0","1","2","0","0","3","3","0","0","4","0"
"39-944 Stebbins","4","1","0","0","0","2","2","0","1","0","0","3","5","0","0","0","0","0","0","0","0","0","0","0","0","0","0","0","1","0","2","0","0","0","1","0","1","0","0","2","1","0","16","2","3","11","0","1","2","2","0","0","6","2","0","2","0","0"
"39-946 Teller","6","0","0","0","0","0","0","0","1","0","2","0","0","0","1","0","0","0","0","0","0","0","0","0","0","0","0","0","0","0","0","0","0","0","0","0","0","0","0","0","1","0","7","1","2","6","0","1","0","2","0","0","4","2","0","0","0","0"
"39-948 Unalakleet","41","0","0","0","1","1","7","0","1","0","2","2","5","0","0","0","0","0","0","1","0","0","0","0","0","0","0","0","2","0","0","0","1","0","1","0","0","0","0","0","1","0","82","8","6","9","1","3","5","13","0","3","6","14","0","0","4","1"
"39-950 Wales","0","0","0","0","0","0","0","0","0","0","0","0","0","0","0","0","0","0","0","0","0","0","0","0","0","0","0","0","0","0","0","0","0","0","0","0","0","0","0","1","0","0","5","0","0","1","0","1","0","0","0","0","0","0","0","0","0","0"
"39-952 White Mountain","6","0","1","0","0","0","2","0","0","0","2","2","2","0","1","0","0","0","0","0","0","0","0","0","0","0","0","0","3","0","0","0","0","1","1","0","0","0","0","1","0","0","25","1","2","2","0","1","1","7","0","1","1","6","0","0","0","0"
"40-002 Ambler","6","0","1","1","1","2","1","0","0","0","0","2","0","0","4","0","0","0","0","0","0","0","0","0","0","0","0","0","1","1","0","0","0","0","0","0","0","0","0","0","0","0","10","2","3","2","0","0","2","3","0","0","0","1","0","0","1","0"
"40-004 Anaktuvuk Pass","12","0","0","0","0","2","3","0","0","0","1","0","0","0","1","0","0","0","0","1","0","0","0","0","0","0","0","0","0","0","1","0","1","0","0","0","0","0","0","0","0","0","24","0","2","2","0","1","0","3","0","1","0","1","0","0","2","0"
"40-006 Atqasuk","9","0","0","0","0","0","1","0","1","0","0","0","0","0","0","0","0","0","0","0","0","0","0","0","0","0","0","0","4","0","1","0","0","0","1","0","1","0","0","0","0","0","10","1","1","1","0","0","0","1","0","0","1","2","0","0","0","2"
"40-008 Utqiagvik","68","0","1","0","0","3","6","0","2","0","3","3","2","0","4","0","0","0","2","0","0","0","0","0","1","1","0","0","7","1","1","0","2","0","1","0","1","0","0","0","0","0","72","2","6","1","0","8","5","24","0","0","2","18","0","0","2","0"
"40-010 Browerville","108","1","16","0","1","6","8","0","6","1","5","5","6","0","5","0","0","0","0","0","2","0","2","0","1","1","1","0","23","0","3","0","2","1","6","0","5","0","1","3","1","0","212","7","28","16","0","11","11","65","1","2","6","48","0","0","16","4"
"40-012 Buckland","6","1","3","0","0","1","2","0","1","0","0","2","1","0","1","0","0","0","1","0","0","0","0","0","0","0","1","0","1","0","0","0","1","0","1","0","0","0","0","1","0","0","29","2","6","8","0","0","0","3","0","0","1","7","0","1","2","1"
"40-014 Deering","2","0","1","0","0","0","3","0","0","0","0","1","0","0","0","0","0","0","0","0","0","0","0","0","0","0","0","0","1","0","1","0","0","0","0","0","1","0","0","0","0","0","10","0","1","3","0","0","1","7","0","0","1","3","0","0","0","1"
"40-016 Kaktovik","33","0","2","0","0","0","1","0","0","0","0","0","0","0","1","0","0","0","0","0","0","0","0","0","0","0","0","0","5","0","0","0","0","1","1","0","0","0","0","0","0","0","18","0","1","2","0","0","0","0","0","0","1","3","0","0","4","0"
"40-018 Kiana","19","0","0","0","0","0","0","0","0","0","0","0","0","0","1","0","0","0","0","0","0","0","0","0","0","0","0","0","2","0","0","0","0","0","0","0","0","0","0","0","0","0","36","0","0","0","0","0","0","0","0","0","0","0","0","0","2","0"
"40-020 Kivalina","15","0","0","0","0","0","1","0","0","0","2","1","0","0","1","0","0","0","0","0","0","0","0","0","0","0","0","0","7","0","1","0","1","0","1","0","0","0","1","0","0","0","19","1","3","0","0","0","1","2","0","0","1","1","0","0","2","1"
"40-022 Kobuk","4","0","0","0","0","0","0","0","0","0","0","0","0","0","1","0","0","0","0","0","0","0","0","1","0","0","0","0","2","0","0","0","0","0","1","0","0","0","0","0","0","0","23","0","0","1","0","0","1","1","0","0","0","0","0","0","3","0"
"40-024 Kotzebue","82","0","8","0","4","10","13","0","9","0","9","15","9","0","3","0","0","0","1","1","1","0","0","0","0","0","0","0","12","2","4","0","3","0","5","0","5","0","1","1","3","0","192","9","31","14","0","11","12","45","0","3","6","34","0","2","13","1"
"40-026 Noatak","25","0","2","0","1","0","5","0","1","0","0","2","3","0","0","0","0","0","0","0","0","0","2","0","0","0","0","0","10","0","2","0","0","1","2","0","0","0","0","1","0","0","18","2","6","6","0","1","6","4","0","0","0","3","0","0","1","1"
"40-028 Noorvik","27","0","2","0","0","1","3","0","0","0","2","0","2","0","3","0","0","0","0","0","1","0","0","0","0","0","0","0","5","0","2","0","2","0","1","0","1","0","0","1","0","0","27","0","4","3","0","0","2","1","0","0","1","4","0","0","1","0"
"40-030 Nuiqsut","5","0","2","0","0","0","0","0","0","0","0","0","0","1","4","0","0","0","0","0","0","0","0","0","0","0","1","0","4","0","0","0","0","0","1","0","0","0","0","0","2","0","16","1","0","0","0","0","0","2","0","0","2","1","0","0","1","1"
"40-032 Point Hope","42","0","0","0","0","1","0","0","0","0","0","0","0","0","6","0","0","0","0","0","1","0","0","0","0","0","0","0","10","0","1","0","0","0","0","0","0","0","0","0","0","0","56","0","1","0","0","0","0","0","0","0","0","0","0","0","2","0"
"40-034 Point Lay","6","0","1","0","0","0","2","0","0","0","0","0","0","0","2","0","0","0","0","0","0","0","1","0","0","0","1","0","0","0","0","0","0","0","0","0","0","0","0","0","0","0","6","0","0","4","0","0","0","4","0","0","0","2","0","0","1","0"
"40-036 Selawik","21","1","0","0","0","0","4","0","0","0","0","0","0","0","2","0","0","0","0","0","1","0","0","0","0","1","0","0","0","0","0","0","1","0","0","0","0","0","0","1","0","0","19","1","10","4","0","0","1","2","0","2","0","2","0","1","3","1"
"40-038 Shungnak","10","0","1","0","0","0","0","0","0","0","0","1","0","0","0","0","0","0","0","0","0","0","0","0","0","0","1","0","2","0","0","0","0","0","0","0","0","0","0","0","0","0","18","0","7","2","0","0","2","1","0","0","0","4","0","1","0","0"
"40-040 Wainwright","39","0","2","0","0","1","5","0","2","0","2","3","4","0","3","0","0","0","0","1","1","0","0","0","0","0","0","0","8","0","0","0","0","0","1","0","0","0","0","1","0","0","35","1","5","3","0","1","2","2","0","0","1","3","0","0","0","3"
"District 1 - Absentee","1225","10","16","0","2","82","41","1","24","0","35","4","10","0","18","1","1","0","0","1","2","0","1","0","13","0","6","0","44","18","9","0","3","2","1","0","4","0","4","4","4","0","851","49","12","8","0","150","25","157","0","33","11","62","0","0","64","4"
"District 1 - Early Voting","2","0","0","0","0","0","2","0","0","0","0","0","0","0","0","0","0","0","0","0","2","0","1","0","0","0","0","0","0","0","0","0","1","0","0","0","0","0","0","0","1","0","5","0","0","0","0","0","1","3","0","1","0","1","0","0","0","0"
"District 1  - Question","154","1","2","0","1","15","13","0","4","0","5","1","4","0","4","0","1","0","0","0","0","0","0","0","2","0","1","0","20","3","0","0","2","0","5","0","3","0","0","2","3","0","92","4","4","5","0","13","0","23","0","2","1","9","0","0","22","0"
"District 10 - Absentee","530","8","7","0","1","43","35","0","7","0","20","4","7","0","9","1","0","0","0","2","0","1","3","0","5","1","6","0","16","5","1","0","1","0","1","0","4","0","2","1","3","0","785","32","7","14","0","154","21","135","0","16","13","40","0","0","19","2"
"District 10 - Early Voting","628","2","9","0","2","56","36","0","8","0","7","0","9","0","3","0","0","0","0","1","0","0","4","0","2","2","1","0","14","2","3","0","0","0","1","0","2","0","0","0","2","0","420","16","7","9","0","98","14","110","0","23","9","35","0","0","20","2"
"District 10  - Question","77","0","2","0","1","7","8","0","4","0","3","0","3","0","1","0","0","0","0","0","0","0","2","0","0","0","0","0","4","1","1","0","1","0","0","0","1","0","0","0","0","0","60","2","1","1","0","9","2","11","0","2","1","4","0","0","7","4"
"District 11 - Absentee","727","3","3","0","3","53","48","0","17","1","19","3","10","0","7","0","1","0","0","0","1","0","1","0","4","1","3","0","24","5","4","0","2","0","0","0","3","0","2","1","5","0","988","50","12","23","0","204","20","161","0","37","23","48","1","0","25","0"
"District 11 - Early Voting","723","7","9","0","0","56","35","0","14","0","25","2","8","0","2","0","1","0","1","0","0","0","1","0","2","1","3","0","12","6","4","0","2","1","1","0","2","0","2","1","1","0","504","23","8","10","0","101","13","98","0","19","15","60","0","0","9","2"
"District 11  - Question","66","3","2","0","1","14","8","0","4","0","2","1","0","0","0","0","0","0","0","0","0","0","0","0","0","0","0","0","3","2","1","0","0","0","1","0","1","0","1","0","2","0","47","3","0","5","0","10","1","12","0","0","1","5","0","0","1","1"
"District 12 - Absentee","455","3","8","0","1","40","40","0","10","0","19","9","9","0","8","0","0","0","2","0","0","0","1","0","4","2","1","0","12","7","1","0","2","0","1","0","2","0","2","3","0","0","787","29","14","20","0","191","24","147","0","21","18","28","0","1","38","1"
"District 12 - Early Voting","584","3","8","0","0","49","28","0","6","0","13","9","6","0","1","1","0","0","0","0","0","0","0","0","3","2","1","0","7","5","1","0","2","1","2","0","0","0","1","1","2","0","483","26","18","7","0","116","18","117","1","17","9","45","0","1","4","2"
"District 12  - Question","67","0","2","0","0","4","14","0","2","1","2","6","1","0","0","0","0","0","0","0","0","0","0","0","0","0","1","0","6","2","1","0","1","0","1","0","1","0","0","1","0","0","43","4","7","5","0","7","4","15","0","3","3","4","0","0","6","1"
"District 13 - Absentee","393","1","8","0","1","24","33","0","4","0","11","2","8","0","14","1","0","0","0","0","1","0","1","0","12","1","6","0","15","2","4","0","1","0","2","0","3","0","0","0","1","0","637","27","6","17","0","143","17","140","0","22","15","36","0","0","17","2"
"District 13 - Early Voting","514","4","19","0","2","50","39","0","11","0","8","12","10","0","6","0","2","0","1","0","0","0","1","0","7","0","2","0","7","5","2","0","1","1","1","0","1","0","2","0","1","0","337","15","10","16","0","104","8","115","0","10","4","49","0","0","14","1"
"District 13  - Question","97","0","5","0","0","11","14","0","2","0","10","2","2","0","2","1","1","0","1","0","2","0","0","0","0","0","2","0","5","3","2","0","3","1","2","0","2","0","0","0","2","0","61","7","2","0","0","13","4","15","0","4","3","10","0","0","9","4"
"District 14 - Absentee","319","1","6","0","0","17","24","0","9","0","20","1","9","0","8","0","0","0","0","1","1","0","4","0","14","5","5","0","20","2","1","0","5","0","1","0","2","0","3","0","1","0","830","23","12","22","0","148","20","178","0","32","20","40","0","0","27","5"
"District 14 - Early Voting","435","2","6","1","0","42","28","0","7","0","18","3","8","0","4","0","0","0","0","0","0","0","0","0","9","0","2","0","9","3","1","0","3","2","3","0","0","0","2","0","2","0","585","23","8","10","0","157","10","134","0","27","8","44","0","0","34","5"
"District 14  - Question","98","0","5","0","0","12","13","1","7","0","5","2","7","0","5","1","0","0","2","0","0","0","4","1","2","1","2","0","9","2","2","0","1","0","2","0","2","1","0","1","1","0","91","6","6","4","0","13","3","26","0","4","4","22","0","1","20","3"
"District 15 - Absentee","584","9","10","0","1","39","20","0","8","0","40","5","12","0","7","0","0","0","0","0","0","0","2","0","2","1","3","0","26","6","3","0","4","0","1","0","2","0","6","1","0","0","809","49","15","21","0","171","30","136","1","18","16","43","0","0","22","1"
"District 15 - Early Voting","717","8","9","0","2","50","32","0","11","0","12","1","10","0","2","0","0","0","0","0","1","0","2","0","1","0","2","0","8","7","1","1","0","0","1","0","0","0","1","1","2","0","475","19","9","13","0","139","15","113","0","16","13","35","0","1","11","2"
"District 15  - Question","75","0","1","0","0","6","8","0","6","0","3","1","8","0","2","1","0","0","0","0","0","0","0","0","0","0","0","0","5","1","1","0","2","0","0","0","1","0","1","4","6","0","48","7","5","6","0","11","3","9","0","3","3","9","0","0","5","0"
"District 16 - Absentee","486","6","6","0","4","52","19","0","10","0","16","8","3","0","5","0","0","0","0","0","0","0","0","0","5","1","2","0","18","5","2","0","1","1","0","0","1","0","1","2","1","0","969","42","23","15","0","214","29","183","0","27","13","47","0","1","23","2"
"District 16 - Early Voting","524","8","10","0","3","64","36","0","7","0","20","5","3","0","3","0","0","0","0","1","0","0","1","0","1","1","1","0","10","2","1","0","1","0","1","0","4","0","2","1","1","0","636","35","19","8","0","164","17","152","0","24","12","45","0","1","11","2"
"District 16  - Question","74","0","4","0","0","12","8","0","3","0","2","7","2","0","4","0","0","0","0","0","0","0","0","0","0","2","0","0","4","2","0","0","0","0","1","0","2","1","0","1","1","0","60","4","7","4","0","14","1","18","0","2","3","8","0","0","14","1"
"District 17 - Absentee","406","6","11","0","1","33","25","1","13","2","17","1","2","0","12","1","0","0","0","1","1","0","2","0","10","0","6","0","5","6","2","0","2","0","1","0","3","0","0","3","3","0","1016","45","7","15","0","235","23","160","0","32","13","60","1","0","49","2"
"District 17 - Early Voting","445","3","24","0","1","43","39","0","9","2","9","3","4","0","9","0","2","0","0","1","2","0","2","0","9","1","4","0","6","4","1","0","3","1","1","0","1","0","2","3","4","0","870","29","14","8","0","193","34","166","2","19","13","73","0","0","41","5"
"District 17  - Question","74","1","8","0","1","9","7","0","2","1","4","2","4","0","4","0","0","0","0","0","0","0","0","0","2","0","3","0","9","4","4","0","1","0","2","0","4","0","1","0","0","0","91","6","4","3","0","16","4","31","1","4","1","17","0","0","18","5"
"District 18 - Absentee","524","1","3","0","2","60","44","0","19","0","13","6","7","0","20","0","0","0","1","0","0","0","4","0","18","4","7","0","18","9","3","0","4","1","0","0","3","0","2","3","0","0","361","25","4","9","0","98","19","88","0","15","8","22","0","0","54","1"
"District 18 - Early Voting","161","2","4","0","0","15","11","0","5","0","3","0","1","1","5","0","0","0","0","0","0","0","0","0","1","0","3","0","9","7","4","0","3","0","1","0","2","0","0","0","1","0","153","8","2","3","0","37","2","43","0","6","3","4","0","0","7","1"
"District 18  - Question","85","0","4","0","1","8","11","0","5","0","4","2","0","0","0","0","0","0","0","0","0","0","1","0","1","1","1","0","7","3","2","0","2","0","1","0","1","0","0","0","1","0","36","0","2","0","0","5","2","13","0","1","0","4","0","0","38","1"
"District 19 - Absentee","179","0","0","0","1","26","16","0","4","0","10","3","3","0","5","0","0","0","0","1","1","0","2","0","3","0","2","0","15","1","2","0","3","0","2","0","2","1","2","0","0","0","469","19","15","13","0","125","17","86","0","17","15","34","0","1","24","6"
"District 19 - Early Voting","203","3","6","0","0","18","15","0","7","0","3","1","3","0","3","0","1","0","0","1","0","0","2","0","0","0","1","0","12","3","2","0","0","1","2","0","0","0","4","0","4","0","293","8","4","4","0","77","9","67","0","19","12","30","0","0","10","2"
"District 19  - Question","77","0","1","1","0","11","13","0","1","0","1","4","2","0","4","0","0","0","0","1","0","0","0","0","1","1","2","0","14","1","3","0","1","0","3","0","0","0","1","4","2","0","107","11","3","4","0","12","5","13","0","6","3","6","0","0","15","4"
"District 2 - Absentee","1397","13","24","0","0","129","64","0","30","0","37","1","24","0","24","0","2","0","0","4","2","0","3","1","10","2","10","0","63","23","13","0","9","5","1","0","6","0","11","6","5","0","1639","48","15","29","0","308","28","323","1","64","35","102","0","0","126","15"
"District 2 - Early Voting","14","0","0","0","0","1","0","0","1","0","0","0","1","0","0","0","0","0","0","0","0","0","0","0","0","0","0","0","4","0","0","0","4","0","1","0","0","0","0","1","0","0","31","0","1","1","0","4","0","6","0","1","1","0","0","0","4","0"
"District 2  - Question","49","0","1","0","1","7","5","0","2","1","1","0","3","0","1","0","0","0","0","1","0","0","1","0","0","0","0","0","7","2","3","0","1","0","0","0","4","0","0","1","1","0","36","2","0","3","0","10","0","9","0","0","0","9","0","0","13","1"
"District 20 - Absentee","422","2","5","0","1","27","29","0","8","0","7","4","6","0","9","1","1","0","0","3","2","0","1","0","3","1","1","0","11","5","1","0","2","0","2","0","2","0","2","2","2","0","713","33","26","21","0","146","26","146","0","29","21","29","0","0","25","4"
"District 20 - Early Voting","397","7","6","0","3","40","32","0","7","0","5","9","6","0","1","0","0","0","0","1","2","0","1","0","2","0","1","0","12","4","2","0","0","1","0","0","1","0","2","0","0","0","400","11","17","12","0","113","10","120","0","14","10","37","0","1","12","1"
"District 20  - Question","71","2","5","0","3","7","13","0","8","0","3","4","2","0","3","0","0","0","0","0","0","0","0","0","3","0","0","0","4","3","1","0","1","1","4","0","5","0","2","2","5","0","74","1","6","9","0","14","4","24","0","4","2","6","0","0","17","3"
"District 21 - Absentee","556","3","11","0","5","50","47","1","13","0","12","6","12","0","18","0","1","0","0","0","3","0","1","0","17","2","7","0","29","7","2","0","1","0","0","0","3","0","1","0","1","0","1006","28","11","13","0","247","28","169","0","30","17","56","0","1","38","6"
"District 21 - Early Voting","527","3","11","0","3","39","39","0","9","0","12","0","6","0","8","0","0","0","0","0","2","0","1","0","3","1","8","0","11","2","3","0","1","0","0","0","0","0","1","1","0","0","475","24","7","2","0","103","23","127","0","23","7","36","0","0","18","5"
"District 21  - Question","84","1","5","1","2","9","10","0","10","0","5","3","6","0","2","0","0","0","1","0","1","0","0","1","2","0","1","0","9","5","6","0","1","1","2","0","0","1","0","1","2","0","89","3","3","4","0","22","6","22","0","1","2","16","0","0","9","5"
"District 22 - Absentee","316","0","9","0","2","29","35","0","9","1","5","3","10","0","7","0","1","0","0","1","0","0","1","1","9","1","3","0","13","9","2","0","1","1","2","0","3","2","1","0","4","0","405","16","4","15","0","89","12","121","0","8","14","18","0","0","20","5"
"District 22 - Early Voting","325","2","7","0","0","19","25","1","3","1","8","2","8","0","3","0","1","0","0","0","0","0","3","0","4","0","3","0","6","10","0","0","3","1","0","0","2","0","3","2","3","0","253","12","2","8","0","67","9","75","1","4","8","21","0","0","16","2"
"District 22  - Question","67","0","4","0","0","8","8","0","4","1","5","0","5","0","2","0","0","0","0","0","3","0","0","0","1","0","3","0","8","2","4","0","4","0","1","0","3","0","0","3","2","0","53","5","2","9","0","8","2","16","0","3","3","8","0","0","12","1"
"District 23 - Absentee","914","4","11","0","1","120","57","1","27","0","20","6","11","0","5","0","0","0","0","2","0","0","0","0","8","0","1","0","35","11","9","0","14","0","1","0","1","0","5","1","6","0","814","53","18","25","0","191","25","139","0","30","23","38","0","0","67","1"
"District 23 - Early Voting","1692","12","16","0","0","159","77","1","33","0","26","8","20","0","11","0","0","0","0","2","0","0","1","0","3","1","1","0","41","26","5","0","7","0","1","0","3","0","6","6","4","0","774","50","11","26","0","179","13","153","0","43","26","51","0","1","28","0"
"District 23  - Question","87","0","1","0","0","15","9","0","10","0","3","1","3","0","4","0","0","0","1","0","1","0","0","0","1","0","0","0","6","4","1","0","4","0","1","0","1","0","1","0","2","0","39","5","1","5","0","7","0","11","0","0","3","6","0","0","5","1"
"District 24 - Absentee","781","2","16","0","1","94","57","0","26","1","20","5","8","0","7","0","0","0","1","0","1","0","0","0","3","2","2","0","26","10","2","0","2","0","4","0","0","0","2","1","1","0","533","28","16","10","0","125","24","102","0","25","9","29","0","0","46","1"
"District 24 - Early Voting","1713","13","25","0","6","156","96","1","19","0","32","8","8","0","5","0","0","0","0","1","0","0","1","0","0","1","0","0","29","16","6","0","5","0","6","0","1","0","2","0","1","0","619","41","15","8","0","126","21","155","0","35","18","39","0","1","30","1"
"District 24  - Question","107","0","2","0","0","19","12","0","2","0","5","6","3","0","1","0","0","0","0","0","0","0","0","0","1","0","1","0","6","4","3","0","2","0","2","0","1","0","0","1","0","0","45","4","5","6","0","5","2","14","0","1","2","6","0","0","10","2"
"District 25 - Absentee","639","1","11","0","1","58","36","1","8","0","10","2","5","0","6","0","0","0","0","1","0","0","1","0","7","0","1","0","30","9","5","0","4","1","2","0","1","0","1","1","4","0","406","27","5","8","0","98","14","78","0","13","7","27","0","1","45","4"
"District 25 - Early Voting","1735","7","30","1","5","144","90","1","23","0","21","4","12","0","4","1","1","0","0","2","1","0","1","0","4","3","4","0","30","17","5","0","3","2","1","0","4","0","1","0","5","0","725","25","11","11","0","144","17","172","0","23","23","70","0","0","42","1"
"District 25  - Question","149","0","3","0","1","15","14","0","12","0","7","4","1","0","2","0","0","0","0","0","0","0","1","0","1","0","2","0","17","4","2","0","1","0","2","0","1","0","2","1","0","0","36","5","1","5","0","6","1","11","0","3","4","11","0","0","14","2"
"District 26 - Absentee","656","1","10","0","0","61","41","0","11","0","8","2","12","0","2","0","0","0","0","0","0","0","1","0","3","0","1","0","27","12","3","0","3","0","2","0","1","0","0","1","3","0","282","13","2","7","0","71","7","62","0","8","4","16","0","0","31","0"
"District 26 - Early Voting","1654","6","13","0","1","133","97","0","24","0","14","5","15","0","7","1","1","0","0","0","1","0","5","0","3","1","6","0","46","24","6","0","7","0","1","0","6","0","4","3","3","0","311","17","4","14","0","68","10","92","0","12","7","24","0","0","51","1"
"District 26  - Question","167","0","4","0","1","22","16","0","3","0","5","2","5","0","1","0","0","0","0","0","0","0","0","1","1","0","1","0","5","10","2","0","1","0","2","0","4","0","4","2","4","0","41","2","0","2","0","9","0","13","0","2","2","7","0","0","16","0"
"District 27 - Absentee","613","3","8","0","1","56","49","0","15","0","12","1","3","0","3","0","1","0","0","0","2","0","0","0","2","0","1","0","24","9","4","0","3","3","1","0","1","0","0","4","1","0","251","7","3","5","0","64","11","57","0","7","5","21","0","0","32","1"
"District 27 - Early Voting","1583","9","17","0","2","177","94","0","31","1","18","1","13","0","8","0","0","0","0","2","0","0","1","0","1","0","1","0","43","22","10","0","7","1","4","0","2","0","3","4","4","0","357","25","7","17","0","66","8","84","0","16","7","52","0","0","38","4"
"District 27  - Question","194","1","1","0","1","20","27","0","10","0","3","2","2","0","1","0","0","0","3","0","1","0","1","0","0","0","0","0","19","11","7","0","6","0","5","0","0","0","4","2","0","0","39","3","1","2","0","7","1","11","0","5","4","4","0","0","17","2"
"District 28 - Absentee","608","2","12","0","1","72","38","1","16","0","16","2","6","0","1","0","0","0","0","0","2","0","3","0","1","0","0","0","27","16","2","0","5","1","2","0","0","0","0","2","2","0","292","8","17","6","0","60","9","76","0","16","5","17","0","2","24","1"
"District 28 - Early Voting","1726","10","25","0","3","175","93","0","30","0","25","18","9","1","6","0","0","0","1","0","1","0","0","0","1","1","1","0","41","20","7","0","6","4","1","0","4","0","5","1","2","0","457","31","3","7","0","90","17","116","0","20","8","44","0","1","33","1"
"District 28  - Question","179","0","7","0","1","23","21","1","5","0","5","2","2","0","6","0","0","0","0","0","2","0","0","0","0","0","0","0","13","4","3","0","1","0","1","0","1","0","1","0","3","0","40","3","0","2","0","6","3","19","0","4","0","8","0","0","18","0"
"District 29 - Absentee","859","2","7","0","3","102","53","0","11","0","15","2","5","0","6","0","0","0","0","0","2","0","3","0","10","0","4","0","38","16","4","0","3","1","3","0","0","0","4","1","0","0","467","24","6","12","0","99","22","92","0","19","13","43","0","0","34","1"
"District 29 - Early Voting","1654","12","44","0","0","130","86","0","31","0","26","3","12","0","7","1","0","0","0","1","0","0","0","0","6","0","2","0","38","16","5","0","6","1","3","0","2","0","3","2","2","0","396","17","6","10","0","81","10","90","0","22","6","45","0","0","36","0"
"District 29  - Question","130","0","2","0","2","28","13","1","7","0","3","0","3","0","1","0","2","0","1","0","1","0","1","0","0","0","2","0","11","8","4","0","0","0","1","0","0","0","1","1","0","0","44","3","3","1","0","9","0","13","0","7","2","7","0","0","17","2"
"District 3 - Absentee","594","5","4","0","0","70","34","0","23","0","22","8","10","0","2","0","0","0","0","0","0","0","2","0","11","0","4","0","36","13","3","0","3","2","0","0","3","0","5","3","1","0","1084","41","5","15","0","264","19","197","0","45","11","62","0","1","40","3"
"District 3 - Early Voting","1001","6","5","0","3","105","49","1","19","1","39","5","8","0","6","1","2","0","2","1","2","0","1","0","4","2","1","0","37","12","4","0","4","2","2","0","2","0","3","5","4","0","1460","56","12","17","0","270","21","181","0","61","19","83","0","0","38","3"
"District 3  - Question","50","0","2","0","0","9","2","0","3","0","1","1","0","0","1","0","0","0","0","0","0","0","1","0","0","0","1","0","10","1","4","0","1","1","1","0","2","0","2","0","3","0","73","5","0","3","0","13","0","21","0","3","5","7","0","1","11","4"
"District 31 - Absentee","322","0","2","0","3","41","17","0","12","0","5","6","6","0","2","1","0","0","0","1","0","0","0","0","1","0","4","0","19","10","5","0","3","1","1","0","4","0","4","7","1","0","345","13","5","17","0","57","9","80","0","10","16","25","0","0","21","5"
"District 31 - Early Voting","591","5","21","0","3","57","56","0","18","0","14","4","6","0","7","0","0","0","1","2","0","0","2","0","7","1","6","0","36","14","6","0","9","2","7","0","2","0","5","3","5","0","584","29","7","24","0","123","14","164","0","27","12","51","0","2","28","12"
"District 31  - Question","77","0","1","0","0","8","6","0","5","0","1","0","0","0","1","0","0","0","0","0","0","0","1","0","0","0","0","0","11","7","3","0","4","0","0","0","1","0","1","1","1","0","56","7","1","4","0","16","2","15","0","1","4","13","0","0","9","3"
"District 32 - Absentee","373","3","2","0","2","40","40","0","12","0","9","9","2","0","6","0","0","0","0","1","0","0","0","0","0","1","5","0","12","4","4","0","6","0","1","0","3","0","1","1","3","0","225","6","9","3","0","59","10","55","0","3","8","10","0","0","30","1"
"District 32 - Early Voting","439","3","11","0","2","59","40","0","10","0","9","9","5","1","4","1","2","0","1","1","1","0","0","0","3","2","2","0","18","4","1","0","6","1","2","0","1","1","1","1","1","0","208","18","10","5","0","58","9","86","0","9","6","21","0","0","19","3"
"District 32  - Question","79","1","3","0","3","15","11","0","4","0","5","4","3","0","0","0","0","0","0","0","0","0","0","0","0","2","0","0","11","4","2","0","0","0","1","0","1","0","1","1","1","0","44","8","5","5","0","3","1","9","0","1","1","3","0","0","10","0"
"District 33 - Absentee","539","3","6","0","0","61","46","0","21","0","7","4","12","0","15","1","0","0","0","1","1","0","0","0","7","0","1","0","22","3","4","0","2","0","4","0","2","0","0","1","2","0","233","15","6","5","0","61","11","63","0","11","11","18","1","1","38","2"
"District 33 - Early Voting","879","6","18","1","0","93","63","1","28","1","15","9","8","0","3","0","0","0","0","1","1","0","1","1","3","0","1","0","26","16","1","0","2","1","3","0","1","0","0","0","6","0","251","11","9","8","0","63","11","65","0","19","8","37","0","0","19","3"
"District 33  - Question","94","1","2","0","0","10","10","0","4","0","2","1","4","0","1","0","2","0","0","0","1","0","0","0","0","0","1","0","7","4","1","0","1","2","0","1","0","0","1","0","3","0","23","2","0","1","0","3","2","8","0","1","1","8","0","0","10","0"
"District 34 - Absentee","528","0","3","0","1","50","47","0","16","0","15","5","12","0","7","0","0","0","0","1","0","0","1","0","3","0","3","0","22","9","0","0","4","1","1","0","1","0","3","0","2","0","451","24","3","13","0","116","14","95","0","17","10","12","0","0","51","2"
"District 34 - Early Voting","949","7","8","0","2","130","77","0","30","0","24","5","11","0","7","1","0","0","0","0","0","0","3","0","2","0","3","0","38","18","5","0","9","2","1","0","3","1","4","5","2","0","626","34","1","13","0","176","19","186","0","34","16","54","0","1","36","2"
"District 34  - Question","105","0","2","0","0","16","20","0","9","0","4","2","2","0","2","0","1","0","0","1","0","0","1","0","1","0","1","0","11","10","4","1","3","1","4","0","2","0","2","2","3","0","43","11","2","2","0","9","0","7","0","3","6","3","0","0","22","2"
"District 35 - Absentee","367","2","2","0","1","49","30","0","11","0","14","2","2","0","4","0","0","0","0","0","1","0","0","0","3","1","3","0","10","10","3","0","6","0","1","0","1","0","1","2","1","0","491","16","8","10","0","142","17","99","0","21","9","16","0","0","20","1"
"District 35 - Early Voting","755","5","7","0","2","109","59","0","17","2","24","5","9","0","5","1","0","0","1","1","0","0","3","0","10","0","7","0","21","9","4","0","5","0","0","0","2","1","3","5","5","0","845","28","5","29","0","296","26","200","0","36","30","68","0","0","26","4"
"District 35  - Question","79","0","0","0","1","11","8","0","6","0","5","1","1","0","1","0","0","0","0","0","0","0","0","0","1","1","0","0","10","6","2","0","5","1","0","0","1","0","3","2","3","0","64","3","3","4","0","15","1","18","0","4","4","7","0","0","12","1"
"District 38 - Absentee","86","1","2","0","0","12","7","0","4","0","8","3","8","0","2","0","0","0","1","0","1","0","0","0","0","1","2","0","3","1","6","0","0","0","3","0","1","0","1","1","1","0","207","8","7","11","0","33","8","49","0","6","9","24","0","1","9","2"
"District 38 - Early Voting","3","0","0","0","0","0","0","0","2","0","1","0","1","0","0","0","0","0","0","0","0","0","0","0","0","0","0","0","0","0","0","0","0","0","0","0","0","0","0","0","0","0","10","1","0","1","0","2","0","5","0","0","0","4","0","0","0","0"
"District 38  - Question","59","0","5","0","2","7","11","0","5","0","3","3","8","0","1","0","0","0","1","0","1","0","1","0","1","0","0","0","5","0","1","0","1","0","0","0","1","0","0","1","3","0","54","5","6","11","0","3","0","14","1","1","2","5","0","0","7","3"
"District 4 - Absentee","245","3","1","0","0","19","9","0","7","0","13","7","4","0","3","0","1","0","2","0","0","0","1","0","3","1","1","0","12","8","3","0","3","0","0","0","0","1","1","0","1","0","812","23","19","14","0","189","23","120","0","23","5","33","0","1","22","1"
"District 4 - Early Voting","735","8","11","0","6","67","35","0","13","0","34","9","4","0","9","0","1","0","1","0","3","0","0","1","10","0","6","1","36","9","2","0","3","1","5","0","3","0","5","5","5","0","1736","56","30","14","0","405","48","332","0","62","23","74","0","2","38","8"
"District 4  - Question","81","0","4","0","1","11","8","0","1","0","3","6","4","0","0","0","0","0","0","1","2","0","0","0","0","0","0","0","6","3","0","0","2","0","3","0","2","0","1","4","0","0","92","14","6","6","0","22","5","35","1","13","4","11","0","0","12","2"
"District 40 - Absentee","114","0","4","0","1","13","9","0","4","0","4","6","3","0","0","0","0","0","0","1","0","0","0","0","0","0","0","0","9","2","2","0","2","0","0","0","0","0","1","2","1","0","145","4","9","3","0","32","3","30","0","7","3","18","0","0","10","0"
"District 40 - Early Voting","12","0","0","0","0","0","2","0","0","0","1","1","1","0","1","0","0","0","0","0","1","0","0","0","0","0","0","0","1","0","0","0","0","0","1","0","0","0","0","0","1","0","15","1","0","1","0","3","1","0","0","0","0","1","0","0","2","0"
"District 40  - Question","60","0","2","0","2","1","9","0","3","0","6","3","4","0","0","0","0","0","1","1","1","0","1","0","0","0","2","0","8","1","1","0","0","0","0","0","1","0","0","2","2","0","49","2","1","5","0","4","7","14","0","1","1","3","0","0","9","0"
"District 5 - Absentee","1023","7","25","0","3","125","57","1","26","2","32","8","19","0","15","0","0","0","0","1","1","0","3","0","10","2","11","0","40","15","8","0","4","0","1","0","2","0","4","8","7","0","949","47","12","15","0","194","27","167","0","40","18","78","3","0","66","8"
"District 5 - Early Voting","26","0","0","0","0","3","2","0","1","0","0","0","0","0","0","0","0","0","0","0","0","0","0","0","0","1","0","0","1","0","0","0","0","0","0","0","0","0","0","0","0","0","14","0","1","1","0","4","0","3","0","2","1","1","0","0","1","0"
"District 5  - Question","98","0","7","0","0","24","14","0","4","0","3","1","4","0","4","0","0","0","0","0","0","0","0","0","1","0","1","0","8","1","1","0","1","0","2","0","1","0","0","2","2","0","39","3","3","1","0","10","3","7","0","3","4","4","0","1","8","2"
"District 6 - Absentee","825","4","4","0","1","63","35","0","11","0","19","7","2","0","7","0","0","0","1","3","0","0","1","0","11","1","4","0","35","5","5","0","1","1","4","0","0","1","0","4","4","0","775","30","5","14","0","187","13","148","0","18","13","29","0","1","62","3"
"District 6 - Early Voting","1703","7","16","0","0","123","62","0","20","0","21","3","10","0","11","1","0","0","0","2","1","0","3","0","2","0","4","0","59","16","4","0","1","2","3","1","4","0","6","2","1","0","1170","33","4","15","0","306","15","246","0","52","14","70","0","0","56","0"
"District 6  - Question","96","0","0","0","0","9","4","1","3","0","4","0","5","0","3","0","0","0","0","1","0","0","0","0","0","0","0","0","11","2","2","0","0","0","1","0","0","0","0","1","1","0","50","4","1","1","0","5","1","10","0","2","0","7","0","0","35","1"
"District 7 - Absentee","784","9","6","0","3","77","43","0","21","3","12","1","6","0","7","2","1","0","0","0","1","0","1","0","2","0","1","0","31","10","3","0","5","1","3","0","2","0","1","1","3","0","366","16","7","8","0","88","10","68","0","13","6","13","0","1","37","2"
"District 7 - Early Voting","1947","12","17","0","4","167","115","0","27","1","32","7","14","0","15","1","1","0","0","2","2","1","2","0","4","1","1","0","81","24","3","1","9","0","3","0","2","0","7","7","3","0","644","38","8","19","1","132","9","112","0","28","18","48","0","3","69","3"
"District 7  - Question","96","0","0","0","1","6","10","0","3","0","3","1","0","0","1","0","0","0","0","0","1","0","0","0","0","2","1","0","17","2","4","0","3","0","1","0","3","0","2","1","2","0","14","0","1","2","0","4","2","6","1","2","6","7","0","1","22","0"
"District 8 - Absentee","1064","12","15","0","4","90","69","0","12","0","24","8","4","0","6","0","0","0","0","0","1","0","0","0","2","0","1","0","29","11","7","0","1","0","2","0","1","0","0","1","0","0","472","34","10","9","0","127","15","112","0","20","9","21","0","1","36","3"
"District 8 - Early Voting","1928","12","27","1","4","155","103","1","26","1","30","8","6","0","9","0","1","0","1","0","0","0","0","0","2","0","2","0","42","20","8","0","4","1","2","0","4","0","0","2","2","0","427","28","8","15","0","96","18","94","1","11","7","27","0","0","41","3"
"District 8  - Question","77","0","2","0","0","7","6","0","2","0","2","1","1","0","0","0","2","0","0","0","0","0","0","0","0","0","0","0","6","6","1","0","0","0","1","0","0","0","0","0","1","0","13","3","0","1","0","0","0","1","0","1","0","1","0","0","9","0"
"District 9 - Absentee","919","7","26","0","2","86","52","0","14","0","28","6","15","0","5","0","0","0","0","0","0","0","1","0","3","1","7","0","20","3","1","0","0","1","1","0","0","0","1","4","2","0","1303","70","17","18","1","226","33","219","0","49","20","82","0","1","42","2"
"District 9 - Early Voting","854","7","17","0","0","79","45","0","9","1","13","2","10","0","2","0","2","0","0","0","0","0","0","0","2","0","2","0","7","4","2","0","2","0","3","0","1","0","1","0","1","0","673","43","4","4","0","140","10","125","0","29","7","43","0","1","16","1"
"District 9  - Question","56","1","2","0","0","9","10","0","5","0","1","1","2","0","0","0","0","0","0","0","1","0","1","0","1","0","0","0","4","1","0","0","2","0","1","0","1","0","1","0","2","0","48","5","2","3","0","7","1","16","0","4","1","16","0","0","4","0"
"HD99 Fed Overseas Absentee","34","0","0","0","0","6","7","0","0","0","3","0","0","0","12","1","0","0","0","0","0","0","0","0","11","0","6","0","4","1","0","0","1","0","0","0","1","0","0","1","0","0","160","4","3","5","0","69","15","32","0","0","3","3","0","0","15","1"
"House District 30 - Judicial District 3","2233","20","22","0","5","221","143","0","27","1","21","3","17","1","8","0","2","0","0","0","5","0","4","0","7","0","2","0","101","44","8","0","9","3","4","0","7","1","3","3","4","0","760","28","9","20","1","150","14","171","0","40","17","55","1","0","107","5"
"House District 30 - Judicial District 4","182","0","1","0","0","22","5","0","5","0","3","0","0","0","0","0","1","0","0","0","0","0","0","0","3","0","0","0","10","3","1","0","0","0","0","0","0","0","2","0","0","0","149","4","0","4","0","68","5","35","0","8","8","8","0","0","5","2"
"House District 36 - Judicial District 3","299","4","5","0","2","34","15","0","2","0","3","1","5","0","3","0","0","0","0","0","1","0","0","0","1","0","1","0","13","4","5","0","1","1","0","0","0","0","0","0","0","0","167","4","3","7","0","38","9","31","0","13","6","13","0","0","6","0"
"House District 36 - Judicial District 4","997","3","12","0","2","116","75","1","15","1","19","9","11","0","10","0","0","0","1","0","3","0","1","0","6","2","6","0","48","26","5","0","5","0","1","0","6","0","7","2","4","0","677","37","34","28","1","179","28","152","1","37","10","49","0","2","45","9"
"House District 37 - Judicial District 3","373","4","17","0","1","41","25","0","5","1","10","4","10","1","14","0","0","0","0","0","1","0","1","0","4","1","3","0","26","6","1","0","5","0","2","0","3","0","0","1","3","0","346","19","12","11","2","43","12","59","1","11","14","46","0","3","32","3"
"House District 37 - Judicial District 4","51","1","2","0","0","7","5","0","1","0","3","1","0","0","1","0","0","0","0","0","0","0","0","0","1","0","0","0","2","0","1","0","0","0","0","0","0","0","0","0","0","0","67","3","0","2","0","3","4","19","0","2","2","7","0","1","5","0"
"House District 39 - Judicial District 2","147","1","5","0","0","25","26","0","5","1","7","3","7","0","5","0","0","0","0","1","0","0","0","0","0","0","1","0","14","6","1","0","2","1","2","0","1","0","3","4","1","0","258","10","8","17","1","50","15","52","0","5","10","26","0","1","17","3"
"House District 39 - Judicial District 4","30","0","3","0","1","2","4","0","2","0","2","1","1","0","0","0","0","0","0","0","0","0","0","0","0","0","0","0","1","0","0","0","1","0","0","0","0","0","0","1","3","0","24","5","4","5","0","2","1","8","0","1","3","9","0","0","1","1"
"Total","125005","741","2336","13","378","12889","8783","40","3089","75","3224","1198","1992","14","1300","75","105","1","86","152","188","4","317","17","659","146","506","2","5940","2199","961","7","879","203","583","6","628","25","510","635","632","2","88305","5064","2398","2957","21","17704","2609","19577","31","3829","2344","7979","24","106","5788","572"
